// Code generated by 'go run ctype_gen.go > ctype.go', DO NOT EDIT.

package crt

const (
	isalnum = 1 << iota
	isalpha
	isblank
	iscntrl
	isdigit
	isgraph
	islower
	isprint
	ispunct
	isspace
	isupper
	isxdigit
)

var (
	currentLocale = "C"
	ctype         = map[string]*[256]uint16{

		"C": {
			0x008, 0x008, 0x008, 0x008, 0x008, 0x008, 0x008, 0x008, 0x008, 0x20c, 0x208, 0x208, 0x208, 0x208, 0x008, 0x008,
			0x008, 0x008, 0x008, 0x008, 0x008, 0x008, 0x008, 0x008, 0x008, 0x008, 0x008, 0x008, 0x008, 0x008, 0x008, 0x008,
			0x284, 0x1a0, 0x1a0, 0x1a0, 0x1a0, 0x1a0, 0x1a0, 0x1a0, 0x1a0, 0x1a0, 0x1a0, 0x1a0, 0x1a0, 0x1a0, 0x1a0, 0x1a0,
			0x8b1, 0x8b1, 0x8b1, 0x8b1, 0x8b1, 0x8b1, 0x8b1, 0x8b1, 0x8b1, 0x8b1, 0x1a0, 0x1a0, 0x1a0, 0x1a0, 0x1a0, 0x1a0,
			0x1a0, 0xca3, 0xca3, 0xca3, 0xca3, 0xca3, 0xca3, 0x4a3, 0x4a3, 0x4a3, 0x4a3, 0x4a3, 0x4a3, 0x4a3, 0x4a3, 0x4a3,
			0x4a3, 0x4a3, 0x4a3, 0x4a3, 0x4a3, 0x4a3, 0x4a3, 0x4a3, 0x4a3, 0x4a3, 0x4a3, 0x1a0, 0x1a0, 0x1a0, 0x1a0, 0x1a0,
			0x1a0, 0x8e3, 0x8e3, 0x8e3, 0x8e3, 0x8e3, 0x8e3, 0x0e3, 0x0e3, 0x0e3, 0x0e3, 0x0e3, 0x0e3, 0x0e3, 0x0e3, 0x0e3,
			0x0e3, 0x0e3, 0x0e3, 0x0e3, 0x0e3, 0x0e3, 0x0e3, 0x0e3, 0x0e3, 0x0e3, 0x0e3, 0x1a0, 0x1a0, 0x1a0, 0x1a0, 0x008,
			0x000, 0x000, 0x000, 0x000, 0x000, 0x000, 0x000, 0x000, 0x000, 0x000, 0x000, 0x000, 0x000, 0x000, 0x000, 0x000,
			0x000, 0x000, 0x000, 0x000, 0x000, 0x000, 0x000, 0x000, 0x000, 0x000, 0x000, 0x000, 0x000, 0x000, 0x000, 0x000,
			0x000, 0x000, 0x000, 0x000, 0x000, 0x000, 0x000, 0x000, 0x000, 0x000, 0x000, 0x000, 0x000, 0x000, 0x000, 0x000,
			0x000, 0x000, 0x000, 0x000, 0x000, 0x000, 0x000, 0x000, 0x000, 0x000, 0x000, 0x000, 0x000, 0x000, 0x000, 0x000,
			0x000, 0x000, 0x000, 0x000, 0x000, 0x000, 0x000, 0x000, 0x000, 0x000, 0x000, 0x000, 0x000, 0x000, 0x000, 0x000,
			0x000, 0x000, 0x000, 0x000, 0x000, 0x000, 0x000, 0x000, 0x000, 0x000, 0x000, 0x000, 0x000, 0x000, 0x000, 0x000,
			0x000, 0x000, 0x000, 0x000, 0x000, 0x000, 0x000, 0x000, 0x000, 0x000, 0x000, 0x000, 0x000, 0x000, 0x000, 0x000,
			0x000, 0x000, 0x000, 0x000, 0x000, 0x000, 0x000, 0x000, 0x000, 0x000, 0x000, 0x000, 0x000, 0x000, 0x000, 0x000,
		},
		"C.utf8": {
			0x008, 0x008, 0x008, 0x008, 0x008, 0x008, 0x008, 0x008, 0x008, 0x20c, 0x208, 0x208, 0x208, 0x208, 0x008, 0x008,
			0x008, 0x008, 0x008, 0x008, 0x008, 0x008, 0x008, 0x008, 0x008, 0x008, 0x008, 0x008, 0x008, 0x008, 0x008, 0x008,
			0x284, 0x1a0, 0x1a0, 0x1a0, 0x1a0, 0x1a0, 0x1a0, 0x1a0, 0x1a0, 0x1a0, 0x1a0, 0x1a0, 0x1a0, 0x1a0, 0x1a0, 0x1a0,
			0x8b1, 0x8b1, 0x8b1, 0x8b1, 0x8b1, 0x8b1, 0x8b1, 0x8b1, 0x8b1, 0x8b1, 0x1a0, 0x1a0, 0x1a0, 0x1a0, 0x1a0, 0x1a0,
			0x1a0, 0xca3, 0xca3, 0xca3, 0xca3, 0xca3, 0xca3, 0x4a3, 0x4a3, 0x4a3, 0x4a3, 0x4a3, 0x4a3, 0x4a3, 0x4a3, 0x4a3,
			0x4a3, 0x4a3, 0x4a3, 0x4a3, 0x4a3, 0x4a3, 0x4a3, 0x4a3, 0x4a3, 0x4a3, 0x4a3, 0x1a0, 0x1a0, 0x1a0, 0x1a0, 0x1a0,
			0x1a0, 0x8e3, 0x8e3, 0x8e3, 0x8e3, 0x8e3, 0x8e3, 0x0e3, 0x0e3, 0x0e3, 0x0e3, 0x0e3, 0x0e3, 0x0e3, 0x0e3, 0x0e3,
			0x0e3, 0x0e3, 0x0e3, 0x0e3, 0x0e3, 0x0e3, 0x0e3, 0x0e3, 0x0e3, 0x0e3, 0x0e3, 0x1a0, 0x1a0, 0x1a0, 0x1a0, 0x008,
			0x000, 0x000, 0x000, 0x000, 0x000, 0x000, 0x000, 0x000, 0x000, 0x000, 0x000, 0x000, 0x000, 0x000, 0x000, 0x000,
			0x000, 0x000, 0x000, 0x000, 0x000, 0x000, 0x000, 0x000, 0x000, 0x000, 0x000, 0x000, 0x000, 0x000, 0x000, 0x000,
			0x000, 0x000, 0x000, 0x000, 0x000, 0x000, 0x000, 0x000, 0x000, 0x000, 0x000, 0x000, 0x000, 0x000, 0x000, 0x000,
			0x000, 0x000, 0x000, 0x000, 0x000, 0x000, 0x000, 0x000, 0x000, 0x000, 0x000, 0x000, 0x000, 0x000, 0x000, 0x000,
			0x000, 0x000, 0x000, 0x000, 0x000, 0x000, 0x000, 0x000, 0x000, 0x000, 0x000, 0x000, 0x000, 0x000, 0x000, 0x000,
			0x000, 0x000, 0x000, 0x000, 0x000, 0x000, 0x000, 0x000, 0x000, 0x000, 0x000, 0x000, 0x000, 0x000, 0x000, 0x000,
			0x000, 0x000, 0x000, 0x000, 0x000, 0x000, 0x000, 0x000, 0x000, 0x000, 0x000, 0x000, 0x000, 0x000, 0x000, 0x000,
			0x000, 0x000, 0x000, 0x000, 0x000, 0x000, 0x000, 0x000, 0x000, 0x000, 0x000, 0x000, 0x000, 0x000, 0x000, 0x000,
		},
		"aa_DJ": {
			0x008, 0x008, 0x008, 0x008, 0x008, 0x008, 0x008, 0x008, 0x008, 0x20c, 0x208, 0x208, 0x208, 0x208, 0x008, 0x008,
			0x008, 0x008, 0x008, 0x008, 0x008, 0x008, 0x008, 0x008, 0x008, 0x008, 0x008, 0x008, 0x008, 0x008, 0x008, 0x008,
			0x284, 0x1a0, 0x1a0, 0x1a0, 0x1a0, 0x1a0, 0x1a0, 0x1a0, 0x1a0, 0x1a0, 0x1a0, 0x1a0, 0x1a0, 0x1a0, 0x1a0, 0x1a0,
			0x8b1, 0x8b1, 0x8b1, 0x8b1, 0x8b1, 0x8b1, 0x8b1, 0x8b1, 0x8b1, 0x8b1, 0x1a0, 0x1a0, 0x1a0, 0x1a0, 0x1a0, 0x1a0,
			0x1a0, 0xca3, 0xca3, 0xca3, 0xca3, 0xca3, 0xca3, 0x4a3, 0x4a3, 0x4a3, 0x4a3, 0x4a3, 0x4a3, 0x4a3, 0x4a3, 0x4a3,
			0x4a3, 0x4a3, 0x4a3, 0x4a3, 0x4a3, 0x4a3, 0x4a3, 0x4a3, 0x4a3, 0x4a3, 0x4a3, 0x1a0, 0x1a0, 0x1a0, 0x1a0, 0x1a0,
			0x1a0, 0x8e3, 0x8e3, 0x8e3, 0x8e3, 0x8e3, 0x8e3, 0x0e3, 0x0e3, 0x0e3, 0x0e3, 0x0e3, 0x0e3, 0x0e3, 0x0e3, 0x0e3,
			0x0e3, 0x0e3, 0x0e3, 0x0e3, 0x0e3, 0x0e3, 0x0e3, 0x0e3, 0x0e3, 0x0e3, 0x0e3, 0x1a0, 0x1a0, 0x1a0, 0x1a0, 0x008,
			0x008, 0x008, 0x008, 0x008, 0x008, 0x008, 0x008, 0x008, 0x008, 0x008, 0x008, 0x008, 0x008, 0x008, 0x008, 0x008,
			0x008, 0x008, 0x008, 0x008, 0x008, 0x008, 0x008, 0x008, 0x008, 0x008, 0x008, 0x008, 0x008, 0x008, 0x008, 0x008,
			0x1a0, 0x1a0, 0x1a0, 0x1a0, 0x1a0, 0x1a0, 0x1a0, 0x1a0, 0x1a0, 0x1a0, 0x0e3, 0x1a0, 0x1a0, 0x1a0, 0x1a0, 0x1a0,
			0x1a0, 0x1a0, 0x1a0, 0x1a0, 0x1a0, 0x0e3, 0x1a0, 0x1a0, 0x1a0, 0x1a0, 0x0e3, 0x1a0, 0x1a0, 0x1a0, 0x1a0, 0x1a0,
			0x4a3, 0x4a3, 0x4a3, 0x4a3, 0x4a3, 0x4a3, 0x4a3, 0x4a3, 0x4a3, 0x4a3, 0x4a3, 0x4a3, 0x4a3, 0x4a3, 0x4a3, 0x4a3,
			0x4a3, 0x4a3, 0x4a3, 0x4a3, 0x4a3, 0x4a3, 0x4a3, 0x1a0, 0x4a3, 0x4a3, 0x4a3, 0x4a3, 0x4a3, 0x4a3, 0x4a3, 0x0e3,
			0x0e3, 0x0e3, 0x0e3, 0x0e3, 0x0e3, 0x0e3, 0x0e3, 0x0e3, 0x0e3, 0x0e3, 0x0e3, 0x0e3, 0x0e3, 0x0e3, 0x0e3, 0x0e3,
			0x0e3, 0x0e3, 0x0e3, 0x0e3, 0x0e3, 0x0e3, 0x0e3, 0x1a0, 0x0e3, 0x0e3, 0x0e3, 0x0e3, 0x0e3, 0x0e3, 0x0e3, 0x0e3,
		},
		"aa_DJ.utf8": {
			0x008, 0x008, 0x008, 0x008, 0x008, 0x008, 0x008, 0x008, 0x008, 0x20c, 0x208, 0x208, 0x208, 0x208, 0x008, 0x008,
			0x008, 0x008, 0x008, 0x008, 0x008, 0x008, 0x008, 0x008, 0x008, 0x008, 0x008, 0x008, 0x008, 0x008, 0x008, 0x008,
			0x284, 0x1a0, 0x1a0, 0x1a0, 0x1a0, 0x1a0, 0x1a0, 0x1a0, 0x1a0, 0x1a0, 0x1a0, 0x1a0, 0x1a0, 0x1a0, 0x1a0, 0x1a0,
			0x8b1, 0x8b1, 0x8b1, 0x8b1, 0x8b1, 0x8b1, 0x8b1, 0x8b1, 0x8b1, 0x8b1, 0x1a0, 0x1a0, 0x1a0, 0x1a0, 0x1a0, 0x1a0,
			0x1a0, 0xca3, 0xca3, 0xca3, 0xca3, 0xca3, 0xca3, 0x4a3, 0x4a3, 0x4a3, 0x4a3, 0x4a3, 0x4a3, 0x4a3, 0x4a3, 0x4a3,
			0x4a3, 0x4a3, 0x4a3, 0x4a3, 0x4a3, 0x4a3, 0x4a3, 0x4a3, 0x4a3, 0x4a3, 0x4a3, 0x1a0, 0x1a0, 0x1a0, 0x1a0, 0x1a0,
			0x1a0, 0x8e3, 0x8e3, 0x8e3, 0x8e3, 0x8e3, 0x8e3, 0x0e3, 0x0e3, 0x0e3, 0x0e3, 0x0e3, 0x0e3, 0x0e3, 0x0e3, 0x0e3,
			0x0e3, 0x0e3, 0x0e3, 0x0e3, 0x0e3, 0x0e3, 0x0e3, 0x0e3, 0x0e3, 0x0e3, 0x0e3, 0x1a0, 0x1a0, 0x1a0, 0x1a0, 0x008,
			0x000, 0x000, 0x000, 0x000, 0x000, 0x000, 0x000, 0x000, 0x000, 0x000, 0x000, 0x000, 0x000, 0x000, 0x000, 0x000,
			0x000, 0x000, 0x000, 0x000, 0x000, 0x000, 0x000, 0x000, 0x000, 0x000, 0x000, 0x000, 0x000, 0x000, 0x000, 0x000,
			0x000, 0x000, 0x000, 0x000, 0x000, 0x000, 0x000, 0x000, 0x000, 0x000, 0x000, 0x000, 0x000, 0x000, 0x000, 0x000,
			0x000, 0x000, 0x000, 0x000, 0x000, 0x000, 0x000, 0x000, 0x000, 0x000, 0x000, 0x000, 0x000, 0x000, 0x000, 0x000,
			0x000, 0x000, 0x000, 0x000, 0x000, 0x000, 0x000, 0x000, 0x000, 0x000, 0x000, 0x000, 0x000, 0x000, 0x000, 0x000,
			0x000, 0x000, 0x000, 0x000, 0x000, 0x000, 0x000, 0x000, 0x000, 0x000, 0x000, 0x000, 0x000, 0x000, 0x000, 0x000,
			0x000, 0x000, 0x000, 0x000, 0x000, 0x000, 0x000, 0x000, 0x000, 0x000, 0x000, 0x000, 0x000, 0x000, 0x000, 0x000,
			0x000, 0x000, 0x000, 0x000, 0x000, 0x000, 0x000, 0x000, 0x000, 0x000, 0x000, 0x000, 0x000, 0x000, 0x000, 0x000,
		},
		"aa_ER": {
			0x008, 0x008, 0x008, 0x008, 0x008, 0x008, 0x008, 0x008, 0x008, 0x20c, 0x208, 0x208, 0x208, 0x208, 0x008, 0x008,
			0x008, 0x008, 0x008, 0x008, 0x008, 0x008, 0x008, 0x008, 0x008, 0x008, 0x008, 0x008, 0x008, 0x008, 0x008, 0x008,
			0x284, 0x1a0, 0x1a0, 0x1a0, 0x1a0, 0x1a0, 0x1a0, 0x1a0, 0x1a0, 0x1a0, 0x1a0, 0x1a0, 0x1a0, 0x1a0, 0x1a0, 0x1a0,
			0x8b1, 0x8b1, 0x8b1, 0x8b1, 0x8b1, 0x8b1, 0x8b1, 0x8b1, 0x8b1, 0x8b1, 0x1a0, 0x1a0, 0x1a0, 0x1a0, 0x1a0, 0x1a0,
			0x1a0, 0xca3, 0xca3, 0xca3, 0xca3, 0xca3, 0xca3, 0x4a3, 0x4a3, 0x4a3, 0x4a3, 0x4a3, 0x4a3, 0x4a3, 0x4a3, 0x4a3,
			0x4a3, 0x4a3, 0x4a3, 0x4a3, 0x4a3, 0x4a3, 0x4a3, 0x4a3, 0x4a3, 0x4a3, 0x4a3, 0x1a0, 0x1a0, 0x1a0, 0x1a0, 0x1a0,
			0x1a0, 0x8e3, 0x8e3, 0x8e3, 0x8e3, 0x8e3, 0x8e3, 0x0e3, 0x0e3, 0x0e3, 0x0e3, 0x0e3, 0x0e3, 0x0e3, 0x0e3, 0x0e3,
			0x0e3, 0x0e3, 0x0e3, 0x0e3, 0x0e3, 0x0e3, 0x0e3, 0x0e3, 0x0e3, 0x0e3, 0x0e3, 0x1a0, 0x1a0, 0x1a0, 0x1a0, 0x008,
			0x000, 0x000, 0x000, 0x000, 0x000, 0x000, 0x000, 0x000, 0x000, 0x000, 0x000, 0x000, 0x000, 0x000, 0x000, 0x000,
			0x000, 0x000, 0x000, 0x000, 0x000, 0x000, 0x000, 0x000, 0x000, 0x000, 0x000, 0x000, 0x000, 0x000, 0x000, 0x000,
			0x000, 0x000, 0x000, 0x000, 0x000, 0x000, 0x000, 0x000, 0x000, 0x000, 0x000, 0x000, 0x000, 0x000, 0x000, 0x000,
			0x000, 0x000, 0x000, 0x000, 0x000, 0x000, 0x000, 0x000, 0x000, 0x000, 0x000, 0x000, 0x000, 0x000, 0x000, 0x000,
			0x000, 0x000, 0x000, 0x000, 0x000, 0x000, 0x000, 0x000, 0x000, 0x000, 0x000, 0x000, 0x000, 0x000, 0x000, 0x000,
			0x000, 0x000, 0x000, 0x000, 0x000, 0x000, 0x000, 0x000, 0x000, 0x000, 0x000, 0x000, 0x000, 0x000, 0x000, 0x000,
			0x000, 0x000, 0x000, 0x000, 0x000, 0x000, 0x000, 0x000, 0x000, 0x000, 0x000, 0x000, 0x000, 0x000, 0x000, 0x000,
			0x000, 0x000, 0x000, 0x000, 0x000, 0x000, 0x000, 0x000, 0x000, 0x000, 0x000, 0x000, 0x000, 0x000, 0x000, 0x000,
		},
		"aa_ER@saaho": {
			0x008, 0x008, 0x008, 0x008, 0x008, 0x008, 0x008, 0x008, 0x008, 0x20c, 0x208, 0x208, 0x208, 0x208, 0x008, 0x008,
			0x008, 0x008, 0x008, 0x008, 0x008, 0x008, 0x008, 0x008, 0x008, 0x008, 0x008, 0x008, 0x008, 0x008, 0x008, 0x008,
			0x284, 0x1a0, 0x1a0, 0x1a0, 0x1a0, 0x1a0, 0x1a0, 0x1a0, 0x1a0, 0x1a0, 0x1a0, 0x1a0, 0x1a0, 0x1a0, 0x1a0, 0x1a0,
			0x8b1, 0x8b1, 0x8b1, 0x8b1, 0x8b1, 0x8b1, 0x8b1, 0x8b1, 0x8b1, 0x8b1, 0x1a0, 0x1a0, 0x1a0, 0x1a0, 0x1a0, 0x1a0,
			0x1a0, 0xca3, 0xca3, 0xca3, 0xca3, 0xca3, 0xca3, 0x4a3, 0x4a3, 0x4a3, 0x4a3, 0x4a3, 0x4a3, 0x4a3, 0x4a3, 0x4a3,
			0x4a3, 0x4a3, 0x4a3, 0x4a3, 0x4a3, 0x4a3, 0x4a3, 0x4a3, 0x4a3, 0x4a3, 0x4a3, 0x1a0, 0x1a0, 0x1a0, 0x1a0, 0x1a0,
			0x1a0, 0x8e3, 0x8e3, 0x8e3, 0x8e3, 0x8e3, 0x8e3, 0x0e3, 0x0e3, 0x0e3, 0x0e3, 0x0e3, 0x0e3, 0x0e3, 0x0e3, 0x0e3,
			0x0e3, 0x0e3, 0x0e3, 0x0e3, 0x0e3, 0x0e3, 0x0e3, 0x0e3, 0x0e3, 0x0e3, 0x0e3, 0x1a0, 0x1a0, 0x1a0, 0x1a0, 0x008,
			0x000, 0x000, 0x000, 0x000, 0x000, 0x000, 0x000, 0x000, 0x000, 0x000, 0x000, 0x000, 0x000, 0x000, 0x000, 0x000,
			0x000, 0x000, 0x000, 0x000, 0x000, 0x000, 0x000, 0x000, 0x000, 0x000, 0x000, 0x000, 0x000, 0x000, 0x000, 0x000,
			0x000, 0x000, 0x000, 0x000, 0x000, 0x000, 0x000, 0x000, 0x000, 0x000, 0x000, 0x000, 0x000, 0x000, 0x000, 0x000,
			0x000, 0x000, 0x000, 0x000, 0x000, 0x000, 0x000, 0x000, 0x000, 0x000, 0x000, 0x000, 0x000, 0x000, 0x000, 0x000,
			0x000, 0x000, 0x000, 0x000, 0x000, 0x000, 0x000, 0x000, 0x000, 0x000, 0x000, 0x000, 0x000, 0x000, 0x000, 0x000,
			0x000, 0x000, 0x000, 0x000, 0x000, 0x000, 0x000, 0x000, 0x000, 0x000, 0x000, 0x000, 0x000, 0x000, 0x000, 0x000,
			0x000, 0x000, 0x000, 0x000, 0x000, 0x000, 0x000, 0x000, 0x000, 0x000, 0x000, 0x000, 0x000, 0x000, 0x000, 0x000,
			0x000, 0x000, 0x000, 0x000, 0x000, 0x000, 0x000, 0x000, 0x000, 0x000, 0x000, 0x000, 0x000, 0x000, 0x000, 0x000,
		},
		"aa_ET": {
			0x008, 0x008, 0x008, 0x008, 0x008, 0x008, 0x008, 0x008, 0x008, 0x20c, 0x208, 0x208, 0x208, 0x208, 0x008, 0x008,
			0x008, 0x008, 0x008, 0x008, 0x008, 0x008, 0x008, 0x008, 0x008, 0x008, 0x008, 0x008, 0x008, 0x008, 0x008, 0x008,
			0x284, 0x1a0, 0x1a0, 0x1a0, 0x1a0, 0x1a0, 0x1a0, 0x1a0, 0x1a0, 0x1a0, 0x1a0, 0x1a0, 0x1a0, 0x1a0, 0x1a0, 0x1a0,
			0x8b1, 0x8b1, 0x8b1, 0x8b1, 0x8b1, 0x8b1, 0x8b1, 0x8b1, 0x8b1, 0x8b1, 0x1a0, 0x1a0, 0x1a0, 0x1a0, 0x1a0, 0x1a0,
			0x1a0, 0xca3, 0xca3, 0xca3, 0xca3, 0xca3, 0xca3, 0x4a3, 0x4a3, 0x4a3, 0x4a3, 0x4a3, 0x4a3, 0x4a3, 0x4a3, 0x4a3,
			0x4a3, 0x4a3, 0x4a3, 0x4a3, 0x4a3, 0x4a3, 0x4a3, 0x4a3, 0x4a3, 0x4a3, 0x4a3, 0x1a0, 0x1a0, 0x1a0, 0x1a0, 0x1a0,
			0x1a0, 0x8e3, 0x8e3, 0x8e3, 0x8e3, 0x8e3, 0x8e3, 0x0e3, 0x0e3, 0x0e3, 0x0e3, 0x0e3, 0x0e3, 0x0e3, 0x0e3, 0x0e3,
			0x0e3, 0x0e3, 0x0e3, 0x0e3, 0x0e3, 0x0e3, 0x0e3, 0x0e3, 0x0e3, 0x0e3, 0x0e3, 0x1a0, 0x1a0, 0x1a0, 0x1a0, 0x008,
			0x000, 0x000, 0x000, 0x000, 0x000, 0x000, 0x000, 0x000, 0x000, 0x000, 0x000, 0x000, 0x000, 0x000, 0x000, 0x000,
			0x000, 0x000, 0x000, 0x000, 0x000, 0x000, 0x000, 0x000, 0x000, 0x000, 0x000, 0x000, 0x000, 0x000, 0x000, 0x000,
			0x000, 0x000, 0x000, 0x000, 0x000, 0x000, 0x000, 0x000, 0x000, 0x000, 0x000, 0x000, 0x000, 0x000, 0x000, 0x000,
			0x000, 0x000, 0x000, 0x000, 0x000, 0x000, 0x000, 0x000, 0x000, 0x000, 0x000, 0x000, 0x000, 0x000, 0x000, 0x000,
			0x000, 0x000, 0x000, 0x000, 0x000, 0x000, 0x000, 0x000, 0x000, 0x000, 0x000, 0x000, 0x000, 0x000, 0x000, 0x000,
			0x000, 0x000, 0x000, 0x000, 0x000, 0x000, 0x000, 0x000, 0x000, 0x000, 0x000, 0x000, 0x000, 0x000, 0x000, 0x000,
			0x000, 0x000, 0x000, 0x000, 0x000, 0x000, 0x000, 0x000, 0x000, 0x000, 0x000, 0x000, 0x000, 0x000, 0x000, 0x000,
			0x000, 0x000, 0x000, 0x000, 0x000, 0x000, 0x000, 0x000, 0x000, 0x000, 0x000, 0x000, 0x000, 0x000, 0x000, 0x000,
		},
		"af_ZA": {
			0x008, 0x008, 0x008, 0x008, 0x008, 0x008, 0x008, 0x008, 0x008, 0x20c, 0x208, 0x208, 0x208, 0x208, 0x008, 0x008,
			0x008, 0x008, 0x008, 0x008, 0x008, 0x008, 0x008, 0x008, 0x008, 0x008, 0x008, 0x008, 0x008, 0x008, 0x008, 0x008,
			0x284, 0x1a0, 0x1a0, 0x1a0, 0x1a0, 0x1a0, 0x1a0, 0x1a0, 0x1a0, 0x1a0, 0x1a0, 0x1a0, 0x1a0, 0x1a0, 0x1a0, 0x1a0,
			0x8b1, 0x8b1, 0x8b1, 0x8b1, 0x8b1, 0x8b1, 0x8b1, 0x8b1, 0x8b1, 0x8b1, 0x1a0, 0x1a0, 0x1a0, 0x1a0, 0x1a0, 0x1a0,
			0x1a0, 0xca3, 0xca3, 0xca3, 0xca3, 0xca3, 0xca3, 0x4a3, 0x4a3, 0x4a3, 0x4a3, 0x4a3, 0x4a3, 0x4a3, 0x4a3, 0x4a3,
			0x4a3, 0x4a3, 0x4a3, 0x4a3, 0x4a3, 0x4a3, 0x4a3, 0x4a3, 0x4a3, 0x4a3, 0x4a3, 0x1a0, 0x1a0, 0x1a0, 0x1a0, 0x1a0,
			0x1a0, 0x8e3, 0x8e3, 0x8e3, 0x8e3, 0x8e3, 0x8e3, 0x0e3, 0x0e3, 0x0e3, 0x0e3, 0x0e3, 0x0e3, 0x0e3, 0x0e3, 0x0e3,
			0x0e3, 0x0e3, 0x0e3, 0x0e3, 0x0e3, 0x0e3, 0x0e3, 0x0e3, 0x0e3, 0x0e3, 0x0e3, 0x1a0, 0x1a0, 0x1a0, 0x1a0, 0x008,
			0x008, 0x008, 0x008, 0x008, 0x008, 0x008, 0x008, 0x008, 0x008, 0x008, 0x008, 0x008, 0x008, 0x008, 0x008, 0x008,
			0x008, 0x008, 0x008, 0x008, 0x008, 0x008, 0x008, 0x008, 0x008, 0x008, 0x008, 0x008, 0x008, 0x008, 0x008, 0x008,
			0x1a0, 0x1a0, 0x1a0, 0x1a0, 0x1a0, 0x1a0, 0x1a0, 0x1a0, 0x1a0, 0x1a0, 0x0e3, 0x1a0, 0x1a0, 0x1a0, 0x1a0, 0x1a0,
			0x1a0, 0x1a0, 0x1a0, 0x1a0, 0x1a0, 0x0e3, 0x1a0, 0x1a0, 0x1a0, 0x1a0, 0x0e3, 0x1a0, 0x1a0, 0x1a0, 0x1a0, 0x1a0,
			0x4a3, 0x4a3, 0x4a3, 0x4a3, 0x4a3, 0x4a3, 0x4a3, 0x4a3, 0x4a3, 0x4a3, 0x4a3, 0x4a3, 0x4a3, 0x4a3, 0x4a3, 0x4a3,
			0x4a3, 0x4a3, 0x4a3, 0x4a3, 0x4a3, 0x4a3, 0x4a3, 0x1a0, 0x4a3, 0x4a3, 0x4a3, 0x4a3, 0x4a3, 0x4a3, 0x4a3, 0x0e3,
			0x0e3, 0x0e3, 0x0e3, 0x0e3, 0x0e3, 0x0e3, 0x0e3, 0x0e3, 0x0e3, 0x0e3, 0x0e3, 0x0e3, 0x0e3, 0x0e3, 0x0e3, 0x0e3,
			0x0e3, 0x0e3, 0x0e3, 0x0e3, 0x0e3, 0x0e3, 0x0e3, 0x1a0, 0x0e3, 0x0e3, 0x0e3, 0x0e3, 0x0e3, 0x0e3, 0x0e3, 0x0e3,
		},
		"af_ZA.utf8": {
			0x008, 0x008, 0x008, 0x008, 0x008, 0x008, 0x008, 0x008, 0x008, 0x20c, 0x208, 0x208, 0x208, 0x208, 0x008, 0x008,
			0x008, 0x008, 0x008, 0x008, 0x008, 0x008, 0x008, 0x008, 0x008, 0x008, 0x008, 0x008, 0x008, 0x008, 0x008, 0x008,
			0x284, 0x1a0, 0x1a0, 0x1a0, 0x1a0, 0x1a0, 0x1a0, 0x1a0, 0x1a0, 0x1a0, 0x1a0, 0x1a0, 0x1a0, 0x1a0, 0x1a0, 0x1a0,
			0x8b1, 0x8b1, 0x8b1, 0x8b1, 0x8b1, 0x8b1, 0x8b1, 0x8b1, 0x8b1, 0x8b1, 0x1a0, 0x1a0, 0x1a0, 0x1a0, 0x1a0, 0x1a0,
			0x1a0, 0xca3, 0xca3, 0xca3, 0xca3, 0xca3, 0xca3, 0x4a3, 0x4a3, 0x4a3, 0x4a3, 0x4a3, 0x4a3, 0x4a3, 0x4a3, 0x4a3,
			0x4a3, 0x4a3, 0x4a3, 0x4a3, 0x4a3, 0x4a3, 0x4a3, 0x4a3, 0x4a3, 0x4a3, 0x4a3, 0x1a0, 0x1a0, 0x1a0, 0x1a0, 0x1a0,
			0x1a0, 0x8e3, 0x8e3, 0x8e3, 0x8e3, 0x8e3, 0x8e3, 0x0e3, 0x0e3, 0x0e3, 0x0e3, 0x0e3, 0x0e3, 0x0e3, 0x0e3, 0x0e3,
			0x0e3, 0x0e3, 0x0e3, 0x0e3, 0x0e3, 0x0e3, 0x0e3, 0x0e3, 0x0e3, 0x0e3, 0x0e3, 0x1a0, 0x1a0, 0x1a0, 0x1a0, 0x008,
			0x000, 0x000, 0x000, 0x000, 0x000, 0x000, 0x000, 0x000, 0x000, 0x000, 0x000, 0x000, 0x000, 0x000, 0x000, 0x000,
			0x000, 0x000, 0x000, 0x000, 0x000, 0x000, 0x000, 0x000, 0x000, 0x000, 0x000, 0x000, 0x000, 0x000, 0x000, 0x000,
			0x000, 0x000, 0x000, 0x000, 0x000, 0x000, 0x000, 0x000, 0x000, 0x000, 0x000, 0x000, 0x000, 0x000, 0x000, 0x000,
			0x000, 0x000, 0x000, 0x000, 0x000, 0x000, 0x000, 0x000, 0x000, 0x000, 0x000, 0x000, 0x000, 0x000, 0x000, 0x000,
			0x000, 0x000, 0x000, 0x000, 0x000, 0x000, 0x000, 0x000, 0x000, 0x000, 0x000, 0x000, 0x000, 0x000, 0x000, 0x000,
			0x000, 0x000, 0x000, 0x000, 0x000, 0x000, 0x000, 0x000, 0x000, 0x000, 0x000, 0x000, 0x000, 0x000, 0x000, 0x000,
			0x000, 0x000, 0x000, 0x000, 0x000, 0x000, 0x000, 0x000, 0x000, 0x000, 0x000, 0x000, 0x000, 0x000, 0x000, 0x000,
			0x000, 0x000, 0x000, 0x000, 0x000, 0x000, 0x000, 0x000, 0x000, 0x000, 0x000, 0x000, 0x000, 0x000, 0x000, 0x000,
		},
		"agr_PE": {
			0x008, 0x008, 0x008, 0x008, 0x008, 0x008, 0x008, 0x008, 0x008, 0x20c, 0x208, 0x208, 0x208, 0x208, 0x008, 0x008,
			0x008, 0x008, 0x008, 0x008, 0x008, 0x008, 0x008, 0x008, 0x008, 0x008, 0x008, 0x008, 0x008, 0x008, 0x008, 0x008,
			0x284, 0x1a0, 0x1a0, 0x1a0, 0x1a0, 0x1a0, 0x1a0, 0x1a0, 0x1a0, 0x1a0, 0x1a0, 0x1a0, 0x1a0, 0x1a0, 0x1a0, 0x1a0,
			0x8b1, 0x8b1, 0x8b1, 0x8b1, 0x8b1, 0x8b1, 0x8b1, 0x8b1, 0x8b1, 0x8b1, 0x1a0, 0x1a0, 0x1a0, 0x1a0, 0x1a0, 0x1a0,
			0x1a0, 0xca3, 0xca3, 0xca3, 0xca3, 0xca3, 0xca3, 0x4a3, 0x4a3, 0x4a3, 0x4a3, 0x4a3, 0x4a3, 0x4a3, 0x4a3, 0x4a3,
			0x4a3, 0x4a3, 0x4a3, 0x4a3, 0x4a3, 0x4a3, 0x4a3, 0x4a3, 0x4a3, 0x4a3, 0x4a3, 0x1a0, 0x1a0, 0x1a0, 0x1a0, 0x1a0,
			0x1a0, 0x8e3, 0x8e3, 0x8e3, 0x8e3, 0x8e3, 0x8e3, 0x0e3, 0x0e3, 0x0e3, 0x0e3, 0x0e3, 0x0e3, 0x0e3, 0x0e3, 0x0e3,
			0x0e3, 0x0e3, 0x0e3, 0x0e3, 0x0e3, 0x0e3, 0x0e3, 0x0e3, 0x0e3, 0x0e3, 0x0e3, 0x1a0, 0x1a0, 0x1a0, 0x1a0, 0x008,
			0x000, 0x000, 0x000, 0x000, 0x000, 0x000, 0x000, 0x000, 0x000, 0x000, 0x000, 0x000, 0x000, 0x000, 0x000, 0x000,
			0x000, 0x000, 0x000, 0x000, 0x000, 0x000, 0x000, 0x000, 0x000, 0x000, 0x000, 0x000, 0x000, 0x000, 0x000, 0x000,
			0x000, 0x000, 0x000, 0x000, 0x000, 0x000, 0x000, 0x000, 0x000, 0x000, 0x000, 0x000, 0x000, 0x000, 0x000, 0x000,
			0x000, 0x000, 0x000, 0x000, 0x000, 0x000, 0x000, 0x000, 0x000, 0x000, 0x000, 0x000, 0x000, 0x000, 0x000, 0x000,
			0x000, 0x000, 0x000, 0x000, 0x000, 0x000, 0x000, 0x000, 0x000, 0x000, 0x000, 0x000, 0x000, 0x000, 0x000, 0x000,
			0x000, 0x000, 0x000, 0x000, 0x000, 0x000, 0x000, 0x000, 0x000, 0x000, 0x000, 0x000, 0x000, 0x000, 0x000, 0x000,
			0x000, 0x000, 0x000, 0x000, 0x000, 0x000, 0x000, 0x000, 0x000, 0x000, 0x000, 0x000, 0x000, 0x000, 0x000, 0x000,
			0x000, 0x000, 0x000, 0x000, 0x000, 0x000, 0x000, 0x000, 0x000, 0x000, 0x000, 0x000, 0x000, 0x000, 0x000, 0x000,
		},
		"ak_GH": {
			0x008, 0x008, 0x008, 0x008, 0x008, 0x008, 0x008, 0x008, 0x008, 0x20c, 0x208, 0x208, 0x208, 0x208, 0x008, 0x008,
			0x008, 0x008, 0x008, 0x008, 0x008, 0x008, 0x008, 0x008, 0x008, 0x008, 0x008, 0x008, 0x008, 0x008, 0x008, 0x008,
			0x284, 0x1a0, 0x1a0, 0x1a0, 0x1a0, 0x1a0, 0x1a0, 0x1a0, 0x1a0, 0x1a0, 0x1a0, 0x1a0, 0x1a0, 0x1a0, 0x1a0, 0x1a0,
			0x8b1, 0x8b1, 0x8b1, 0x8b1, 0x8b1, 0x8b1, 0x8b1, 0x8b1, 0x8b1, 0x8b1, 0x1a0, 0x1a0, 0x1a0, 0x1a0, 0x1a0, 0x1a0,
			0x1a0, 0xca3, 0xca3, 0xca3, 0xca3, 0xca3, 0xca3, 0x4a3, 0x4a3, 0x4a3, 0x4a3, 0x4a3, 0x4a3, 0x4a3, 0x4a3, 0x4a3,
			0x4a3, 0x4a3, 0x4a3, 0x4a3, 0x4a3, 0x4a3, 0x4a3, 0x4a3, 0x4a3, 0x4a3, 0x4a3, 0x1a0, 0x1a0, 0x1a0, 0x1a0, 0x1a0,
			0x1a0, 0x8e3, 0x8e3, 0x8e3, 0x8e3, 0x8e3, 0x8e3, 0x0e3, 0x0e3, 0x0e3, 0x0e3, 0x0e3, 0x0e3, 0x0e3, 0x0e3, 0x0e3,
			0x0e3, 0x0e3, 0x0e3, 0x0e3, 0x0e3, 0x0e3, 0x0e3, 0x0e3, 0x0e3, 0x0e3, 0x0e3, 0x1a0, 0x1a0, 0x1a0, 0x1a0, 0x008,
			0x000, 0x000, 0x000, 0x000, 0x000, 0x000, 0x000, 0x000, 0x000, 0x000, 0x000, 0x000, 0x000, 0x000, 0x000, 0x000,
			0x000, 0x000, 0x000, 0x000, 0x000, 0x000, 0x000, 0x000, 0x000, 0x000, 0x000, 0x000, 0x000, 0x000, 0x000, 0x000,
			0x000, 0x000, 0x000, 0x000, 0x000, 0x000, 0x000, 0x000, 0x000, 0x000, 0x000, 0x000, 0x000, 0x000, 0x000, 0x000,
			0x000, 0x000, 0x000, 0x000, 0x000, 0x000, 0x000, 0x000, 0x000, 0x000, 0x000, 0x000, 0x000, 0x000, 0x000, 0x000,
			0x000, 0x000, 0x000, 0x000, 0x000, 0x000, 0x000, 0x000, 0x000, 0x000, 0x000, 0x000, 0x000, 0x000, 0x000, 0x000,
			0x000, 0x000, 0x000, 0x000, 0x000, 0x000, 0x000, 0x000, 0x000, 0x000, 0x000, 0x000, 0x000, 0x000, 0x000, 0x000,
			0x000, 0x000, 0x000, 0x000, 0x000, 0x000, 0x000, 0x000, 0x000, 0x000, 0x000, 0x000, 0x000, 0x000, 0x000, 0x000,
			0x000, 0x000, 0x000, 0x000, 0x000, 0x000, 0x000, 0x000, 0x000, 0x000, 0x000, 0x000, 0x000, 0x000, 0x000, 0x000,
		},
		"am_ET": {
			0x008, 0x008, 0x008, 0x008, 0x008, 0x008, 0x008, 0x008, 0x008, 0x20c, 0x208, 0x208, 0x208, 0x208, 0x008, 0x008,
			0x008, 0x008, 0x008, 0x008, 0x008, 0x008, 0x008, 0x008, 0x008, 0x008, 0x008, 0x008, 0x008, 0x008, 0x008, 0x008,
			0x284, 0x1a0, 0x1a0, 0x1a0, 0x1a0, 0x1a0, 0x1a0, 0x1a0, 0x1a0, 0x1a0, 0x1a0, 0x1a0, 0x1a0, 0x1a0, 0x1a0, 0x1a0,
			0x8b1, 0x8b1, 0x8b1, 0x8b1, 0x8b1, 0x8b1, 0x8b1, 0x8b1, 0x8b1, 0x8b1, 0x1a0, 0x1a0, 0x1a0, 0x1a0, 0x1a0, 0x1a0,
			0x1a0, 0xca3, 0xca3, 0xca3, 0xca3, 0xca3, 0xca3, 0x4a3, 0x4a3, 0x4a3, 0x4a3, 0x4a3, 0x4a3, 0x4a3, 0x4a3, 0x4a3,
			0x4a3, 0x4a3, 0x4a3, 0x4a3, 0x4a3, 0x4a3, 0x4a3, 0x4a3, 0x4a3, 0x4a3, 0x4a3, 0x1a0, 0x1a0, 0x1a0, 0x1a0, 0x1a0,
			0x1a0, 0x8e3, 0x8e3, 0x8e3, 0x8e3, 0x8e3, 0x8e3, 0x0e3, 0x0e3, 0x0e3, 0x0e3, 0x0e3, 0x0e3, 0x0e3, 0x0e3, 0x0e3,
			0x0e3, 0x0e3, 0x0e3, 0x0e3, 0x0e3, 0x0e3, 0x0e3, 0x0e3, 0x0e3, 0x0e3, 0x0e3, 0x1a0, 0x1a0, 0x1a0, 0x1a0, 0x008,
			0x000, 0x000, 0x000, 0x000, 0x000, 0x000, 0x000, 0x000, 0x000, 0x000, 0x000, 0x000, 0x000, 0x000, 0x000, 0x000,
			0x000, 0x000, 0x000, 0x000, 0x000, 0x000, 0x000, 0x000, 0x000, 0x000, 0x000, 0x000, 0x000, 0x000, 0x000, 0x000,
			0x000, 0x000, 0x000, 0x000, 0x000, 0x000, 0x000, 0x000, 0x000, 0x000, 0x000, 0x000, 0x000, 0x000, 0x000, 0x000,
			0x000, 0x000, 0x000, 0x000, 0x000, 0x000, 0x000, 0x000, 0x000, 0x000, 0x000, 0x000, 0x000, 0x000, 0x000, 0x000,
			0x000, 0x000, 0x000, 0x000, 0x000, 0x000, 0x000, 0x000, 0x000, 0x000, 0x000, 0x000, 0x000, 0x000, 0x000, 0x000,
			0x000, 0x000, 0x000, 0x000, 0x000, 0x000, 0x000, 0x000, 0x000, 0x000, 0x000, 0x000, 0x000, 0x000, 0x000, 0x000,
			0x000, 0x000, 0x000, 0x000, 0x000, 0x000, 0x000, 0x000, 0x000, 0x000, 0x000, 0x000, 0x000, 0x000, 0x000, 0x000,
			0x000, 0x000, 0x000, 0x000, 0x000, 0x000, 0x000, 0x000, 0x000, 0x000, 0x000, 0x000, 0x000, 0x000, 0x000, 0x000,
		},
		"an_ES": {
			0x008, 0x008, 0x008, 0x008, 0x008, 0x008, 0x008, 0x008, 0x008, 0x20c, 0x208, 0x208, 0x208, 0x208, 0x008, 0x008,
			0x008, 0x008, 0x008, 0x008, 0x008, 0x008, 0x008, 0x008, 0x008, 0x008, 0x008, 0x008, 0x008, 0x008, 0x008, 0x008,
			0x284, 0x1a0, 0x1a0, 0x1a0, 0x1a0, 0x1a0, 0x1a0, 0x1a0, 0x1a0, 0x1a0, 0x1a0, 0x1a0, 0x1a0, 0x1a0, 0x1a0, 0x1a0,
			0x8b1, 0x8b1, 0x8b1, 0x8b1, 0x8b1, 0x8b1, 0x8b1, 0x8b1, 0x8b1, 0x8b1, 0x1a0, 0x1a0, 0x1a0, 0x1a0, 0x1a0, 0x1a0,
			0x1a0, 0xca3, 0xca3, 0xca3, 0xca3, 0xca3, 0xca3, 0x4a3, 0x4a3, 0x4a3, 0x4a3, 0x4a3, 0x4a3, 0x4a3, 0x4a3, 0x4a3,
			0x4a3, 0x4a3, 0x4a3, 0x4a3, 0x4a3, 0x4a3, 0x4a3, 0x4a3, 0x4a3, 0x4a3, 0x4a3, 0x1a0, 0x1a0, 0x1a0, 0x1a0, 0x1a0,
			0x1a0, 0x8e3, 0x8e3, 0x8e3, 0x8e3, 0x8e3, 0x8e3, 0x0e3, 0x0e3, 0x0e3, 0x0e3, 0x0e3, 0x0e3, 0x0e3, 0x0e3, 0x0e3,
			0x0e3, 0x0e3, 0x0e3, 0x0e3, 0x0e3, 0x0e3, 0x0e3, 0x0e3, 0x0e3, 0x0e3, 0x0e3, 0x1a0, 0x1a0, 0x1a0, 0x1a0, 0x008,
			0x008, 0x008, 0x008, 0x008, 0x008, 0x008, 0x008, 0x008, 0x008, 0x008, 0x008, 0x008, 0x008, 0x008, 0x008, 0x008,
			0x008, 0x008, 0x008, 0x008, 0x008, 0x008, 0x008, 0x008, 0x008, 0x008, 0x008, 0x008, 0x008, 0x008, 0x008, 0x008,
			0x1a0, 0x1a0, 0x1a0, 0x1a0, 0x1a0, 0x1a0, 0x4a3, 0x1a0, 0x0e3, 0x1a0, 0x0e3, 0x1a0, 0x1a0, 0x1a0, 0x1a0, 0x1a0,
			0x1a0, 0x1a0, 0x1a0, 0x1a0, 0x4a3, 0x0e3, 0x1a0, 0x1a0, 0x0e3, 0x1a0, 0x0e3, 0x1a0, 0x4a3, 0x0e3, 0x4a3, 0x1a0,
			0x4a3, 0x4a3, 0x4a3, 0x4a3, 0x4a3, 0x4a3, 0x4a3, 0x4a3, 0x4a3, 0x4a3, 0x4a3, 0x4a3, 0x4a3, 0x4a3, 0x4a3, 0x4a3,
			0x4a3, 0x4a3, 0x4a3, 0x4a3, 0x4a3, 0x4a3, 0x4a3, 0x1a0, 0x4a3, 0x4a3, 0x4a3, 0x4a3, 0x4a3, 0x4a3, 0x4a3, 0x0e3,
			0x0e3, 0x0e3, 0x0e3, 0x0e3, 0x0e3, 0x0e3, 0x0e3, 0x0e3, 0x0e3, 0x0e3, 0x0e3, 0x0e3, 0x0e3, 0x0e3, 0x0e3, 0x0e3,
			0x0e3, 0x0e3, 0x0e3, 0x0e3, 0x0e3, 0x0e3, 0x0e3, 0x1a0, 0x0e3, 0x0e3, 0x0e3, 0x0e3, 0x0e3, 0x0e3, 0x0e3, 0x0e3,
		},
		"an_ES.utf8": {
			0x008, 0x008, 0x008, 0x008, 0x008, 0x008, 0x008, 0x008, 0x008, 0x20c, 0x208, 0x208, 0x208, 0x208, 0x008, 0x008,
			0x008, 0x008, 0x008, 0x008, 0x008, 0x008, 0x008, 0x008, 0x008, 0x008, 0x008, 0x008, 0x008, 0x008, 0x008, 0x008,
			0x284, 0x1a0, 0x1a0, 0x1a0, 0x1a0, 0x1a0, 0x1a0, 0x1a0, 0x1a0, 0x1a0, 0x1a0, 0x1a0, 0x1a0, 0x1a0, 0x1a0, 0x1a0,
			0x8b1, 0x8b1, 0x8b1, 0x8b1, 0x8b1, 0x8b1, 0x8b1, 0x8b1, 0x8b1, 0x8b1, 0x1a0, 0x1a0, 0x1a0, 0x1a0, 0x1a0, 0x1a0,
			0x1a0, 0xca3, 0xca3, 0xca3, 0xca3, 0xca3, 0xca3, 0x4a3, 0x4a3, 0x4a3, 0x4a3, 0x4a3, 0x4a3, 0x4a3, 0x4a3, 0x4a3,
			0x4a3, 0x4a3, 0x4a3, 0x4a3, 0x4a3, 0x4a3, 0x4a3, 0x4a3, 0x4a3, 0x4a3, 0x4a3, 0x1a0, 0x1a0, 0x1a0, 0x1a0, 0x1a0,
			0x1a0, 0x8e3, 0x8e3, 0x8e3, 0x8e3, 0x8e3, 0x8e3, 0x0e3, 0x0e3, 0x0e3, 0x0e3, 0x0e3, 0x0e3, 0x0e3, 0x0e3, 0x0e3,
			0x0e3, 0x0e3, 0x0e3, 0x0e3, 0x0e3, 0x0e3, 0x0e3, 0x0e3, 0x0e3, 0x0e3, 0x0e3, 0x1a0, 0x1a0, 0x1a0, 0x1a0, 0x008,
			0x000, 0x000, 0x000, 0x000, 0x000, 0x000, 0x000, 0x000, 0x000, 0x000, 0x000, 0x000, 0x000, 0x000, 0x000, 0x000,
			0x000, 0x000, 0x000, 0x000, 0x000, 0x000, 0x000, 0x000, 0x000, 0x000, 0x000, 0x000, 0x000, 0x000, 0x000, 0x000,
			0x000, 0x000, 0x000, 0x000, 0x000, 0x000, 0x000, 0x000, 0x000, 0x000, 0x000, 0x000, 0x000, 0x000, 0x000, 0x000,
			0x000, 0x000, 0x000, 0x000, 0x000, 0x000, 0x000, 0x000, 0x000, 0x000, 0x000, 0x000, 0x000, 0x000, 0x000, 0x000,
			0x000, 0x000, 0x000, 0x000, 0x000, 0x000, 0x000, 0x000, 0x000, 0x000, 0x000, 0x000, 0x000, 0x000, 0x000, 0x000,
			0x000, 0x000, 0x000, 0x000, 0x000, 0x000, 0x000, 0x000, 0x000, 0x000, 0x000, 0x000, 0x000, 0x000, 0x000, 0x000,
			0x000, 0x000, 0x000, 0x000, 0x000, 0x000, 0x000, 0x000, 0x000, 0x000, 0x000, 0x000, 0x000, 0x000, 0x000, 0x000,
			0x000, 0x000, 0x000, 0x000, 0x000, 0x000, 0x000, 0x000, 0x000, 0x000, 0x000, 0x000, 0x000, 0x000, 0x000, 0x000,
		},
		"anp_IN": {
			0x008, 0x008, 0x008, 0x008, 0x008, 0x008, 0x008, 0x008, 0x008, 0x20c, 0x208, 0x208, 0x208, 0x208, 0x008, 0x008,
			0x008, 0x008, 0x008, 0x008, 0x008, 0x008, 0x008, 0x008, 0x008, 0x008, 0x008, 0x008, 0x008, 0x008, 0x008, 0x008,
			0x284, 0x1a0, 0x1a0, 0x1a0, 0x1a0, 0x1a0, 0x1a0, 0x1a0, 0x1a0, 0x1a0, 0x1a0, 0x1a0, 0x1a0, 0x1a0, 0x1a0, 0x1a0,
			0x8b1, 0x8b1, 0x8b1, 0x8b1, 0x8b1, 0x8b1, 0x8b1, 0x8b1, 0x8b1, 0x8b1, 0x1a0, 0x1a0, 0x1a0, 0x1a0, 0x1a0, 0x1a0,
			0x1a0, 0xca3, 0xca3, 0xca3, 0xca3, 0xca3, 0xca3, 0x4a3, 0x4a3, 0x4a3, 0x4a3, 0x4a3, 0x4a3, 0x4a3, 0x4a3, 0x4a3,
			0x4a3, 0x4a3, 0x4a3, 0x4a3, 0x4a3, 0x4a3, 0x4a3, 0x4a3, 0x4a3, 0x4a3, 0x4a3, 0x1a0, 0x1a0, 0x1a0, 0x1a0, 0x1a0,
			0x1a0, 0x8e3, 0x8e3, 0x8e3, 0x8e3, 0x8e3, 0x8e3, 0x0e3, 0x0e3, 0x0e3, 0x0e3, 0x0e3, 0x0e3, 0x0e3, 0x0e3, 0x0e3,
			0x0e3, 0x0e3, 0x0e3, 0x0e3, 0x0e3, 0x0e3, 0x0e3, 0x0e3, 0x0e3, 0x0e3, 0x0e3, 0x1a0, 0x1a0, 0x1a0, 0x1a0, 0x008,
			0x000, 0x000, 0x000, 0x000, 0x000, 0x000, 0x000, 0x000, 0x000, 0x000, 0x000, 0x000, 0x000, 0x000, 0x000, 0x000,
			0x000, 0x000, 0x000, 0x000, 0x000, 0x000, 0x000, 0x000, 0x000, 0x000, 0x000, 0x000, 0x000, 0x000, 0x000, 0x000,
			0x000, 0x000, 0x000, 0x000, 0x000, 0x000, 0x000, 0x000, 0x000, 0x000, 0x000, 0x000, 0x000, 0x000, 0x000, 0x000,
			0x000, 0x000, 0x000, 0x000, 0x000, 0x000, 0x000, 0x000, 0x000, 0x000, 0x000, 0x000, 0x000, 0x000, 0x000, 0x000,
			0x000, 0x000, 0x000, 0x000, 0x000, 0x000, 0x000, 0x000, 0x000, 0x000, 0x000, 0x000, 0x000, 0x000, 0x000, 0x000,
			0x000, 0x000, 0x000, 0x000, 0x000, 0x000, 0x000, 0x000, 0x000, 0x000, 0x000, 0x000, 0x000, 0x000, 0x000, 0x000,
			0x000, 0x000, 0x000, 0x000, 0x000, 0x000, 0x000, 0x000, 0x000, 0x000, 0x000, 0x000, 0x000, 0x000, 0x000, 0x000,
			0x000, 0x000, 0x000, 0x000, 0x000, 0x000, 0x000, 0x000, 0x000, 0x000, 0x000, 0x000, 0x000, 0x000, 0x000, 0x000,
		},
		"ar_AE": {
			0x008, 0x008, 0x008, 0x008, 0x008, 0x008, 0x008, 0x008, 0x008, 0x20c, 0x208, 0x208, 0x208, 0x208, 0x008, 0x008,
			0x008, 0x008, 0x008, 0x008, 0x008, 0x008, 0x008, 0x008, 0x008, 0x008, 0x008, 0x008, 0x008, 0x008, 0x008, 0x008,
			0x284, 0x1a0, 0x1a0, 0x1a0, 0x1a0, 0x1a0, 0x1a0, 0x1a0, 0x1a0, 0x1a0, 0x1a0, 0x1a0, 0x1a0, 0x1a0, 0x1a0, 0x1a0,
			0x8b1, 0x8b1, 0x8b1, 0x8b1, 0x8b1, 0x8b1, 0x8b1, 0x8b1, 0x8b1, 0x8b1, 0x1a0, 0x1a0, 0x1a0, 0x1a0, 0x1a0, 0x1a0,
			0x1a0, 0xca3, 0xca3, 0xca3, 0xca3, 0xca3, 0xca3, 0x4a3, 0x4a3, 0x4a3, 0x4a3, 0x4a3, 0x4a3, 0x4a3, 0x4a3, 0x4a3,
			0x4a3, 0x4a3, 0x4a3, 0x4a3, 0x4a3, 0x4a3, 0x4a3, 0x4a3, 0x4a3, 0x4a3, 0x4a3, 0x1a0, 0x1a0, 0x1a0, 0x1a0, 0x1a0,
			0x1a0, 0x8e3, 0x8e3, 0x8e3, 0x8e3, 0x8e3, 0x8e3, 0x0e3, 0x0e3, 0x0e3, 0x0e3, 0x0e3, 0x0e3, 0x0e3, 0x0e3, 0x0e3,
			0x0e3, 0x0e3, 0x0e3, 0x0e3, 0x0e3, 0x0e3, 0x0e3, 0x0e3, 0x0e3, 0x0e3, 0x0e3, 0x1a0, 0x1a0, 0x1a0, 0x1a0, 0x008,
			0x008, 0x008, 0x008, 0x008, 0x008, 0x008, 0x008, 0x008, 0x008, 0x008, 0x008, 0x008, 0x008, 0x008, 0x008, 0x008,
			0x008, 0x008, 0x008, 0x008, 0x008, 0x008, 0x008, 0x008, 0x008, 0x008, 0x008, 0x008, 0x008, 0x008, 0x008, 0x008,
			0x1a0, 0x000, 0x000, 0x000, 0x1a0, 0x000, 0x000, 0x000, 0x000, 0x000, 0x000, 0x000, 0x1a0, 0x1a0, 0x000, 0x000,
			0x000, 0x000, 0x000, 0x000, 0x000, 0x000, 0x000, 0x000, 0x000, 0x000, 0x000, 0x1a0, 0x000, 0x000, 0x000, 0x1a0,
			0x000, 0x0a3, 0x0a3, 0x0a3, 0x0a3, 0x0a3, 0x0a3, 0x0a3, 0x0a3, 0x0a3, 0x0a3, 0x0a3, 0x0a3, 0x0a3, 0x0a3, 0x0a3,
			0x0a3, 0x0a3, 0x0a3, 0x0a3, 0x0a3, 0x0a3, 0x0a3, 0x0a3, 0x0a3, 0x0a3, 0x0a3, 0x000, 0x000, 0x000, 0x000, 0x000,
			0x0a3, 0x0a3, 0x0a3, 0x0a3, 0x0a3, 0x0a3, 0x0a3, 0x0a3, 0x0a3, 0x0a3, 0x0a3, 0x0a3, 0x0a3, 0x0a3, 0x0a3, 0x0a3,
			0x0a3, 0x0a3, 0x0a3, 0x000, 0x000, 0x000, 0x000, 0x000, 0x000, 0x000, 0x000, 0x000, 0x000, 0x000, 0x000, 0x000,
		},
		"ar_AE.utf8": {
			0x008, 0x008, 0x008, 0x008, 0x008, 0x008, 0x008, 0x008, 0x008, 0x20c, 0x208, 0x208, 0x208, 0x208, 0x008, 0x008,
			0x008, 0x008, 0x008, 0x008, 0x008, 0x008, 0x008, 0x008, 0x008, 0x008, 0x008, 0x008, 0x008, 0x008, 0x008, 0x008,
			0x284, 0x1a0, 0x1a0, 0x1a0, 0x1a0, 0x1a0, 0x1a0, 0x1a0, 0x1a0, 0x1a0, 0x1a0, 0x1a0, 0x1a0, 0x1a0, 0x1a0, 0x1a0,
			0x8b1, 0x8b1, 0x8b1, 0x8b1, 0x8b1, 0x8b1, 0x8b1, 0x8b1, 0x8b1, 0x8b1, 0x1a0, 0x1a0, 0x1a0, 0x1a0, 0x1a0, 0x1a0,
			0x1a0, 0xca3, 0xca3, 0xca3, 0xca3, 0xca3, 0xca3, 0x4a3, 0x4a3, 0x4a3, 0x4a3, 0x4a3, 0x4a3, 0x4a3, 0x4a3, 0x4a3,
			0x4a3, 0x4a3, 0x4a3, 0x4a3, 0x4a3, 0x4a3, 0x4a3, 0x4a3, 0x4a3, 0x4a3, 0x4a3, 0x1a0, 0x1a0, 0x1a0, 0x1a0, 0x1a0,
			0x1a0, 0x8e3, 0x8e3, 0x8e3, 0x8e3, 0x8e3, 0x8e3, 0x0e3, 0x0e3, 0x0e3, 0x0e3, 0x0e3, 0x0e3, 0x0e3, 0x0e3, 0x0e3,
			0x0e3, 0x0e3, 0x0e3, 0x0e3, 0x0e3, 0x0e3, 0x0e3, 0x0e3, 0x0e3, 0x0e3, 0x0e3, 0x1a0, 0x1a0, 0x1a0, 0x1a0, 0x008,
			0x000, 0x000, 0x000, 0x000, 0x000, 0x000, 0x000, 0x000, 0x000, 0x000, 0x000, 0x000, 0x000, 0x000, 0x000, 0x000,
			0x000, 0x000, 0x000, 0x000, 0x000, 0x000, 0x000, 0x000, 0x000, 0x000, 0x000, 0x000, 0x000, 0x000, 0x000, 0x000,
			0x000, 0x000, 0x000, 0x000, 0x000, 0x000, 0x000, 0x000, 0x000, 0x000, 0x000, 0x000, 0x000, 0x000, 0x000, 0x000,
			0x000, 0x000, 0x000, 0x000, 0x000, 0x000, 0x000, 0x000, 0x000, 0x000, 0x000, 0x000, 0x000, 0x000, 0x000, 0x000,
			0x000, 0x000, 0x000, 0x000, 0x000, 0x000, 0x000, 0x000, 0x000, 0x000, 0x000, 0x000, 0x000, 0x000, 0x000, 0x000,
			0x000, 0x000, 0x000, 0x000, 0x000, 0x000, 0x000, 0x000, 0x000, 0x000, 0x000, 0x000, 0x000, 0x000, 0x000, 0x000,
			0x000, 0x000, 0x000, 0x000, 0x000, 0x000, 0x000, 0x000, 0x000, 0x000, 0x000, 0x000, 0x000, 0x000, 0x000, 0x000,
			0x000, 0x000, 0x000, 0x000, 0x000, 0x000, 0x000, 0x000, 0x000, 0x000, 0x000, 0x000, 0x000, 0x000, 0x000, 0x000,
		},
		"ar_BH": {
			0x008, 0x008, 0x008, 0x008, 0x008, 0x008, 0x008, 0x008, 0x008, 0x20c, 0x208, 0x208, 0x208, 0x208, 0x008, 0x008,
			0x008, 0x008, 0x008, 0x008, 0x008, 0x008, 0x008, 0x008, 0x008, 0x008, 0x008, 0x008, 0x008, 0x008, 0x008, 0x008,
			0x284, 0x1a0, 0x1a0, 0x1a0, 0x1a0, 0x1a0, 0x1a0, 0x1a0, 0x1a0, 0x1a0, 0x1a0, 0x1a0, 0x1a0, 0x1a0, 0x1a0, 0x1a0,
			0x8b1, 0x8b1, 0x8b1, 0x8b1, 0x8b1, 0x8b1, 0x8b1, 0x8b1, 0x8b1, 0x8b1, 0x1a0, 0x1a0, 0x1a0, 0x1a0, 0x1a0, 0x1a0,
			0x1a0, 0xca3, 0xca3, 0xca3, 0xca3, 0xca3, 0xca3, 0x4a3, 0x4a3, 0x4a3, 0x4a3, 0x4a3, 0x4a3, 0x4a3, 0x4a3, 0x4a3,
			0x4a3, 0x4a3, 0x4a3, 0x4a3, 0x4a3, 0x4a3, 0x4a3, 0x4a3, 0x4a3, 0x4a3, 0x4a3, 0x1a0, 0x1a0, 0x1a0, 0x1a0, 0x1a0,
			0x1a0, 0x8e3, 0x8e3, 0x8e3, 0x8e3, 0x8e3, 0x8e3, 0x0e3, 0x0e3, 0x0e3, 0x0e3, 0x0e3, 0x0e3, 0x0e3, 0x0e3, 0x0e3,
			0x0e3, 0x0e3, 0x0e3, 0x0e3, 0x0e3, 0x0e3, 0x0e3, 0x0e3, 0x0e3, 0x0e3, 0x0e3, 0x1a0, 0x1a0, 0x1a0, 0x1a0, 0x008,
			0x008, 0x008, 0x008, 0x008, 0x008, 0x008, 0x008, 0x008, 0x008, 0x008, 0x008, 0x008, 0x008, 0x008, 0x008, 0x008,
			0x008, 0x008, 0x008, 0x008, 0x008, 0x008, 0x008, 0x008, 0x008, 0x008, 0x008, 0x008, 0x008, 0x008, 0x008, 0x008,
			0x1a0, 0x000, 0x000, 0x000, 0x1a0, 0x000, 0x000, 0x000, 0x000, 0x000, 0x000, 0x000, 0x1a0, 0x1a0, 0x000, 0x000,
			0x000, 0x000, 0x000, 0x000, 0x000, 0x000, 0x000, 0x000, 0x000, 0x000, 0x000, 0x1a0, 0x000, 0x000, 0x000, 0x1a0,
			0x000, 0x0a3, 0x0a3, 0x0a3, 0x0a3, 0x0a3, 0x0a3, 0x0a3, 0x0a3, 0x0a3, 0x0a3, 0x0a3, 0x0a3, 0x0a3, 0x0a3, 0x0a3,
			0x0a3, 0x0a3, 0x0a3, 0x0a3, 0x0a3, 0x0a3, 0x0a3, 0x0a3, 0x0a3, 0x0a3, 0x0a3, 0x000, 0x000, 0x000, 0x000, 0x000,
			0x0a3, 0x0a3, 0x0a3, 0x0a3, 0x0a3, 0x0a3, 0x0a3, 0x0a3, 0x0a3, 0x0a3, 0x0a3, 0x0a3, 0x0a3, 0x0a3, 0x0a3, 0x0a3,
			0x0a3, 0x0a3, 0x0a3, 0x000, 0x000, 0x000, 0x000, 0x000, 0x000, 0x000, 0x000, 0x000, 0x000, 0x000, 0x000, 0x000,
		},
		"ar_BH.utf8": {
			0x008, 0x008, 0x008, 0x008, 0x008, 0x008, 0x008, 0x008, 0x008, 0x20c, 0x208, 0x208, 0x208, 0x208, 0x008, 0x008,
			0x008, 0x008, 0x008, 0x008, 0x008, 0x008, 0x008, 0x008, 0x008, 0x008, 0x008, 0x008, 0x008, 0x008, 0x008, 0x008,
			0x284, 0x1a0, 0x1a0, 0x1a0, 0x1a0, 0x1a0, 0x1a0, 0x1a0, 0x1a0, 0x1a0, 0x1a0, 0x1a0, 0x1a0, 0x1a0, 0x1a0, 0x1a0,
			0x8b1, 0x8b1, 0x8b1, 0x8b1, 0x8b1, 0x8b1, 0x8b1, 0x8b1, 0x8b1, 0x8b1, 0x1a0, 0x1a0, 0x1a0, 0x1a0, 0x1a0, 0x1a0,
			0x1a0, 0xca3, 0xca3, 0xca3, 0xca3, 0xca3, 0xca3, 0x4a3, 0x4a3, 0x4a3, 0x4a3, 0x4a3, 0x4a3, 0x4a3, 0x4a3, 0x4a3,
			0x4a3, 0x4a3, 0x4a3, 0x4a3, 0x4a3, 0x4a3, 0x4a3, 0x4a3, 0x4a3, 0x4a3, 0x4a3, 0x1a0, 0x1a0, 0x1a0, 0x1a0, 0x1a0,
			0x1a0, 0x8e3, 0x8e3, 0x8e3, 0x8e3, 0x8e3, 0x8e3, 0x0e3, 0x0e3, 0x0e3, 0x0e3, 0x0e3, 0x0e3, 0x0e3, 0x0e3, 0x0e3,
			0x0e3, 0x0e3, 0x0e3, 0x0e3, 0x0e3, 0x0e3, 0x0e3, 0x0e3, 0x0e3, 0x0e3, 0x0e3, 0x1a0, 0x1a0, 0x1a0, 0x1a0, 0x008,
			0x000, 0x000, 0x000, 0x000, 0x000, 0x000, 0x000, 0x000, 0x000, 0x000, 0x000, 0x000, 0x000, 0x000, 0x000, 0x000,
			0x000, 0x000, 0x000, 0x000, 0x000, 0x000, 0x000, 0x000, 0x000, 0x000, 0x000, 0x000, 0x000, 0x000, 0x000, 0x000,
			0x000, 0x000, 0x000, 0x000, 0x000, 0x000, 0x000, 0x000, 0x000, 0x000, 0x000, 0x000, 0x000, 0x000, 0x000, 0x000,
			0x000, 0x000, 0x000, 0x000, 0x000, 0x000, 0x000, 0x000, 0x000, 0x000, 0x000, 0x000, 0x000, 0x000, 0x000, 0x000,
			0x000, 0x000, 0x000, 0x000, 0x000, 0x000, 0x000, 0x000, 0x000, 0x000, 0x000, 0x000, 0x000, 0x000, 0x000, 0x000,
			0x000, 0x000, 0x000, 0x000, 0x000, 0x000, 0x000, 0x000, 0x000, 0x000, 0x000, 0x000, 0x000, 0x000, 0x000, 0x000,
			0x000, 0x000, 0x000, 0x000, 0x000, 0x000, 0x000, 0x000, 0x000, 0x000, 0x000, 0x000, 0x000, 0x000, 0x000, 0x000,
			0x000, 0x000, 0x000, 0x000, 0x000, 0x000, 0x000, 0x000, 0x000, 0x000, 0x000, 0x000, 0x000, 0x000, 0x000, 0x000,
		},
		"ar_DZ": {
			0x008, 0x008, 0x008, 0x008, 0x008, 0x008, 0x008, 0x008, 0x008, 0x20c, 0x208, 0x208, 0x208, 0x208, 0x008, 0x008,
			0x008, 0x008, 0x008, 0x008, 0x008, 0x008, 0x008, 0x008, 0x008, 0x008, 0x008, 0x008, 0x008, 0x008, 0x008, 0x008,
			0x284, 0x1a0, 0x1a0, 0x1a0, 0x1a0, 0x1a0, 0x1a0, 0x1a0, 0x1a0, 0x1a0, 0x1a0, 0x1a0, 0x1a0, 0x1a0, 0x1a0, 0x1a0,
			0x8b1, 0x8b1, 0x8b1, 0x8b1, 0x8b1, 0x8b1, 0x8b1, 0x8b1, 0x8b1, 0x8b1, 0x1a0, 0x1a0, 0x1a0, 0x1a0, 0x1a0, 0x1a0,
			0x1a0, 0xca3, 0xca3, 0xca3, 0xca3, 0xca3, 0xca3, 0x4a3, 0x4a3, 0x4a3, 0x4a3, 0x4a3, 0x4a3, 0x4a3, 0x4a3, 0x4a3,
			0x4a3, 0x4a3, 0x4a3, 0x4a3, 0x4a3, 0x4a3, 0x4a3, 0x4a3, 0x4a3, 0x4a3, 0x4a3, 0x1a0, 0x1a0, 0x1a0, 0x1a0, 0x1a0,
			0x1a0, 0x8e3, 0x8e3, 0x8e3, 0x8e3, 0x8e3, 0x8e3, 0x0e3, 0x0e3, 0x0e3, 0x0e3, 0x0e3, 0x0e3, 0x0e3, 0x0e3, 0x0e3,
			0x0e3, 0x0e3, 0x0e3, 0x0e3, 0x0e3, 0x0e3, 0x0e3, 0x0e3, 0x0e3, 0x0e3, 0x0e3, 0x1a0, 0x1a0, 0x1a0, 0x1a0, 0x008,
			0x008, 0x008, 0x008, 0x008, 0x008, 0x008, 0x008, 0x008, 0x008, 0x008, 0x008, 0x008, 0x008, 0x008, 0x008, 0x008,
			0x008, 0x008, 0x008, 0x008, 0x008, 0x008, 0x008, 0x008, 0x008, 0x008, 0x008, 0x008, 0x008, 0x008, 0x008, 0x008,
			0x1a0, 0x000, 0x000, 0x000, 0x1a0, 0x000, 0x000, 0x000, 0x000, 0x000, 0x000, 0x000, 0x1a0, 0x1a0, 0x000, 0x000,
			0x000, 0x000, 0x000, 0x000, 0x000, 0x000, 0x000, 0x000, 0x000, 0x000, 0x000, 0x1a0, 0x000, 0x000, 0x000, 0x1a0,
			0x000, 0x0a3, 0x0a3, 0x0a3, 0x0a3, 0x0a3, 0x0a3, 0x0a3, 0x0a3, 0x0a3, 0x0a3, 0x0a3, 0x0a3, 0x0a3, 0x0a3, 0x0a3,
			0x0a3, 0x0a3, 0x0a3, 0x0a3, 0x0a3, 0x0a3, 0x0a3, 0x0a3, 0x0a3, 0x0a3, 0x0a3, 0x000, 0x000, 0x000, 0x000, 0x000,
			0x0a3, 0x0a3, 0x0a3, 0x0a3, 0x0a3, 0x0a3, 0x0a3, 0x0a3, 0x0a3, 0x0a3, 0x0a3, 0x0a3, 0x0a3, 0x0a3, 0x0a3, 0x0a3,
			0x0a3, 0x0a3, 0x0a3, 0x000, 0x000, 0x000, 0x000, 0x000, 0x000, 0x000, 0x000, 0x000, 0x000, 0x000, 0x000, 0x000,
		},
		"ar_DZ.utf8": {
			0x008, 0x008, 0x008, 0x008, 0x008, 0x008, 0x008, 0x008, 0x008, 0x20c, 0x208, 0x208, 0x208, 0x208, 0x008, 0x008,
			0x008, 0x008, 0x008, 0x008, 0x008, 0x008, 0x008, 0x008, 0x008, 0x008, 0x008, 0x008, 0x008, 0x008, 0x008, 0x008,
			0x284, 0x1a0, 0x1a0, 0x1a0, 0x1a0, 0x1a0, 0x1a0, 0x1a0, 0x1a0, 0x1a0, 0x1a0, 0x1a0, 0x1a0, 0x1a0, 0x1a0, 0x1a0,
			0x8b1, 0x8b1, 0x8b1, 0x8b1, 0x8b1, 0x8b1, 0x8b1, 0x8b1, 0x8b1, 0x8b1, 0x1a0, 0x1a0, 0x1a0, 0x1a0, 0x1a0, 0x1a0,
			0x1a0, 0xca3, 0xca3, 0xca3, 0xca3, 0xca3, 0xca3, 0x4a3, 0x4a3, 0x4a3, 0x4a3, 0x4a3, 0x4a3, 0x4a3, 0x4a3, 0x4a3,
			0x4a3, 0x4a3, 0x4a3, 0x4a3, 0x4a3, 0x4a3, 0x4a3, 0x4a3, 0x4a3, 0x4a3, 0x4a3, 0x1a0, 0x1a0, 0x1a0, 0x1a0, 0x1a0,
			0x1a0, 0x8e3, 0x8e3, 0x8e3, 0x8e3, 0x8e3, 0x8e3, 0x0e3, 0x0e3, 0x0e3, 0x0e3, 0x0e3, 0x0e3, 0x0e3, 0x0e3, 0x0e3,
			0x0e3, 0x0e3, 0x0e3, 0x0e3, 0x0e3, 0x0e3, 0x0e3, 0x0e3, 0x0e3, 0x0e3, 0x0e3, 0x1a0, 0x1a0, 0x1a0, 0x1a0, 0x008,
			0x000, 0x000, 0x000, 0x000, 0x000, 0x000, 0x000, 0x000, 0x000, 0x000, 0x000, 0x000, 0x000, 0x000, 0x000, 0x000,
			0x000, 0x000, 0x000, 0x000, 0x000, 0x000, 0x000, 0x000, 0x000, 0x000, 0x000, 0x000, 0x000, 0x000, 0x000, 0x000,
			0x000, 0x000, 0x000, 0x000, 0x000, 0x000, 0x000, 0x000, 0x000, 0x000, 0x000, 0x000, 0x000, 0x000, 0x000, 0x000,
			0x000, 0x000, 0x000, 0x000, 0x000, 0x000, 0x000, 0x000, 0x000, 0x000, 0x000, 0x000, 0x000, 0x000, 0x000, 0x000,
			0x000, 0x000, 0x000, 0x000, 0x000, 0x000, 0x000, 0x000, 0x000, 0x000, 0x000, 0x000, 0x000, 0x000, 0x000, 0x000,
			0x000, 0x000, 0x000, 0x000, 0x000, 0x000, 0x000, 0x000, 0x000, 0x000, 0x000, 0x000, 0x000, 0x000, 0x000, 0x000,
			0x000, 0x000, 0x000, 0x000, 0x000, 0x000, 0x000, 0x000, 0x000, 0x000, 0x000, 0x000, 0x000, 0x000, 0x000, 0x000,
			0x000, 0x000, 0x000, 0x000, 0x000, 0x000, 0x000, 0x000, 0x000, 0x000, 0x000, 0x000, 0x000, 0x000, 0x000, 0x000,
		},
		"ar_EG": {
			0x008, 0x008, 0x008, 0x008, 0x008, 0x008, 0x008, 0x008, 0x008, 0x20c, 0x208, 0x208, 0x208, 0x208, 0x008, 0x008,
			0x008, 0x008, 0x008, 0x008, 0x008, 0x008, 0x008, 0x008, 0x008, 0x008, 0x008, 0x008, 0x008, 0x008, 0x008, 0x008,
			0x284, 0x1a0, 0x1a0, 0x1a0, 0x1a0, 0x1a0, 0x1a0, 0x1a0, 0x1a0, 0x1a0, 0x1a0, 0x1a0, 0x1a0, 0x1a0, 0x1a0, 0x1a0,
			0x8b1, 0x8b1, 0x8b1, 0x8b1, 0x8b1, 0x8b1, 0x8b1, 0x8b1, 0x8b1, 0x8b1, 0x1a0, 0x1a0, 0x1a0, 0x1a0, 0x1a0, 0x1a0,
			0x1a0, 0xca3, 0xca3, 0xca3, 0xca3, 0xca3, 0xca3, 0x4a3, 0x4a3, 0x4a3, 0x4a3, 0x4a3, 0x4a3, 0x4a3, 0x4a3, 0x4a3,
			0x4a3, 0x4a3, 0x4a3, 0x4a3, 0x4a3, 0x4a3, 0x4a3, 0x4a3, 0x4a3, 0x4a3, 0x4a3, 0x1a0, 0x1a0, 0x1a0, 0x1a0, 0x1a0,
			0x1a0, 0x8e3, 0x8e3, 0x8e3, 0x8e3, 0x8e3, 0x8e3, 0x0e3, 0x0e3, 0x0e3, 0x0e3, 0x0e3, 0x0e3, 0x0e3, 0x0e3, 0x0e3,
			0x0e3, 0x0e3, 0x0e3, 0x0e3, 0x0e3, 0x0e3, 0x0e3, 0x0e3, 0x0e3, 0x0e3, 0x0e3, 0x1a0, 0x1a0, 0x1a0, 0x1a0, 0x008,
			0x008, 0x008, 0x008, 0x008, 0x008, 0x008, 0x008, 0x008, 0x008, 0x008, 0x008, 0x008, 0x008, 0x008, 0x008, 0x008,
			0x008, 0x008, 0x008, 0x008, 0x008, 0x008, 0x008, 0x008, 0x008, 0x008, 0x008, 0x008, 0x008, 0x008, 0x008, 0x008,
			0x1a0, 0x000, 0x000, 0x000, 0x1a0, 0x000, 0x000, 0x000, 0x000, 0x000, 0x000, 0x000, 0x1a0, 0x1a0, 0x000, 0x000,
			0x000, 0x000, 0x000, 0x000, 0x000, 0x000, 0x000, 0x000, 0x000, 0x000, 0x000, 0x1a0, 0x000, 0x000, 0x000, 0x1a0,
			0x000, 0x0a3, 0x0a3, 0x0a3, 0x0a3, 0x0a3, 0x0a3, 0x0a3, 0x0a3, 0x0a3, 0x0a3, 0x0a3, 0x0a3, 0x0a3, 0x0a3, 0x0a3,
			0x0a3, 0x0a3, 0x0a3, 0x0a3, 0x0a3, 0x0a3, 0x0a3, 0x0a3, 0x0a3, 0x0a3, 0x0a3, 0x000, 0x000, 0x000, 0x000, 0x000,
			0x0a3, 0x0a3, 0x0a3, 0x0a3, 0x0a3, 0x0a3, 0x0a3, 0x0a3, 0x0a3, 0x0a3, 0x0a3, 0x0a3, 0x0a3, 0x0a3, 0x0a3, 0x0a3,
			0x0a3, 0x0a3, 0x0a3, 0x000, 0x000, 0x000, 0x000, 0x000, 0x000, 0x000, 0x000, 0x000, 0x000, 0x000, 0x000, 0x000,
		},
		"ar_EG.utf8": {
			0x008, 0x008, 0x008, 0x008, 0x008, 0x008, 0x008, 0x008, 0x008, 0x20c, 0x208, 0x208, 0x208, 0x208, 0x008, 0x008,
			0x008, 0x008, 0x008, 0x008, 0x008, 0x008, 0x008, 0x008, 0x008, 0x008, 0x008, 0x008, 0x008, 0x008, 0x008, 0x008,
			0x284, 0x1a0, 0x1a0, 0x1a0, 0x1a0, 0x1a0, 0x1a0, 0x1a0, 0x1a0, 0x1a0, 0x1a0, 0x1a0, 0x1a0, 0x1a0, 0x1a0, 0x1a0,
			0x8b1, 0x8b1, 0x8b1, 0x8b1, 0x8b1, 0x8b1, 0x8b1, 0x8b1, 0x8b1, 0x8b1, 0x1a0, 0x1a0, 0x1a0, 0x1a0, 0x1a0, 0x1a0,
			0x1a0, 0xca3, 0xca3, 0xca3, 0xca3, 0xca3, 0xca3, 0x4a3, 0x4a3, 0x4a3, 0x4a3, 0x4a3, 0x4a3, 0x4a3, 0x4a3, 0x4a3,
			0x4a3, 0x4a3, 0x4a3, 0x4a3, 0x4a3, 0x4a3, 0x4a3, 0x4a3, 0x4a3, 0x4a3, 0x4a3, 0x1a0, 0x1a0, 0x1a0, 0x1a0, 0x1a0,
			0x1a0, 0x8e3, 0x8e3, 0x8e3, 0x8e3, 0x8e3, 0x8e3, 0x0e3, 0x0e3, 0x0e3, 0x0e3, 0x0e3, 0x0e3, 0x0e3, 0x0e3, 0x0e3,
			0x0e3, 0x0e3, 0x0e3, 0x0e3, 0x0e3, 0x0e3, 0x0e3, 0x0e3, 0x0e3, 0x0e3, 0x0e3, 0x1a0, 0x1a0, 0x1a0, 0x1a0, 0x008,
			0x000, 0x000, 0x000, 0x000, 0x000, 0x000, 0x000, 0x000, 0x000, 0x000, 0x000, 0x000, 0x000, 0x000, 0x000, 0x000,
			0x000, 0x000, 0x000, 0x000, 0x000, 0x000, 0x000, 0x000, 0x000, 0x000, 0x000, 0x000, 0x000, 0x000, 0x000, 0x000,
			0x000, 0x000, 0x000, 0x000, 0x000, 0x000, 0x000, 0x000, 0x000, 0x000, 0x000, 0x000, 0x000, 0x000, 0x000, 0x000,
			0x000, 0x000, 0x000, 0x000, 0x000, 0x000, 0x000, 0x000, 0x000, 0x000, 0x000, 0x000, 0x000, 0x000, 0x000, 0x000,
			0x000, 0x000, 0x000, 0x000, 0x000, 0x000, 0x000, 0x000, 0x000, 0x000, 0x000, 0x000, 0x000, 0x000, 0x000, 0x000,
			0x000, 0x000, 0x000, 0x000, 0x000, 0x000, 0x000, 0x000, 0x000, 0x000, 0x000, 0x000, 0x000, 0x000, 0x000, 0x000,
			0x000, 0x000, 0x000, 0x000, 0x000, 0x000, 0x000, 0x000, 0x000, 0x000, 0x000, 0x000, 0x000, 0x000, 0x000, 0x000,
			0x000, 0x000, 0x000, 0x000, 0x000, 0x000, 0x000, 0x000, 0x000, 0x000, 0x000, 0x000, 0x000, 0x000, 0x000, 0x000,
		},
		"ar_IN": {
			0x008, 0x008, 0x008, 0x008, 0x008, 0x008, 0x008, 0x008, 0x008, 0x20c, 0x208, 0x208, 0x208, 0x208, 0x008, 0x008,
			0x008, 0x008, 0x008, 0x008, 0x008, 0x008, 0x008, 0x008, 0x008, 0x008, 0x008, 0x008, 0x008, 0x008, 0x008, 0x008,
			0x284, 0x1a0, 0x1a0, 0x1a0, 0x1a0, 0x1a0, 0x1a0, 0x1a0, 0x1a0, 0x1a0, 0x1a0, 0x1a0, 0x1a0, 0x1a0, 0x1a0, 0x1a0,
			0x8b1, 0x8b1, 0x8b1, 0x8b1, 0x8b1, 0x8b1, 0x8b1, 0x8b1, 0x8b1, 0x8b1, 0x1a0, 0x1a0, 0x1a0, 0x1a0, 0x1a0, 0x1a0,
			0x1a0, 0xca3, 0xca3, 0xca3, 0xca3, 0xca3, 0xca3, 0x4a3, 0x4a3, 0x4a3, 0x4a3, 0x4a3, 0x4a3, 0x4a3, 0x4a3, 0x4a3,
			0x4a3, 0x4a3, 0x4a3, 0x4a3, 0x4a3, 0x4a3, 0x4a3, 0x4a3, 0x4a3, 0x4a3, 0x4a3, 0x1a0, 0x1a0, 0x1a0, 0x1a0, 0x1a0,
			0x1a0, 0x8e3, 0x8e3, 0x8e3, 0x8e3, 0x8e3, 0x8e3, 0x0e3, 0x0e3, 0x0e3, 0x0e3, 0x0e3, 0x0e3, 0x0e3, 0x0e3, 0x0e3,
			0x0e3, 0x0e3, 0x0e3, 0x0e3, 0x0e3, 0x0e3, 0x0e3, 0x0e3, 0x0e3, 0x0e3, 0x0e3, 0x1a0, 0x1a0, 0x1a0, 0x1a0, 0x008,
			0x000, 0x000, 0x000, 0x000, 0x000, 0x000, 0x000, 0x000, 0x000, 0x000, 0x000, 0x000, 0x000, 0x000, 0x000, 0x000,
			0x000, 0x000, 0x000, 0x000, 0x000, 0x000, 0x000, 0x000, 0x000, 0x000, 0x000, 0x000, 0x000, 0x000, 0x000, 0x000,
			0x000, 0x000, 0x000, 0x000, 0x000, 0x000, 0x000, 0x000, 0x000, 0x000, 0x000, 0x000, 0x000, 0x000, 0x000, 0x000,
			0x000, 0x000, 0x000, 0x000, 0x000, 0x000, 0x000, 0x000, 0x000, 0x000, 0x000, 0x000, 0x000, 0x000, 0x000, 0x000,
			0x000, 0x000, 0x000, 0x000, 0x000, 0x000, 0x000, 0x000, 0x000, 0x000, 0x000, 0x000, 0x000, 0x000, 0x000, 0x000,
			0x000, 0x000, 0x000, 0x000, 0x000, 0x000, 0x000, 0x000, 0x000, 0x000, 0x000, 0x000, 0x000, 0x000, 0x000, 0x000,
			0x000, 0x000, 0x000, 0x000, 0x000, 0x000, 0x000, 0x000, 0x000, 0x000, 0x000, 0x000, 0x000, 0x000, 0x000, 0x000,
			0x000, 0x000, 0x000, 0x000, 0x000, 0x000, 0x000, 0x000, 0x000, 0x000, 0x000, 0x000, 0x000, 0x000, 0x000, 0x000,
		},
		"ar_IQ": {
			0x008, 0x008, 0x008, 0x008, 0x008, 0x008, 0x008, 0x008, 0x008, 0x20c, 0x208, 0x208, 0x208, 0x208, 0x008, 0x008,
			0x008, 0x008, 0x008, 0x008, 0x008, 0x008, 0x008, 0x008, 0x008, 0x008, 0x008, 0x008, 0x008, 0x008, 0x008, 0x008,
			0x284, 0x1a0, 0x1a0, 0x1a0, 0x1a0, 0x1a0, 0x1a0, 0x1a0, 0x1a0, 0x1a0, 0x1a0, 0x1a0, 0x1a0, 0x1a0, 0x1a0, 0x1a0,
			0x8b1, 0x8b1, 0x8b1, 0x8b1, 0x8b1, 0x8b1, 0x8b1, 0x8b1, 0x8b1, 0x8b1, 0x1a0, 0x1a0, 0x1a0, 0x1a0, 0x1a0, 0x1a0,
			0x1a0, 0xca3, 0xca3, 0xca3, 0xca3, 0xca3, 0xca3, 0x4a3, 0x4a3, 0x4a3, 0x4a3, 0x4a3, 0x4a3, 0x4a3, 0x4a3, 0x4a3,
			0x4a3, 0x4a3, 0x4a3, 0x4a3, 0x4a3, 0x4a3, 0x4a3, 0x4a3, 0x4a3, 0x4a3, 0x4a3, 0x1a0, 0x1a0, 0x1a0, 0x1a0, 0x1a0,
			0x1a0, 0x8e3, 0x8e3, 0x8e3, 0x8e3, 0x8e3, 0x8e3, 0x0e3, 0x0e3, 0x0e3, 0x0e3, 0x0e3, 0x0e3, 0x0e3, 0x0e3, 0x0e3,
			0x0e3, 0x0e3, 0x0e3, 0x0e3, 0x0e3, 0x0e3, 0x0e3, 0x0e3, 0x0e3, 0x0e3, 0x0e3, 0x1a0, 0x1a0, 0x1a0, 0x1a0, 0x008,
			0x008, 0x008, 0x008, 0x008, 0x008, 0x008, 0x008, 0x008, 0x008, 0x008, 0x008, 0x008, 0x008, 0x008, 0x008, 0x008,
			0x008, 0x008, 0x008, 0x008, 0x008, 0x008, 0x008, 0x008, 0x008, 0x008, 0x008, 0x008, 0x008, 0x008, 0x008, 0x008,
			0x1a0, 0x000, 0x000, 0x000, 0x1a0, 0x000, 0x000, 0x000, 0x000, 0x000, 0x000, 0x000, 0x1a0, 0x1a0, 0x000, 0x000,
			0x000, 0x000, 0x000, 0x000, 0x000, 0x000, 0x000, 0x000, 0x000, 0x000, 0x000, 0x1a0, 0x000, 0x000, 0x000, 0x1a0,
			0x000, 0x0a3, 0x0a3, 0x0a3, 0x0a3, 0x0a3, 0x0a3, 0x0a3, 0x0a3, 0x0a3, 0x0a3, 0x0a3, 0x0a3, 0x0a3, 0x0a3, 0x0a3,
			0x0a3, 0x0a3, 0x0a3, 0x0a3, 0x0a3, 0x0a3, 0x0a3, 0x0a3, 0x0a3, 0x0a3, 0x0a3, 0x000, 0x000, 0x000, 0x000, 0x000,
			0x0a3, 0x0a3, 0x0a3, 0x0a3, 0x0a3, 0x0a3, 0x0a3, 0x0a3, 0x0a3, 0x0a3, 0x0a3, 0x0a3, 0x0a3, 0x0a3, 0x0a3, 0x0a3,
			0x0a3, 0x0a3, 0x0a3, 0x000, 0x000, 0x000, 0x000, 0x000, 0x000, 0x000, 0x000, 0x000, 0x000, 0x000, 0x000, 0x000,
		},
		"ar_IQ.utf8": {
			0x008, 0x008, 0x008, 0x008, 0x008, 0x008, 0x008, 0x008, 0x008, 0x20c, 0x208, 0x208, 0x208, 0x208, 0x008, 0x008,
			0x008, 0x008, 0x008, 0x008, 0x008, 0x008, 0x008, 0x008, 0x008, 0x008, 0x008, 0x008, 0x008, 0x008, 0x008, 0x008,
			0x284, 0x1a0, 0x1a0, 0x1a0, 0x1a0, 0x1a0, 0x1a0, 0x1a0, 0x1a0, 0x1a0, 0x1a0, 0x1a0, 0x1a0, 0x1a0, 0x1a0, 0x1a0,
			0x8b1, 0x8b1, 0x8b1, 0x8b1, 0x8b1, 0x8b1, 0x8b1, 0x8b1, 0x8b1, 0x8b1, 0x1a0, 0x1a0, 0x1a0, 0x1a0, 0x1a0, 0x1a0,
			0x1a0, 0xca3, 0xca3, 0xca3, 0xca3, 0xca3, 0xca3, 0x4a3, 0x4a3, 0x4a3, 0x4a3, 0x4a3, 0x4a3, 0x4a3, 0x4a3, 0x4a3,
			0x4a3, 0x4a3, 0x4a3, 0x4a3, 0x4a3, 0x4a3, 0x4a3, 0x4a3, 0x4a3, 0x4a3, 0x4a3, 0x1a0, 0x1a0, 0x1a0, 0x1a0, 0x1a0,
			0x1a0, 0x8e3, 0x8e3, 0x8e3, 0x8e3, 0x8e3, 0x8e3, 0x0e3, 0x0e3, 0x0e3, 0x0e3, 0x0e3, 0x0e3, 0x0e3, 0x0e3, 0x0e3,
			0x0e3, 0x0e3, 0x0e3, 0x0e3, 0x0e3, 0x0e3, 0x0e3, 0x0e3, 0x0e3, 0x0e3, 0x0e3, 0x1a0, 0x1a0, 0x1a0, 0x1a0, 0x008,
			0x000, 0x000, 0x000, 0x000, 0x000, 0x000, 0x000, 0x000, 0x000, 0x000, 0x000, 0x000, 0x000, 0x000, 0x000, 0x000,
			0x000, 0x000, 0x000, 0x000, 0x000, 0x000, 0x000, 0x000, 0x000, 0x000, 0x000, 0x000, 0x000, 0x000, 0x000, 0x000,
			0x000, 0x000, 0x000, 0x000, 0x000, 0x000, 0x000, 0x000, 0x000, 0x000, 0x000, 0x000, 0x000, 0x000, 0x000, 0x000,
			0x000, 0x000, 0x000, 0x000, 0x000, 0x000, 0x000, 0x000, 0x000, 0x000, 0x000, 0x000, 0x000, 0x000, 0x000, 0x000,
			0x000, 0x000, 0x000, 0x000, 0x000, 0x000, 0x000, 0x000, 0x000, 0x000, 0x000, 0x000, 0x000, 0x000, 0x000, 0x000,
			0x000, 0x000, 0x000, 0x000, 0x000, 0x000, 0x000, 0x000, 0x000, 0x000, 0x000, 0x000, 0x000, 0x000, 0x000, 0x000,
			0x000, 0x000, 0x000, 0x000, 0x000, 0x000, 0x000, 0x000, 0x000, 0x000, 0x000, 0x000, 0x000, 0x000, 0x000, 0x000,
			0x000, 0x000, 0x000, 0x000, 0x000, 0x000, 0x000, 0x000, 0x000, 0x000, 0x000, 0x000, 0x000, 0x000, 0x000, 0x000,
		},
		"ar_JO": {
			0x008, 0x008, 0x008, 0x008, 0x008, 0x008, 0x008, 0x008, 0x008, 0x20c, 0x208, 0x208, 0x208, 0x208, 0x008, 0x008,
			0x008, 0x008, 0x008, 0x008, 0x008, 0x008, 0x008, 0x008, 0x008, 0x008, 0x008, 0x008, 0x008, 0x008, 0x008, 0x008,
			0x284, 0x1a0, 0x1a0, 0x1a0, 0x1a0, 0x1a0, 0x1a0, 0x1a0, 0x1a0, 0x1a0, 0x1a0, 0x1a0, 0x1a0, 0x1a0, 0x1a0, 0x1a0,
			0x8b1, 0x8b1, 0x8b1, 0x8b1, 0x8b1, 0x8b1, 0x8b1, 0x8b1, 0x8b1, 0x8b1, 0x1a0, 0x1a0, 0x1a0, 0x1a0, 0x1a0, 0x1a0,
			0x1a0, 0xca3, 0xca3, 0xca3, 0xca3, 0xca3, 0xca3, 0x4a3, 0x4a3, 0x4a3, 0x4a3, 0x4a3, 0x4a3, 0x4a3, 0x4a3, 0x4a3,
			0x4a3, 0x4a3, 0x4a3, 0x4a3, 0x4a3, 0x4a3, 0x4a3, 0x4a3, 0x4a3, 0x4a3, 0x4a3, 0x1a0, 0x1a0, 0x1a0, 0x1a0, 0x1a0,
			0x1a0, 0x8e3, 0x8e3, 0x8e3, 0x8e3, 0x8e3, 0x8e3, 0x0e3, 0x0e3, 0x0e3, 0x0e3, 0x0e3, 0x0e3, 0x0e3, 0x0e3, 0x0e3,
			0x0e3, 0x0e3, 0x0e3, 0x0e3, 0x0e3, 0x0e3, 0x0e3, 0x0e3, 0x0e3, 0x0e3, 0x0e3, 0x1a0, 0x1a0, 0x1a0, 0x1a0, 0x008,
			0x008, 0x008, 0x008, 0x008, 0x008, 0x008, 0x008, 0x008, 0x008, 0x008, 0x008, 0x008, 0x008, 0x008, 0x008, 0x008,
			0x008, 0x008, 0x008, 0x008, 0x008, 0x008, 0x008, 0x008, 0x008, 0x008, 0x008, 0x008, 0x008, 0x008, 0x008, 0x008,
			0x1a0, 0x000, 0x000, 0x000, 0x1a0, 0x000, 0x000, 0x000, 0x000, 0x000, 0x000, 0x000, 0x1a0, 0x1a0, 0x000, 0x000,
			0x000, 0x000, 0x000, 0x000, 0x000, 0x000, 0x000, 0x000, 0x000, 0x000, 0x000, 0x1a0, 0x000, 0x000, 0x000, 0x1a0,
			0x000, 0x0a3, 0x0a3, 0x0a3, 0x0a3, 0x0a3, 0x0a3, 0x0a3, 0x0a3, 0x0a3, 0x0a3, 0x0a3, 0x0a3, 0x0a3, 0x0a3, 0x0a3,
			0x0a3, 0x0a3, 0x0a3, 0x0a3, 0x0a3, 0x0a3, 0x0a3, 0x0a3, 0x0a3, 0x0a3, 0x0a3, 0x000, 0x000, 0x000, 0x000, 0x000,
			0x0a3, 0x0a3, 0x0a3, 0x0a3, 0x0a3, 0x0a3, 0x0a3, 0x0a3, 0x0a3, 0x0a3, 0x0a3, 0x0a3, 0x0a3, 0x0a3, 0x0a3, 0x0a3,
			0x0a3, 0x0a3, 0x0a3, 0x000, 0x000, 0x000, 0x000, 0x000, 0x000, 0x000, 0x000, 0x000, 0x000, 0x000, 0x000, 0x000,
		},
		"ar_JO.utf8": {
			0x008, 0x008, 0x008, 0x008, 0x008, 0x008, 0x008, 0x008, 0x008, 0x20c, 0x208, 0x208, 0x208, 0x208, 0x008, 0x008,
			0x008, 0x008, 0x008, 0x008, 0x008, 0x008, 0x008, 0x008, 0x008, 0x008, 0x008, 0x008, 0x008, 0x008, 0x008, 0x008,
			0x284, 0x1a0, 0x1a0, 0x1a0, 0x1a0, 0x1a0, 0x1a0, 0x1a0, 0x1a0, 0x1a0, 0x1a0, 0x1a0, 0x1a0, 0x1a0, 0x1a0, 0x1a0,
			0x8b1, 0x8b1, 0x8b1, 0x8b1, 0x8b1, 0x8b1, 0x8b1, 0x8b1, 0x8b1, 0x8b1, 0x1a0, 0x1a0, 0x1a0, 0x1a0, 0x1a0, 0x1a0,
			0x1a0, 0xca3, 0xca3, 0xca3, 0xca3, 0xca3, 0xca3, 0x4a3, 0x4a3, 0x4a3, 0x4a3, 0x4a3, 0x4a3, 0x4a3, 0x4a3, 0x4a3,
			0x4a3, 0x4a3, 0x4a3, 0x4a3, 0x4a3, 0x4a3, 0x4a3, 0x4a3, 0x4a3, 0x4a3, 0x4a3, 0x1a0, 0x1a0, 0x1a0, 0x1a0, 0x1a0,
			0x1a0, 0x8e3, 0x8e3, 0x8e3, 0x8e3, 0x8e3, 0x8e3, 0x0e3, 0x0e3, 0x0e3, 0x0e3, 0x0e3, 0x0e3, 0x0e3, 0x0e3, 0x0e3,
			0x0e3, 0x0e3, 0x0e3, 0x0e3, 0x0e3, 0x0e3, 0x0e3, 0x0e3, 0x0e3, 0x0e3, 0x0e3, 0x1a0, 0x1a0, 0x1a0, 0x1a0, 0x008,
			0x000, 0x000, 0x000, 0x000, 0x000, 0x000, 0x000, 0x000, 0x000, 0x000, 0x000, 0x000, 0x000, 0x000, 0x000, 0x000,
			0x000, 0x000, 0x000, 0x000, 0x000, 0x000, 0x000, 0x000, 0x000, 0x000, 0x000, 0x000, 0x000, 0x000, 0x000, 0x000,
			0x000, 0x000, 0x000, 0x000, 0x000, 0x000, 0x000, 0x000, 0x000, 0x000, 0x000, 0x000, 0x000, 0x000, 0x000, 0x000,
			0x000, 0x000, 0x000, 0x000, 0x000, 0x000, 0x000, 0x000, 0x000, 0x000, 0x000, 0x000, 0x000, 0x000, 0x000, 0x000,
			0x000, 0x000, 0x000, 0x000, 0x000, 0x000, 0x000, 0x000, 0x000, 0x000, 0x000, 0x000, 0x000, 0x000, 0x000, 0x000,
			0x000, 0x000, 0x000, 0x000, 0x000, 0x000, 0x000, 0x000, 0x000, 0x000, 0x000, 0x000, 0x000, 0x000, 0x000, 0x000,
			0x000, 0x000, 0x000, 0x000, 0x000, 0x000, 0x000, 0x000, 0x000, 0x000, 0x000, 0x000, 0x000, 0x000, 0x000, 0x000,
			0x000, 0x000, 0x000, 0x000, 0x000, 0x000, 0x000, 0x000, 0x000, 0x000, 0x000, 0x000, 0x000, 0x000, 0x000, 0x000,
		},
		"ar_KW": {
			0x008, 0x008, 0x008, 0x008, 0x008, 0x008, 0x008, 0x008, 0x008, 0x20c, 0x208, 0x208, 0x208, 0x208, 0x008, 0x008,
			0x008, 0x008, 0x008, 0x008, 0x008, 0x008, 0x008, 0x008, 0x008, 0x008, 0x008, 0x008, 0x008, 0x008, 0x008, 0x008,
			0x284, 0x1a0, 0x1a0, 0x1a0, 0x1a0, 0x1a0, 0x1a0, 0x1a0, 0x1a0, 0x1a0, 0x1a0, 0x1a0, 0x1a0, 0x1a0, 0x1a0, 0x1a0,
			0x8b1, 0x8b1, 0x8b1, 0x8b1, 0x8b1, 0x8b1, 0x8b1, 0x8b1, 0x8b1, 0x8b1, 0x1a0, 0x1a0, 0x1a0, 0x1a0, 0x1a0, 0x1a0,
			0x1a0, 0xca3, 0xca3, 0xca3, 0xca3, 0xca3, 0xca3, 0x4a3, 0x4a3, 0x4a3, 0x4a3, 0x4a3, 0x4a3, 0x4a3, 0x4a3, 0x4a3,
			0x4a3, 0x4a3, 0x4a3, 0x4a3, 0x4a3, 0x4a3, 0x4a3, 0x4a3, 0x4a3, 0x4a3, 0x4a3, 0x1a0, 0x1a0, 0x1a0, 0x1a0, 0x1a0,
			0x1a0, 0x8e3, 0x8e3, 0x8e3, 0x8e3, 0x8e3, 0x8e3, 0x0e3, 0x0e3, 0x0e3, 0x0e3, 0x0e3, 0x0e3, 0x0e3, 0x0e3, 0x0e3,
			0x0e3, 0x0e3, 0x0e3, 0x0e3, 0x0e3, 0x0e3, 0x0e3, 0x0e3, 0x0e3, 0x0e3, 0x0e3, 0x1a0, 0x1a0, 0x1a0, 0x1a0, 0x008,
			0x008, 0x008, 0x008, 0x008, 0x008, 0x008, 0x008, 0x008, 0x008, 0x008, 0x008, 0x008, 0x008, 0x008, 0x008, 0x008,
			0x008, 0x008, 0x008, 0x008, 0x008, 0x008, 0x008, 0x008, 0x008, 0x008, 0x008, 0x008, 0x008, 0x008, 0x008, 0x008,
			0x1a0, 0x000, 0x000, 0x000, 0x1a0, 0x000, 0x000, 0x000, 0x000, 0x000, 0x000, 0x000, 0x1a0, 0x1a0, 0x000, 0x000,
			0x000, 0x000, 0x000, 0x000, 0x000, 0x000, 0x000, 0x000, 0x000, 0x000, 0x000, 0x1a0, 0x000, 0x000, 0x000, 0x1a0,
			0x000, 0x0a3, 0x0a3, 0x0a3, 0x0a3, 0x0a3, 0x0a3, 0x0a3, 0x0a3, 0x0a3, 0x0a3, 0x0a3, 0x0a3, 0x0a3, 0x0a3, 0x0a3,
			0x0a3, 0x0a3, 0x0a3, 0x0a3, 0x0a3, 0x0a3, 0x0a3, 0x0a3, 0x0a3, 0x0a3, 0x0a3, 0x000, 0x000, 0x000, 0x000, 0x000,
			0x0a3, 0x0a3, 0x0a3, 0x0a3, 0x0a3, 0x0a3, 0x0a3, 0x0a3, 0x0a3, 0x0a3, 0x0a3, 0x0a3, 0x0a3, 0x0a3, 0x0a3, 0x0a3,
			0x0a3, 0x0a3, 0x0a3, 0x000, 0x000, 0x000, 0x000, 0x000, 0x000, 0x000, 0x000, 0x000, 0x000, 0x000, 0x000, 0x000,
		},
		"ar_KW.utf8": {
			0x008, 0x008, 0x008, 0x008, 0x008, 0x008, 0x008, 0x008, 0x008, 0x20c, 0x208, 0x208, 0x208, 0x208, 0x008, 0x008,
			0x008, 0x008, 0x008, 0x008, 0x008, 0x008, 0x008, 0x008, 0x008, 0x008, 0x008, 0x008, 0x008, 0x008, 0x008, 0x008,
			0x284, 0x1a0, 0x1a0, 0x1a0, 0x1a0, 0x1a0, 0x1a0, 0x1a0, 0x1a0, 0x1a0, 0x1a0, 0x1a0, 0x1a0, 0x1a0, 0x1a0, 0x1a0,
			0x8b1, 0x8b1, 0x8b1, 0x8b1, 0x8b1, 0x8b1, 0x8b1, 0x8b1, 0x8b1, 0x8b1, 0x1a0, 0x1a0, 0x1a0, 0x1a0, 0x1a0, 0x1a0,
			0x1a0, 0xca3, 0xca3, 0xca3, 0xca3, 0xca3, 0xca3, 0x4a3, 0x4a3, 0x4a3, 0x4a3, 0x4a3, 0x4a3, 0x4a3, 0x4a3, 0x4a3,
			0x4a3, 0x4a3, 0x4a3, 0x4a3, 0x4a3, 0x4a3, 0x4a3, 0x4a3, 0x4a3, 0x4a3, 0x4a3, 0x1a0, 0x1a0, 0x1a0, 0x1a0, 0x1a0,
			0x1a0, 0x8e3, 0x8e3, 0x8e3, 0x8e3, 0x8e3, 0x8e3, 0x0e3, 0x0e3, 0x0e3, 0x0e3, 0x0e3, 0x0e3, 0x0e3, 0x0e3, 0x0e3,
			0x0e3, 0x0e3, 0x0e3, 0x0e3, 0x0e3, 0x0e3, 0x0e3, 0x0e3, 0x0e3, 0x0e3, 0x0e3, 0x1a0, 0x1a0, 0x1a0, 0x1a0, 0x008,
			0x000, 0x000, 0x000, 0x000, 0x000, 0x000, 0x000, 0x000, 0x000, 0x000, 0x000, 0x000, 0x000, 0x000, 0x000, 0x000,
			0x000, 0x000, 0x000, 0x000, 0x000, 0x000, 0x000, 0x000, 0x000, 0x000, 0x000, 0x000, 0x000, 0x000, 0x000, 0x000,
			0x000, 0x000, 0x000, 0x000, 0x000, 0x000, 0x000, 0x000, 0x000, 0x000, 0x000, 0x000, 0x000, 0x000, 0x000, 0x000,
			0x000, 0x000, 0x000, 0x000, 0x000, 0x000, 0x000, 0x000, 0x000, 0x000, 0x000, 0x000, 0x000, 0x000, 0x000, 0x000,
			0x000, 0x000, 0x000, 0x000, 0x000, 0x000, 0x000, 0x000, 0x000, 0x000, 0x000, 0x000, 0x000, 0x000, 0x000, 0x000,
			0x000, 0x000, 0x000, 0x000, 0x000, 0x000, 0x000, 0x000, 0x000, 0x000, 0x000, 0x000, 0x000, 0x000, 0x000, 0x000,
			0x000, 0x000, 0x000, 0x000, 0x000, 0x000, 0x000, 0x000, 0x000, 0x000, 0x000, 0x000, 0x000, 0x000, 0x000, 0x000,
			0x000, 0x000, 0x000, 0x000, 0x000, 0x000, 0x000, 0x000, 0x000, 0x000, 0x000, 0x000, 0x000, 0x000, 0x000, 0x000,
		},
		"ar_LB": {
			0x008, 0x008, 0x008, 0x008, 0x008, 0x008, 0x008, 0x008, 0x008, 0x20c, 0x208, 0x208, 0x208, 0x208, 0x008, 0x008,
			0x008, 0x008, 0x008, 0x008, 0x008, 0x008, 0x008, 0x008, 0x008, 0x008, 0x008, 0x008, 0x008, 0x008, 0x008, 0x008,
			0x284, 0x1a0, 0x1a0, 0x1a0, 0x1a0, 0x1a0, 0x1a0, 0x1a0, 0x1a0, 0x1a0, 0x1a0, 0x1a0, 0x1a0, 0x1a0, 0x1a0, 0x1a0,
			0x8b1, 0x8b1, 0x8b1, 0x8b1, 0x8b1, 0x8b1, 0x8b1, 0x8b1, 0x8b1, 0x8b1, 0x1a0, 0x1a0, 0x1a0, 0x1a0, 0x1a0, 0x1a0,
			0x1a0, 0xca3, 0xca3, 0xca3, 0xca3, 0xca3, 0xca3, 0x4a3, 0x4a3, 0x4a3, 0x4a3, 0x4a3, 0x4a3, 0x4a3, 0x4a3, 0x4a3,
			0x4a3, 0x4a3, 0x4a3, 0x4a3, 0x4a3, 0x4a3, 0x4a3, 0x4a3, 0x4a3, 0x4a3, 0x4a3, 0x1a0, 0x1a0, 0x1a0, 0x1a0, 0x1a0,
			0x1a0, 0x8e3, 0x8e3, 0x8e3, 0x8e3, 0x8e3, 0x8e3, 0x0e3, 0x0e3, 0x0e3, 0x0e3, 0x0e3, 0x0e3, 0x0e3, 0x0e3, 0x0e3,
			0x0e3, 0x0e3, 0x0e3, 0x0e3, 0x0e3, 0x0e3, 0x0e3, 0x0e3, 0x0e3, 0x0e3, 0x0e3, 0x1a0, 0x1a0, 0x1a0, 0x1a0, 0x008,
			0x008, 0x008, 0x008, 0x008, 0x008, 0x008, 0x008, 0x008, 0x008, 0x008, 0x008, 0x008, 0x008, 0x008, 0x008, 0x008,
			0x008, 0x008, 0x008, 0x008, 0x008, 0x008, 0x008, 0x008, 0x008, 0x008, 0x008, 0x008, 0x008, 0x008, 0x008, 0x008,
			0x1a0, 0x000, 0x000, 0x000, 0x1a0, 0x000, 0x000, 0x000, 0x000, 0x000, 0x000, 0x000, 0x1a0, 0x1a0, 0x000, 0x000,
			0x000, 0x000, 0x000, 0x000, 0x000, 0x000, 0x000, 0x000, 0x000, 0x000, 0x000, 0x1a0, 0x000, 0x000, 0x000, 0x1a0,
			0x000, 0x0a3, 0x0a3, 0x0a3, 0x0a3, 0x0a3, 0x0a3, 0x0a3, 0x0a3, 0x0a3, 0x0a3, 0x0a3, 0x0a3, 0x0a3, 0x0a3, 0x0a3,
			0x0a3, 0x0a3, 0x0a3, 0x0a3, 0x0a3, 0x0a3, 0x0a3, 0x0a3, 0x0a3, 0x0a3, 0x0a3, 0x000, 0x000, 0x000, 0x000, 0x000,
			0x0a3, 0x0a3, 0x0a3, 0x0a3, 0x0a3, 0x0a3, 0x0a3, 0x0a3, 0x0a3, 0x0a3, 0x0a3, 0x0a3, 0x0a3, 0x0a3, 0x0a3, 0x0a3,
			0x0a3, 0x0a3, 0x0a3, 0x000, 0x000, 0x000, 0x000, 0x000, 0x000, 0x000, 0x000, 0x000, 0x000, 0x000, 0x000, 0x000,
		},
		"ar_LB.utf8": {
			0x008, 0x008, 0x008, 0x008, 0x008, 0x008, 0x008, 0x008, 0x008, 0x20c, 0x208, 0x208, 0x208, 0x208, 0x008, 0x008,
			0x008, 0x008, 0x008, 0x008, 0x008, 0x008, 0x008, 0x008, 0x008, 0x008, 0x008, 0x008, 0x008, 0x008, 0x008, 0x008,
			0x284, 0x1a0, 0x1a0, 0x1a0, 0x1a0, 0x1a0, 0x1a0, 0x1a0, 0x1a0, 0x1a0, 0x1a0, 0x1a0, 0x1a0, 0x1a0, 0x1a0, 0x1a0,
			0x8b1, 0x8b1, 0x8b1, 0x8b1, 0x8b1, 0x8b1, 0x8b1, 0x8b1, 0x8b1, 0x8b1, 0x1a0, 0x1a0, 0x1a0, 0x1a0, 0x1a0, 0x1a0,
			0x1a0, 0xca3, 0xca3, 0xca3, 0xca3, 0xca3, 0xca3, 0x4a3, 0x4a3, 0x4a3, 0x4a3, 0x4a3, 0x4a3, 0x4a3, 0x4a3, 0x4a3,
			0x4a3, 0x4a3, 0x4a3, 0x4a3, 0x4a3, 0x4a3, 0x4a3, 0x4a3, 0x4a3, 0x4a3, 0x4a3, 0x1a0, 0x1a0, 0x1a0, 0x1a0, 0x1a0,
			0x1a0, 0x8e3, 0x8e3, 0x8e3, 0x8e3, 0x8e3, 0x8e3, 0x0e3, 0x0e3, 0x0e3, 0x0e3, 0x0e3, 0x0e3, 0x0e3, 0x0e3, 0x0e3,
			0x0e3, 0x0e3, 0x0e3, 0x0e3, 0x0e3, 0x0e3, 0x0e3, 0x0e3, 0x0e3, 0x0e3, 0x0e3, 0x1a0, 0x1a0, 0x1a0, 0x1a0, 0x008,
			0x000, 0x000, 0x000, 0x000, 0x000, 0x000, 0x000, 0x000, 0x000, 0x000, 0x000, 0x000, 0x000, 0x000, 0x000, 0x000,
			0x000, 0x000, 0x000, 0x000, 0x000, 0x000, 0x000, 0x000, 0x000, 0x000, 0x000, 0x000, 0x000, 0x000, 0x000, 0x000,
			0x000, 0x000, 0x000, 0x000, 0x000, 0x000, 0x000, 0x000, 0x000, 0x000, 0x000, 0x000, 0x000, 0x000, 0x000, 0x000,
			0x000, 0x000, 0x000, 0x000, 0x000, 0x000, 0x000, 0x000, 0x000, 0x000, 0x000, 0x000, 0x000, 0x000, 0x000, 0x000,
			0x000, 0x000, 0x000, 0x000, 0x000, 0x000, 0x000, 0x000, 0x000, 0x000, 0x000, 0x000, 0x000, 0x000, 0x000, 0x000,
			0x000, 0x000, 0x000, 0x000, 0x000, 0x000, 0x000, 0x000, 0x000, 0x000, 0x000, 0x000, 0x000, 0x000, 0x000, 0x000,
			0x000, 0x000, 0x000, 0x000, 0x000, 0x000, 0x000, 0x000, 0x000, 0x000, 0x000, 0x000, 0x000, 0x000, 0x000, 0x000,
			0x000, 0x000, 0x000, 0x000, 0x000, 0x000, 0x000, 0x000, 0x000, 0x000, 0x000, 0x000, 0x000, 0x000, 0x000, 0x000,
		},
		"ar_LY": {
			0x008, 0x008, 0x008, 0x008, 0x008, 0x008, 0x008, 0x008, 0x008, 0x20c, 0x208, 0x208, 0x208, 0x208, 0x008, 0x008,
			0x008, 0x008, 0x008, 0x008, 0x008, 0x008, 0x008, 0x008, 0x008, 0x008, 0x008, 0x008, 0x008, 0x008, 0x008, 0x008,
			0x284, 0x1a0, 0x1a0, 0x1a0, 0x1a0, 0x1a0, 0x1a0, 0x1a0, 0x1a0, 0x1a0, 0x1a0, 0x1a0, 0x1a0, 0x1a0, 0x1a0, 0x1a0,
			0x8b1, 0x8b1, 0x8b1, 0x8b1, 0x8b1, 0x8b1, 0x8b1, 0x8b1, 0x8b1, 0x8b1, 0x1a0, 0x1a0, 0x1a0, 0x1a0, 0x1a0, 0x1a0,
			0x1a0, 0xca3, 0xca3, 0xca3, 0xca3, 0xca3, 0xca3, 0x4a3, 0x4a3, 0x4a3, 0x4a3, 0x4a3, 0x4a3, 0x4a3, 0x4a3, 0x4a3,
			0x4a3, 0x4a3, 0x4a3, 0x4a3, 0x4a3, 0x4a3, 0x4a3, 0x4a3, 0x4a3, 0x4a3, 0x4a3, 0x1a0, 0x1a0, 0x1a0, 0x1a0, 0x1a0,
			0x1a0, 0x8e3, 0x8e3, 0x8e3, 0x8e3, 0x8e3, 0x8e3, 0x0e3, 0x0e3, 0x0e3, 0x0e3, 0x0e3, 0x0e3, 0x0e3, 0x0e3, 0x0e3,
			0x0e3, 0x0e3, 0x0e3, 0x0e3, 0x0e3, 0x0e3, 0x0e3, 0x0e3, 0x0e3, 0x0e3, 0x0e3, 0x1a0, 0x1a0, 0x1a0, 0x1a0, 0x008,
			0x008, 0x008, 0x008, 0x008, 0x008, 0x008, 0x008, 0x008, 0x008, 0x008, 0x008, 0x008, 0x008, 0x008, 0x008, 0x008,
			0x008, 0x008, 0x008, 0x008, 0x008, 0x008, 0x008, 0x008, 0x008, 0x008, 0x008, 0x008, 0x008, 0x008, 0x008, 0x008,
			0x1a0, 0x000, 0x000, 0x000, 0x1a0, 0x000, 0x000, 0x000, 0x000, 0x000, 0x000, 0x000, 0x1a0, 0x1a0, 0x000, 0x000,
			0x000, 0x000, 0x000, 0x000, 0x000, 0x000, 0x000, 0x000, 0x000, 0x000, 0x000, 0x1a0, 0x000, 0x000, 0x000, 0x1a0,
			0x000, 0x0a3, 0x0a3, 0x0a3, 0x0a3, 0x0a3, 0x0a3, 0x0a3, 0x0a3, 0x0a3, 0x0a3, 0x0a3, 0x0a3, 0x0a3, 0x0a3, 0x0a3,
			0x0a3, 0x0a3, 0x0a3, 0x0a3, 0x0a3, 0x0a3, 0x0a3, 0x0a3, 0x0a3, 0x0a3, 0x0a3, 0x000, 0x000, 0x000, 0x000, 0x000,
			0x0a3, 0x0a3, 0x0a3, 0x0a3, 0x0a3, 0x0a3, 0x0a3, 0x0a3, 0x0a3, 0x0a3, 0x0a3, 0x0a3, 0x0a3, 0x0a3, 0x0a3, 0x0a3,
			0x0a3, 0x0a3, 0x0a3, 0x000, 0x000, 0x000, 0x000, 0x000, 0x000, 0x000, 0x000, 0x000, 0x000, 0x000, 0x000, 0x000,
		},
		"ar_LY.utf8": {
			0x008, 0x008, 0x008, 0x008, 0x008, 0x008, 0x008, 0x008, 0x008, 0x20c, 0x208, 0x208, 0x208, 0x208, 0x008, 0x008,
			0x008, 0x008, 0x008, 0x008, 0x008, 0x008, 0x008, 0x008, 0x008, 0x008, 0x008, 0x008, 0x008, 0x008, 0x008, 0x008,
			0x284, 0x1a0, 0x1a0, 0x1a0, 0x1a0, 0x1a0, 0x1a0, 0x1a0, 0x1a0, 0x1a0, 0x1a0, 0x1a0, 0x1a0, 0x1a0, 0x1a0, 0x1a0,
			0x8b1, 0x8b1, 0x8b1, 0x8b1, 0x8b1, 0x8b1, 0x8b1, 0x8b1, 0x8b1, 0x8b1, 0x1a0, 0x1a0, 0x1a0, 0x1a0, 0x1a0, 0x1a0,
			0x1a0, 0xca3, 0xca3, 0xca3, 0xca3, 0xca3, 0xca3, 0x4a3, 0x4a3, 0x4a3, 0x4a3, 0x4a3, 0x4a3, 0x4a3, 0x4a3, 0x4a3,
			0x4a3, 0x4a3, 0x4a3, 0x4a3, 0x4a3, 0x4a3, 0x4a3, 0x4a3, 0x4a3, 0x4a3, 0x4a3, 0x1a0, 0x1a0, 0x1a0, 0x1a0, 0x1a0,
			0x1a0, 0x8e3, 0x8e3, 0x8e3, 0x8e3, 0x8e3, 0x8e3, 0x0e3, 0x0e3, 0x0e3, 0x0e3, 0x0e3, 0x0e3, 0x0e3, 0x0e3, 0x0e3,
			0x0e3, 0x0e3, 0x0e3, 0x0e3, 0x0e3, 0x0e3, 0x0e3, 0x0e3, 0x0e3, 0x0e3, 0x0e3, 0x1a0, 0x1a0, 0x1a0, 0x1a0, 0x008,
			0x000, 0x000, 0x000, 0x000, 0x000, 0x000, 0x000, 0x000, 0x000, 0x000, 0x000, 0x000, 0x000, 0x000, 0x000, 0x000,
			0x000, 0x000, 0x000, 0x000, 0x000, 0x000, 0x000, 0x000, 0x000, 0x000, 0x000, 0x000, 0x000, 0x000, 0x000, 0x000,
			0x000, 0x000, 0x000, 0x000, 0x000, 0x000, 0x000, 0x000, 0x000, 0x000, 0x000, 0x000, 0x000, 0x000, 0x000, 0x000,
			0x000, 0x000, 0x000, 0x000, 0x000, 0x000, 0x000, 0x000, 0x000, 0x000, 0x000, 0x000, 0x000, 0x000, 0x000, 0x000,
			0x000, 0x000, 0x000, 0x000, 0x000, 0x000, 0x000, 0x000, 0x000, 0x000, 0x000, 0x000, 0x000, 0x000, 0x000, 0x000,
			0x000, 0x000, 0x000, 0x000, 0x000, 0x000, 0x000, 0x000, 0x000, 0x000, 0x000, 0x000, 0x000, 0x000, 0x000, 0x000,
			0x000, 0x000, 0x000, 0x000, 0x000, 0x000, 0x000, 0x000, 0x000, 0x000, 0x000, 0x000, 0x000, 0x000, 0x000, 0x000,
			0x000, 0x000, 0x000, 0x000, 0x000, 0x000, 0x000, 0x000, 0x000, 0x000, 0x000, 0x000, 0x000, 0x000, 0x000, 0x000,
		},
		"ar_MA": {
			0x008, 0x008, 0x008, 0x008, 0x008, 0x008, 0x008, 0x008, 0x008, 0x20c, 0x208, 0x208, 0x208, 0x208, 0x008, 0x008,
			0x008, 0x008, 0x008, 0x008, 0x008, 0x008, 0x008, 0x008, 0x008, 0x008, 0x008, 0x008, 0x008, 0x008, 0x008, 0x008,
			0x284, 0x1a0, 0x1a0, 0x1a0, 0x1a0, 0x1a0, 0x1a0, 0x1a0, 0x1a0, 0x1a0, 0x1a0, 0x1a0, 0x1a0, 0x1a0, 0x1a0, 0x1a0,
			0x8b1, 0x8b1, 0x8b1, 0x8b1, 0x8b1, 0x8b1, 0x8b1, 0x8b1, 0x8b1, 0x8b1, 0x1a0, 0x1a0, 0x1a0, 0x1a0, 0x1a0, 0x1a0,
			0x1a0, 0xca3, 0xca3, 0xca3, 0xca3, 0xca3, 0xca3, 0x4a3, 0x4a3, 0x4a3, 0x4a3, 0x4a3, 0x4a3, 0x4a3, 0x4a3, 0x4a3,
			0x4a3, 0x4a3, 0x4a3, 0x4a3, 0x4a3, 0x4a3, 0x4a3, 0x4a3, 0x4a3, 0x4a3, 0x4a3, 0x1a0, 0x1a0, 0x1a0, 0x1a0, 0x1a0,
			0x1a0, 0x8e3, 0x8e3, 0x8e3, 0x8e3, 0x8e3, 0x8e3, 0x0e3, 0x0e3, 0x0e3, 0x0e3, 0x0e3, 0x0e3, 0x0e3, 0x0e3, 0x0e3,
			0x0e3, 0x0e3, 0x0e3, 0x0e3, 0x0e3, 0x0e3, 0x0e3, 0x0e3, 0x0e3, 0x0e3, 0x0e3, 0x1a0, 0x1a0, 0x1a0, 0x1a0, 0x008,
			0x008, 0x008, 0x008, 0x008, 0x008, 0x008, 0x008, 0x008, 0x008, 0x008, 0x008, 0x008, 0x008, 0x008, 0x008, 0x008,
			0x008, 0x008, 0x008, 0x008, 0x008, 0x008, 0x008, 0x008, 0x008, 0x008, 0x008, 0x008, 0x008, 0x008, 0x008, 0x008,
			0x1a0, 0x000, 0x000, 0x000, 0x1a0, 0x000, 0x000, 0x000, 0x000, 0x000, 0x000, 0x000, 0x1a0, 0x1a0, 0x000, 0x000,
			0x000, 0x000, 0x000, 0x000, 0x000, 0x000, 0x000, 0x000, 0x000, 0x000, 0x000, 0x1a0, 0x000, 0x000, 0x000, 0x1a0,
			0x000, 0x0a3, 0x0a3, 0x0a3, 0x0a3, 0x0a3, 0x0a3, 0x0a3, 0x0a3, 0x0a3, 0x0a3, 0x0a3, 0x0a3, 0x0a3, 0x0a3, 0x0a3,
			0x0a3, 0x0a3, 0x0a3, 0x0a3, 0x0a3, 0x0a3, 0x0a3, 0x0a3, 0x0a3, 0x0a3, 0x0a3, 0x000, 0x000, 0x000, 0x000, 0x000,
			0x0a3, 0x0a3, 0x0a3, 0x0a3, 0x0a3, 0x0a3, 0x0a3, 0x0a3, 0x0a3, 0x0a3, 0x0a3, 0x0a3, 0x0a3, 0x0a3, 0x0a3, 0x0a3,
			0x0a3, 0x0a3, 0x0a3, 0x000, 0x000, 0x000, 0x000, 0x000, 0x000, 0x000, 0x000, 0x000, 0x000, 0x000, 0x000, 0x000,
		},
		"ar_MA.utf8": {
			0x008, 0x008, 0x008, 0x008, 0x008, 0x008, 0x008, 0x008, 0x008, 0x20c, 0x208, 0x208, 0x208, 0x208, 0x008, 0x008,
			0x008, 0x008, 0x008, 0x008, 0x008, 0x008, 0x008, 0x008, 0x008, 0x008, 0x008, 0x008, 0x008, 0x008, 0x008, 0x008,
			0x284, 0x1a0, 0x1a0, 0x1a0, 0x1a0, 0x1a0, 0x1a0, 0x1a0, 0x1a0, 0x1a0, 0x1a0, 0x1a0, 0x1a0, 0x1a0, 0x1a0, 0x1a0,
			0x8b1, 0x8b1, 0x8b1, 0x8b1, 0x8b1, 0x8b1, 0x8b1, 0x8b1, 0x8b1, 0x8b1, 0x1a0, 0x1a0, 0x1a0, 0x1a0, 0x1a0, 0x1a0,
			0x1a0, 0xca3, 0xca3, 0xca3, 0xca3, 0xca3, 0xca3, 0x4a3, 0x4a3, 0x4a3, 0x4a3, 0x4a3, 0x4a3, 0x4a3, 0x4a3, 0x4a3,
			0x4a3, 0x4a3, 0x4a3, 0x4a3, 0x4a3, 0x4a3, 0x4a3, 0x4a3, 0x4a3, 0x4a3, 0x4a3, 0x1a0, 0x1a0, 0x1a0, 0x1a0, 0x1a0,
			0x1a0, 0x8e3, 0x8e3, 0x8e3, 0x8e3, 0x8e3, 0x8e3, 0x0e3, 0x0e3, 0x0e3, 0x0e3, 0x0e3, 0x0e3, 0x0e3, 0x0e3, 0x0e3,
			0x0e3, 0x0e3, 0x0e3, 0x0e3, 0x0e3, 0x0e3, 0x0e3, 0x0e3, 0x0e3, 0x0e3, 0x0e3, 0x1a0, 0x1a0, 0x1a0, 0x1a0, 0x008,
			0x000, 0x000, 0x000, 0x000, 0x000, 0x000, 0x000, 0x000, 0x000, 0x000, 0x000, 0x000, 0x000, 0x000, 0x000, 0x000,
			0x000, 0x000, 0x000, 0x000, 0x000, 0x000, 0x000, 0x000, 0x000, 0x000, 0x000, 0x000, 0x000, 0x000, 0x000, 0x000,
			0x000, 0x000, 0x000, 0x000, 0x000, 0x000, 0x000, 0x000, 0x000, 0x000, 0x000, 0x000, 0x000, 0x000, 0x000, 0x000,
			0x000, 0x000, 0x000, 0x000, 0x000, 0x000, 0x000, 0x000, 0x000, 0x000, 0x000, 0x000, 0x000, 0x000, 0x000, 0x000,
			0x000, 0x000, 0x000, 0x000, 0x000, 0x000, 0x000, 0x000, 0x000, 0x000, 0x000, 0x000, 0x000, 0x000, 0x000, 0x000,
			0x000, 0x000, 0x000, 0x000, 0x000, 0x000, 0x000, 0x000, 0x000, 0x000, 0x000, 0x000, 0x000, 0x000, 0x000, 0x000,
			0x000, 0x000, 0x000, 0x000, 0x000, 0x000, 0x000, 0x000, 0x000, 0x000, 0x000, 0x000, 0x000, 0x000, 0x000, 0x000,
			0x000, 0x000, 0x000, 0x000, 0x000, 0x000, 0x000, 0x000, 0x000, 0x000, 0x000, 0x000, 0x000, 0x000, 0x000, 0x000,
		},
		"ar_OM": {
			0x008, 0x008, 0x008, 0x008, 0x008, 0x008, 0x008, 0x008, 0x008, 0x20c, 0x208, 0x208, 0x208, 0x208, 0x008, 0x008,
			0x008, 0x008, 0x008, 0x008, 0x008, 0x008, 0x008, 0x008, 0x008, 0x008, 0x008, 0x008, 0x008, 0x008, 0x008, 0x008,
			0x284, 0x1a0, 0x1a0, 0x1a0, 0x1a0, 0x1a0, 0x1a0, 0x1a0, 0x1a0, 0x1a0, 0x1a0, 0x1a0, 0x1a0, 0x1a0, 0x1a0, 0x1a0,
			0x8b1, 0x8b1, 0x8b1, 0x8b1, 0x8b1, 0x8b1, 0x8b1, 0x8b1, 0x8b1, 0x8b1, 0x1a0, 0x1a0, 0x1a0, 0x1a0, 0x1a0, 0x1a0,
			0x1a0, 0xca3, 0xca3, 0xca3, 0xca3, 0xca3, 0xca3, 0x4a3, 0x4a3, 0x4a3, 0x4a3, 0x4a3, 0x4a3, 0x4a3, 0x4a3, 0x4a3,
			0x4a3, 0x4a3, 0x4a3, 0x4a3, 0x4a3, 0x4a3, 0x4a3, 0x4a3, 0x4a3, 0x4a3, 0x4a3, 0x1a0, 0x1a0, 0x1a0, 0x1a0, 0x1a0,
			0x1a0, 0x8e3, 0x8e3, 0x8e3, 0x8e3, 0x8e3, 0x8e3, 0x0e3, 0x0e3, 0x0e3, 0x0e3, 0x0e3, 0x0e3, 0x0e3, 0x0e3, 0x0e3,
			0x0e3, 0x0e3, 0x0e3, 0x0e3, 0x0e3, 0x0e3, 0x0e3, 0x0e3, 0x0e3, 0x0e3, 0x0e3, 0x1a0, 0x1a0, 0x1a0, 0x1a0, 0x008,
			0x008, 0x008, 0x008, 0x008, 0x008, 0x008, 0x008, 0x008, 0x008, 0x008, 0x008, 0x008, 0x008, 0x008, 0x008, 0x008,
			0x008, 0x008, 0x008, 0x008, 0x008, 0x008, 0x008, 0x008, 0x008, 0x008, 0x008, 0x008, 0x008, 0x008, 0x008, 0x008,
			0x1a0, 0x000, 0x000, 0x000, 0x1a0, 0x000, 0x000, 0x000, 0x000, 0x000, 0x000, 0x000, 0x1a0, 0x1a0, 0x000, 0x000,
			0x000, 0x000, 0x000, 0x000, 0x000, 0x000, 0x000, 0x000, 0x000, 0x000, 0x000, 0x1a0, 0x000, 0x000, 0x000, 0x1a0,
			0x000, 0x0a3, 0x0a3, 0x0a3, 0x0a3, 0x0a3, 0x0a3, 0x0a3, 0x0a3, 0x0a3, 0x0a3, 0x0a3, 0x0a3, 0x0a3, 0x0a3, 0x0a3,
			0x0a3, 0x0a3, 0x0a3, 0x0a3, 0x0a3, 0x0a3, 0x0a3, 0x0a3, 0x0a3, 0x0a3, 0x0a3, 0x000, 0x000, 0x000, 0x000, 0x000,
			0x0a3, 0x0a3, 0x0a3, 0x0a3, 0x0a3, 0x0a3, 0x0a3, 0x0a3, 0x0a3, 0x0a3, 0x0a3, 0x0a3, 0x0a3, 0x0a3, 0x0a3, 0x0a3,
			0x0a3, 0x0a3, 0x0a3, 0x000, 0x000, 0x000, 0x000, 0x000, 0x000, 0x000, 0x000, 0x000, 0x000, 0x000, 0x000, 0x000,
		},
		"ar_OM.utf8": {
			0x008, 0x008, 0x008, 0x008, 0x008, 0x008, 0x008, 0x008, 0x008, 0x20c, 0x208, 0x208, 0x208, 0x208, 0x008, 0x008,
			0x008, 0x008, 0x008, 0x008, 0x008, 0x008, 0x008, 0x008, 0x008, 0x008, 0x008, 0x008, 0x008, 0x008, 0x008, 0x008,
			0x284, 0x1a0, 0x1a0, 0x1a0, 0x1a0, 0x1a0, 0x1a0, 0x1a0, 0x1a0, 0x1a0, 0x1a0, 0x1a0, 0x1a0, 0x1a0, 0x1a0, 0x1a0,
			0x8b1, 0x8b1, 0x8b1, 0x8b1, 0x8b1, 0x8b1, 0x8b1, 0x8b1, 0x8b1, 0x8b1, 0x1a0, 0x1a0, 0x1a0, 0x1a0, 0x1a0, 0x1a0,
			0x1a0, 0xca3, 0xca3, 0xca3, 0xca3, 0xca3, 0xca3, 0x4a3, 0x4a3, 0x4a3, 0x4a3, 0x4a3, 0x4a3, 0x4a3, 0x4a3, 0x4a3,
			0x4a3, 0x4a3, 0x4a3, 0x4a3, 0x4a3, 0x4a3, 0x4a3, 0x4a3, 0x4a3, 0x4a3, 0x4a3, 0x1a0, 0x1a0, 0x1a0, 0x1a0, 0x1a0,
			0x1a0, 0x8e3, 0x8e3, 0x8e3, 0x8e3, 0x8e3, 0x8e3, 0x0e3, 0x0e3, 0x0e3, 0x0e3, 0x0e3, 0x0e3, 0x0e3, 0x0e3, 0x0e3,
			0x0e3, 0x0e3, 0x0e3, 0x0e3, 0x0e3, 0x0e3, 0x0e3, 0x0e3, 0x0e3, 0x0e3, 0x0e3, 0x1a0, 0x1a0, 0x1a0, 0x1a0, 0x008,
			0x000, 0x000, 0x000, 0x000, 0x000, 0x000, 0x000, 0x000, 0x000, 0x000, 0x000, 0x000, 0x000, 0x000, 0x000, 0x000,
			0x000, 0x000, 0x000, 0x000, 0x000, 0x000, 0x000, 0x000, 0x000, 0x000, 0x000, 0x000, 0x000, 0x000, 0x000, 0x000,
			0x000, 0x000, 0x000, 0x000, 0x000, 0x000, 0x000, 0x000, 0x000, 0x000, 0x000, 0x000, 0x000, 0x000, 0x000, 0x000,
			0x000, 0x000, 0x000, 0x000, 0x000, 0x000, 0x000, 0x000, 0x000, 0x000, 0x000, 0x000, 0x000, 0x000, 0x000, 0x000,
			0x000, 0x000, 0x000, 0x000, 0x000, 0x000, 0x000, 0x000, 0x000, 0x000, 0x000, 0x000, 0x000, 0x000, 0x000, 0x000,
			0x000, 0x000, 0x000, 0x000, 0x000, 0x000, 0x000, 0x000, 0x000, 0x000, 0x000, 0x000, 0x000, 0x000, 0x000, 0x000,
			0x000, 0x000, 0x000, 0x000, 0x000, 0x000, 0x000, 0x000, 0x000, 0x000, 0x000, 0x000, 0x000, 0x000, 0x000, 0x000,
			0x000, 0x000, 0x000, 0x000, 0x000, 0x000, 0x000, 0x000, 0x000, 0x000, 0x000, 0x000, 0x000, 0x000, 0x000, 0x000,
		},
		"ar_QA": {
			0x008, 0x008, 0x008, 0x008, 0x008, 0x008, 0x008, 0x008, 0x008, 0x20c, 0x208, 0x208, 0x208, 0x208, 0x008, 0x008,
			0x008, 0x008, 0x008, 0x008, 0x008, 0x008, 0x008, 0x008, 0x008, 0x008, 0x008, 0x008, 0x008, 0x008, 0x008, 0x008,
			0x284, 0x1a0, 0x1a0, 0x1a0, 0x1a0, 0x1a0, 0x1a0, 0x1a0, 0x1a0, 0x1a0, 0x1a0, 0x1a0, 0x1a0, 0x1a0, 0x1a0, 0x1a0,
			0x8b1, 0x8b1, 0x8b1, 0x8b1, 0x8b1, 0x8b1, 0x8b1, 0x8b1, 0x8b1, 0x8b1, 0x1a0, 0x1a0, 0x1a0, 0x1a0, 0x1a0, 0x1a0,
			0x1a0, 0xca3, 0xca3, 0xca3, 0xca3, 0xca3, 0xca3, 0x4a3, 0x4a3, 0x4a3, 0x4a3, 0x4a3, 0x4a3, 0x4a3, 0x4a3, 0x4a3,
			0x4a3, 0x4a3, 0x4a3, 0x4a3, 0x4a3, 0x4a3, 0x4a3, 0x4a3, 0x4a3, 0x4a3, 0x4a3, 0x1a0, 0x1a0, 0x1a0, 0x1a0, 0x1a0,
			0x1a0, 0x8e3, 0x8e3, 0x8e3, 0x8e3, 0x8e3, 0x8e3, 0x0e3, 0x0e3, 0x0e3, 0x0e3, 0x0e3, 0x0e3, 0x0e3, 0x0e3, 0x0e3,
			0x0e3, 0x0e3, 0x0e3, 0x0e3, 0x0e3, 0x0e3, 0x0e3, 0x0e3, 0x0e3, 0x0e3, 0x0e3, 0x1a0, 0x1a0, 0x1a0, 0x1a0, 0x008,
			0x008, 0x008, 0x008, 0x008, 0x008, 0x008, 0x008, 0x008, 0x008, 0x008, 0x008, 0x008, 0x008, 0x008, 0x008, 0x008,
			0x008, 0x008, 0x008, 0x008, 0x008, 0x008, 0x008, 0x008, 0x008, 0x008, 0x008, 0x008, 0x008, 0x008, 0x008, 0x008,
			0x1a0, 0x000, 0x000, 0x000, 0x1a0, 0x000, 0x000, 0x000, 0x000, 0x000, 0x000, 0x000, 0x1a0, 0x1a0, 0x000, 0x000,
			0x000, 0x000, 0x000, 0x000, 0x000, 0x000, 0x000, 0x000, 0x000, 0x000, 0x000, 0x1a0, 0x000, 0x000, 0x000, 0x1a0,
			0x000, 0x0a3, 0x0a3, 0x0a3, 0x0a3, 0x0a3, 0x0a3, 0x0a3, 0x0a3, 0x0a3, 0x0a3, 0x0a3, 0x0a3, 0x0a3, 0x0a3, 0x0a3,
			0x0a3, 0x0a3, 0x0a3, 0x0a3, 0x0a3, 0x0a3, 0x0a3, 0x0a3, 0x0a3, 0x0a3, 0x0a3, 0x000, 0x000, 0x000, 0x000, 0x000,
			0x0a3, 0x0a3, 0x0a3, 0x0a3, 0x0a3, 0x0a3, 0x0a3, 0x0a3, 0x0a3, 0x0a3, 0x0a3, 0x0a3, 0x0a3, 0x0a3, 0x0a3, 0x0a3,
			0x0a3, 0x0a3, 0x0a3, 0x000, 0x000, 0x000, 0x000, 0x000, 0x000, 0x000, 0x000, 0x000, 0x000, 0x000, 0x000, 0x000,
		},
		"ar_QA.utf8": {
			0x008, 0x008, 0x008, 0x008, 0x008, 0x008, 0x008, 0x008, 0x008, 0x20c, 0x208, 0x208, 0x208, 0x208, 0x008, 0x008,
			0x008, 0x008, 0x008, 0x008, 0x008, 0x008, 0x008, 0x008, 0x008, 0x008, 0x008, 0x008, 0x008, 0x008, 0x008, 0x008,
			0x284, 0x1a0, 0x1a0, 0x1a0, 0x1a0, 0x1a0, 0x1a0, 0x1a0, 0x1a0, 0x1a0, 0x1a0, 0x1a0, 0x1a0, 0x1a0, 0x1a0, 0x1a0,
			0x8b1, 0x8b1, 0x8b1, 0x8b1, 0x8b1, 0x8b1, 0x8b1, 0x8b1, 0x8b1, 0x8b1, 0x1a0, 0x1a0, 0x1a0, 0x1a0, 0x1a0, 0x1a0,
			0x1a0, 0xca3, 0xca3, 0xca3, 0xca3, 0xca3, 0xca3, 0x4a3, 0x4a3, 0x4a3, 0x4a3, 0x4a3, 0x4a3, 0x4a3, 0x4a3, 0x4a3,
			0x4a3, 0x4a3, 0x4a3, 0x4a3, 0x4a3, 0x4a3, 0x4a3, 0x4a3, 0x4a3, 0x4a3, 0x4a3, 0x1a0, 0x1a0, 0x1a0, 0x1a0, 0x1a0,
			0x1a0, 0x8e3, 0x8e3, 0x8e3, 0x8e3, 0x8e3, 0x8e3, 0x0e3, 0x0e3, 0x0e3, 0x0e3, 0x0e3, 0x0e3, 0x0e3, 0x0e3, 0x0e3,
			0x0e3, 0x0e3, 0x0e3, 0x0e3, 0x0e3, 0x0e3, 0x0e3, 0x0e3, 0x0e3, 0x0e3, 0x0e3, 0x1a0, 0x1a0, 0x1a0, 0x1a0, 0x008,
			0x000, 0x000, 0x000, 0x000, 0x000, 0x000, 0x000, 0x000, 0x000, 0x000, 0x000, 0x000, 0x000, 0x000, 0x000, 0x000,
			0x000, 0x000, 0x000, 0x000, 0x000, 0x000, 0x000, 0x000, 0x000, 0x000, 0x000, 0x000, 0x000, 0x000, 0x000, 0x000,
			0x000, 0x000, 0x000, 0x000, 0x000, 0x000, 0x000, 0x000, 0x000, 0x000, 0x000, 0x000, 0x000, 0x000, 0x000, 0x000,
			0x000, 0x000, 0x000, 0x000, 0x000, 0x000, 0x000, 0x000, 0x000, 0x000, 0x000, 0x000, 0x000, 0x000, 0x000, 0x000,
			0x000, 0x000, 0x000, 0x000, 0x000, 0x000, 0x000, 0x000, 0x000, 0x000, 0x000, 0x000, 0x000, 0x000, 0x000, 0x000,
			0x000, 0x000, 0x000, 0x000, 0x000, 0x000, 0x000, 0x000, 0x000, 0x000, 0x000, 0x000, 0x000, 0x000, 0x000, 0x000,
			0x000, 0x000, 0x000, 0x000, 0x000, 0x000, 0x000, 0x000, 0x000, 0x000, 0x000, 0x000, 0x000, 0x000, 0x000, 0x000,
			0x000, 0x000, 0x000, 0x000, 0x000, 0x000, 0x000, 0x000, 0x000, 0x000, 0x000, 0x000, 0x000, 0x000, 0x000, 0x000,
		},
		"ar_SA": {
			0x008, 0x008, 0x008, 0x008, 0x008, 0x008, 0x008, 0x008, 0x008, 0x20c, 0x208, 0x208, 0x208, 0x208, 0x008, 0x008,
			0x008, 0x008, 0x008, 0x008, 0x008, 0x008, 0x008, 0x008, 0x008, 0x008, 0x008, 0x008, 0x008, 0x008, 0x008, 0x008,
			0x284, 0x1a0, 0x1a0, 0x1a0, 0x1a0, 0x1a0, 0x1a0, 0x1a0, 0x1a0, 0x1a0, 0x1a0, 0x1a0, 0x1a0, 0x1a0, 0x1a0, 0x1a0,
			0x8b1, 0x8b1, 0x8b1, 0x8b1, 0x8b1, 0x8b1, 0x8b1, 0x8b1, 0x8b1, 0x8b1, 0x1a0, 0x1a0, 0x1a0, 0x1a0, 0x1a0, 0x1a0,
			0x1a0, 0xca3, 0xca3, 0xca3, 0xca3, 0xca3, 0xca3, 0x4a3, 0x4a3, 0x4a3, 0x4a3, 0x4a3, 0x4a3, 0x4a3, 0x4a3, 0x4a3,
			0x4a3, 0x4a3, 0x4a3, 0x4a3, 0x4a3, 0x4a3, 0x4a3, 0x4a3, 0x4a3, 0x4a3, 0x4a3, 0x1a0, 0x1a0, 0x1a0, 0x1a0, 0x1a0,
			0x1a0, 0x8e3, 0x8e3, 0x8e3, 0x8e3, 0x8e3, 0x8e3, 0x0e3, 0x0e3, 0x0e3, 0x0e3, 0x0e3, 0x0e3, 0x0e3, 0x0e3, 0x0e3,
			0x0e3, 0x0e3, 0x0e3, 0x0e3, 0x0e3, 0x0e3, 0x0e3, 0x0e3, 0x0e3, 0x0e3, 0x0e3, 0x1a0, 0x1a0, 0x1a0, 0x1a0, 0x008,
			0x008, 0x008, 0x008, 0x008, 0x008, 0x008, 0x008, 0x008, 0x008, 0x008, 0x008, 0x008, 0x008, 0x008, 0x008, 0x008,
			0x008, 0x008, 0x008, 0x008, 0x008, 0x008, 0x008, 0x008, 0x008, 0x008, 0x008, 0x008, 0x008, 0x008, 0x008, 0x008,
			0x1a0, 0x000, 0x000, 0x000, 0x1a0, 0x000, 0x000, 0x000, 0x000, 0x000, 0x000, 0x000, 0x1a0, 0x1a0, 0x000, 0x000,
			0x000, 0x000, 0x000, 0x000, 0x000, 0x000, 0x000, 0x000, 0x000, 0x000, 0x000, 0x1a0, 0x000, 0x000, 0x000, 0x1a0,
			0x000, 0x0a3, 0x0a3, 0x0a3, 0x0a3, 0x0a3, 0x0a3, 0x0a3, 0x0a3, 0x0a3, 0x0a3, 0x0a3, 0x0a3, 0x0a3, 0x0a3, 0x0a3,
			0x0a3, 0x0a3, 0x0a3, 0x0a3, 0x0a3, 0x0a3, 0x0a3, 0x0a3, 0x0a3, 0x0a3, 0x0a3, 0x000, 0x000, 0x000, 0x000, 0x000,
			0x0a3, 0x0a3, 0x0a3, 0x0a3, 0x0a3, 0x0a3, 0x0a3, 0x0a3, 0x0a3, 0x0a3, 0x0a3, 0x0a3, 0x0a3, 0x0a3, 0x0a3, 0x0a3,
			0x0a3, 0x0a3, 0x0a3, 0x000, 0x000, 0x000, 0x000, 0x000, 0x000, 0x000, 0x000, 0x000, 0x000, 0x000, 0x000, 0x000,
		},
		"ar_SA.utf8": {
			0x008, 0x008, 0x008, 0x008, 0x008, 0x008, 0x008, 0x008, 0x008, 0x20c, 0x208, 0x208, 0x208, 0x208, 0x008, 0x008,
			0x008, 0x008, 0x008, 0x008, 0x008, 0x008, 0x008, 0x008, 0x008, 0x008, 0x008, 0x008, 0x008, 0x008, 0x008, 0x008,
			0x284, 0x1a0, 0x1a0, 0x1a0, 0x1a0, 0x1a0, 0x1a0, 0x1a0, 0x1a0, 0x1a0, 0x1a0, 0x1a0, 0x1a0, 0x1a0, 0x1a0, 0x1a0,
			0x8b1, 0x8b1, 0x8b1, 0x8b1, 0x8b1, 0x8b1, 0x8b1, 0x8b1, 0x8b1, 0x8b1, 0x1a0, 0x1a0, 0x1a0, 0x1a0, 0x1a0, 0x1a0,
			0x1a0, 0xca3, 0xca3, 0xca3, 0xca3, 0xca3, 0xca3, 0x4a3, 0x4a3, 0x4a3, 0x4a3, 0x4a3, 0x4a3, 0x4a3, 0x4a3, 0x4a3,
			0x4a3, 0x4a3, 0x4a3, 0x4a3, 0x4a3, 0x4a3, 0x4a3, 0x4a3, 0x4a3, 0x4a3, 0x4a3, 0x1a0, 0x1a0, 0x1a0, 0x1a0, 0x1a0,
			0x1a0, 0x8e3, 0x8e3, 0x8e3, 0x8e3, 0x8e3, 0x8e3, 0x0e3, 0x0e3, 0x0e3, 0x0e3, 0x0e3, 0x0e3, 0x0e3, 0x0e3, 0x0e3,
			0x0e3, 0x0e3, 0x0e3, 0x0e3, 0x0e3, 0x0e3, 0x0e3, 0x0e3, 0x0e3, 0x0e3, 0x0e3, 0x1a0, 0x1a0, 0x1a0, 0x1a0, 0x008,
			0x000, 0x000, 0x000, 0x000, 0x000, 0x000, 0x000, 0x000, 0x000, 0x000, 0x000, 0x000, 0x000, 0x000, 0x000, 0x000,
			0x000, 0x000, 0x000, 0x000, 0x000, 0x000, 0x000, 0x000, 0x000, 0x000, 0x000, 0x000, 0x000, 0x000, 0x000, 0x000,
			0x000, 0x000, 0x000, 0x000, 0x000, 0x000, 0x000, 0x000, 0x000, 0x000, 0x000, 0x000, 0x000, 0x000, 0x000, 0x000,
			0x000, 0x000, 0x000, 0x000, 0x000, 0x000, 0x000, 0x000, 0x000, 0x000, 0x000, 0x000, 0x000, 0x000, 0x000, 0x000,
			0x000, 0x000, 0x000, 0x000, 0x000, 0x000, 0x000, 0x000, 0x000, 0x000, 0x000, 0x000, 0x000, 0x000, 0x000, 0x000,
			0x000, 0x000, 0x000, 0x000, 0x000, 0x000, 0x000, 0x000, 0x000, 0x000, 0x000, 0x000, 0x000, 0x000, 0x000, 0x000,
			0x000, 0x000, 0x000, 0x000, 0x000, 0x000, 0x000, 0x000, 0x000, 0x000, 0x000, 0x000, 0x000, 0x000, 0x000, 0x000,
			0x000, 0x000, 0x000, 0x000, 0x000, 0x000, 0x000, 0x000, 0x000, 0x000, 0x000, 0x000, 0x000, 0x000, 0x000, 0x000,
		},
		"ar_SD": {
			0x008, 0x008, 0x008, 0x008, 0x008, 0x008, 0x008, 0x008, 0x008, 0x20c, 0x208, 0x208, 0x208, 0x208, 0x008, 0x008,
			0x008, 0x008, 0x008, 0x008, 0x008, 0x008, 0x008, 0x008, 0x008, 0x008, 0x008, 0x008, 0x008, 0x008, 0x008, 0x008,
			0x284, 0x1a0, 0x1a0, 0x1a0, 0x1a0, 0x1a0, 0x1a0, 0x1a0, 0x1a0, 0x1a0, 0x1a0, 0x1a0, 0x1a0, 0x1a0, 0x1a0, 0x1a0,
			0x8b1, 0x8b1, 0x8b1, 0x8b1, 0x8b1, 0x8b1, 0x8b1, 0x8b1, 0x8b1, 0x8b1, 0x1a0, 0x1a0, 0x1a0, 0x1a0, 0x1a0, 0x1a0,
			0x1a0, 0xca3, 0xca3, 0xca3, 0xca3, 0xca3, 0xca3, 0x4a3, 0x4a3, 0x4a3, 0x4a3, 0x4a3, 0x4a3, 0x4a3, 0x4a3, 0x4a3,
			0x4a3, 0x4a3, 0x4a3, 0x4a3, 0x4a3, 0x4a3, 0x4a3, 0x4a3, 0x4a3, 0x4a3, 0x4a3, 0x1a0, 0x1a0, 0x1a0, 0x1a0, 0x1a0,
			0x1a0, 0x8e3, 0x8e3, 0x8e3, 0x8e3, 0x8e3, 0x8e3, 0x0e3, 0x0e3, 0x0e3, 0x0e3, 0x0e3, 0x0e3, 0x0e3, 0x0e3, 0x0e3,
			0x0e3, 0x0e3, 0x0e3, 0x0e3, 0x0e3, 0x0e3, 0x0e3, 0x0e3, 0x0e3, 0x0e3, 0x0e3, 0x1a0, 0x1a0, 0x1a0, 0x1a0, 0x008,
			0x008, 0x008, 0x008, 0x008, 0x008, 0x008, 0x008, 0x008, 0x008, 0x008, 0x008, 0x008, 0x008, 0x008, 0x008, 0x008,
			0x008, 0x008, 0x008, 0x008, 0x008, 0x008, 0x008, 0x008, 0x008, 0x008, 0x008, 0x008, 0x008, 0x008, 0x008, 0x008,
			0x1a0, 0x000, 0x000, 0x000, 0x1a0, 0x000, 0x000, 0x000, 0x000, 0x000, 0x000, 0x000, 0x1a0, 0x1a0, 0x000, 0x000,
			0x000, 0x000, 0x000, 0x000, 0x000, 0x000, 0x000, 0x000, 0x000, 0x000, 0x000, 0x1a0, 0x000, 0x000, 0x000, 0x1a0,
			0x000, 0x0a3, 0x0a3, 0x0a3, 0x0a3, 0x0a3, 0x0a3, 0x0a3, 0x0a3, 0x0a3, 0x0a3, 0x0a3, 0x0a3, 0x0a3, 0x0a3, 0x0a3,
			0x0a3, 0x0a3, 0x0a3, 0x0a3, 0x0a3, 0x0a3, 0x0a3, 0x0a3, 0x0a3, 0x0a3, 0x0a3, 0x000, 0x000, 0x000, 0x000, 0x000,
			0x0a3, 0x0a3, 0x0a3, 0x0a3, 0x0a3, 0x0a3, 0x0a3, 0x0a3, 0x0a3, 0x0a3, 0x0a3, 0x0a3, 0x0a3, 0x0a3, 0x0a3, 0x0a3,
			0x0a3, 0x0a3, 0x0a3, 0x000, 0x000, 0x000, 0x000, 0x000, 0x000, 0x000, 0x000, 0x000, 0x000, 0x000, 0x000, 0x000,
		},
		"ar_SD.utf8": {
			0x008, 0x008, 0x008, 0x008, 0x008, 0x008, 0x008, 0x008, 0x008, 0x20c, 0x208, 0x208, 0x208, 0x208, 0x008, 0x008,
			0x008, 0x008, 0x008, 0x008, 0x008, 0x008, 0x008, 0x008, 0x008, 0x008, 0x008, 0x008, 0x008, 0x008, 0x008, 0x008,
			0x284, 0x1a0, 0x1a0, 0x1a0, 0x1a0, 0x1a0, 0x1a0, 0x1a0, 0x1a0, 0x1a0, 0x1a0, 0x1a0, 0x1a0, 0x1a0, 0x1a0, 0x1a0,
			0x8b1, 0x8b1, 0x8b1, 0x8b1, 0x8b1, 0x8b1, 0x8b1, 0x8b1, 0x8b1, 0x8b1, 0x1a0, 0x1a0, 0x1a0, 0x1a0, 0x1a0, 0x1a0,
			0x1a0, 0xca3, 0xca3, 0xca3, 0xca3, 0xca3, 0xca3, 0x4a3, 0x4a3, 0x4a3, 0x4a3, 0x4a3, 0x4a3, 0x4a3, 0x4a3, 0x4a3,
			0x4a3, 0x4a3, 0x4a3, 0x4a3, 0x4a3, 0x4a3, 0x4a3, 0x4a3, 0x4a3, 0x4a3, 0x4a3, 0x1a0, 0x1a0, 0x1a0, 0x1a0, 0x1a0,
			0x1a0, 0x8e3, 0x8e3, 0x8e3, 0x8e3, 0x8e3, 0x8e3, 0x0e3, 0x0e3, 0x0e3, 0x0e3, 0x0e3, 0x0e3, 0x0e3, 0x0e3, 0x0e3,
			0x0e3, 0x0e3, 0x0e3, 0x0e3, 0x0e3, 0x0e3, 0x0e3, 0x0e3, 0x0e3, 0x0e3, 0x0e3, 0x1a0, 0x1a0, 0x1a0, 0x1a0, 0x008,
			0x000, 0x000, 0x000, 0x000, 0x000, 0x000, 0x000, 0x000, 0x000, 0x000, 0x000, 0x000, 0x000, 0x000, 0x000, 0x000,
			0x000, 0x000, 0x000, 0x000, 0x000, 0x000, 0x000, 0x000, 0x000, 0x000, 0x000, 0x000, 0x000, 0x000, 0x000, 0x000,
			0x000, 0x000, 0x000, 0x000, 0x000, 0x000, 0x000, 0x000, 0x000, 0x000, 0x000, 0x000, 0x000, 0x000, 0x000, 0x000,
			0x000, 0x000, 0x000, 0x000, 0x000, 0x000, 0x000, 0x000, 0x000, 0x000, 0x000, 0x000, 0x000, 0x000, 0x000, 0x000,
			0x000, 0x000, 0x000, 0x000, 0x000, 0x000, 0x000, 0x000, 0x000, 0x000, 0x000, 0x000, 0x000, 0x000, 0x000, 0x000,
			0x000, 0x000, 0x000, 0x000, 0x000, 0x000, 0x000, 0x000, 0x000, 0x000, 0x000, 0x000, 0x000, 0x000, 0x000, 0x000,
			0x000, 0x000, 0x000, 0x000, 0x000, 0x000, 0x000, 0x000, 0x000, 0x000, 0x000, 0x000, 0x000, 0x000, 0x000, 0x000,
			0x000, 0x000, 0x000, 0x000, 0x000, 0x000, 0x000, 0x000, 0x000, 0x000, 0x000, 0x000, 0x000, 0x000, 0x000, 0x000,
		},
		"ar_SS": {
			0x008, 0x008, 0x008, 0x008, 0x008, 0x008, 0x008, 0x008, 0x008, 0x20c, 0x208, 0x208, 0x208, 0x208, 0x008, 0x008,
			0x008, 0x008, 0x008, 0x008, 0x008, 0x008, 0x008, 0x008, 0x008, 0x008, 0x008, 0x008, 0x008, 0x008, 0x008, 0x008,
			0x284, 0x1a0, 0x1a0, 0x1a0, 0x1a0, 0x1a0, 0x1a0, 0x1a0, 0x1a0, 0x1a0, 0x1a0, 0x1a0, 0x1a0, 0x1a0, 0x1a0, 0x1a0,
			0x8b1, 0x8b1, 0x8b1, 0x8b1, 0x8b1, 0x8b1, 0x8b1, 0x8b1, 0x8b1, 0x8b1, 0x1a0, 0x1a0, 0x1a0, 0x1a0, 0x1a0, 0x1a0,
			0x1a0, 0xca3, 0xca3, 0xca3, 0xca3, 0xca3, 0xca3, 0x4a3, 0x4a3, 0x4a3, 0x4a3, 0x4a3, 0x4a3, 0x4a3, 0x4a3, 0x4a3,
			0x4a3, 0x4a3, 0x4a3, 0x4a3, 0x4a3, 0x4a3, 0x4a3, 0x4a3, 0x4a3, 0x4a3, 0x4a3, 0x1a0, 0x1a0, 0x1a0, 0x1a0, 0x1a0,
			0x1a0, 0x8e3, 0x8e3, 0x8e3, 0x8e3, 0x8e3, 0x8e3, 0x0e3, 0x0e3, 0x0e3, 0x0e3, 0x0e3, 0x0e3, 0x0e3, 0x0e3, 0x0e3,
			0x0e3, 0x0e3, 0x0e3, 0x0e3, 0x0e3, 0x0e3, 0x0e3, 0x0e3, 0x0e3, 0x0e3, 0x0e3, 0x1a0, 0x1a0, 0x1a0, 0x1a0, 0x008,
			0x000, 0x000, 0x000, 0x000, 0x000, 0x000, 0x000, 0x000, 0x000, 0x000, 0x000, 0x000, 0x000, 0x000, 0x000, 0x000,
			0x000, 0x000, 0x000, 0x000, 0x000, 0x000, 0x000, 0x000, 0x000, 0x000, 0x000, 0x000, 0x000, 0x000, 0x000, 0x000,
			0x000, 0x000, 0x000, 0x000, 0x000, 0x000, 0x000, 0x000, 0x000, 0x000, 0x000, 0x000, 0x000, 0x000, 0x000, 0x000,
			0x000, 0x000, 0x000, 0x000, 0x000, 0x000, 0x000, 0x000, 0x000, 0x000, 0x000, 0x000, 0x000, 0x000, 0x000, 0x000,
			0x000, 0x000, 0x000, 0x000, 0x000, 0x000, 0x000, 0x000, 0x000, 0x000, 0x000, 0x000, 0x000, 0x000, 0x000, 0x000,
			0x000, 0x000, 0x000, 0x000, 0x000, 0x000, 0x000, 0x000, 0x000, 0x000, 0x000, 0x000, 0x000, 0x000, 0x000, 0x000,
			0x000, 0x000, 0x000, 0x000, 0x000, 0x000, 0x000, 0x000, 0x000, 0x000, 0x000, 0x000, 0x000, 0x000, 0x000, 0x000,
			0x000, 0x000, 0x000, 0x000, 0x000, 0x000, 0x000, 0x000, 0x000, 0x000, 0x000, 0x000, 0x000, 0x000, 0x000, 0x000,
		},
		"ar_SY": {
			0x008, 0x008, 0x008, 0x008, 0x008, 0x008, 0x008, 0x008, 0x008, 0x20c, 0x208, 0x208, 0x208, 0x208, 0x008, 0x008,
			0x008, 0x008, 0x008, 0x008, 0x008, 0x008, 0x008, 0x008, 0x008, 0x008, 0x008, 0x008, 0x008, 0x008, 0x008, 0x008,
			0x284, 0x1a0, 0x1a0, 0x1a0, 0x1a0, 0x1a0, 0x1a0, 0x1a0, 0x1a0, 0x1a0, 0x1a0, 0x1a0, 0x1a0, 0x1a0, 0x1a0, 0x1a0,
			0x8b1, 0x8b1, 0x8b1, 0x8b1, 0x8b1, 0x8b1, 0x8b1, 0x8b1, 0x8b1, 0x8b1, 0x1a0, 0x1a0, 0x1a0, 0x1a0, 0x1a0, 0x1a0,
			0x1a0, 0xca3, 0xca3, 0xca3, 0xca3, 0xca3, 0xca3, 0x4a3, 0x4a3, 0x4a3, 0x4a3, 0x4a3, 0x4a3, 0x4a3, 0x4a3, 0x4a3,
			0x4a3, 0x4a3, 0x4a3, 0x4a3, 0x4a3, 0x4a3, 0x4a3, 0x4a3, 0x4a3, 0x4a3, 0x4a3, 0x1a0, 0x1a0, 0x1a0, 0x1a0, 0x1a0,
			0x1a0, 0x8e3, 0x8e3, 0x8e3, 0x8e3, 0x8e3, 0x8e3, 0x0e3, 0x0e3, 0x0e3, 0x0e3, 0x0e3, 0x0e3, 0x0e3, 0x0e3, 0x0e3,
			0x0e3, 0x0e3, 0x0e3, 0x0e3, 0x0e3, 0x0e3, 0x0e3, 0x0e3, 0x0e3, 0x0e3, 0x0e3, 0x1a0, 0x1a0, 0x1a0, 0x1a0, 0x008,
			0x008, 0x008, 0x008, 0x008, 0x008, 0x008, 0x008, 0x008, 0x008, 0x008, 0x008, 0x008, 0x008, 0x008, 0x008, 0x008,
			0x008, 0x008, 0x008, 0x008, 0x008, 0x008, 0x008, 0x008, 0x008, 0x008, 0x008, 0x008, 0x008, 0x008, 0x008, 0x008,
			0x1a0, 0x000, 0x000, 0x000, 0x1a0, 0x000, 0x000, 0x000, 0x000, 0x000, 0x000, 0x000, 0x1a0, 0x1a0, 0x000, 0x000,
			0x000, 0x000, 0x000, 0x000, 0x000, 0x000, 0x000, 0x000, 0x000, 0x000, 0x000, 0x1a0, 0x000, 0x000, 0x000, 0x1a0,
			0x000, 0x0a3, 0x0a3, 0x0a3, 0x0a3, 0x0a3, 0x0a3, 0x0a3, 0x0a3, 0x0a3, 0x0a3, 0x0a3, 0x0a3, 0x0a3, 0x0a3, 0x0a3,
			0x0a3, 0x0a3, 0x0a3, 0x0a3, 0x0a3, 0x0a3, 0x0a3, 0x0a3, 0x0a3, 0x0a3, 0x0a3, 0x000, 0x000, 0x000, 0x000, 0x000,
			0x0a3, 0x0a3, 0x0a3, 0x0a3, 0x0a3, 0x0a3, 0x0a3, 0x0a3, 0x0a3, 0x0a3, 0x0a3, 0x0a3, 0x0a3, 0x0a3, 0x0a3, 0x0a3,
			0x0a3, 0x0a3, 0x0a3, 0x000, 0x000, 0x000, 0x000, 0x000, 0x000, 0x000, 0x000, 0x000, 0x000, 0x000, 0x000, 0x000,
		},
		"ar_SY.utf8": {
			0x008, 0x008, 0x008, 0x008, 0x008, 0x008, 0x008, 0x008, 0x008, 0x20c, 0x208, 0x208, 0x208, 0x208, 0x008, 0x008,
			0x008, 0x008, 0x008, 0x008, 0x008, 0x008, 0x008, 0x008, 0x008, 0x008, 0x008, 0x008, 0x008, 0x008, 0x008, 0x008,
			0x284, 0x1a0, 0x1a0, 0x1a0, 0x1a0, 0x1a0, 0x1a0, 0x1a0, 0x1a0, 0x1a0, 0x1a0, 0x1a0, 0x1a0, 0x1a0, 0x1a0, 0x1a0,
			0x8b1, 0x8b1, 0x8b1, 0x8b1, 0x8b1, 0x8b1, 0x8b1, 0x8b1, 0x8b1, 0x8b1, 0x1a0, 0x1a0, 0x1a0, 0x1a0, 0x1a0, 0x1a0,
			0x1a0, 0xca3, 0xca3, 0xca3, 0xca3, 0xca3, 0xca3, 0x4a3, 0x4a3, 0x4a3, 0x4a3, 0x4a3, 0x4a3, 0x4a3, 0x4a3, 0x4a3,
			0x4a3, 0x4a3, 0x4a3, 0x4a3, 0x4a3, 0x4a3, 0x4a3, 0x4a3, 0x4a3, 0x4a3, 0x4a3, 0x1a0, 0x1a0, 0x1a0, 0x1a0, 0x1a0,
			0x1a0, 0x8e3, 0x8e3, 0x8e3, 0x8e3, 0x8e3, 0x8e3, 0x0e3, 0x0e3, 0x0e3, 0x0e3, 0x0e3, 0x0e3, 0x0e3, 0x0e3, 0x0e3,
			0x0e3, 0x0e3, 0x0e3, 0x0e3, 0x0e3, 0x0e3, 0x0e3, 0x0e3, 0x0e3, 0x0e3, 0x0e3, 0x1a0, 0x1a0, 0x1a0, 0x1a0, 0x008,
			0x000, 0x000, 0x000, 0x000, 0x000, 0x000, 0x000, 0x000, 0x000, 0x000, 0x000, 0x000, 0x000, 0x000, 0x000, 0x000,
			0x000, 0x000, 0x000, 0x000, 0x000, 0x000, 0x000, 0x000, 0x000, 0x000, 0x000, 0x000, 0x000, 0x000, 0x000, 0x000,
			0x000, 0x000, 0x000, 0x000, 0x000, 0x000, 0x000, 0x000, 0x000, 0x000, 0x000, 0x000, 0x000, 0x000, 0x000, 0x000,
			0x000, 0x000, 0x000, 0x000, 0x000, 0x000, 0x000, 0x000, 0x000, 0x000, 0x000, 0x000, 0x000, 0x000, 0x000, 0x000,
			0x000, 0x000, 0x000, 0x000, 0x000, 0x000, 0x000, 0x000, 0x000, 0x000, 0x000, 0x000, 0x000, 0x000, 0x000, 0x000,
			0x000, 0x000, 0x000, 0x000, 0x000, 0x000, 0x000, 0x000, 0x000, 0x000, 0x000, 0x000, 0x000, 0x000, 0x000, 0x000,
			0x000, 0x000, 0x000, 0x000, 0x000, 0x000, 0x000, 0x000, 0x000, 0x000, 0x000, 0x000, 0x000, 0x000, 0x000, 0x000,
			0x000, 0x000, 0x000, 0x000, 0x000, 0x000, 0x000, 0x000, 0x000, 0x000, 0x000, 0x000, 0x000, 0x000, 0x000, 0x000,
		},
		"ar_TN": {
			0x008, 0x008, 0x008, 0x008, 0x008, 0x008, 0x008, 0x008, 0x008, 0x20c, 0x208, 0x208, 0x208, 0x208, 0x008, 0x008,
			0x008, 0x008, 0x008, 0x008, 0x008, 0x008, 0x008, 0x008, 0x008, 0x008, 0x008, 0x008, 0x008, 0x008, 0x008, 0x008,
			0x284, 0x1a0, 0x1a0, 0x1a0, 0x1a0, 0x1a0, 0x1a0, 0x1a0, 0x1a0, 0x1a0, 0x1a0, 0x1a0, 0x1a0, 0x1a0, 0x1a0, 0x1a0,
			0x8b1, 0x8b1, 0x8b1, 0x8b1, 0x8b1, 0x8b1, 0x8b1, 0x8b1, 0x8b1, 0x8b1, 0x1a0, 0x1a0, 0x1a0, 0x1a0, 0x1a0, 0x1a0,
			0x1a0, 0xca3, 0xca3, 0xca3, 0xca3, 0xca3, 0xca3, 0x4a3, 0x4a3, 0x4a3, 0x4a3, 0x4a3, 0x4a3, 0x4a3, 0x4a3, 0x4a3,
			0x4a3, 0x4a3, 0x4a3, 0x4a3, 0x4a3, 0x4a3, 0x4a3, 0x4a3, 0x4a3, 0x4a3, 0x4a3, 0x1a0, 0x1a0, 0x1a0, 0x1a0, 0x1a0,
			0x1a0, 0x8e3, 0x8e3, 0x8e3, 0x8e3, 0x8e3, 0x8e3, 0x0e3, 0x0e3, 0x0e3, 0x0e3, 0x0e3, 0x0e3, 0x0e3, 0x0e3, 0x0e3,
			0x0e3, 0x0e3, 0x0e3, 0x0e3, 0x0e3, 0x0e3, 0x0e3, 0x0e3, 0x0e3, 0x0e3, 0x0e3, 0x1a0, 0x1a0, 0x1a0, 0x1a0, 0x008,
			0x008, 0x008, 0x008, 0x008, 0x008, 0x008, 0x008, 0x008, 0x008, 0x008, 0x008, 0x008, 0x008, 0x008, 0x008, 0x008,
			0x008, 0x008, 0x008, 0x008, 0x008, 0x008, 0x008, 0x008, 0x008, 0x008, 0x008, 0x008, 0x008, 0x008, 0x008, 0x008,
			0x1a0, 0x000, 0x000, 0x000, 0x1a0, 0x000, 0x000, 0x000, 0x000, 0x000, 0x000, 0x000, 0x1a0, 0x1a0, 0x000, 0x000,
			0x000, 0x000, 0x000, 0x000, 0x000, 0x000, 0x000, 0x000, 0x000, 0x000, 0x000, 0x1a0, 0x000, 0x000, 0x000, 0x1a0,
			0x000, 0x0a3, 0x0a3, 0x0a3, 0x0a3, 0x0a3, 0x0a3, 0x0a3, 0x0a3, 0x0a3, 0x0a3, 0x0a3, 0x0a3, 0x0a3, 0x0a3, 0x0a3,
			0x0a3, 0x0a3, 0x0a3, 0x0a3, 0x0a3, 0x0a3, 0x0a3, 0x0a3, 0x0a3, 0x0a3, 0x0a3, 0x000, 0x000, 0x000, 0x000, 0x000,
			0x0a3, 0x0a3, 0x0a3, 0x0a3, 0x0a3, 0x0a3, 0x0a3, 0x0a3, 0x0a3, 0x0a3, 0x0a3, 0x0a3, 0x0a3, 0x0a3, 0x0a3, 0x0a3,
			0x0a3, 0x0a3, 0x0a3, 0x000, 0x000, 0x000, 0x000, 0x000, 0x000, 0x000, 0x000, 0x000, 0x000, 0x000, 0x000, 0x000,
		},
		"ar_TN.utf8": {
			0x008, 0x008, 0x008, 0x008, 0x008, 0x008, 0x008, 0x008, 0x008, 0x20c, 0x208, 0x208, 0x208, 0x208, 0x008, 0x008,
			0x008, 0x008, 0x008, 0x008, 0x008, 0x008, 0x008, 0x008, 0x008, 0x008, 0x008, 0x008, 0x008, 0x008, 0x008, 0x008,
			0x284, 0x1a0, 0x1a0, 0x1a0, 0x1a0, 0x1a0, 0x1a0, 0x1a0, 0x1a0, 0x1a0, 0x1a0, 0x1a0, 0x1a0, 0x1a0, 0x1a0, 0x1a0,
			0x8b1, 0x8b1, 0x8b1, 0x8b1, 0x8b1, 0x8b1, 0x8b1, 0x8b1, 0x8b1, 0x8b1, 0x1a0, 0x1a0, 0x1a0, 0x1a0, 0x1a0, 0x1a0,
			0x1a0, 0xca3, 0xca3, 0xca3, 0xca3, 0xca3, 0xca3, 0x4a3, 0x4a3, 0x4a3, 0x4a3, 0x4a3, 0x4a3, 0x4a3, 0x4a3, 0x4a3,
			0x4a3, 0x4a3, 0x4a3, 0x4a3, 0x4a3, 0x4a3, 0x4a3, 0x4a3, 0x4a3, 0x4a3, 0x4a3, 0x1a0, 0x1a0, 0x1a0, 0x1a0, 0x1a0,
			0x1a0, 0x8e3, 0x8e3, 0x8e3, 0x8e3, 0x8e3, 0x8e3, 0x0e3, 0x0e3, 0x0e3, 0x0e3, 0x0e3, 0x0e3, 0x0e3, 0x0e3, 0x0e3,
			0x0e3, 0x0e3, 0x0e3, 0x0e3, 0x0e3, 0x0e3, 0x0e3, 0x0e3, 0x0e3, 0x0e3, 0x0e3, 0x1a0, 0x1a0, 0x1a0, 0x1a0, 0x008,
			0x000, 0x000, 0x000, 0x000, 0x000, 0x000, 0x000, 0x000, 0x000, 0x000, 0x000, 0x000, 0x000, 0x000, 0x000, 0x000,
			0x000, 0x000, 0x000, 0x000, 0x000, 0x000, 0x000, 0x000, 0x000, 0x000, 0x000, 0x000, 0x000, 0x000, 0x000, 0x000,
			0x000, 0x000, 0x000, 0x000, 0x000, 0x000, 0x000, 0x000, 0x000, 0x000, 0x000, 0x000, 0x000, 0x000, 0x000, 0x000,
			0x000, 0x000, 0x000, 0x000, 0x000, 0x000, 0x000, 0x000, 0x000, 0x000, 0x000, 0x000, 0x000, 0x000, 0x000, 0x000,
			0x000, 0x000, 0x000, 0x000, 0x000, 0x000, 0x000, 0x000, 0x000, 0x000, 0x000, 0x000, 0x000, 0x000, 0x000, 0x000,
			0x000, 0x000, 0x000, 0x000, 0x000, 0x000, 0x000, 0x000, 0x000, 0x000, 0x000, 0x000, 0x000, 0x000, 0x000, 0x000,
			0x000, 0x000, 0x000, 0x000, 0x000, 0x000, 0x000, 0x000, 0x000, 0x000, 0x000, 0x000, 0x000, 0x000, 0x000, 0x000,
			0x000, 0x000, 0x000, 0x000, 0x000, 0x000, 0x000, 0x000, 0x000, 0x000, 0x000, 0x000, 0x000, 0x000, 0x000, 0x000,
		},
		"ar_YE": {
			0x008, 0x008, 0x008, 0x008, 0x008, 0x008, 0x008, 0x008, 0x008, 0x20c, 0x208, 0x208, 0x208, 0x208, 0x008, 0x008,
			0x008, 0x008, 0x008, 0x008, 0x008, 0x008, 0x008, 0x008, 0x008, 0x008, 0x008, 0x008, 0x008, 0x008, 0x008, 0x008,
			0x284, 0x1a0, 0x1a0, 0x1a0, 0x1a0, 0x1a0, 0x1a0, 0x1a0, 0x1a0, 0x1a0, 0x1a0, 0x1a0, 0x1a0, 0x1a0, 0x1a0, 0x1a0,
			0x8b1, 0x8b1, 0x8b1, 0x8b1, 0x8b1, 0x8b1, 0x8b1, 0x8b1, 0x8b1, 0x8b1, 0x1a0, 0x1a0, 0x1a0, 0x1a0, 0x1a0, 0x1a0,
			0x1a0, 0xca3, 0xca3, 0xca3, 0xca3, 0xca3, 0xca3, 0x4a3, 0x4a3, 0x4a3, 0x4a3, 0x4a3, 0x4a3, 0x4a3, 0x4a3, 0x4a3,
			0x4a3, 0x4a3, 0x4a3, 0x4a3, 0x4a3, 0x4a3, 0x4a3, 0x4a3, 0x4a3, 0x4a3, 0x4a3, 0x1a0, 0x1a0, 0x1a0, 0x1a0, 0x1a0,
			0x1a0, 0x8e3, 0x8e3, 0x8e3, 0x8e3, 0x8e3, 0x8e3, 0x0e3, 0x0e3, 0x0e3, 0x0e3, 0x0e3, 0x0e3, 0x0e3, 0x0e3, 0x0e3,
			0x0e3, 0x0e3, 0x0e3, 0x0e3, 0x0e3, 0x0e3, 0x0e3, 0x0e3, 0x0e3, 0x0e3, 0x0e3, 0x1a0, 0x1a0, 0x1a0, 0x1a0, 0x008,
			0x008, 0x008, 0x008, 0x008, 0x008, 0x008, 0x008, 0x008, 0x008, 0x008, 0x008, 0x008, 0x008, 0x008, 0x008, 0x008,
			0x008, 0x008, 0x008, 0x008, 0x008, 0x008, 0x008, 0x008, 0x008, 0x008, 0x008, 0x008, 0x008, 0x008, 0x008, 0x008,
			0x1a0, 0x000, 0x000, 0x000, 0x1a0, 0x000, 0x000, 0x000, 0x000, 0x000, 0x000, 0x000, 0x1a0, 0x1a0, 0x000, 0x000,
			0x000, 0x000, 0x000, 0x000, 0x000, 0x000, 0x000, 0x000, 0x000, 0x000, 0x000, 0x1a0, 0x000, 0x000, 0x000, 0x1a0,
			0x000, 0x0a3, 0x0a3, 0x0a3, 0x0a3, 0x0a3, 0x0a3, 0x0a3, 0x0a3, 0x0a3, 0x0a3, 0x0a3, 0x0a3, 0x0a3, 0x0a3, 0x0a3,
			0x0a3, 0x0a3, 0x0a3, 0x0a3, 0x0a3, 0x0a3, 0x0a3, 0x0a3, 0x0a3, 0x0a3, 0x0a3, 0x000, 0x000, 0x000, 0x000, 0x000,
			0x0a3, 0x0a3, 0x0a3, 0x0a3, 0x0a3, 0x0a3, 0x0a3, 0x0a3, 0x0a3, 0x0a3, 0x0a3, 0x0a3, 0x0a3, 0x0a3, 0x0a3, 0x0a3,
			0x0a3, 0x0a3, 0x0a3, 0x000, 0x000, 0x000, 0x000, 0x000, 0x000, 0x000, 0x000, 0x000, 0x000, 0x000, 0x000, 0x000,
		},
		"ar_YE.utf8": {
			0x008, 0x008, 0x008, 0x008, 0x008, 0x008, 0x008, 0x008, 0x008, 0x20c, 0x208, 0x208, 0x208, 0x208, 0x008, 0x008,
			0x008, 0x008, 0x008, 0x008, 0x008, 0x008, 0x008, 0x008, 0x008, 0x008, 0x008, 0x008, 0x008, 0x008, 0x008, 0x008,
			0x284, 0x1a0, 0x1a0, 0x1a0, 0x1a0, 0x1a0, 0x1a0, 0x1a0, 0x1a0, 0x1a0, 0x1a0, 0x1a0, 0x1a0, 0x1a0, 0x1a0, 0x1a0,
			0x8b1, 0x8b1, 0x8b1, 0x8b1, 0x8b1, 0x8b1, 0x8b1, 0x8b1, 0x8b1, 0x8b1, 0x1a0, 0x1a0, 0x1a0, 0x1a0, 0x1a0, 0x1a0,
			0x1a0, 0xca3, 0xca3, 0xca3, 0xca3, 0xca3, 0xca3, 0x4a3, 0x4a3, 0x4a3, 0x4a3, 0x4a3, 0x4a3, 0x4a3, 0x4a3, 0x4a3,
			0x4a3, 0x4a3, 0x4a3, 0x4a3, 0x4a3, 0x4a3, 0x4a3, 0x4a3, 0x4a3, 0x4a3, 0x4a3, 0x1a0, 0x1a0, 0x1a0, 0x1a0, 0x1a0,
			0x1a0, 0x8e3, 0x8e3, 0x8e3, 0x8e3, 0x8e3, 0x8e3, 0x0e3, 0x0e3, 0x0e3, 0x0e3, 0x0e3, 0x0e3, 0x0e3, 0x0e3, 0x0e3,
			0x0e3, 0x0e3, 0x0e3, 0x0e3, 0x0e3, 0x0e3, 0x0e3, 0x0e3, 0x0e3, 0x0e3, 0x0e3, 0x1a0, 0x1a0, 0x1a0, 0x1a0, 0x008,
			0x000, 0x000, 0x000, 0x000, 0x000, 0x000, 0x000, 0x000, 0x000, 0x000, 0x000, 0x000, 0x000, 0x000, 0x000, 0x000,
			0x000, 0x000, 0x000, 0x000, 0x000, 0x000, 0x000, 0x000, 0x000, 0x000, 0x000, 0x000, 0x000, 0x000, 0x000, 0x000,
			0x000, 0x000, 0x000, 0x000, 0x000, 0x000, 0x000, 0x000, 0x000, 0x000, 0x000, 0x000, 0x000, 0x000, 0x000, 0x000,
			0x000, 0x000, 0x000, 0x000, 0x000, 0x000, 0x000, 0x000, 0x000, 0x000, 0x000, 0x000, 0x000, 0x000, 0x000, 0x000,
			0x000, 0x000, 0x000, 0x000, 0x000, 0x000, 0x000, 0x000, 0x000, 0x000, 0x000, 0x000, 0x000, 0x000, 0x000, 0x000,
			0x000, 0x000, 0x000, 0x000, 0x000, 0x000, 0x000, 0x000, 0x000, 0x000, 0x000, 0x000, 0x000, 0x000, 0x000, 0x000,
			0x000, 0x000, 0x000, 0x000, 0x000, 0x000, 0x000, 0x000, 0x000, 0x000, 0x000, 0x000, 0x000, 0x000, 0x000, 0x000,
			0x000, 0x000, 0x000, 0x000, 0x000, 0x000, 0x000, 0x000, 0x000, 0x000, 0x000, 0x000, 0x000, 0x000, 0x000, 0x000,
		},
		"as_IN": {
			0x008, 0x008, 0x008, 0x008, 0x008, 0x008, 0x008, 0x008, 0x008, 0x20c, 0x208, 0x208, 0x208, 0x208, 0x008, 0x008,
			0x008, 0x008, 0x008, 0x008, 0x008, 0x008, 0x008, 0x008, 0x008, 0x008, 0x008, 0x008, 0x008, 0x008, 0x008, 0x008,
			0x284, 0x1a0, 0x1a0, 0x1a0, 0x1a0, 0x1a0, 0x1a0, 0x1a0, 0x1a0, 0x1a0, 0x1a0, 0x1a0, 0x1a0, 0x1a0, 0x1a0, 0x1a0,
			0x8b1, 0x8b1, 0x8b1, 0x8b1, 0x8b1, 0x8b1, 0x8b1, 0x8b1, 0x8b1, 0x8b1, 0x1a0, 0x1a0, 0x1a0, 0x1a0, 0x1a0, 0x1a0,
			0x1a0, 0xca3, 0xca3, 0xca3, 0xca3, 0xca3, 0xca3, 0x4a3, 0x4a3, 0x4a3, 0x4a3, 0x4a3, 0x4a3, 0x4a3, 0x4a3, 0x4a3,
			0x4a3, 0x4a3, 0x4a3, 0x4a3, 0x4a3, 0x4a3, 0x4a3, 0x4a3, 0x4a3, 0x4a3, 0x4a3, 0x1a0, 0x1a0, 0x1a0, 0x1a0, 0x1a0,
			0x1a0, 0x8e3, 0x8e3, 0x8e3, 0x8e3, 0x8e3, 0x8e3, 0x0e3, 0x0e3, 0x0e3, 0x0e3, 0x0e3, 0x0e3, 0x0e3, 0x0e3, 0x0e3,
			0x0e3, 0x0e3, 0x0e3, 0x0e3, 0x0e3, 0x0e3, 0x0e3, 0x0e3, 0x0e3, 0x0e3, 0x0e3, 0x1a0, 0x1a0, 0x1a0, 0x1a0, 0x008,
			0x000, 0x000, 0x000, 0x000, 0x000, 0x000, 0x000, 0x000, 0x000, 0x000, 0x000, 0x000, 0x000, 0x000, 0x000, 0x000,
			0x000, 0x000, 0x000, 0x000, 0x000, 0x000, 0x000, 0x000, 0x000, 0x000, 0x000, 0x000, 0x000, 0x000, 0x000, 0x000,
			0x000, 0x000, 0x000, 0x000, 0x000, 0x000, 0x000, 0x000, 0x000, 0x000, 0x000, 0x000, 0x000, 0x000, 0x000, 0x000,
			0x000, 0x000, 0x000, 0x000, 0x000, 0x000, 0x000, 0x000, 0x000, 0x000, 0x000, 0x000, 0x000, 0x000, 0x000, 0x000,
			0x000, 0x000, 0x000, 0x000, 0x000, 0x000, 0x000, 0x000, 0x000, 0x000, 0x000, 0x000, 0x000, 0x000, 0x000, 0x000,
			0x000, 0x000, 0x000, 0x000, 0x000, 0x000, 0x000, 0x000, 0x000, 0x000, 0x000, 0x000, 0x000, 0x000, 0x000, 0x000,
			0x000, 0x000, 0x000, 0x000, 0x000, 0x000, 0x000, 0x000, 0x000, 0x000, 0x000, 0x000, 0x000, 0x000, 0x000, 0x000,
			0x000, 0x000, 0x000, 0x000, 0x000, 0x000, 0x000, 0x000, 0x000, 0x000, 0x000, 0x000, 0x000, 0x000, 0x000, 0x000,
		},
		"ast_ES": {
			0x008, 0x008, 0x008, 0x008, 0x008, 0x008, 0x008, 0x008, 0x008, 0x20c, 0x208, 0x208, 0x208, 0x208, 0x008, 0x008,
			0x008, 0x008, 0x008, 0x008, 0x008, 0x008, 0x008, 0x008, 0x008, 0x008, 0x008, 0x008, 0x008, 0x008, 0x008, 0x008,
			0x284, 0x1a0, 0x1a0, 0x1a0, 0x1a0, 0x1a0, 0x1a0, 0x1a0, 0x1a0, 0x1a0, 0x1a0, 0x1a0, 0x1a0, 0x1a0, 0x1a0, 0x1a0,
			0x8b1, 0x8b1, 0x8b1, 0x8b1, 0x8b1, 0x8b1, 0x8b1, 0x8b1, 0x8b1, 0x8b1, 0x1a0, 0x1a0, 0x1a0, 0x1a0, 0x1a0, 0x1a0,
			0x1a0, 0xca3, 0xca3, 0xca3, 0xca3, 0xca3, 0xca3, 0x4a3, 0x4a3, 0x4a3, 0x4a3, 0x4a3, 0x4a3, 0x4a3, 0x4a3, 0x4a3,
			0x4a3, 0x4a3, 0x4a3, 0x4a3, 0x4a3, 0x4a3, 0x4a3, 0x4a3, 0x4a3, 0x4a3, 0x4a3, 0x1a0, 0x1a0, 0x1a0, 0x1a0, 0x1a0,
			0x1a0, 0x8e3, 0x8e3, 0x8e3, 0x8e3, 0x8e3, 0x8e3, 0x0e3, 0x0e3, 0x0e3, 0x0e3, 0x0e3, 0x0e3, 0x0e3, 0x0e3, 0x0e3,
			0x0e3, 0x0e3, 0x0e3, 0x0e3, 0x0e3, 0x0e3, 0x0e3, 0x0e3, 0x0e3, 0x0e3, 0x0e3, 0x1a0, 0x1a0, 0x1a0, 0x1a0, 0x008,
			0x008, 0x008, 0x008, 0x008, 0x008, 0x008, 0x008, 0x008, 0x008, 0x008, 0x008, 0x008, 0x008, 0x008, 0x008, 0x008,
			0x008, 0x008, 0x008, 0x008, 0x008, 0x008, 0x008, 0x008, 0x008, 0x008, 0x008, 0x008, 0x008, 0x008, 0x008, 0x008,
			0x1a0, 0x1a0, 0x1a0, 0x1a0, 0x1a0, 0x1a0, 0x4a3, 0x1a0, 0x0e3, 0x1a0, 0x0e3, 0x1a0, 0x1a0, 0x1a0, 0x1a0, 0x1a0,
			0x1a0, 0x1a0, 0x1a0, 0x1a0, 0x4a3, 0x0e3, 0x1a0, 0x1a0, 0x0e3, 0x1a0, 0x0e3, 0x1a0, 0x4a3, 0x0e3, 0x4a3, 0x1a0,
			0x4a3, 0x4a3, 0x4a3, 0x4a3, 0x4a3, 0x4a3, 0x4a3, 0x4a3, 0x4a3, 0x4a3, 0x4a3, 0x4a3, 0x4a3, 0x4a3, 0x4a3, 0x4a3,
			0x4a3, 0x4a3, 0x4a3, 0x4a3, 0x4a3, 0x4a3, 0x4a3, 0x1a0, 0x4a3, 0x4a3, 0x4a3, 0x4a3, 0x4a3, 0x4a3, 0x4a3, 0x0e3,
			0x0e3, 0x0e3, 0x0e3, 0x0e3, 0x0e3, 0x0e3, 0x0e3, 0x0e3, 0x0e3, 0x0e3, 0x0e3, 0x0e3, 0x0e3, 0x0e3, 0x0e3, 0x0e3,
			0x0e3, 0x0e3, 0x0e3, 0x0e3, 0x0e3, 0x0e3, 0x0e3, 0x1a0, 0x0e3, 0x0e3, 0x0e3, 0x0e3, 0x0e3, 0x0e3, 0x0e3, 0x0e3,
		},
		"ast_ES.utf8": {
			0x008, 0x008, 0x008, 0x008, 0x008, 0x008, 0x008, 0x008, 0x008, 0x20c, 0x208, 0x208, 0x208, 0x208, 0x008, 0x008,
			0x008, 0x008, 0x008, 0x008, 0x008, 0x008, 0x008, 0x008, 0x008, 0x008, 0x008, 0x008, 0x008, 0x008, 0x008, 0x008,
			0x284, 0x1a0, 0x1a0, 0x1a0, 0x1a0, 0x1a0, 0x1a0, 0x1a0, 0x1a0, 0x1a0, 0x1a0, 0x1a0, 0x1a0, 0x1a0, 0x1a0, 0x1a0,
			0x8b1, 0x8b1, 0x8b1, 0x8b1, 0x8b1, 0x8b1, 0x8b1, 0x8b1, 0x8b1, 0x8b1, 0x1a0, 0x1a0, 0x1a0, 0x1a0, 0x1a0, 0x1a0,
			0x1a0, 0xca3, 0xca3, 0xca3, 0xca3, 0xca3, 0xca3, 0x4a3, 0x4a3, 0x4a3, 0x4a3, 0x4a3, 0x4a3, 0x4a3, 0x4a3, 0x4a3,
			0x4a3, 0x4a3, 0x4a3, 0x4a3, 0x4a3, 0x4a3, 0x4a3, 0x4a3, 0x4a3, 0x4a3, 0x4a3, 0x1a0, 0x1a0, 0x1a0, 0x1a0, 0x1a0,
			0x1a0, 0x8e3, 0x8e3, 0x8e3, 0x8e3, 0x8e3, 0x8e3, 0x0e3, 0x0e3, 0x0e3, 0x0e3, 0x0e3, 0x0e3, 0x0e3, 0x0e3, 0x0e3,
			0x0e3, 0x0e3, 0x0e3, 0x0e3, 0x0e3, 0x0e3, 0x0e3, 0x0e3, 0x0e3, 0x0e3, 0x0e3, 0x1a0, 0x1a0, 0x1a0, 0x1a0, 0x008,
			0x000, 0x000, 0x000, 0x000, 0x000, 0x000, 0x000, 0x000, 0x000, 0x000, 0x000, 0x000, 0x000, 0x000, 0x000, 0x000,
			0x000, 0x000, 0x000, 0x000, 0x000, 0x000, 0x000, 0x000, 0x000, 0x000, 0x000, 0x000, 0x000, 0x000, 0x000, 0x000,
			0x000, 0x000, 0x000, 0x000, 0x000, 0x000, 0x000, 0x000, 0x000, 0x000, 0x000, 0x000, 0x000, 0x000, 0x000, 0x000,
			0x000, 0x000, 0x000, 0x000, 0x000, 0x000, 0x000, 0x000, 0x000, 0x000, 0x000, 0x000, 0x000, 0x000, 0x000, 0x000,
			0x000, 0x000, 0x000, 0x000, 0x000, 0x000, 0x000, 0x000, 0x000, 0x000, 0x000, 0x000, 0x000, 0x000, 0x000, 0x000,
			0x000, 0x000, 0x000, 0x000, 0x000, 0x000, 0x000, 0x000, 0x000, 0x000, 0x000, 0x000, 0x000, 0x000, 0x000, 0x000,
			0x000, 0x000, 0x000, 0x000, 0x000, 0x000, 0x000, 0x000, 0x000, 0x000, 0x000, 0x000, 0x000, 0x000, 0x000, 0x000,
			0x000, 0x000, 0x000, 0x000, 0x000, 0x000, 0x000, 0x000, 0x000, 0x000, 0x000, 0x000, 0x000, 0x000, 0x000, 0x000,
		},
		"ayc_PE": {
			0x008, 0x008, 0x008, 0x008, 0x008, 0x008, 0x008, 0x008, 0x008, 0x20c, 0x208, 0x208, 0x208, 0x208, 0x008, 0x008,
			0x008, 0x008, 0x008, 0x008, 0x008, 0x008, 0x008, 0x008, 0x008, 0x008, 0x008, 0x008, 0x008, 0x008, 0x008, 0x008,
			0x284, 0x1a0, 0x1a0, 0x1a0, 0x1a0, 0x1a0, 0x1a0, 0x1a0, 0x1a0, 0x1a0, 0x1a0, 0x1a0, 0x1a0, 0x1a0, 0x1a0, 0x1a0,
			0x8b1, 0x8b1, 0x8b1, 0x8b1, 0x8b1, 0x8b1, 0x8b1, 0x8b1, 0x8b1, 0x8b1, 0x1a0, 0x1a0, 0x1a0, 0x1a0, 0x1a0, 0x1a0,
			0x1a0, 0xca3, 0xca3, 0xca3, 0xca3, 0xca3, 0xca3, 0x4a3, 0x4a3, 0x4a3, 0x4a3, 0x4a3, 0x4a3, 0x4a3, 0x4a3, 0x4a3,
			0x4a3, 0x4a3, 0x4a3, 0x4a3, 0x4a3, 0x4a3, 0x4a3, 0x4a3, 0x4a3, 0x4a3, 0x4a3, 0x1a0, 0x1a0, 0x1a0, 0x1a0, 0x1a0,
			0x1a0, 0x8e3, 0x8e3, 0x8e3, 0x8e3, 0x8e3, 0x8e3, 0x0e3, 0x0e3, 0x0e3, 0x0e3, 0x0e3, 0x0e3, 0x0e3, 0x0e3, 0x0e3,
			0x0e3, 0x0e3, 0x0e3, 0x0e3, 0x0e3, 0x0e3, 0x0e3, 0x0e3, 0x0e3, 0x0e3, 0x0e3, 0x1a0, 0x1a0, 0x1a0, 0x1a0, 0x008,
			0x000, 0x000, 0x000, 0x000, 0x000, 0x000, 0x000, 0x000, 0x000, 0x000, 0x000, 0x000, 0x000, 0x000, 0x000, 0x000,
			0x000, 0x000, 0x000, 0x000, 0x000, 0x000, 0x000, 0x000, 0x000, 0x000, 0x000, 0x000, 0x000, 0x000, 0x000, 0x000,
			0x000, 0x000, 0x000, 0x000, 0x000, 0x000, 0x000, 0x000, 0x000, 0x000, 0x000, 0x000, 0x000, 0x000, 0x000, 0x000,
			0x000, 0x000, 0x000, 0x000, 0x000, 0x000, 0x000, 0x000, 0x000, 0x000, 0x000, 0x000, 0x000, 0x000, 0x000, 0x000,
			0x000, 0x000, 0x000, 0x000, 0x000, 0x000, 0x000, 0x000, 0x000, 0x000, 0x000, 0x000, 0x000, 0x000, 0x000, 0x000,
			0x000, 0x000, 0x000, 0x000, 0x000, 0x000, 0x000, 0x000, 0x000, 0x000, 0x000, 0x000, 0x000, 0x000, 0x000, 0x000,
			0x000, 0x000, 0x000, 0x000, 0x000, 0x000, 0x000, 0x000, 0x000, 0x000, 0x000, 0x000, 0x000, 0x000, 0x000, 0x000,
			0x000, 0x000, 0x000, 0x000, 0x000, 0x000, 0x000, 0x000, 0x000, 0x000, 0x000, 0x000, 0x000, 0x000, 0x000, 0x000,
		},
		"az_AZ": {
			0x008, 0x008, 0x008, 0x008, 0x008, 0x008, 0x008, 0x008, 0x008, 0x20c, 0x208, 0x208, 0x208, 0x208, 0x008, 0x008,
			0x008, 0x008, 0x008, 0x008, 0x008, 0x008, 0x008, 0x008, 0x008, 0x008, 0x008, 0x008, 0x008, 0x008, 0x008, 0x008,
			0x284, 0x1a0, 0x1a0, 0x1a0, 0x1a0, 0x1a0, 0x1a0, 0x1a0, 0x1a0, 0x1a0, 0x1a0, 0x1a0, 0x1a0, 0x1a0, 0x1a0, 0x1a0,
			0x8b1, 0x8b1, 0x8b1, 0x8b1, 0x8b1, 0x8b1, 0x8b1, 0x8b1, 0x8b1, 0x8b1, 0x1a0, 0x1a0, 0x1a0, 0x1a0, 0x1a0, 0x1a0,
			0x1a0, 0xca3, 0xca3, 0xca3, 0xca3, 0xca3, 0xca3, 0x4a3, 0x4a3, 0x4a3, 0x4a3, 0x4a3, 0x4a3, 0x4a3, 0x4a3, 0x4a3,
			0x4a3, 0x4a3, 0x4a3, 0x4a3, 0x4a3, 0x4a3, 0x4a3, 0x4a3, 0x4a3, 0x4a3, 0x4a3, 0x1a0, 0x1a0, 0x1a0, 0x1a0, 0x1a0,
			0x1a0, 0x8e3, 0x8e3, 0x8e3, 0x8e3, 0x8e3, 0x8e3, 0x0e3, 0x0e3, 0x0e3, 0x0e3, 0x0e3, 0x0e3, 0x0e3, 0x0e3, 0x0e3,
			0x0e3, 0x0e3, 0x0e3, 0x0e3, 0x0e3, 0x0e3, 0x0e3, 0x0e3, 0x0e3, 0x0e3, 0x0e3, 0x1a0, 0x1a0, 0x1a0, 0x1a0, 0x008,
			0x000, 0x000, 0x000, 0x000, 0x000, 0x000, 0x000, 0x000, 0x000, 0x000, 0x000, 0x000, 0x000, 0x000, 0x000, 0x000,
			0x000, 0x000, 0x000, 0x000, 0x000, 0x000, 0x000, 0x000, 0x000, 0x000, 0x000, 0x000, 0x000, 0x000, 0x000, 0x000,
			0x000, 0x000, 0x000, 0x000, 0x000, 0x000, 0x000, 0x000, 0x000, 0x000, 0x000, 0x000, 0x000, 0x000, 0x000, 0x000,
			0x000, 0x000, 0x000, 0x000, 0x000, 0x000, 0x000, 0x000, 0x000, 0x000, 0x000, 0x000, 0x000, 0x000, 0x000, 0x000,
			0x000, 0x000, 0x000, 0x000, 0x000, 0x000, 0x000, 0x000, 0x000, 0x000, 0x000, 0x000, 0x000, 0x000, 0x000, 0x000,
			0x000, 0x000, 0x000, 0x000, 0x000, 0x000, 0x000, 0x000, 0x000, 0x000, 0x000, 0x000, 0x000, 0x000, 0x000, 0x000,
			0x000, 0x000, 0x000, 0x000, 0x000, 0x000, 0x000, 0x000, 0x000, 0x000, 0x000, 0x000, 0x000, 0x000, 0x000, 0x000,
			0x000, 0x000, 0x000, 0x000, 0x000, 0x000, 0x000, 0x000, 0x000, 0x000, 0x000, 0x000, 0x000, 0x000, 0x000, 0x000,
		},
		"az_IR": {
			0x008, 0x008, 0x008, 0x008, 0x008, 0x008, 0x008, 0x008, 0x008, 0x20c, 0x208, 0x208, 0x208, 0x208, 0x008, 0x008,
			0x008, 0x008, 0x008, 0x008, 0x008, 0x008, 0x008, 0x008, 0x008, 0x008, 0x008, 0x008, 0x008, 0x008, 0x008, 0x008,
			0x284, 0x1a0, 0x1a0, 0x1a0, 0x1a0, 0x1a0, 0x1a0, 0x1a0, 0x1a0, 0x1a0, 0x1a0, 0x1a0, 0x1a0, 0x1a0, 0x1a0, 0x1a0,
			0x8b1, 0x8b1, 0x8b1, 0x8b1, 0x8b1, 0x8b1, 0x8b1, 0x8b1, 0x8b1, 0x8b1, 0x1a0, 0x1a0, 0x1a0, 0x1a0, 0x1a0, 0x1a0,
			0x1a0, 0xca3, 0xca3, 0xca3, 0xca3, 0xca3, 0xca3, 0x4a3, 0x4a3, 0x4a3, 0x4a3, 0x4a3, 0x4a3, 0x4a3, 0x4a3, 0x4a3,
			0x4a3, 0x4a3, 0x4a3, 0x4a3, 0x4a3, 0x4a3, 0x4a3, 0x4a3, 0x4a3, 0x4a3, 0x4a3, 0x1a0, 0x1a0, 0x1a0, 0x1a0, 0x1a0,
			0x1a0, 0x8e3, 0x8e3, 0x8e3, 0x8e3, 0x8e3, 0x8e3, 0x0e3, 0x0e3, 0x0e3, 0x0e3, 0x0e3, 0x0e3, 0x0e3, 0x0e3, 0x0e3,
			0x0e3, 0x0e3, 0x0e3, 0x0e3, 0x0e3, 0x0e3, 0x0e3, 0x0e3, 0x0e3, 0x0e3, 0x0e3, 0x1a0, 0x1a0, 0x1a0, 0x1a0, 0x008,
			0x000, 0x000, 0x000, 0x000, 0x000, 0x000, 0x000, 0x000, 0x000, 0x000, 0x000, 0x000, 0x000, 0x000, 0x000, 0x000,
			0x000, 0x000, 0x000, 0x000, 0x000, 0x000, 0x000, 0x000, 0x000, 0x000, 0x000, 0x000, 0x000, 0x000, 0x000, 0x000,
			0x000, 0x000, 0x000, 0x000, 0x000, 0x000, 0x000, 0x000, 0x000, 0x000, 0x000, 0x000, 0x000, 0x000, 0x000, 0x000,
			0x000, 0x000, 0x000, 0x000, 0x000, 0x000, 0x000, 0x000, 0x000, 0x000, 0x000, 0x000, 0x000, 0x000, 0x000, 0x000,
			0x000, 0x000, 0x000, 0x000, 0x000, 0x000, 0x000, 0x000, 0x000, 0x000, 0x000, 0x000, 0x000, 0x000, 0x000, 0x000,
			0x000, 0x000, 0x000, 0x000, 0x000, 0x000, 0x000, 0x000, 0x000, 0x000, 0x000, 0x000, 0x000, 0x000, 0x000, 0x000,
			0x000, 0x000, 0x000, 0x000, 0x000, 0x000, 0x000, 0x000, 0x000, 0x000, 0x000, 0x000, 0x000, 0x000, 0x000, 0x000,
			0x000, 0x000, 0x000, 0x000, 0x000, 0x000, 0x000, 0x000, 0x000, 0x000, 0x000, 0x000, 0x000, 0x000, 0x000, 0x000,
		},
		"be_BY": {
			0x008, 0x008, 0x008, 0x008, 0x008, 0x008, 0x008, 0x008, 0x008, 0x20c, 0x208, 0x208, 0x208, 0x208, 0x008, 0x008,
			0x008, 0x008, 0x008, 0x008, 0x008, 0x008, 0x008, 0x008, 0x008, 0x008, 0x008, 0x008, 0x008, 0x008, 0x008, 0x008,
			0x284, 0x1a0, 0x1a0, 0x1a0, 0x1a0, 0x1a0, 0x1a0, 0x1a0, 0x1a0, 0x1a0, 0x1a0, 0x1a0, 0x1a0, 0x1a0, 0x1a0, 0x1a0,
			0x8b1, 0x8b1, 0x8b1, 0x8b1, 0x8b1, 0x8b1, 0x8b1, 0x8b1, 0x8b1, 0x8b1, 0x1a0, 0x1a0, 0x1a0, 0x1a0, 0x1a0, 0x1a0,
			0x1a0, 0xca3, 0xca3, 0xca3, 0xca3, 0xca3, 0xca3, 0x4a3, 0x4a3, 0x4a3, 0x4a3, 0x4a3, 0x4a3, 0x4a3, 0x4a3, 0x4a3,
			0x4a3, 0x4a3, 0x4a3, 0x4a3, 0x4a3, 0x4a3, 0x4a3, 0x4a3, 0x4a3, 0x4a3, 0x4a3, 0x1a0, 0x1a0, 0x1a0, 0x1a0, 0x1a0,
			0x1a0, 0x8e3, 0x8e3, 0x8e3, 0x8e3, 0x8e3, 0x8e3, 0x0e3, 0x0e3, 0x0e3, 0x0e3, 0x0e3, 0x0e3, 0x0e3, 0x0e3, 0x0e3,
			0x0e3, 0x0e3, 0x0e3, 0x0e3, 0x0e3, 0x0e3, 0x0e3, 0x0e3, 0x0e3, 0x0e3, 0x0e3, 0x1a0, 0x1a0, 0x1a0, 0x1a0, 0x008,
			0x4a3, 0x4a3, 0x1a0, 0x0e3, 0x1a0, 0x1a0, 0x1a0, 0x1a0, 0x1a0, 0x1a0, 0x4a3, 0x1a0, 0x4a3, 0x4a3, 0x4a3, 0x4a3,
			0x0e3, 0x1a0, 0x1a0, 0x1a0, 0x1a0, 0x1a0, 0x1a0, 0x1a0, 0x000, 0x1a0, 0x0e3, 0x1a0, 0x0e3, 0x0e3, 0x0e3, 0x0e3,
			0x1a0, 0x4a3, 0x0e3, 0x4a3, 0x1a0, 0x4a3, 0x1a0, 0x1a0, 0x4a3, 0x1a0, 0x4a3, 0x1a0, 0x1a0, 0x1a0, 0x1a0, 0x4a3,
			0x1a0, 0x1a0, 0x4a3, 0x0e3, 0x0e3, 0x0e3, 0x1a0, 0x1a0, 0x0e3, 0x1a0, 0x0e3, 0x1a0, 0x0e3, 0x4a3, 0x0e3, 0x0e3,
			0x4a3, 0x4a3, 0x4a3, 0x4a3, 0x4a3, 0x4a3, 0x4a3, 0x4a3, 0x4a3, 0x4a3, 0x4a3, 0x4a3, 0x4a3, 0x4a3, 0x4a3, 0x4a3,
			0x4a3, 0x4a3, 0x4a3, 0x4a3, 0x4a3, 0x4a3, 0x4a3, 0x4a3, 0x4a3, 0x4a3, 0x4a3, 0x4a3, 0x4a3, 0x4a3, 0x4a3, 0x4a3,
			0x0e3, 0x0e3, 0x0e3, 0x0e3, 0x0e3, 0x0e3, 0x0e3, 0x0e3, 0x0e3, 0x0e3, 0x0e3, 0x0e3, 0x0e3, 0x0e3, 0x0e3, 0x0e3,
			0x0e3, 0x0e3, 0x0e3, 0x0e3, 0x0e3, 0x0e3, 0x0e3, 0x0e3, 0x0e3, 0x0e3, 0x0e3, 0x0e3, 0x0e3, 0x0e3, 0x0e3, 0x0e3,
		},
		"be_BY.utf8": {
			0x008, 0x008, 0x008, 0x008, 0x008, 0x008, 0x008, 0x008, 0x008, 0x20c, 0x208, 0x208, 0x208, 0x208, 0x008, 0x008,
			0x008, 0x008, 0x008, 0x008, 0x008, 0x008, 0x008, 0x008, 0x008, 0x008, 0x008, 0x008, 0x008, 0x008, 0x008, 0x008,
			0x284, 0x1a0, 0x1a0, 0x1a0, 0x1a0, 0x1a0, 0x1a0, 0x1a0, 0x1a0, 0x1a0, 0x1a0, 0x1a0, 0x1a0, 0x1a0, 0x1a0, 0x1a0,
			0x8b1, 0x8b1, 0x8b1, 0x8b1, 0x8b1, 0x8b1, 0x8b1, 0x8b1, 0x8b1, 0x8b1, 0x1a0, 0x1a0, 0x1a0, 0x1a0, 0x1a0, 0x1a0,
			0x1a0, 0xca3, 0xca3, 0xca3, 0xca3, 0xca3, 0xca3, 0x4a3, 0x4a3, 0x4a3, 0x4a3, 0x4a3, 0x4a3, 0x4a3, 0x4a3, 0x4a3,
			0x4a3, 0x4a3, 0x4a3, 0x4a3, 0x4a3, 0x4a3, 0x4a3, 0x4a3, 0x4a3, 0x4a3, 0x4a3, 0x1a0, 0x1a0, 0x1a0, 0x1a0, 0x1a0,
			0x1a0, 0x8e3, 0x8e3, 0x8e3, 0x8e3, 0x8e3, 0x8e3, 0x0e3, 0x0e3, 0x0e3, 0x0e3, 0x0e3, 0x0e3, 0x0e3, 0x0e3, 0x0e3,
			0x0e3, 0x0e3, 0x0e3, 0x0e3, 0x0e3, 0x0e3, 0x0e3, 0x0e3, 0x0e3, 0x0e3, 0x0e3, 0x1a0, 0x1a0, 0x1a0, 0x1a0, 0x008,
			0x000, 0x000, 0x000, 0x000, 0x000, 0x000, 0x000, 0x000, 0x000, 0x000, 0x000, 0x000, 0x000, 0x000, 0x000, 0x000,
			0x000, 0x000, 0x000, 0x000, 0x000, 0x000, 0x000, 0x000, 0x000, 0x000, 0x000, 0x000, 0x000, 0x000, 0x000, 0x000,
			0x000, 0x000, 0x000, 0x000, 0x000, 0x000, 0x000, 0x000, 0x000, 0x000, 0x000, 0x000, 0x000, 0x000, 0x000, 0x000,
			0x000, 0x000, 0x000, 0x000, 0x000, 0x000, 0x000, 0x000, 0x000, 0x000, 0x000, 0x000, 0x000, 0x000, 0x000, 0x000,
			0x000, 0x000, 0x000, 0x000, 0x000, 0x000, 0x000, 0x000, 0x000, 0x000, 0x000, 0x000, 0x000, 0x000, 0x000, 0x000,
			0x000, 0x000, 0x000, 0x000, 0x000, 0x000, 0x000, 0x000, 0x000, 0x000, 0x000, 0x000, 0x000, 0x000, 0x000, 0x000,
			0x000, 0x000, 0x000, 0x000, 0x000, 0x000, 0x000, 0x000, 0x000, 0x000, 0x000, 0x000, 0x000, 0x000, 0x000, 0x000,
			0x000, 0x000, 0x000, 0x000, 0x000, 0x000, 0x000, 0x000, 0x000, 0x000, 0x000, 0x000, 0x000, 0x000, 0x000, 0x000,
		},
		"be_BY@latin": {
			0x008, 0x008, 0x008, 0x008, 0x008, 0x008, 0x008, 0x008, 0x008, 0x20c, 0x208, 0x208, 0x208, 0x208, 0x008, 0x008,
			0x008, 0x008, 0x008, 0x008, 0x008, 0x008, 0x008, 0x008, 0x008, 0x008, 0x008, 0x008, 0x008, 0x008, 0x008, 0x008,
			0x284, 0x1a0, 0x1a0, 0x1a0, 0x1a0, 0x1a0, 0x1a0, 0x1a0, 0x1a0, 0x1a0, 0x1a0, 0x1a0, 0x1a0, 0x1a0, 0x1a0, 0x1a0,
			0x8b1, 0x8b1, 0x8b1, 0x8b1, 0x8b1, 0x8b1, 0x8b1, 0x8b1, 0x8b1, 0x8b1, 0x1a0, 0x1a0, 0x1a0, 0x1a0, 0x1a0, 0x1a0,
			0x1a0, 0xca3, 0xca3, 0xca3, 0xca3, 0xca3, 0xca3, 0x4a3, 0x4a3, 0x4a3, 0x4a3, 0x4a3, 0x4a3, 0x4a3, 0x4a3, 0x4a3,
			0x4a3, 0x4a3, 0x4a3, 0x4a3, 0x4a3, 0x4a3, 0x4a3, 0x4a3, 0x4a3, 0x4a3, 0x4a3, 0x1a0, 0x1a0, 0x1a0, 0x1a0, 0x1a0,
			0x1a0, 0x8e3, 0x8e3, 0x8e3, 0x8e3, 0x8e3, 0x8e3, 0x0e3, 0x0e3, 0x0e3, 0x0e3, 0x0e3, 0x0e3, 0x0e3, 0x0e3, 0x0e3,
			0x0e3, 0x0e3, 0x0e3, 0x0e3, 0x0e3, 0x0e3, 0x0e3, 0x0e3, 0x0e3, 0x0e3, 0x0e3, 0x1a0, 0x1a0, 0x1a0, 0x1a0, 0x008,
			0x000, 0x000, 0x000, 0x000, 0x000, 0x000, 0x000, 0x000, 0x000, 0x000, 0x000, 0x000, 0x000, 0x000, 0x000, 0x000,
			0x000, 0x000, 0x000, 0x000, 0x000, 0x000, 0x000, 0x000, 0x000, 0x000, 0x000, 0x000, 0x000, 0x000, 0x000, 0x000,
			0x000, 0x000, 0x000, 0x000, 0x000, 0x000, 0x000, 0x000, 0x000, 0x000, 0x000, 0x000, 0x000, 0x000, 0x000, 0x000,
			0x000, 0x000, 0x000, 0x000, 0x000, 0x000, 0x000, 0x000, 0x000, 0x000, 0x000, 0x000, 0x000, 0x000, 0x000, 0x000,
			0x000, 0x000, 0x000, 0x000, 0x000, 0x000, 0x000, 0x000, 0x000, 0x000, 0x000, 0x000, 0x000, 0x000, 0x000, 0x000,
			0x000, 0x000, 0x000, 0x000, 0x000, 0x000, 0x000, 0x000, 0x000, 0x000, 0x000, 0x000, 0x000, 0x000, 0x000, 0x000,
			0x000, 0x000, 0x000, 0x000, 0x000, 0x000, 0x000, 0x000, 0x000, 0x000, 0x000, 0x000, 0x000, 0x000, 0x000, 0x000,
			0x000, 0x000, 0x000, 0x000, 0x000, 0x000, 0x000, 0x000, 0x000, 0x000, 0x000, 0x000, 0x000, 0x000, 0x000, 0x000,
		},
		"bem_ZM": {
			0x008, 0x008, 0x008, 0x008, 0x008, 0x008, 0x008, 0x008, 0x008, 0x20c, 0x208, 0x208, 0x208, 0x208, 0x008, 0x008,
			0x008, 0x008, 0x008, 0x008, 0x008, 0x008, 0x008, 0x008, 0x008, 0x008, 0x008, 0x008, 0x008, 0x008, 0x008, 0x008,
			0x284, 0x1a0, 0x1a0, 0x1a0, 0x1a0, 0x1a0, 0x1a0, 0x1a0, 0x1a0, 0x1a0, 0x1a0, 0x1a0, 0x1a0, 0x1a0, 0x1a0, 0x1a0,
			0x8b1, 0x8b1, 0x8b1, 0x8b1, 0x8b1, 0x8b1, 0x8b1, 0x8b1, 0x8b1, 0x8b1, 0x1a0, 0x1a0, 0x1a0, 0x1a0, 0x1a0, 0x1a0,
			0x1a0, 0xca3, 0xca3, 0xca3, 0xca3, 0xca3, 0xca3, 0x4a3, 0x4a3, 0x4a3, 0x4a3, 0x4a3, 0x4a3, 0x4a3, 0x4a3, 0x4a3,
			0x4a3, 0x4a3, 0x4a3, 0x4a3, 0x4a3, 0x4a3, 0x4a3, 0x4a3, 0x4a3, 0x4a3, 0x4a3, 0x1a0, 0x1a0, 0x1a0, 0x1a0, 0x1a0,
			0x1a0, 0x8e3, 0x8e3, 0x8e3, 0x8e3, 0x8e3, 0x8e3, 0x0e3, 0x0e3, 0x0e3, 0x0e3, 0x0e3, 0x0e3, 0x0e3, 0x0e3, 0x0e3,
			0x0e3, 0x0e3, 0x0e3, 0x0e3, 0x0e3, 0x0e3, 0x0e3, 0x0e3, 0x0e3, 0x0e3, 0x0e3, 0x1a0, 0x1a0, 0x1a0, 0x1a0, 0x008,
			0x000, 0x000, 0x000, 0x000, 0x000, 0x000, 0x000, 0x000, 0x000, 0x000, 0x000, 0x000, 0x000, 0x000, 0x000, 0x000,
			0x000, 0x000, 0x000, 0x000, 0x000, 0x000, 0x000, 0x000, 0x000, 0x000, 0x000, 0x000, 0x000, 0x000, 0x000, 0x000,
			0x000, 0x000, 0x000, 0x000, 0x000, 0x000, 0x000, 0x000, 0x000, 0x000, 0x000, 0x000, 0x000, 0x000, 0x000, 0x000,
			0x000, 0x000, 0x000, 0x000, 0x000, 0x000, 0x000, 0x000, 0x000, 0x000, 0x000, 0x000, 0x000, 0x000, 0x000, 0x000,
			0x000, 0x000, 0x000, 0x000, 0x000, 0x000, 0x000, 0x000, 0x000, 0x000, 0x000, 0x000, 0x000, 0x000, 0x000, 0x000,
			0x000, 0x000, 0x000, 0x000, 0x000, 0x000, 0x000, 0x000, 0x000, 0x000, 0x000, 0x000, 0x000, 0x000, 0x000, 0x000,
			0x000, 0x000, 0x000, 0x000, 0x000, 0x000, 0x000, 0x000, 0x000, 0x000, 0x000, 0x000, 0x000, 0x000, 0x000, 0x000,
			0x000, 0x000, 0x000, 0x000, 0x000, 0x000, 0x000, 0x000, 0x000, 0x000, 0x000, 0x000, 0x000, 0x000, 0x000, 0x000,
		},
		"ber_DZ": {
			0x008, 0x008, 0x008, 0x008, 0x008, 0x008, 0x008, 0x008, 0x008, 0x20c, 0x208, 0x208, 0x208, 0x208, 0x008, 0x008,
			0x008, 0x008, 0x008, 0x008, 0x008, 0x008, 0x008, 0x008, 0x008, 0x008, 0x008, 0x008, 0x008, 0x008, 0x008, 0x008,
			0x284, 0x1a0, 0x1a0, 0x1a0, 0x1a0, 0x1a0, 0x1a0, 0x1a0, 0x1a0, 0x1a0, 0x1a0, 0x1a0, 0x1a0, 0x1a0, 0x1a0, 0x1a0,
			0x8b1, 0x8b1, 0x8b1, 0x8b1, 0x8b1, 0x8b1, 0x8b1, 0x8b1, 0x8b1, 0x8b1, 0x1a0, 0x1a0, 0x1a0, 0x1a0, 0x1a0, 0x1a0,
			0x1a0, 0xca3, 0xca3, 0xca3, 0xca3, 0xca3, 0xca3, 0x4a3, 0x4a3, 0x4a3, 0x4a3, 0x4a3, 0x4a3, 0x4a3, 0x4a3, 0x4a3,
			0x4a3, 0x4a3, 0x4a3, 0x4a3, 0x4a3, 0x4a3, 0x4a3, 0x4a3, 0x4a3, 0x4a3, 0x4a3, 0x1a0, 0x1a0, 0x1a0, 0x1a0, 0x1a0,
			0x1a0, 0x8e3, 0x8e3, 0x8e3, 0x8e3, 0x8e3, 0x8e3, 0x0e3, 0x0e3, 0x0e3, 0x0e3, 0x0e3, 0x0e3, 0x0e3, 0x0e3, 0x0e3,
			0x0e3, 0x0e3, 0x0e3, 0x0e3, 0x0e3, 0x0e3, 0x0e3, 0x0e3, 0x0e3, 0x0e3, 0x0e3, 0x1a0, 0x1a0, 0x1a0, 0x1a0, 0x008,
			0x000, 0x000, 0x000, 0x000, 0x000, 0x000, 0x000, 0x000, 0x000, 0x000, 0x000, 0x000, 0x000, 0x000, 0x000, 0x000,
			0x000, 0x000, 0x000, 0x000, 0x000, 0x000, 0x000, 0x000, 0x000, 0x000, 0x000, 0x000, 0x000, 0x000, 0x000, 0x000,
			0x000, 0x000, 0x000, 0x000, 0x000, 0x000, 0x000, 0x000, 0x000, 0x000, 0x000, 0x000, 0x000, 0x000, 0x000, 0x000,
			0x000, 0x000, 0x000, 0x000, 0x000, 0x000, 0x000, 0x000, 0x000, 0x000, 0x000, 0x000, 0x000, 0x000, 0x000, 0x000,
			0x000, 0x000, 0x000, 0x000, 0x000, 0x000, 0x000, 0x000, 0x000, 0x000, 0x000, 0x000, 0x000, 0x000, 0x000, 0x000,
			0x000, 0x000, 0x000, 0x000, 0x000, 0x000, 0x000, 0x000, 0x000, 0x000, 0x000, 0x000, 0x000, 0x000, 0x000, 0x000,
			0x000, 0x000, 0x000, 0x000, 0x000, 0x000, 0x000, 0x000, 0x000, 0x000, 0x000, 0x000, 0x000, 0x000, 0x000, 0x000,
			0x000, 0x000, 0x000, 0x000, 0x000, 0x000, 0x000, 0x000, 0x000, 0x000, 0x000, 0x000, 0x000, 0x000, 0x000, 0x000,
		},
		"ber_MA": {
			0x008, 0x008, 0x008, 0x008, 0x008, 0x008, 0x008, 0x008, 0x008, 0x20c, 0x208, 0x208, 0x208, 0x208, 0x008, 0x008,
			0x008, 0x008, 0x008, 0x008, 0x008, 0x008, 0x008, 0x008, 0x008, 0x008, 0x008, 0x008, 0x008, 0x008, 0x008, 0x008,
			0x284, 0x1a0, 0x1a0, 0x1a0, 0x1a0, 0x1a0, 0x1a0, 0x1a0, 0x1a0, 0x1a0, 0x1a0, 0x1a0, 0x1a0, 0x1a0, 0x1a0, 0x1a0,
			0x8b1, 0x8b1, 0x8b1, 0x8b1, 0x8b1, 0x8b1, 0x8b1, 0x8b1, 0x8b1, 0x8b1, 0x1a0, 0x1a0, 0x1a0, 0x1a0, 0x1a0, 0x1a0,
			0x1a0, 0xca3, 0xca3, 0xca3, 0xca3, 0xca3, 0xca3, 0x4a3, 0x4a3, 0x4a3, 0x4a3, 0x4a3, 0x4a3, 0x4a3, 0x4a3, 0x4a3,
			0x4a3, 0x4a3, 0x4a3, 0x4a3, 0x4a3, 0x4a3, 0x4a3, 0x4a3, 0x4a3, 0x4a3, 0x4a3, 0x1a0, 0x1a0, 0x1a0, 0x1a0, 0x1a0,
			0x1a0, 0x8e3, 0x8e3, 0x8e3, 0x8e3, 0x8e3, 0x8e3, 0x0e3, 0x0e3, 0x0e3, 0x0e3, 0x0e3, 0x0e3, 0x0e3, 0x0e3, 0x0e3,
			0x0e3, 0x0e3, 0x0e3, 0x0e3, 0x0e3, 0x0e3, 0x0e3, 0x0e3, 0x0e3, 0x0e3, 0x0e3, 0x1a0, 0x1a0, 0x1a0, 0x1a0, 0x008,
			0x000, 0x000, 0x000, 0x000, 0x000, 0x000, 0x000, 0x000, 0x000, 0x000, 0x000, 0x000, 0x000, 0x000, 0x000, 0x000,
			0x000, 0x000, 0x000, 0x000, 0x000, 0x000, 0x000, 0x000, 0x000, 0x000, 0x000, 0x000, 0x000, 0x000, 0x000, 0x000,
			0x000, 0x000, 0x000, 0x000, 0x000, 0x000, 0x000, 0x000, 0x000, 0x000, 0x000, 0x000, 0x000, 0x000, 0x000, 0x000,
			0x000, 0x000, 0x000, 0x000, 0x000, 0x000, 0x000, 0x000, 0x000, 0x000, 0x000, 0x000, 0x000, 0x000, 0x000, 0x000,
			0x000, 0x000, 0x000, 0x000, 0x000, 0x000, 0x000, 0x000, 0x000, 0x000, 0x000, 0x000, 0x000, 0x000, 0x000, 0x000,
			0x000, 0x000, 0x000, 0x000, 0x000, 0x000, 0x000, 0x000, 0x000, 0x000, 0x000, 0x000, 0x000, 0x000, 0x000, 0x000,
			0x000, 0x000, 0x000, 0x000, 0x000, 0x000, 0x000, 0x000, 0x000, 0x000, 0x000, 0x000, 0x000, 0x000, 0x000, 0x000,
			0x000, 0x000, 0x000, 0x000, 0x000, 0x000, 0x000, 0x000, 0x000, 0x000, 0x000, 0x000, 0x000, 0x000, 0x000, 0x000,
		},
		"bg_BG": {
			0x008, 0x008, 0x008, 0x008, 0x008, 0x008, 0x008, 0x008, 0x008, 0x20c, 0x208, 0x208, 0x208, 0x208, 0x008, 0x008,
			0x008, 0x008, 0x008, 0x008, 0x008, 0x008, 0x008, 0x008, 0x008, 0x008, 0x008, 0x008, 0x008, 0x008, 0x008, 0x008,
			0x284, 0x1a0, 0x1a0, 0x1a0, 0x1a0, 0x1a0, 0x1a0, 0x1a0, 0x1a0, 0x1a0, 0x1a0, 0x1a0, 0x1a0, 0x1a0, 0x1a0, 0x1a0,
			0x8b1, 0x8b1, 0x8b1, 0x8b1, 0x8b1, 0x8b1, 0x8b1, 0x8b1, 0x8b1, 0x8b1, 0x1a0, 0x1a0, 0x1a0, 0x1a0, 0x1a0, 0x1a0,
			0x1a0, 0xca3, 0xca3, 0xca3, 0xca3, 0xca3, 0xca3, 0x4a3, 0x4a3, 0x4a3, 0x4a3, 0x4a3, 0x4a3, 0x4a3, 0x4a3, 0x4a3,
			0x4a3, 0x4a3, 0x4a3, 0x4a3, 0x4a3, 0x4a3, 0x4a3, 0x4a3, 0x4a3, 0x4a3, 0x4a3, 0x1a0, 0x1a0, 0x1a0, 0x1a0, 0x1a0,
			0x1a0, 0x8e3, 0x8e3, 0x8e3, 0x8e3, 0x8e3, 0x8e3, 0x0e3, 0x0e3, 0x0e3, 0x0e3, 0x0e3, 0x0e3, 0x0e3, 0x0e3, 0x0e3,
			0x0e3, 0x0e3, 0x0e3, 0x0e3, 0x0e3, 0x0e3, 0x0e3, 0x0e3, 0x0e3, 0x0e3, 0x0e3, 0x1a0, 0x1a0, 0x1a0, 0x1a0, 0x008,
			0x4a3, 0x4a3, 0x1a0, 0x0e3, 0x1a0, 0x1a0, 0x1a0, 0x1a0, 0x1a0, 0x1a0, 0x4a3, 0x1a0, 0x4a3, 0x4a3, 0x4a3, 0x4a3,
			0x0e3, 0x1a0, 0x1a0, 0x1a0, 0x1a0, 0x1a0, 0x1a0, 0x1a0, 0x000, 0x1a0, 0x0e3, 0x1a0, 0x0e3, 0x0e3, 0x0e3, 0x0e3,
			0x1a0, 0x4a3, 0x0e3, 0x4a3, 0x1a0, 0x4a3, 0x1a0, 0x1a0, 0x4a3, 0x1a0, 0x4a3, 0x1a0, 0x1a0, 0x1a0, 0x1a0, 0x4a3,
			0x1a0, 0x1a0, 0x4a3, 0x0e3, 0x0e3, 0x0e3, 0x1a0, 0x1a0, 0x0e3, 0x1a0, 0x0e3, 0x1a0, 0x0e3, 0x4a3, 0x0e3, 0x0e3,
			0x4a3, 0x4a3, 0x4a3, 0x4a3, 0x4a3, 0x4a3, 0x4a3, 0x4a3, 0x4a3, 0x4a3, 0x4a3, 0x4a3, 0x4a3, 0x4a3, 0x4a3, 0x4a3,
			0x4a3, 0x4a3, 0x4a3, 0x4a3, 0x4a3, 0x4a3, 0x4a3, 0x4a3, 0x4a3, 0x4a3, 0x4a3, 0x4a3, 0x4a3, 0x4a3, 0x4a3, 0x4a3,
			0x0e3, 0x0e3, 0x0e3, 0x0e3, 0x0e3, 0x0e3, 0x0e3, 0x0e3, 0x0e3, 0x0e3, 0x0e3, 0x0e3, 0x0e3, 0x0e3, 0x0e3, 0x0e3,
			0x0e3, 0x0e3, 0x0e3, 0x0e3, 0x0e3, 0x0e3, 0x0e3, 0x0e3, 0x0e3, 0x0e3, 0x0e3, 0x0e3, 0x0e3, 0x0e3, 0x0e3, 0x0e3,
		},
		"bg_BG.utf8": {
			0x008, 0x008, 0x008, 0x008, 0x008, 0x008, 0x008, 0x008, 0x008, 0x20c, 0x208, 0x208, 0x208, 0x208, 0x008, 0x008,
			0x008, 0x008, 0x008, 0x008, 0x008, 0x008, 0x008, 0x008, 0x008, 0x008, 0x008, 0x008, 0x008, 0x008, 0x008, 0x008,
			0x284, 0x1a0, 0x1a0, 0x1a0, 0x1a0, 0x1a0, 0x1a0, 0x1a0, 0x1a0, 0x1a0, 0x1a0, 0x1a0, 0x1a0, 0x1a0, 0x1a0, 0x1a0,
			0x8b1, 0x8b1, 0x8b1, 0x8b1, 0x8b1, 0x8b1, 0x8b1, 0x8b1, 0x8b1, 0x8b1, 0x1a0, 0x1a0, 0x1a0, 0x1a0, 0x1a0, 0x1a0,
			0x1a0, 0xca3, 0xca3, 0xca3, 0xca3, 0xca3, 0xca3, 0x4a3, 0x4a3, 0x4a3, 0x4a3, 0x4a3, 0x4a3, 0x4a3, 0x4a3, 0x4a3,
			0x4a3, 0x4a3, 0x4a3, 0x4a3, 0x4a3, 0x4a3, 0x4a3, 0x4a3, 0x4a3, 0x4a3, 0x4a3, 0x1a0, 0x1a0, 0x1a0, 0x1a0, 0x1a0,
			0x1a0, 0x8e3, 0x8e3, 0x8e3, 0x8e3, 0x8e3, 0x8e3, 0x0e3, 0x0e3, 0x0e3, 0x0e3, 0x0e3, 0x0e3, 0x0e3, 0x0e3, 0x0e3,
			0x0e3, 0x0e3, 0x0e3, 0x0e3, 0x0e3, 0x0e3, 0x0e3, 0x0e3, 0x0e3, 0x0e3, 0x0e3, 0x1a0, 0x1a0, 0x1a0, 0x1a0, 0x008,
			0x000, 0x000, 0x000, 0x000, 0x000, 0x000, 0x000, 0x000, 0x000, 0x000, 0x000, 0x000, 0x000, 0x000, 0x000, 0x000,
			0x000, 0x000, 0x000, 0x000, 0x000, 0x000, 0x000, 0x000, 0x000, 0x000, 0x000, 0x000, 0x000, 0x000, 0x000, 0x000,
			0x000, 0x000, 0x000, 0x000, 0x000, 0x000, 0x000, 0x000, 0x000, 0x000, 0x000, 0x000, 0x000, 0x000, 0x000, 0x000,
			0x000, 0x000, 0x000, 0x000, 0x000, 0x000, 0x000, 0x000, 0x000, 0x000, 0x000, 0x000, 0x000, 0x000, 0x000, 0x000,
			0x000, 0x000, 0x000, 0x000, 0x000, 0x000, 0x000, 0x000, 0x000, 0x000, 0x000, 0x000, 0x000, 0x000, 0x000, 0x000,
			0x000, 0x000, 0x000, 0x000, 0x000, 0x000, 0x000, 0x000, 0x000, 0x000, 0x000, 0x000, 0x000, 0x000, 0x000, 0x000,
			0x000, 0x000, 0x000, 0x000, 0x000, 0x000, 0x000, 0x000, 0x000, 0x000, 0x000, 0x000, 0x000, 0x000, 0x000, 0x000,
			0x000, 0x000, 0x000, 0x000, 0x000, 0x000, 0x000, 0x000, 0x000, 0x000, 0x000, 0x000, 0x000, 0x000, 0x000, 0x000,
		},
		"bhb_IN.utf8": {
			0x008, 0x008, 0x008, 0x008, 0x008, 0x008, 0x008, 0x008, 0x008, 0x20c, 0x208, 0x208, 0x208, 0x208, 0x008, 0x008,
			0x008, 0x008, 0x008, 0x008, 0x008, 0x008, 0x008, 0x008, 0x008, 0x008, 0x008, 0x008, 0x008, 0x008, 0x008, 0x008,
			0x284, 0x1a0, 0x1a0, 0x1a0, 0x1a0, 0x1a0, 0x1a0, 0x1a0, 0x1a0, 0x1a0, 0x1a0, 0x1a0, 0x1a0, 0x1a0, 0x1a0, 0x1a0,
			0x8b1, 0x8b1, 0x8b1, 0x8b1, 0x8b1, 0x8b1, 0x8b1, 0x8b1, 0x8b1, 0x8b1, 0x1a0, 0x1a0, 0x1a0, 0x1a0, 0x1a0, 0x1a0,
			0x1a0, 0xca3, 0xca3, 0xca3, 0xca3, 0xca3, 0xca3, 0x4a3, 0x4a3, 0x4a3, 0x4a3, 0x4a3, 0x4a3, 0x4a3, 0x4a3, 0x4a3,
			0x4a3, 0x4a3, 0x4a3, 0x4a3, 0x4a3, 0x4a3, 0x4a3, 0x4a3, 0x4a3, 0x4a3, 0x4a3, 0x1a0, 0x1a0, 0x1a0, 0x1a0, 0x1a0,
			0x1a0, 0x8e3, 0x8e3, 0x8e3, 0x8e3, 0x8e3, 0x8e3, 0x0e3, 0x0e3, 0x0e3, 0x0e3, 0x0e3, 0x0e3, 0x0e3, 0x0e3, 0x0e3,
			0x0e3, 0x0e3, 0x0e3, 0x0e3, 0x0e3, 0x0e3, 0x0e3, 0x0e3, 0x0e3, 0x0e3, 0x0e3, 0x1a0, 0x1a0, 0x1a0, 0x1a0, 0x008,
			0x000, 0x000, 0x000, 0x000, 0x000, 0x000, 0x000, 0x000, 0x000, 0x000, 0x000, 0x000, 0x000, 0x000, 0x000, 0x000,
			0x000, 0x000, 0x000, 0x000, 0x000, 0x000, 0x000, 0x000, 0x000, 0x000, 0x000, 0x000, 0x000, 0x000, 0x000, 0x000,
			0x000, 0x000, 0x000, 0x000, 0x000, 0x000, 0x000, 0x000, 0x000, 0x000, 0x000, 0x000, 0x000, 0x000, 0x000, 0x000,
			0x000, 0x000, 0x000, 0x000, 0x000, 0x000, 0x000, 0x000, 0x000, 0x000, 0x000, 0x000, 0x000, 0x000, 0x000, 0x000,
			0x000, 0x000, 0x000, 0x000, 0x000, 0x000, 0x000, 0x000, 0x000, 0x000, 0x000, 0x000, 0x000, 0x000, 0x000, 0x000,
			0x000, 0x000, 0x000, 0x000, 0x000, 0x000, 0x000, 0x000, 0x000, 0x000, 0x000, 0x000, 0x000, 0x000, 0x000, 0x000,
			0x000, 0x000, 0x000, 0x000, 0x000, 0x000, 0x000, 0x000, 0x000, 0x000, 0x000, 0x000, 0x000, 0x000, 0x000, 0x000,
			0x000, 0x000, 0x000, 0x000, 0x000, 0x000, 0x000, 0x000, 0x000, 0x000, 0x000, 0x000, 0x000, 0x000, 0x000, 0x000,
		},
		"bho_IN": {
			0x008, 0x008, 0x008, 0x008, 0x008, 0x008, 0x008, 0x008, 0x008, 0x20c, 0x208, 0x208, 0x208, 0x208, 0x008, 0x008,
			0x008, 0x008, 0x008, 0x008, 0x008, 0x008, 0x008, 0x008, 0x008, 0x008, 0x008, 0x008, 0x008, 0x008, 0x008, 0x008,
			0x284, 0x1a0, 0x1a0, 0x1a0, 0x1a0, 0x1a0, 0x1a0, 0x1a0, 0x1a0, 0x1a0, 0x1a0, 0x1a0, 0x1a0, 0x1a0, 0x1a0, 0x1a0,
			0x8b1, 0x8b1, 0x8b1, 0x8b1, 0x8b1, 0x8b1, 0x8b1, 0x8b1, 0x8b1, 0x8b1, 0x1a0, 0x1a0, 0x1a0, 0x1a0, 0x1a0, 0x1a0,
			0x1a0, 0xca3, 0xca3, 0xca3, 0xca3, 0xca3, 0xca3, 0x4a3, 0x4a3, 0x4a3, 0x4a3, 0x4a3, 0x4a3, 0x4a3, 0x4a3, 0x4a3,
			0x4a3, 0x4a3, 0x4a3, 0x4a3, 0x4a3, 0x4a3, 0x4a3, 0x4a3, 0x4a3, 0x4a3, 0x4a3, 0x1a0, 0x1a0, 0x1a0, 0x1a0, 0x1a0,
			0x1a0, 0x8e3, 0x8e3, 0x8e3, 0x8e3, 0x8e3, 0x8e3, 0x0e3, 0x0e3, 0x0e3, 0x0e3, 0x0e3, 0x0e3, 0x0e3, 0x0e3, 0x0e3,
			0x0e3, 0x0e3, 0x0e3, 0x0e3, 0x0e3, 0x0e3, 0x0e3, 0x0e3, 0x0e3, 0x0e3, 0x0e3, 0x1a0, 0x1a0, 0x1a0, 0x1a0, 0x008,
			0x000, 0x000, 0x000, 0x000, 0x000, 0x000, 0x000, 0x000, 0x000, 0x000, 0x000, 0x000, 0x000, 0x000, 0x000, 0x000,
			0x000, 0x000, 0x000, 0x000, 0x000, 0x000, 0x000, 0x000, 0x000, 0x000, 0x000, 0x000, 0x000, 0x000, 0x000, 0x000,
			0x000, 0x000, 0x000, 0x000, 0x000, 0x000, 0x000, 0x000, 0x000, 0x000, 0x000, 0x000, 0x000, 0x000, 0x000, 0x000,
			0x000, 0x000, 0x000, 0x000, 0x000, 0x000, 0x000, 0x000, 0x000, 0x000, 0x000, 0x000, 0x000, 0x000, 0x000, 0x000,
			0x000, 0x000, 0x000, 0x000, 0x000, 0x000, 0x000, 0x000, 0x000, 0x000, 0x000, 0x000, 0x000, 0x000, 0x000, 0x000,
			0x000, 0x000, 0x000, 0x000, 0x000, 0x000, 0x000, 0x000, 0x000, 0x000, 0x000, 0x000, 0x000, 0x000, 0x000, 0x000,
			0x000, 0x000, 0x000, 0x000, 0x000, 0x000, 0x000, 0x000, 0x000, 0x000, 0x000, 0x000, 0x000, 0x000, 0x000, 0x000,
			0x000, 0x000, 0x000, 0x000, 0x000, 0x000, 0x000, 0x000, 0x000, 0x000, 0x000, 0x000, 0x000, 0x000, 0x000, 0x000,
		},
		"bi_VU": {
			0x008, 0x008, 0x008, 0x008, 0x008, 0x008, 0x008, 0x008, 0x008, 0x20c, 0x208, 0x208, 0x208, 0x208, 0x008, 0x008,
			0x008, 0x008, 0x008, 0x008, 0x008, 0x008, 0x008, 0x008, 0x008, 0x008, 0x008, 0x008, 0x008, 0x008, 0x008, 0x008,
			0x284, 0x1a0, 0x1a0, 0x1a0, 0x1a0, 0x1a0, 0x1a0, 0x1a0, 0x1a0, 0x1a0, 0x1a0, 0x1a0, 0x1a0, 0x1a0, 0x1a0, 0x1a0,
			0x8b1, 0x8b1, 0x8b1, 0x8b1, 0x8b1, 0x8b1, 0x8b1, 0x8b1, 0x8b1, 0x8b1, 0x1a0, 0x1a0, 0x1a0, 0x1a0, 0x1a0, 0x1a0,
			0x1a0, 0xca3, 0xca3, 0xca3, 0xca3, 0xca3, 0xca3, 0x4a3, 0x4a3, 0x4a3, 0x4a3, 0x4a3, 0x4a3, 0x4a3, 0x4a3, 0x4a3,
			0x4a3, 0x4a3, 0x4a3, 0x4a3, 0x4a3, 0x4a3, 0x4a3, 0x4a3, 0x4a3, 0x4a3, 0x4a3, 0x1a0, 0x1a0, 0x1a0, 0x1a0, 0x1a0,
			0x1a0, 0x8e3, 0x8e3, 0x8e3, 0x8e3, 0x8e3, 0x8e3, 0x0e3, 0x0e3, 0x0e3, 0x0e3, 0x0e3, 0x0e3, 0x0e3, 0x0e3, 0x0e3,
			0x0e3, 0x0e3, 0x0e3, 0x0e3, 0x0e3, 0x0e3, 0x0e3, 0x0e3, 0x0e3, 0x0e3, 0x0e3, 0x1a0, 0x1a0, 0x1a0, 0x1a0, 0x008,
			0x000, 0x000, 0x000, 0x000, 0x000, 0x000, 0x000, 0x000, 0x000, 0x000, 0x000, 0x000, 0x000, 0x000, 0x000, 0x000,
			0x000, 0x000, 0x000, 0x000, 0x000, 0x000, 0x000, 0x000, 0x000, 0x000, 0x000, 0x000, 0x000, 0x000, 0x000, 0x000,
			0x000, 0x000, 0x000, 0x000, 0x000, 0x000, 0x000, 0x000, 0x000, 0x000, 0x000, 0x000, 0x000, 0x000, 0x000, 0x000,
			0x000, 0x000, 0x000, 0x000, 0x000, 0x000, 0x000, 0x000, 0x000, 0x000, 0x000, 0x000, 0x000, 0x000, 0x000, 0x000,
			0x000, 0x000, 0x000, 0x000, 0x000, 0x000, 0x000, 0x000, 0x000, 0x000, 0x000, 0x000, 0x000, 0x000, 0x000, 0x000,
			0x000, 0x000, 0x000, 0x000, 0x000, 0x000, 0x000, 0x000, 0x000, 0x000, 0x000, 0x000, 0x000, 0x000, 0x000, 0x000,
			0x000, 0x000, 0x000, 0x000, 0x000, 0x000, 0x000, 0x000, 0x000, 0x000, 0x000, 0x000, 0x000, 0x000, 0x000, 0x000,
			0x000, 0x000, 0x000, 0x000, 0x000, 0x000, 0x000, 0x000, 0x000, 0x000, 0x000, 0x000, 0x000, 0x000, 0x000, 0x000,
		},
		"bn_BD": {
			0x008, 0x008, 0x008, 0x008, 0x008, 0x008, 0x008, 0x008, 0x008, 0x20c, 0x208, 0x208, 0x208, 0x208, 0x008, 0x008,
			0x008, 0x008, 0x008, 0x008, 0x008, 0x008, 0x008, 0x008, 0x008, 0x008, 0x008, 0x008, 0x008, 0x008, 0x008, 0x008,
			0x284, 0x1a0, 0x1a0, 0x1a0, 0x1a0, 0x1a0, 0x1a0, 0x1a0, 0x1a0, 0x1a0, 0x1a0, 0x1a0, 0x1a0, 0x1a0, 0x1a0, 0x1a0,
			0x8b1, 0x8b1, 0x8b1, 0x8b1, 0x8b1, 0x8b1, 0x8b1, 0x8b1, 0x8b1, 0x8b1, 0x1a0, 0x1a0, 0x1a0, 0x1a0, 0x1a0, 0x1a0,
			0x1a0, 0xca3, 0xca3, 0xca3, 0xca3, 0xca3, 0xca3, 0x4a3, 0x4a3, 0x4a3, 0x4a3, 0x4a3, 0x4a3, 0x4a3, 0x4a3, 0x4a3,
			0x4a3, 0x4a3, 0x4a3, 0x4a3, 0x4a3, 0x4a3, 0x4a3, 0x4a3, 0x4a3, 0x4a3, 0x4a3, 0x1a0, 0x1a0, 0x1a0, 0x1a0, 0x1a0,
			0x1a0, 0x8e3, 0x8e3, 0x8e3, 0x8e3, 0x8e3, 0x8e3, 0x0e3, 0x0e3, 0x0e3, 0x0e3, 0x0e3, 0x0e3, 0x0e3, 0x0e3, 0x0e3,
			0x0e3, 0x0e3, 0x0e3, 0x0e3, 0x0e3, 0x0e3, 0x0e3, 0x0e3, 0x0e3, 0x0e3, 0x0e3, 0x1a0, 0x1a0, 0x1a0, 0x1a0, 0x008,
			0x000, 0x000, 0x000, 0x000, 0x000, 0x000, 0x000, 0x000, 0x000, 0x000, 0x000, 0x000, 0x000, 0x000, 0x000, 0x000,
			0x000, 0x000, 0x000, 0x000, 0x000, 0x000, 0x000, 0x000, 0x000, 0x000, 0x000, 0x000, 0x000, 0x000, 0x000, 0x000,
			0x000, 0x000, 0x000, 0x000, 0x000, 0x000, 0x000, 0x000, 0x000, 0x000, 0x000, 0x000, 0x000, 0x000, 0x000, 0x000,
			0x000, 0x000, 0x000, 0x000, 0x000, 0x000, 0x000, 0x000, 0x000, 0x000, 0x000, 0x000, 0x000, 0x000, 0x000, 0x000,
			0x000, 0x000, 0x000, 0x000, 0x000, 0x000, 0x000, 0x000, 0x000, 0x000, 0x000, 0x000, 0x000, 0x000, 0x000, 0x000,
			0x000, 0x000, 0x000, 0x000, 0x000, 0x000, 0x000, 0x000, 0x000, 0x000, 0x000, 0x000, 0x000, 0x000, 0x000, 0x000,
			0x000, 0x000, 0x000, 0x000, 0x000, 0x000, 0x000, 0x000, 0x000, 0x000, 0x000, 0x000, 0x000, 0x000, 0x000, 0x000,
			0x000, 0x000, 0x000, 0x000, 0x000, 0x000, 0x000, 0x000, 0x000, 0x000, 0x000, 0x000, 0x000, 0x000, 0x000, 0x000,
		},
		"bn_IN": {
			0x008, 0x008, 0x008, 0x008, 0x008, 0x008, 0x008, 0x008, 0x008, 0x20c, 0x208, 0x208, 0x208, 0x208, 0x008, 0x008,
			0x008, 0x008, 0x008, 0x008, 0x008, 0x008, 0x008, 0x008, 0x008, 0x008, 0x008, 0x008, 0x008, 0x008, 0x008, 0x008,
			0x284, 0x1a0, 0x1a0, 0x1a0, 0x1a0, 0x1a0, 0x1a0, 0x1a0, 0x1a0, 0x1a0, 0x1a0, 0x1a0, 0x1a0, 0x1a0, 0x1a0, 0x1a0,
			0x8b1, 0x8b1, 0x8b1, 0x8b1, 0x8b1, 0x8b1, 0x8b1, 0x8b1, 0x8b1, 0x8b1, 0x1a0, 0x1a0, 0x1a0, 0x1a0, 0x1a0, 0x1a0,
			0x1a0, 0xca3, 0xca3, 0xca3, 0xca3, 0xca3, 0xca3, 0x4a3, 0x4a3, 0x4a3, 0x4a3, 0x4a3, 0x4a3, 0x4a3, 0x4a3, 0x4a3,
			0x4a3, 0x4a3, 0x4a3, 0x4a3, 0x4a3, 0x4a3, 0x4a3, 0x4a3, 0x4a3, 0x4a3, 0x4a3, 0x1a0, 0x1a0, 0x1a0, 0x1a0, 0x1a0,
			0x1a0, 0x8e3, 0x8e3, 0x8e3, 0x8e3, 0x8e3, 0x8e3, 0x0e3, 0x0e3, 0x0e3, 0x0e3, 0x0e3, 0x0e3, 0x0e3, 0x0e3, 0x0e3,
			0x0e3, 0x0e3, 0x0e3, 0x0e3, 0x0e3, 0x0e3, 0x0e3, 0x0e3, 0x0e3, 0x0e3, 0x0e3, 0x1a0, 0x1a0, 0x1a0, 0x1a0, 0x008,
			0x000, 0x000, 0x000, 0x000, 0x000, 0x000, 0x000, 0x000, 0x000, 0x000, 0x000, 0x000, 0x000, 0x000, 0x000, 0x000,
			0x000, 0x000, 0x000, 0x000, 0x000, 0x000, 0x000, 0x000, 0x000, 0x000, 0x000, 0x000, 0x000, 0x000, 0x000, 0x000,
			0x000, 0x000, 0x000, 0x000, 0x000, 0x000, 0x000, 0x000, 0x000, 0x000, 0x000, 0x000, 0x000, 0x000, 0x000, 0x000,
			0x000, 0x000, 0x000, 0x000, 0x000, 0x000, 0x000, 0x000, 0x000, 0x000, 0x000, 0x000, 0x000, 0x000, 0x000, 0x000,
			0x000, 0x000, 0x000, 0x000, 0x000, 0x000, 0x000, 0x000, 0x000, 0x000, 0x000, 0x000, 0x000, 0x000, 0x000, 0x000,
			0x000, 0x000, 0x000, 0x000, 0x000, 0x000, 0x000, 0x000, 0x000, 0x000, 0x000, 0x000, 0x000, 0x000, 0x000, 0x000,
			0x000, 0x000, 0x000, 0x000, 0x000, 0x000, 0x000, 0x000, 0x000, 0x000, 0x000, 0x000, 0x000, 0x000, 0x000, 0x000,
			0x000, 0x000, 0x000, 0x000, 0x000, 0x000, 0x000, 0x000, 0x000, 0x000, 0x000, 0x000, 0x000, 0x000, 0x000, 0x000,
		},
		"bo_CN": {
			0x008, 0x008, 0x008, 0x008, 0x008, 0x008, 0x008, 0x008, 0x008, 0x20c, 0x208, 0x208, 0x208, 0x208, 0x008, 0x008,
			0x008, 0x008, 0x008, 0x008, 0x008, 0x008, 0x008, 0x008, 0x008, 0x008, 0x008, 0x008, 0x008, 0x008, 0x008, 0x008,
			0x284, 0x1a0, 0x1a0, 0x1a0, 0x1a0, 0x1a0, 0x1a0, 0x1a0, 0x1a0, 0x1a0, 0x1a0, 0x1a0, 0x1a0, 0x1a0, 0x1a0, 0x1a0,
			0x8b1, 0x8b1, 0x8b1, 0x8b1, 0x8b1, 0x8b1, 0x8b1, 0x8b1, 0x8b1, 0x8b1, 0x1a0, 0x1a0, 0x1a0, 0x1a0, 0x1a0, 0x1a0,
			0x1a0, 0xca3, 0xca3, 0xca3, 0xca3, 0xca3, 0xca3, 0x4a3, 0x4a3, 0x4a3, 0x4a3, 0x4a3, 0x4a3, 0x4a3, 0x4a3, 0x4a3,
			0x4a3, 0x4a3, 0x4a3, 0x4a3, 0x4a3, 0x4a3, 0x4a3, 0x4a3, 0x4a3, 0x4a3, 0x4a3, 0x1a0, 0x1a0, 0x1a0, 0x1a0, 0x1a0,
			0x1a0, 0x8e3, 0x8e3, 0x8e3, 0x8e3, 0x8e3, 0x8e3, 0x0e3, 0x0e3, 0x0e3, 0x0e3, 0x0e3, 0x0e3, 0x0e3, 0x0e3, 0x0e3,
			0x0e3, 0x0e3, 0x0e3, 0x0e3, 0x0e3, 0x0e3, 0x0e3, 0x0e3, 0x0e3, 0x0e3, 0x0e3, 0x1a0, 0x1a0, 0x1a0, 0x1a0, 0x008,
			0x000, 0x000, 0x000, 0x000, 0x000, 0x000, 0x000, 0x000, 0x000, 0x000, 0x000, 0x000, 0x000, 0x000, 0x000, 0x000,
			0x000, 0x000, 0x000, 0x000, 0x000, 0x000, 0x000, 0x000, 0x000, 0x000, 0x000, 0x000, 0x000, 0x000, 0x000, 0x000,
			0x000, 0x000, 0x000, 0x000, 0x000, 0x000, 0x000, 0x000, 0x000, 0x000, 0x000, 0x000, 0x000, 0x000, 0x000, 0x000,
			0x000, 0x000, 0x000, 0x000, 0x000, 0x000, 0x000, 0x000, 0x000, 0x000, 0x000, 0x000, 0x000, 0x000, 0x000, 0x000,
			0x000, 0x000, 0x000, 0x000, 0x000, 0x000, 0x000, 0x000, 0x000, 0x000, 0x000, 0x000, 0x000, 0x000, 0x000, 0x000,
			0x000, 0x000, 0x000, 0x000, 0x000, 0x000, 0x000, 0x000, 0x000, 0x000, 0x000, 0x000, 0x000, 0x000, 0x000, 0x000,
			0x000, 0x000, 0x000, 0x000, 0x000, 0x000, 0x000, 0x000, 0x000, 0x000, 0x000, 0x000, 0x000, 0x000, 0x000, 0x000,
			0x000, 0x000, 0x000, 0x000, 0x000, 0x000, 0x000, 0x000, 0x000, 0x000, 0x000, 0x000, 0x000, 0x000, 0x000, 0x000,
		},
		"bo_IN": {
			0x008, 0x008, 0x008, 0x008, 0x008, 0x008, 0x008, 0x008, 0x008, 0x20c, 0x208, 0x208, 0x208, 0x208, 0x008, 0x008,
			0x008, 0x008, 0x008, 0x008, 0x008, 0x008, 0x008, 0x008, 0x008, 0x008, 0x008, 0x008, 0x008, 0x008, 0x008, 0x008,
			0x284, 0x1a0, 0x1a0, 0x1a0, 0x1a0, 0x1a0, 0x1a0, 0x1a0, 0x1a0, 0x1a0, 0x1a0, 0x1a0, 0x1a0, 0x1a0, 0x1a0, 0x1a0,
			0x8b1, 0x8b1, 0x8b1, 0x8b1, 0x8b1, 0x8b1, 0x8b1, 0x8b1, 0x8b1, 0x8b1, 0x1a0, 0x1a0, 0x1a0, 0x1a0, 0x1a0, 0x1a0,
			0x1a0, 0xca3, 0xca3, 0xca3, 0xca3, 0xca3, 0xca3, 0x4a3, 0x4a3, 0x4a3, 0x4a3, 0x4a3, 0x4a3, 0x4a3, 0x4a3, 0x4a3,
			0x4a3, 0x4a3, 0x4a3, 0x4a3, 0x4a3, 0x4a3, 0x4a3, 0x4a3, 0x4a3, 0x4a3, 0x4a3, 0x1a0, 0x1a0, 0x1a0, 0x1a0, 0x1a0,
			0x1a0, 0x8e3, 0x8e3, 0x8e3, 0x8e3, 0x8e3, 0x8e3, 0x0e3, 0x0e3, 0x0e3, 0x0e3, 0x0e3, 0x0e3, 0x0e3, 0x0e3, 0x0e3,
			0x0e3, 0x0e3, 0x0e3, 0x0e3, 0x0e3, 0x0e3, 0x0e3, 0x0e3, 0x0e3, 0x0e3, 0x0e3, 0x1a0, 0x1a0, 0x1a0, 0x1a0, 0x008,
			0x000, 0x000, 0x000, 0x000, 0x000, 0x000, 0x000, 0x000, 0x000, 0x000, 0x000, 0x000, 0x000, 0x000, 0x000, 0x000,
			0x000, 0x000, 0x000, 0x000, 0x000, 0x000, 0x000, 0x000, 0x000, 0x000, 0x000, 0x000, 0x000, 0x000, 0x000, 0x000,
			0x000, 0x000, 0x000, 0x000, 0x000, 0x000, 0x000, 0x000, 0x000, 0x000, 0x000, 0x000, 0x000, 0x000, 0x000, 0x000,
			0x000, 0x000, 0x000, 0x000, 0x000, 0x000, 0x000, 0x000, 0x000, 0x000, 0x000, 0x000, 0x000, 0x000, 0x000, 0x000,
			0x000, 0x000, 0x000, 0x000, 0x000, 0x000, 0x000, 0x000, 0x000, 0x000, 0x000, 0x000, 0x000, 0x000, 0x000, 0x000,
			0x000, 0x000, 0x000, 0x000, 0x000, 0x000, 0x000, 0x000, 0x000, 0x000, 0x000, 0x000, 0x000, 0x000, 0x000, 0x000,
			0x000, 0x000, 0x000, 0x000, 0x000, 0x000, 0x000, 0x000, 0x000, 0x000, 0x000, 0x000, 0x000, 0x000, 0x000, 0x000,
			0x000, 0x000, 0x000, 0x000, 0x000, 0x000, 0x000, 0x000, 0x000, 0x000, 0x000, 0x000, 0x000, 0x000, 0x000, 0x000,
		},
		"br_FR": {
			0x008, 0x008, 0x008, 0x008, 0x008, 0x008, 0x008, 0x008, 0x008, 0x20c, 0x208, 0x208, 0x208, 0x208, 0x008, 0x008,
			0x008, 0x008, 0x008, 0x008, 0x008, 0x008, 0x008, 0x008, 0x008, 0x008, 0x008, 0x008, 0x008, 0x008, 0x008, 0x008,
			0x284, 0x1a0, 0x1a0, 0x1a0, 0x1a0, 0x1a0, 0x1a0, 0x1a0, 0x1a0, 0x1a0, 0x1a0, 0x1a0, 0x1a0, 0x1a0, 0x1a0, 0x1a0,
			0x8b1, 0x8b1, 0x8b1, 0x8b1, 0x8b1, 0x8b1, 0x8b1, 0x8b1, 0x8b1, 0x8b1, 0x1a0, 0x1a0, 0x1a0, 0x1a0, 0x1a0, 0x1a0,
			0x1a0, 0xca3, 0xca3, 0xca3, 0xca3, 0xca3, 0xca3, 0x4a3, 0x4a3, 0x4a3, 0x4a3, 0x4a3, 0x4a3, 0x4a3, 0x4a3, 0x4a3,
			0x4a3, 0x4a3, 0x4a3, 0x4a3, 0x4a3, 0x4a3, 0x4a3, 0x4a3, 0x4a3, 0x4a3, 0x4a3, 0x1a0, 0x1a0, 0x1a0, 0x1a0, 0x1a0,
			0x1a0, 0x8e3, 0x8e3, 0x8e3, 0x8e3, 0x8e3, 0x8e3, 0x0e3, 0x0e3, 0x0e3, 0x0e3, 0x0e3, 0x0e3, 0x0e3, 0x0e3, 0x0e3,
			0x0e3, 0x0e3, 0x0e3, 0x0e3, 0x0e3, 0x0e3, 0x0e3, 0x0e3, 0x0e3, 0x0e3, 0x0e3, 0x1a0, 0x1a0, 0x1a0, 0x1a0, 0x008,
			0x008, 0x008, 0x008, 0x008, 0x008, 0x008, 0x008, 0x008, 0x008, 0x008, 0x008, 0x008, 0x008, 0x008, 0x008, 0x008,
			0x008, 0x008, 0x008, 0x008, 0x008, 0x008, 0x008, 0x008, 0x008, 0x008, 0x008, 0x008, 0x008, 0x008, 0x008, 0x008,
			0x1a0, 0x1a0, 0x1a0, 0x1a0, 0x1a0, 0x1a0, 0x1a0, 0x1a0, 0x1a0, 0x1a0, 0x0e3, 0x1a0, 0x1a0, 0x1a0, 0x1a0, 0x1a0,
			0x1a0, 0x1a0, 0x1a0, 0x1a0, 0x1a0, 0x0e3, 0x1a0, 0x1a0, 0x1a0, 0x1a0, 0x0e3, 0x1a0, 0x1a0, 0x1a0, 0x1a0, 0x1a0,
			0x4a3, 0x4a3, 0x4a3, 0x4a3, 0x4a3, 0x4a3, 0x4a3, 0x4a3, 0x4a3, 0x4a3, 0x4a3, 0x4a3, 0x4a3, 0x4a3, 0x4a3, 0x4a3,
			0x4a3, 0x4a3, 0x4a3, 0x4a3, 0x4a3, 0x4a3, 0x4a3, 0x1a0, 0x4a3, 0x4a3, 0x4a3, 0x4a3, 0x4a3, 0x4a3, 0x4a3, 0x0e3,
			0x0e3, 0x0e3, 0x0e3, 0x0e3, 0x0e3, 0x0e3, 0x0e3, 0x0e3, 0x0e3, 0x0e3, 0x0e3, 0x0e3, 0x0e3, 0x0e3, 0x0e3, 0x0e3,
			0x0e3, 0x0e3, 0x0e3, 0x0e3, 0x0e3, 0x0e3, 0x0e3, 0x1a0, 0x0e3, 0x0e3, 0x0e3, 0x0e3, 0x0e3, 0x0e3, 0x0e3, 0x0e3,
		},
		"br_FR.utf8": {
			0x008, 0x008, 0x008, 0x008, 0x008, 0x008, 0x008, 0x008, 0x008, 0x20c, 0x208, 0x208, 0x208, 0x208, 0x008, 0x008,
			0x008, 0x008, 0x008, 0x008, 0x008, 0x008, 0x008, 0x008, 0x008, 0x008, 0x008, 0x008, 0x008, 0x008, 0x008, 0x008,
			0x284, 0x1a0, 0x1a0, 0x1a0, 0x1a0, 0x1a0, 0x1a0, 0x1a0, 0x1a0, 0x1a0, 0x1a0, 0x1a0, 0x1a0, 0x1a0, 0x1a0, 0x1a0,
			0x8b1, 0x8b1, 0x8b1, 0x8b1, 0x8b1, 0x8b1, 0x8b1, 0x8b1, 0x8b1, 0x8b1, 0x1a0, 0x1a0, 0x1a0, 0x1a0, 0x1a0, 0x1a0,
			0x1a0, 0xca3, 0xca3, 0xca3, 0xca3, 0xca3, 0xca3, 0x4a3, 0x4a3, 0x4a3, 0x4a3, 0x4a3, 0x4a3, 0x4a3, 0x4a3, 0x4a3,
			0x4a3, 0x4a3, 0x4a3, 0x4a3, 0x4a3, 0x4a3, 0x4a3, 0x4a3, 0x4a3, 0x4a3, 0x4a3, 0x1a0, 0x1a0, 0x1a0, 0x1a0, 0x1a0,
			0x1a0, 0x8e3, 0x8e3, 0x8e3, 0x8e3, 0x8e3, 0x8e3, 0x0e3, 0x0e3, 0x0e3, 0x0e3, 0x0e3, 0x0e3, 0x0e3, 0x0e3, 0x0e3,
			0x0e3, 0x0e3, 0x0e3, 0x0e3, 0x0e3, 0x0e3, 0x0e3, 0x0e3, 0x0e3, 0x0e3, 0x0e3, 0x1a0, 0x1a0, 0x1a0, 0x1a0, 0x008,
			0x000, 0x000, 0x000, 0x000, 0x000, 0x000, 0x000, 0x000, 0x000, 0x000, 0x000, 0x000, 0x000, 0x000, 0x000, 0x000,
			0x000, 0x000, 0x000, 0x000, 0x000, 0x000, 0x000, 0x000, 0x000, 0x000, 0x000, 0x000, 0x000, 0x000, 0x000, 0x000,
			0x000, 0x000, 0x000, 0x000, 0x000, 0x000, 0x000, 0x000, 0x000, 0x000, 0x000, 0x000, 0x000, 0x000, 0x000, 0x000,
			0x000, 0x000, 0x000, 0x000, 0x000, 0x000, 0x000, 0x000, 0x000, 0x000, 0x000, 0x000, 0x000, 0x000, 0x000, 0x000,
			0x000, 0x000, 0x000, 0x000, 0x000, 0x000, 0x000, 0x000, 0x000, 0x000, 0x000, 0x000, 0x000, 0x000, 0x000, 0x000,
			0x000, 0x000, 0x000, 0x000, 0x000, 0x000, 0x000, 0x000, 0x000, 0x000, 0x000, 0x000, 0x000, 0x000, 0x000, 0x000,
			0x000, 0x000, 0x000, 0x000, 0x000, 0x000, 0x000, 0x000, 0x000, 0x000, 0x000, 0x000, 0x000, 0x000, 0x000, 0x000,
			0x000, 0x000, 0x000, 0x000, 0x000, 0x000, 0x000, 0x000, 0x000, 0x000, 0x000, 0x000, 0x000, 0x000, 0x000, 0x000,
		},
		"br_FR@euro": {
			0x008, 0x008, 0x008, 0x008, 0x008, 0x008, 0x008, 0x008, 0x008, 0x20c, 0x208, 0x208, 0x208, 0x208, 0x008, 0x008,
			0x008, 0x008, 0x008, 0x008, 0x008, 0x008, 0x008, 0x008, 0x008, 0x008, 0x008, 0x008, 0x008, 0x008, 0x008, 0x008,
			0x284, 0x1a0, 0x1a0, 0x1a0, 0x1a0, 0x1a0, 0x1a0, 0x1a0, 0x1a0, 0x1a0, 0x1a0, 0x1a0, 0x1a0, 0x1a0, 0x1a0, 0x1a0,
			0x8b1, 0x8b1, 0x8b1, 0x8b1, 0x8b1, 0x8b1, 0x8b1, 0x8b1, 0x8b1, 0x8b1, 0x1a0, 0x1a0, 0x1a0, 0x1a0, 0x1a0, 0x1a0,
			0x1a0, 0xca3, 0xca3, 0xca3, 0xca3, 0xca3, 0xca3, 0x4a3, 0x4a3, 0x4a3, 0x4a3, 0x4a3, 0x4a3, 0x4a3, 0x4a3, 0x4a3,
			0x4a3, 0x4a3, 0x4a3, 0x4a3, 0x4a3, 0x4a3, 0x4a3, 0x4a3, 0x4a3, 0x4a3, 0x4a3, 0x1a0, 0x1a0, 0x1a0, 0x1a0, 0x1a0,
			0x1a0, 0x8e3, 0x8e3, 0x8e3, 0x8e3, 0x8e3, 0x8e3, 0x0e3, 0x0e3, 0x0e3, 0x0e3, 0x0e3, 0x0e3, 0x0e3, 0x0e3, 0x0e3,
			0x0e3, 0x0e3, 0x0e3, 0x0e3, 0x0e3, 0x0e3, 0x0e3, 0x0e3, 0x0e3, 0x0e3, 0x0e3, 0x1a0, 0x1a0, 0x1a0, 0x1a0, 0x008,
			0x008, 0x008, 0x008, 0x008, 0x008, 0x008, 0x008, 0x008, 0x008, 0x008, 0x008, 0x008, 0x008, 0x008, 0x008, 0x008,
			0x008, 0x008, 0x008, 0x008, 0x008, 0x008, 0x008, 0x008, 0x008, 0x008, 0x008, 0x008, 0x008, 0x008, 0x008, 0x008,
			0x1a0, 0x1a0, 0x1a0, 0x1a0, 0x1a0, 0x1a0, 0x4a3, 0x1a0, 0x0e3, 0x1a0, 0x0e3, 0x1a0, 0x1a0, 0x1a0, 0x1a0, 0x1a0,
			0x1a0, 0x1a0, 0x1a0, 0x1a0, 0x4a3, 0x0e3, 0x1a0, 0x1a0, 0x0e3, 0x1a0, 0x0e3, 0x1a0, 0x4a3, 0x0e3, 0x4a3, 0x1a0,
			0x4a3, 0x4a3, 0x4a3, 0x4a3, 0x4a3, 0x4a3, 0x4a3, 0x4a3, 0x4a3, 0x4a3, 0x4a3, 0x4a3, 0x4a3, 0x4a3, 0x4a3, 0x4a3,
			0x4a3, 0x4a3, 0x4a3, 0x4a3, 0x4a3, 0x4a3, 0x4a3, 0x1a0, 0x4a3, 0x4a3, 0x4a3, 0x4a3, 0x4a3, 0x4a3, 0x4a3, 0x0e3,
			0x0e3, 0x0e3, 0x0e3, 0x0e3, 0x0e3, 0x0e3, 0x0e3, 0x0e3, 0x0e3, 0x0e3, 0x0e3, 0x0e3, 0x0e3, 0x0e3, 0x0e3, 0x0e3,
			0x0e3, 0x0e3, 0x0e3, 0x0e3, 0x0e3, 0x0e3, 0x0e3, 0x1a0, 0x0e3, 0x0e3, 0x0e3, 0x0e3, 0x0e3, 0x0e3, 0x0e3, 0x0e3,
		},
		"brx_IN": {
			0x008, 0x008, 0x008, 0x008, 0x008, 0x008, 0x008, 0x008, 0x008, 0x20c, 0x208, 0x208, 0x208, 0x208, 0x008, 0x008,
			0x008, 0x008, 0x008, 0x008, 0x008, 0x008, 0x008, 0x008, 0x008, 0x008, 0x008, 0x008, 0x008, 0x008, 0x008, 0x008,
			0x284, 0x1a0, 0x1a0, 0x1a0, 0x1a0, 0x1a0, 0x1a0, 0x1a0, 0x1a0, 0x1a0, 0x1a0, 0x1a0, 0x1a0, 0x1a0, 0x1a0, 0x1a0,
			0x8b1, 0x8b1, 0x8b1, 0x8b1, 0x8b1, 0x8b1, 0x8b1, 0x8b1, 0x8b1, 0x8b1, 0x1a0, 0x1a0, 0x1a0, 0x1a0, 0x1a0, 0x1a0,
			0x1a0, 0xca3, 0xca3, 0xca3, 0xca3, 0xca3, 0xca3, 0x4a3, 0x4a3, 0x4a3, 0x4a3, 0x4a3, 0x4a3, 0x4a3, 0x4a3, 0x4a3,
			0x4a3, 0x4a3, 0x4a3, 0x4a3, 0x4a3, 0x4a3, 0x4a3, 0x4a3, 0x4a3, 0x4a3, 0x4a3, 0x1a0, 0x1a0, 0x1a0, 0x1a0, 0x1a0,
			0x1a0, 0x8e3, 0x8e3, 0x8e3, 0x8e3, 0x8e3, 0x8e3, 0x0e3, 0x0e3, 0x0e3, 0x0e3, 0x0e3, 0x0e3, 0x0e3, 0x0e3, 0x0e3,
			0x0e3, 0x0e3, 0x0e3, 0x0e3, 0x0e3, 0x0e3, 0x0e3, 0x0e3, 0x0e3, 0x0e3, 0x0e3, 0x1a0, 0x1a0, 0x1a0, 0x1a0, 0x008,
			0x000, 0x000, 0x000, 0x000, 0x000, 0x000, 0x000, 0x000, 0x000, 0x000, 0x000, 0x000, 0x000, 0x000, 0x000, 0x000,
			0x000, 0x000, 0x000, 0x000, 0x000, 0x000, 0x000, 0x000, 0x000, 0x000, 0x000, 0x000, 0x000, 0x000, 0x000, 0x000,
			0x000, 0x000, 0x000, 0x000, 0x000, 0x000, 0x000, 0x000, 0x000, 0x000, 0x000, 0x000, 0x000, 0x000, 0x000, 0x000,
			0x000, 0x000, 0x000, 0x000, 0x000, 0x000, 0x000, 0x000, 0x000, 0x000, 0x000, 0x000, 0x000, 0x000, 0x000, 0x000,
			0x000, 0x000, 0x000, 0x000, 0x000, 0x000, 0x000, 0x000, 0x000, 0x000, 0x000, 0x000, 0x000, 0x000, 0x000, 0x000,
			0x000, 0x000, 0x000, 0x000, 0x000, 0x000, 0x000, 0x000, 0x000, 0x000, 0x000, 0x000, 0x000, 0x000, 0x000, 0x000,
			0x000, 0x000, 0x000, 0x000, 0x000, 0x000, 0x000, 0x000, 0x000, 0x000, 0x000, 0x000, 0x000, 0x000, 0x000, 0x000,
			0x000, 0x000, 0x000, 0x000, 0x000, 0x000, 0x000, 0x000, 0x000, 0x000, 0x000, 0x000, 0x000, 0x000, 0x000, 0x000,
		},
		"bs_BA": {
			0x008, 0x008, 0x008, 0x008, 0x008, 0x008, 0x008, 0x008, 0x008, 0x20c, 0x208, 0x208, 0x208, 0x208, 0x008, 0x008,
			0x008, 0x008, 0x008, 0x008, 0x008, 0x008, 0x008, 0x008, 0x008, 0x008, 0x008, 0x008, 0x008, 0x008, 0x008, 0x008,
			0x284, 0x1a0, 0x1a0, 0x1a0, 0x1a0, 0x1a0, 0x1a0, 0x1a0, 0x1a0, 0x1a0, 0x1a0, 0x1a0, 0x1a0, 0x1a0, 0x1a0, 0x1a0,
			0x8b1, 0x8b1, 0x8b1, 0x8b1, 0x8b1, 0x8b1, 0x8b1, 0x8b1, 0x8b1, 0x8b1, 0x1a0, 0x1a0, 0x1a0, 0x1a0, 0x1a0, 0x1a0,
			0x1a0, 0xca3, 0xca3, 0xca3, 0xca3, 0xca3, 0xca3, 0x4a3, 0x4a3, 0x4a3, 0x4a3, 0x4a3, 0x4a3, 0x4a3, 0x4a3, 0x4a3,
			0x4a3, 0x4a3, 0x4a3, 0x4a3, 0x4a3, 0x4a3, 0x4a3, 0x4a3, 0x4a3, 0x4a3, 0x4a3, 0x1a0, 0x1a0, 0x1a0, 0x1a0, 0x1a0,
			0x1a0, 0x8e3, 0x8e3, 0x8e3, 0x8e3, 0x8e3, 0x8e3, 0x0e3, 0x0e3, 0x0e3, 0x0e3, 0x0e3, 0x0e3, 0x0e3, 0x0e3, 0x0e3,
			0x0e3, 0x0e3, 0x0e3, 0x0e3, 0x0e3, 0x0e3, 0x0e3, 0x0e3, 0x0e3, 0x0e3, 0x0e3, 0x1a0, 0x1a0, 0x1a0, 0x1a0, 0x008,
			0x008, 0x008, 0x008, 0x008, 0x008, 0x008, 0x008, 0x008, 0x008, 0x008, 0x008, 0x008, 0x008, 0x008, 0x008, 0x008,
			0x008, 0x008, 0x008, 0x008, 0x008, 0x008, 0x008, 0x008, 0x008, 0x008, 0x008, 0x008, 0x008, 0x008, 0x008, 0x008,
			0x1a0, 0x4a3, 0x1a0, 0x4a3, 0x1a0, 0x4a3, 0x4a3, 0x1a0, 0x1a0, 0x4a3, 0x4a3, 0x4a3, 0x4a3, 0x1a0, 0x4a3, 0x4a3,
			0x1a0, 0x0e3, 0x1a0, 0x0e3, 0x1a0, 0x0e3, 0x0e3, 0x0a3, 0x1a0, 0x0e3, 0x0e3, 0x0e3, 0x0e3, 0x1a0, 0x0e3, 0x0e3,
			0x4a3, 0x4a3, 0x4a3, 0x4a3, 0x4a3, 0x4a3, 0x4a3, 0x4a3, 0x4a3, 0x4a3, 0x4a3, 0x4a3, 0x4a3, 0x4a3, 0x4a3, 0x4a3,
			0x4a3, 0x4a3, 0x4a3, 0x4a3, 0x4a3, 0x4a3, 0x4a3, 0x1a0, 0x4a3, 0x4a3, 0x4a3, 0x4a3, 0x4a3, 0x4a3, 0x4a3, 0x0e3,
			0x0e3, 0x0e3, 0x0e3, 0x0e3, 0x0e3, 0x0e3, 0x0e3, 0x0e3, 0x0e3, 0x0e3, 0x0e3, 0x0e3, 0x0e3, 0x0e3, 0x0e3, 0x0e3,
			0x0e3, 0x0e3, 0x0e3, 0x0e3, 0x0e3, 0x0e3, 0x0e3, 0x1a0, 0x0e3, 0x0e3, 0x0e3, 0x0e3, 0x0e3, 0x0e3, 0x0e3, 0x1a0,
		},
		"bs_BA.utf8": {
			0x008, 0x008, 0x008, 0x008, 0x008, 0x008, 0x008, 0x008, 0x008, 0x20c, 0x208, 0x208, 0x208, 0x208, 0x008, 0x008,
			0x008, 0x008, 0x008, 0x008, 0x008, 0x008, 0x008, 0x008, 0x008, 0x008, 0x008, 0x008, 0x008, 0x008, 0x008, 0x008,
			0x284, 0x1a0, 0x1a0, 0x1a0, 0x1a0, 0x1a0, 0x1a0, 0x1a0, 0x1a0, 0x1a0, 0x1a0, 0x1a0, 0x1a0, 0x1a0, 0x1a0, 0x1a0,
			0x8b1, 0x8b1, 0x8b1, 0x8b1, 0x8b1, 0x8b1, 0x8b1, 0x8b1, 0x8b1, 0x8b1, 0x1a0, 0x1a0, 0x1a0, 0x1a0, 0x1a0, 0x1a0,
			0x1a0, 0xca3, 0xca3, 0xca3, 0xca3, 0xca3, 0xca3, 0x4a3, 0x4a3, 0x4a3, 0x4a3, 0x4a3, 0x4a3, 0x4a3, 0x4a3, 0x4a3,
			0x4a3, 0x4a3, 0x4a3, 0x4a3, 0x4a3, 0x4a3, 0x4a3, 0x4a3, 0x4a3, 0x4a3, 0x4a3, 0x1a0, 0x1a0, 0x1a0, 0x1a0, 0x1a0,
			0x1a0, 0x8e3, 0x8e3, 0x8e3, 0x8e3, 0x8e3, 0x8e3, 0x0e3, 0x0e3, 0x0e3, 0x0e3, 0x0e3, 0x0e3, 0x0e3, 0x0e3, 0x0e3,
			0x0e3, 0x0e3, 0x0e3, 0x0e3, 0x0e3, 0x0e3, 0x0e3, 0x0e3, 0x0e3, 0x0e3, 0x0e3, 0x1a0, 0x1a0, 0x1a0, 0x1a0, 0x008,
			0x000, 0x000, 0x000, 0x000, 0x000, 0x000, 0x000, 0x000, 0x000, 0x000, 0x000, 0x000, 0x000, 0x000, 0x000, 0x000,
			0x000, 0x000, 0x000, 0x000, 0x000, 0x000, 0x000, 0x000, 0x000, 0x000, 0x000, 0x000, 0x000, 0x000, 0x000, 0x000,
			0x000, 0x000, 0x000, 0x000, 0x000, 0x000, 0x000, 0x000, 0x000, 0x000, 0x000, 0x000, 0x000, 0x000, 0x000, 0x000,
			0x000, 0x000, 0x000, 0x000, 0x000, 0x000, 0x000, 0x000, 0x000, 0x000, 0x000, 0x000, 0x000, 0x000, 0x000, 0x000,
			0x000, 0x000, 0x000, 0x000, 0x000, 0x000, 0x000, 0x000, 0x000, 0x000, 0x000, 0x000, 0x000, 0x000, 0x000, 0x000,
			0x000, 0x000, 0x000, 0x000, 0x000, 0x000, 0x000, 0x000, 0x000, 0x000, 0x000, 0x000, 0x000, 0x000, 0x000, 0x000,
			0x000, 0x000, 0x000, 0x000, 0x000, 0x000, 0x000, 0x000, 0x000, 0x000, 0x000, 0x000, 0x000, 0x000, 0x000, 0x000,
			0x000, 0x000, 0x000, 0x000, 0x000, 0x000, 0x000, 0x000, 0x000, 0x000, 0x000, 0x000, 0x000, 0x000, 0x000, 0x000,
		},
		"byn_ER": {
			0x008, 0x008, 0x008, 0x008, 0x008, 0x008, 0x008, 0x008, 0x008, 0x20c, 0x208, 0x208, 0x208, 0x208, 0x008, 0x008,
			0x008, 0x008, 0x008, 0x008, 0x008, 0x008, 0x008, 0x008, 0x008, 0x008, 0x008, 0x008, 0x008, 0x008, 0x008, 0x008,
			0x284, 0x1a0, 0x1a0, 0x1a0, 0x1a0, 0x1a0, 0x1a0, 0x1a0, 0x1a0, 0x1a0, 0x1a0, 0x1a0, 0x1a0, 0x1a0, 0x1a0, 0x1a0,
			0x8b1, 0x8b1, 0x8b1, 0x8b1, 0x8b1, 0x8b1, 0x8b1, 0x8b1, 0x8b1, 0x8b1, 0x1a0, 0x1a0, 0x1a0, 0x1a0, 0x1a0, 0x1a0,
			0x1a0, 0xca3, 0xca3, 0xca3, 0xca3, 0xca3, 0xca3, 0x4a3, 0x4a3, 0x4a3, 0x4a3, 0x4a3, 0x4a3, 0x4a3, 0x4a3, 0x4a3,
			0x4a3, 0x4a3, 0x4a3, 0x4a3, 0x4a3, 0x4a3, 0x4a3, 0x4a3, 0x4a3, 0x4a3, 0x4a3, 0x1a0, 0x1a0, 0x1a0, 0x1a0, 0x1a0,
			0x1a0, 0x8e3, 0x8e3, 0x8e3, 0x8e3, 0x8e3, 0x8e3, 0x0e3, 0x0e3, 0x0e3, 0x0e3, 0x0e3, 0x0e3, 0x0e3, 0x0e3, 0x0e3,
			0x0e3, 0x0e3, 0x0e3, 0x0e3, 0x0e3, 0x0e3, 0x0e3, 0x0e3, 0x0e3, 0x0e3, 0x0e3, 0x1a0, 0x1a0, 0x1a0, 0x1a0, 0x008,
			0x000, 0x000, 0x000, 0x000, 0x000, 0x000, 0x000, 0x000, 0x000, 0x000, 0x000, 0x000, 0x000, 0x000, 0x000, 0x000,
			0x000, 0x000, 0x000, 0x000, 0x000, 0x000, 0x000, 0x000, 0x000, 0x000, 0x000, 0x000, 0x000, 0x000, 0x000, 0x000,
			0x000, 0x000, 0x000, 0x000, 0x000, 0x000, 0x000, 0x000, 0x000, 0x000, 0x000, 0x000, 0x000, 0x000, 0x000, 0x000,
			0x000, 0x000, 0x000, 0x000, 0x000, 0x000, 0x000, 0x000, 0x000, 0x000, 0x000, 0x000, 0x000, 0x000, 0x000, 0x000,
			0x000, 0x000, 0x000, 0x000, 0x000, 0x000, 0x000, 0x000, 0x000, 0x000, 0x000, 0x000, 0x000, 0x000, 0x000, 0x000,
			0x000, 0x000, 0x000, 0x000, 0x000, 0x000, 0x000, 0x000, 0x000, 0x000, 0x000, 0x000, 0x000, 0x000, 0x000, 0x000,
			0x000, 0x000, 0x000, 0x000, 0x000, 0x000, 0x000, 0x000, 0x000, 0x000, 0x000, 0x000, 0x000, 0x000, 0x000, 0x000,
			0x000, 0x000, 0x000, 0x000, 0x000, 0x000, 0x000, 0x000, 0x000, 0x000, 0x000, 0x000, 0x000, 0x000, 0x000, 0x000,
		},
		"ca_AD": {
			0x008, 0x008, 0x008, 0x008, 0x008, 0x008, 0x008, 0x008, 0x008, 0x20c, 0x208, 0x208, 0x208, 0x208, 0x008, 0x008,
			0x008, 0x008, 0x008, 0x008, 0x008, 0x008, 0x008, 0x008, 0x008, 0x008, 0x008, 0x008, 0x008, 0x008, 0x008, 0x008,
			0x284, 0x1a0, 0x1a0, 0x1a0, 0x1a0, 0x1a0, 0x1a0, 0x1a0, 0x1a0, 0x1a0, 0x1a0, 0x1a0, 0x1a0, 0x1a0, 0x1a0, 0x1a0,
			0x8b1, 0x8b1, 0x8b1, 0x8b1, 0x8b1, 0x8b1, 0x8b1, 0x8b1, 0x8b1, 0x8b1, 0x1a0, 0x1a0, 0x1a0, 0x1a0, 0x1a0, 0x1a0,
			0x1a0, 0xca3, 0xca3, 0xca3, 0xca3, 0xca3, 0xca3, 0x4a3, 0x4a3, 0x4a3, 0x4a3, 0x4a3, 0x4a3, 0x4a3, 0x4a3, 0x4a3,
			0x4a3, 0x4a3, 0x4a3, 0x4a3, 0x4a3, 0x4a3, 0x4a3, 0x4a3, 0x4a3, 0x4a3, 0x4a3, 0x1a0, 0x1a0, 0x1a0, 0x1a0, 0x1a0,
			0x1a0, 0x8e3, 0x8e3, 0x8e3, 0x8e3, 0x8e3, 0x8e3, 0x0e3, 0x0e3, 0x0e3, 0x0e3, 0x0e3, 0x0e3, 0x0e3, 0x0e3, 0x0e3,
			0x0e3, 0x0e3, 0x0e3, 0x0e3, 0x0e3, 0x0e3, 0x0e3, 0x0e3, 0x0e3, 0x0e3, 0x0e3, 0x1a0, 0x1a0, 0x1a0, 0x1a0, 0x008,
			0x008, 0x008, 0x008, 0x008, 0x008, 0x008, 0x008, 0x008, 0x008, 0x008, 0x008, 0x008, 0x008, 0x008, 0x008, 0x008,
			0x008, 0x008, 0x008, 0x008, 0x008, 0x008, 0x008, 0x008, 0x008, 0x008, 0x008, 0x008, 0x008, 0x008, 0x008, 0x008,
			0x1a0, 0x1a0, 0x1a0, 0x1a0, 0x1a0, 0x1a0, 0x4a3, 0x1a0, 0x0e3, 0x1a0, 0x0e3, 0x1a0, 0x1a0, 0x1a0, 0x1a0, 0x1a0,
			0x1a0, 0x1a0, 0x1a0, 0x1a0, 0x4a3, 0x0e3, 0x1a0, 0x1a0, 0x0e3, 0x1a0, 0x0e3, 0x1a0, 0x4a3, 0x0e3, 0x4a3, 0x1a0,
			0x4a3, 0x4a3, 0x4a3, 0x4a3, 0x4a3, 0x4a3, 0x4a3, 0x4a3, 0x4a3, 0x4a3, 0x4a3, 0x4a3, 0x4a3, 0x4a3, 0x4a3, 0x4a3,
			0x4a3, 0x4a3, 0x4a3, 0x4a3, 0x4a3, 0x4a3, 0x4a3, 0x1a0, 0x4a3, 0x4a3, 0x4a3, 0x4a3, 0x4a3, 0x4a3, 0x4a3, 0x0e3,
			0x0e3, 0x0e3, 0x0e3, 0x0e3, 0x0e3, 0x0e3, 0x0e3, 0x0e3, 0x0e3, 0x0e3, 0x0e3, 0x0e3, 0x0e3, 0x0e3, 0x0e3, 0x0e3,
			0x0e3, 0x0e3, 0x0e3, 0x0e3, 0x0e3, 0x0e3, 0x0e3, 0x1a0, 0x0e3, 0x0e3, 0x0e3, 0x0e3, 0x0e3, 0x0e3, 0x0e3, 0x0e3,
		},
		"ca_AD.utf8": {
			0x008, 0x008, 0x008, 0x008, 0x008, 0x008, 0x008, 0x008, 0x008, 0x20c, 0x208, 0x208, 0x208, 0x208, 0x008, 0x008,
			0x008, 0x008, 0x008, 0x008, 0x008, 0x008, 0x008, 0x008, 0x008, 0x008, 0x008, 0x008, 0x008, 0x008, 0x008, 0x008,
			0x284, 0x1a0, 0x1a0, 0x1a0, 0x1a0, 0x1a0, 0x1a0, 0x1a0, 0x1a0, 0x1a0, 0x1a0, 0x1a0, 0x1a0, 0x1a0, 0x1a0, 0x1a0,
			0x8b1, 0x8b1, 0x8b1, 0x8b1, 0x8b1, 0x8b1, 0x8b1, 0x8b1, 0x8b1, 0x8b1, 0x1a0, 0x1a0, 0x1a0, 0x1a0, 0x1a0, 0x1a0,
			0x1a0, 0xca3, 0xca3, 0xca3, 0xca3, 0xca3, 0xca3, 0x4a3, 0x4a3, 0x4a3, 0x4a3, 0x4a3, 0x4a3, 0x4a3, 0x4a3, 0x4a3,
			0x4a3, 0x4a3, 0x4a3, 0x4a3, 0x4a3, 0x4a3, 0x4a3, 0x4a3, 0x4a3, 0x4a3, 0x4a3, 0x1a0, 0x1a0, 0x1a0, 0x1a0, 0x1a0,
			0x1a0, 0x8e3, 0x8e3, 0x8e3, 0x8e3, 0x8e3, 0x8e3, 0x0e3, 0x0e3, 0x0e3, 0x0e3, 0x0e3, 0x0e3, 0x0e3, 0x0e3, 0x0e3,
			0x0e3, 0x0e3, 0x0e3, 0x0e3, 0x0e3, 0x0e3, 0x0e3, 0x0e3, 0x0e3, 0x0e3, 0x0e3, 0x1a0, 0x1a0, 0x1a0, 0x1a0, 0x008,
			0x000, 0x000, 0x000, 0x000, 0x000, 0x000, 0x000, 0x000, 0x000, 0x000, 0x000, 0x000, 0x000, 0x000, 0x000, 0x000,
			0x000, 0x000, 0x000, 0x000, 0x000, 0x000, 0x000, 0x000, 0x000, 0x000, 0x000, 0x000, 0x000, 0x000, 0x000, 0x000,
			0x000, 0x000, 0x000, 0x000, 0x000, 0x000, 0x000, 0x000, 0x000, 0x000, 0x000, 0x000, 0x000, 0x000, 0x000, 0x000,
			0x000, 0x000, 0x000, 0x000, 0x000, 0x000, 0x000, 0x000, 0x000, 0x000, 0x000, 0x000, 0x000, 0x000, 0x000, 0x000,
			0x000, 0x000, 0x000, 0x000, 0x000, 0x000, 0x000, 0x000, 0x000, 0x000, 0x000, 0x000, 0x000, 0x000, 0x000, 0x000,
			0x000, 0x000, 0x000, 0x000, 0x000, 0x000, 0x000, 0x000, 0x000, 0x000, 0x000, 0x000, 0x000, 0x000, 0x000, 0x000,
			0x000, 0x000, 0x000, 0x000, 0x000, 0x000, 0x000, 0x000, 0x000, 0x000, 0x000, 0x000, 0x000, 0x000, 0x000, 0x000,
			0x000, 0x000, 0x000, 0x000, 0x000, 0x000, 0x000, 0x000, 0x000, 0x000, 0x000, 0x000, 0x000, 0x000, 0x000, 0x000,
		},
		"ca_ES": {
			0x008, 0x008, 0x008, 0x008, 0x008, 0x008, 0x008, 0x008, 0x008, 0x20c, 0x208, 0x208, 0x208, 0x208, 0x008, 0x008,
			0x008, 0x008, 0x008, 0x008, 0x008, 0x008, 0x008, 0x008, 0x008, 0x008, 0x008, 0x008, 0x008, 0x008, 0x008, 0x008,
			0x284, 0x1a0, 0x1a0, 0x1a0, 0x1a0, 0x1a0, 0x1a0, 0x1a0, 0x1a0, 0x1a0, 0x1a0, 0x1a0, 0x1a0, 0x1a0, 0x1a0, 0x1a0,
			0x8b1, 0x8b1, 0x8b1, 0x8b1, 0x8b1, 0x8b1, 0x8b1, 0x8b1, 0x8b1, 0x8b1, 0x1a0, 0x1a0, 0x1a0, 0x1a0, 0x1a0, 0x1a0,
			0x1a0, 0xca3, 0xca3, 0xca3, 0xca3, 0xca3, 0xca3, 0x4a3, 0x4a3, 0x4a3, 0x4a3, 0x4a3, 0x4a3, 0x4a3, 0x4a3, 0x4a3,
			0x4a3, 0x4a3, 0x4a3, 0x4a3, 0x4a3, 0x4a3, 0x4a3, 0x4a3, 0x4a3, 0x4a3, 0x4a3, 0x1a0, 0x1a0, 0x1a0, 0x1a0, 0x1a0,
			0x1a0, 0x8e3, 0x8e3, 0x8e3, 0x8e3, 0x8e3, 0x8e3, 0x0e3, 0x0e3, 0x0e3, 0x0e3, 0x0e3, 0x0e3, 0x0e3, 0x0e3, 0x0e3,
			0x0e3, 0x0e3, 0x0e3, 0x0e3, 0x0e3, 0x0e3, 0x0e3, 0x0e3, 0x0e3, 0x0e3, 0x0e3, 0x1a0, 0x1a0, 0x1a0, 0x1a0, 0x008,
			0x008, 0x008, 0x008, 0x008, 0x008, 0x008, 0x008, 0x008, 0x008, 0x008, 0x008, 0x008, 0x008, 0x008, 0x008, 0x008,
			0x008, 0x008, 0x008, 0x008, 0x008, 0x008, 0x008, 0x008, 0x008, 0x008, 0x008, 0x008, 0x008, 0x008, 0x008, 0x008,
			0x1a0, 0x1a0, 0x1a0, 0x1a0, 0x1a0, 0x1a0, 0x1a0, 0x1a0, 0x1a0, 0x1a0, 0x0e3, 0x1a0, 0x1a0, 0x1a0, 0x1a0, 0x1a0,
			0x1a0, 0x1a0, 0x1a0, 0x1a0, 0x1a0, 0x0e3, 0x1a0, 0x1a0, 0x1a0, 0x1a0, 0x0e3, 0x1a0, 0x1a0, 0x1a0, 0x1a0, 0x1a0,
			0x4a3, 0x4a3, 0x4a3, 0x4a3, 0x4a3, 0x4a3, 0x4a3, 0x4a3, 0x4a3, 0x4a3, 0x4a3, 0x4a3, 0x4a3, 0x4a3, 0x4a3, 0x4a3,
			0x4a3, 0x4a3, 0x4a3, 0x4a3, 0x4a3, 0x4a3, 0x4a3, 0x1a0, 0x4a3, 0x4a3, 0x4a3, 0x4a3, 0x4a3, 0x4a3, 0x4a3, 0x0e3,
			0x0e3, 0x0e3, 0x0e3, 0x0e3, 0x0e3, 0x0e3, 0x0e3, 0x0e3, 0x0e3, 0x0e3, 0x0e3, 0x0e3, 0x0e3, 0x0e3, 0x0e3, 0x0e3,
			0x0e3, 0x0e3, 0x0e3, 0x0e3, 0x0e3, 0x0e3, 0x0e3, 0x1a0, 0x0e3, 0x0e3, 0x0e3, 0x0e3, 0x0e3, 0x0e3, 0x0e3, 0x0e3,
		},
		"ca_ES.utf8": {
			0x008, 0x008, 0x008, 0x008, 0x008, 0x008, 0x008, 0x008, 0x008, 0x20c, 0x208, 0x208, 0x208, 0x208, 0x008, 0x008,
			0x008, 0x008, 0x008, 0x008, 0x008, 0x008, 0x008, 0x008, 0x008, 0x008, 0x008, 0x008, 0x008, 0x008, 0x008, 0x008,
			0x284, 0x1a0, 0x1a0, 0x1a0, 0x1a0, 0x1a0, 0x1a0, 0x1a0, 0x1a0, 0x1a0, 0x1a0, 0x1a0, 0x1a0, 0x1a0, 0x1a0, 0x1a0,
			0x8b1, 0x8b1, 0x8b1, 0x8b1, 0x8b1, 0x8b1, 0x8b1, 0x8b1, 0x8b1, 0x8b1, 0x1a0, 0x1a0, 0x1a0, 0x1a0, 0x1a0, 0x1a0,
			0x1a0, 0xca3, 0xca3, 0xca3, 0xca3, 0xca3, 0xca3, 0x4a3, 0x4a3, 0x4a3, 0x4a3, 0x4a3, 0x4a3, 0x4a3, 0x4a3, 0x4a3,
			0x4a3, 0x4a3, 0x4a3, 0x4a3, 0x4a3, 0x4a3, 0x4a3, 0x4a3, 0x4a3, 0x4a3, 0x4a3, 0x1a0, 0x1a0, 0x1a0, 0x1a0, 0x1a0,
			0x1a0, 0x8e3, 0x8e3, 0x8e3, 0x8e3, 0x8e3, 0x8e3, 0x0e3, 0x0e3, 0x0e3, 0x0e3, 0x0e3, 0x0e3, 0x0e3, 0x0e3, 0x0e3,
			0x0e3, 0x0e3, 0x0e3, 0x0e3, 0x0e3, 0x0e3, 0x0e3, 0x0e3, 0x0e3, 0x0e3, 0x0e3, 0x1a0, 0x1a0, 0x1a0, 0x1a0, 0x008,
			0x000, 0x000, 0x000, 0x000, 0x000, 0x000, 0x000, 0x000, 0x000, 0x000, 0x000, 0x000, 0x000, 0x000, 0x000, 0x000,
			0x000, 0x000, 0x000, 0x000, 0x000, 0x000, 0x000, 0x000, 0x000, 0x000, 0x000, 0x000, 0x000, 0x000, 0x000, 0x000,
			0x000, 0x000, 0x000, 0x000, 0x000, 0x000, 0x000, 0x000, 0x000, 0x000, 0x000, 0x000, 0x000, 0x000, 0x000, 0x000,
			0x000, 0x000, 0x000, 0x000, 0x000, 0x000, 0x000, 0x000, 0x000, 0x000, 0x000, 0x000, 0x000, 0x000, 0x000, 0x000,
			0x000, 0x000, 0x000, 0x000, 0x000, 0x000, 0x000, 0x000, 0x000, 0x000, 0x000, 0x000, 0x000, 0x000, 0x000, 0x000,
			0x000, 0x000, 0x000, 0x000, 0x000, 0x000, 0x000, 0x000, 0x000, 0x000, 0x000, 0x000, 0x000, 0x000, 0x000, 0x000,
			0x000, 0x000, 0x000, 0x000, 0x000, 0x000, 0x000, 0x000, 0x000, 0x000, 0x000, 0x000, 0x000, 0x000, 0x000, 0x000,
			0x000, 0x000, 0x000, 0x000, 0x000, 0x000, 0x000, 0x000, 0x000, 0x000, 0x000, 0x000, 0x000, 0x000, 0x000, 0x000,
		},
		"ca_ES@euro": {
			0x008, 0x008, 0x008, 0x008, 0x008, 0x008, 0x008, 0x008, 0x008, 0x20c, 0x208, 0x208, 0x208, 0x208, 0x008, 0x008,
			0x008, 0x008, 0x008, 0x008, 0x008, 0x008, 0x008, 0x008, 0x008, 0x008, 0x008, 0x008, 0x008, 0x008, 0x008, 0x008,
			0x284, 0x1a0, 0x1a0, 0x1a0, 0x1a0, 0x1a0, 0x1a0, 0x1a0, 0x1a0, 0x1a0, 0x1a0, 0x1a0, 0x1a0, 0x1a0, 0x1a0, 0x1a0,
			0x8b1, 0x8b1, 0x8b1, 0x8b1, 0x8b1, 0x8b1, 0x8b1, 0x8b1, 0x8b1, 0x8b1, 0x1a0, 0x1a0, 0x1a0, 0x1a0, 0x1a0, 0x1a0,
			0x1a0, 0xca3, 0xca3, 0xca3, 0xca3, 0xca3, 0xca3, 0x4a3, 0x4a3, 0x4a3, 0x4a3, 0x4a3, 0x4a3, 0x4a3, 0x4a3, 0x4a3,
			0x4a3, 0x4a3, 0x4a3, 0x4a3, 0x4a3, 0x4a3, 0x4a3, 0x4a3, 0x4a3, 0x4a3, 0x4a3, 0x1a0, 0x1a0, 0x1a0, 0x1a0, 0x1a0,
			0x1a0, 0x8e3, 0x8e3, 0x8e3, 0x8e3, 0x8e3, 0x8e3, 0x0e3, 0x0e3, 0x0e3, 0x0e3, 0x0e3, 0x0e3, 0x0e3, 0x0e3, 0x0e3,
			0x0e3, 0x0e3, 0x0e3, 0x0e3, 0x0e3, 0x0e3, 0x0e3, 0x0e3, 0x0e3, 0x0e3, 0x0e3, 0x1a0, 0x1a0, 0x1a0, 0x1a0, 0x008,
			0x008, 0x008, 0x008, 0x008, 0x008, 0x008, 0x008, 0x008, 0x008, 0x008, 0x008, 0x008, 0x008, 0x008, 0x008, 0x008,
			0x008, 0x008, 0x008, 0x008, 0x008, 0x008, 0x008, 0x008, 0x008, 0x008, 0x008, 0x008, 0x008, 0x008, 0x008, 0x008,
			0x1a0, 0x1a0, 0x1a0, 0x1a0, 0x1a0, 0x1a0, 0x4a3, 0x1a0, 0x0e3, 0x1a0, 0x0e3, 0x1a0, 0x1a0, 0x1a0, 0x1a0, 0x1a0,
			0x1a0, 0x1a0, 0x1a0, 0x1a0, 0x4a3, 0x0e3, 0x1a0, 0x1a0, 0x0e3, 0x1a0, 0x0e3, 0x1a0, 0x4a3, 0x0e3, 0x4a3, 0x1a0,
			0x4a3, 0x4a3, 0x4a3, 0x4a3, 0x4a3, 0x4a3, 0x4a3, 0x4a3, 0x4a3, 0x4a3, 0x4a3, 0x4a3, 0x4a3, 0x4a3, 0x4a3, 0x4a3,
			0x4a3, 0x4a3, 0x4a3, 0x4a3, 0x4a3, 0x4a3, 0x4a3, 0x1a0, 0x4a3, 0x4a3, 0x4a3, 0x4a3, 0x4a3, 0x4a3, 0x4a3, 0x0e3,
			0x0e3, 0x0e3, 0x0e3, 0x0e3, 0x0e3, 0x0e3, 0x0e3, 0x0e3, 0x0e3, 0x0e3, 0x0e3, 0x0e3, 0x0e3, 0x0e3, 0x0e3, 0x0e3,
			0x0e3, 0x0e3, 0x0e3, 0x0e3, 0x0e3, 0x0e3, 0x0e3, 0x1a0, 0x0e3, 0x0e3, 0x0e3, 0x0e3, 0x0e3, 0x0e3, 0x0e3, 0x0e3,
		},
		"ca_FR": {
			0x008, 0x008, 0x008, 0x008, 0x008, 0x008, 0x008, 0x008, 0x008, 0x20c, 0x208, 0x208, 0x208, 0x208, 0x008, 0x008,
			0x008, 0x008, 0x008, 0x008, 0x008, 0x008, 0x008, 0x008, 0x008, 0x008, 0x008, 0x008, 0x008, 0x008, 0x008, 0x008,
			0x284, 0x1a0, 0x1a0, 0x1a0, 0x1a0, 0x1a0, 0x1a0, 0x1a0, 0x1a0, 0x1a0, 0x1a0, 0x1a0, 0x1a0, 0x1a0, 0x1a0, 0x1a0,
			0x8b1, 0x8b1, 0x8b1, 0x8b1, 0x8b1, 0x8b1, 0x8b1, 0x8b1, 0x8b1, 0x8b1, 0x1a0, 0x1a0, 0x1a0, 0x1a0, 0x1a0, 0x1a0,
			0x1a0, 0xca3, 0xca3, 0xca3, 0xca3, 0xca3, 0xca3, 0x4a3, 0x4a3, 0x4a3, 0x4a3, 0x4a3, 0x4a3, 0x4a3, 0x4a3, 0x4a3,
			0x4a3, 0x4a3, 0x4a3, 0x4a3, 0x4a3, 0x4a3, 0x4a3, 0x4a3, 0x4a3, 0x4a3, 0x4a3, 0x1a0, 0x1a0, 0x1a0, 0x1a0, 0x1a0,
			0x1a0, 0x8e3, 0x8e3, 0x8e3, 0x8e3, 0x8e3, 0x8e3, 0x0e3, 0x0e3, 0x0e3, 0x0e3, 0x0e3, 0x0e3, 0x0e3, 0x0e3, 0x0e3,
			0x0e3, 0x0e3, 0x0e3, 0x0e3, 0x0e3, 0x0e3, 0x0e3, 0x0e3, 0x0e3, 0x0e3, 0x0e3, 0x1a0, 0x1a0, 0x1a0, 0x1a0, 0x008,
			0x008, 0x008, 0x008, 0x008, 0x008, 0x008, 0x008, 0x008, 0x008, 0x008, 0x008, 0x008, 0x008, 0x008, 0x008, 0x008,
			0x008, 0x008, 0x008, 0x008, 0x008, 0x008, 0x008, 0x008, 0x008, 0x008, 0x008, 0x008, 0x008, 0x008, 0x008, 0x008,
			0x1a0, 0x1a0, 0x1a0, 0x1a0, 0x1a0, 0x1a0, 0x4a3, 0x1a0, 0x0e3, 0x1a0, 0x0e3, 0x1a0, 0x1a0, 0x1a0, 0x1a0, 0x1a0,
			0x1a0, 0x1a0, 0x1a0, 0x1a0, 0x4a3, 0x0e3, 0x1a0, 0x1a0, 0x0e3, 0x1a0, 0x0e3, 0x1a0, 0x4a3, 0x0e3, 0x4a3, 0x1a0,
			0x4a3, 0x4a3, 0x4a3, 0x4a3, 0x4a3, 0x4a3, 0x4a3, 0x4a3, 0x4a3, 0x4a3, 0x4a3, 0x4a3, 0x4a3, 0x4a3, 0x4a3, 0x4a3,
			0x4a3, 0x4a3, 0x4a3, 0x4a3, 0x4a3, 0x4a3, 0x4a3, 0x1a0, 0x4a3, 0x4a3, 0x4a3, 0x4a3, 0x4a3, 0x4a3, 0x4a3, 0x0e3,
			0x0e3, 0x0e3, 0x0e3, 0x0e3, 0x0e3, 0x0e3, 0x0e3, 0x0e3, 0x0e3, 0x0e3, 0x0e3, 0x0e3, 0x0e3, 0x0e3, 0x0e3, 0x0e3,
			0x0e3, 0x0e3, 0x0e3, 0x0e3, 0x0e3, 0x0e3, 0x0e3, 0x1a0, 0x0e3, 0x0e3, 0x0e3, 0x0e3, 0x0e3, 0x0e3, 0x0e3, 0x0e3,
		},
		"ca_FR.utf8": {
			0x008, 0x008, 0x008, 0x008, 0x008, 0x008, 0x008, 0x008, 0x008, 0x20c, 0x208, 0x208, 0x208, 0x208, 0x008, 0x008,
			0x008, 0x008, 0x008, 0x008, 0x008, 0x008, 0x008, 0x008, 0x008, 0x008, 0x008, 0x008, 0x008, 0x008, 0x008, 0x008,
			0x284, 0x1a0, 0x1a0, 0x1a0, 0x1a0, 0x1a0, 0x1a0, 0x1a0, 0x1a0, 0x1a0, 0x1a0, 0x1a0, 0x1a0, 0x1a0, 0x1a0, 0x1a0,
			0x8b1, 0x8b1, 0x8b1, 0x8b1, 0x8b1, 0x8b1, 0x8b1, 0x8b1, 0x8b1, 0x8b1, 0x1a0, 0x1a0, 0x1a0, 0x1a0, 0x1a0, 0x1a0,
			0x1a0, 0xca3, 0xca3, 0xca3, 0xca3, 0xca3, 0xca3, 0x4a3, 0x4a3, 0x4a3, 0x4a3, 0x4a3, 0x4a3, 0x4a3, 0x4a3, 0x4a3,
			0x4a3, 0x4a3, 0x4a3, 0x4a3, 0x4a3, 0x4a3, 0x4a3, 0x4a3, 0x4a3, 0x4a3, 0x4a3, 0x1a0, 0x1a0, 0x1a0, 0x1a0, 0x1a0,
			0x1a0, 0x8e3, 0x8e3, 0x8e3, 0x8e3, 0x8e3, 0x8e3, 0x0e3, 0x0e3, 0x0e3, 0x0e3, 0x0e3, 0x0e3, 0x0e3, 0x0e3, 0x0e3,
			0x0e3, 0x0e3, 0x0e3, 0x0e3, 0x0e3, 0x0e3, 0x0e3, 0x0e3, 0x0e3, 0x0e3, 0x0e3, 0x1a0, 0x1a0, 0x1a0, 0x1a0, 0x008,
			0x000, 0x000, 0x000, 0x000, 0x000, 0x000, 0x000, 0x000, 0x000, 0x000, 0x000, 0x000, 0x000, 0x000, 0x000, 0x000,
			0x000, 0x000, 0x000, 0x000, 0x000, 0x000, 0x000, 0x000, 0x000, 0x000, 0x000, 0x000, 0x000, 0x000, 0x000, 0x000,
			0x000, 0x000, 0x000, 0x000, 0x000, 0x000, 0x000, 0x000, 0x000, 0x000, 0x000, 0x000, 0x000, 0x000, 0x000, 0x000,
			0x000, 0x000, 0x000, 0x000, 0x000, 0x000, 0x000, 0x000, 0x000, 0x000, 0x000, 0x000, 0x000, 0x000, 0x000, 0x000,
			0x000, 0x000, 0x000, 0x000, 0x000, 0x000, 0x000, 0x000, 0x000, 0x000, 0x000, 0x000, 0x000, 0x000, 0x000, 0x000,
			0x000, 0x000, 0x000, 0x000, 0x000, 0x000, 0x000, 0x000, 0x000, 0x000, 0x000, 0x000, 0x000, 0x000, 0x000, 0x000,
			0x000, 0x000, 0x000, 0x000, 0x000, 0x000, 0x000, 0x000, 0x000, 0x000, 0x000, 0x000, 0x000, 0x000, 0x000, 0x000,
			0x000, 0x000, 0x000, 0x000, 0x000, 0x000, 0x000, 0x000, 0x000, 0x000, 0x000, 0x000, 0x000, 0x000, 0x000, 0x000,
		},
		"ca_IT": {
			0x008, 0x008, 0x008, 0x008, 0x008, 0x008, 0x008, 0x008, 0x008, 0x20c, 0x208, 0x208, 0x208, 0x208, 0x008, 0x008,
			0x008, 0x008, 0x008, 0x008, 0x008, 0x008, 0x008, 0x008, 0x008, 0x008, 0x008, 0x008, 0x008, 0x008, 0x008, 0x008,
			0x284, 0x1a0, 0x1a0, 0x1a0, 0x1a0, 0x1a0, 0x1a0, 0x1a0, 0x1a0, 0x1a0, 0x1a0, 0x1a0, 0x1a0, 0x1a0, 0x1a0, 0x1a0,
			0x8b1, 0x8b1, 0x8b1, 0x8b1, 0x8b1, 0x8b1, 0x8b1, 0x8b1, 0x8b1, 0x8b1, 0x1a0, 0x1a0, 0x1a0, 0x1a0, 0x1a0, 0x1a0,
			0x1a0, 0xca3, 0xca3, 0xca3, 0xca3, 0xca3, 0xca3, 0x4a3, 0x4a3, 0x4a3, 0x4a3, 0x4a3, 0x4a3, 0x4a3, 0x4a3, 0x4a3,
			0x4a3, 0x4a3, 0x4a3, 0x4a3, 0x4a3, 0x4a3, 0x4a3, 0x4a3, 0x4a3, 0x4a3, 0x4a3, 0x1a0, 0x1a0, 0x1a0, 0x1a0, 0x1a0,
			0x1a0, 0x8e3, 0x8e3, 0x8e3, 0x8e3, 0x8e3, 0x8e3, 0x0e3, 0x0e3, 0x0e3, 0x0e3, 0x0e3, 0x0e3, 0x0e3, 0x0e3, 0x0e3,
			0x0e3, 0x0e3, 0x0e3, 0x0e3, 0x0e3, 0x0e3, 0x0e3, 0x0e3, 0x0e3, 0x0e3, 0x0e3, 0x1a0, 0x1a0, 0x1a0, 0x1a0, 0x008,
			0x008, 0x008, 0x008, 0x008, 0x008, 0x008, 0x008, 0x008, 0x008, 0x008, 0x008, 0x008, 0x008, 0x008, 0x008, 0x008,
			0x008, 0x008, 0x008, 0x008, 0x008, 0x008, 0x008, 0x008, 0x008, 0x008, 0x008, 0x008, 0x008, 0x008, 0x008, 0x008,
			0x1a0, 0x1a0, 0x1a0, 0x1a0, 0x1a0, 0x1a0, 0x4a3, 0x1a0, 0x0e3, 0x1a0, 0x0e3, 0x1a0, 0x1a0, 0x1a0, 0x1a0, 0x1a0,
			0x1a0, 0x1a0, 0x1a0, 0x1a0, 0x4a3, 0x0e3, 0x1a0, 0x1a0, 0x0e3, 0x1a0, 0x0e3, 0x1a0, 0x4a3, 0x0e3, 0x4a3, 0x1a0,
			0x4a3, 0x4a3, 0x4a3, 0x4a3, 0x4a3, 0x4a3, 0x4a3, 0x4a3, 0x4a3, 0x4a3, 0x4a3, 0x4a3, 0x4a3, 0x4a3, 0x4a3, 0x4a3,
			0x4a3, 0x4a3, 0x4a3, 0x4a3, 0x4a3, 0x4a3, 0x4a3, 0x1a0, 0x4a3, 0x4a3, 0x4a3, 0x4a3, 0x4a3, 0x4a3, 0x4a3, 0x0e3,
			0x0e3, 0x0e3, 0x0e3, 0x0e3, 0x0e3, 0x0e3, 0x0e3, 0x0e3, 0x0e3, 0x0e3, 0x0e3, 0x0e3, 0x0e3, 0x0e3, 0x0e3, 0x0e3,
			0x0e3, 0x0e3, 0x0e3, 0x0e3, 0x0e3, 0x0e3, 0x0e3, 0x1a0, 0x0e3, 0x0e3, 0x0e3, 0x0e3, 0x0e3, 0x0e3, 0x0e3, 0x0e3,
		},
		"ca_IT.utf8": {
			0x008, 0x008, 0x008, 0x008, 0x008, 0x008, 0x008, 0x008, 0x008, 0x20c, 0x208, 0x208, 0x208, 0x208, 0x008, 0x008,
			0x008, 0x008, 0x008, 0x008, 0x008, 0x008, 0x008, 0x008, 0x008, 0x008, 0x008, 0x008, 0x008, 0x008, 0x008, 0x008,
			0x284, 0x1a0, 0x1a0, 0x1a0, 0x1a0, 0x1a0, 0x1a0, 0x1a0, 0x1a0, 0x1a0, 0x1a0, 0x1a0, 0x1a0, 0x1a0, 0x1a0, 0x1a0,
			0x8b1, 0x8b1, 0x8b1, 0x8b1, 0x8b1, 0x8b1, 0x8b1, 0x8b1, 0x8b1, 0x8b1, 0x1a0, 0x1a0, 0x1a0, 0x1a0, 0x1a0, 0x1a0,
			0x1a0, 0xca3, 0xca3, 0xca3, 0xca3, 0xca3, 0xca3, 0x4a3, 0x4a3, 0x4a3, 0x4a3, 0x4a3, 0x4a3, 0x4a3, 0x4a3, 0x4a3,
			0x4a3, 0x4a3, 0x4a3, 0x4a3, 0x4a3, 0x4a3, 0x4a3, 0x4a3, 0x4a3, 0x4a3, 0x4a3, 0x1a0, 0x1a0, 0x1a0, 0x1a0, 0x1a0,
			0x1a0, 0x8e3, 0x8e3, 0x8e3, 0x8e3, 0x8e3, 0x8e3, 0x0e3, 0x0e3, 0x0e3, 0x0e3, 0x0e3, 0x0e3, 0x0e3, 0x0e3, 0x0e3,
			0x0e3, 0x0e3, 0x0e3, 0x0e3, 0x0e3, 0x0e3, 0x0e3, 0x0e3, 0x0e3, 0x0e3, 0x0e3, 0x1a0, 0x1a0, 0x1a0, 0x1a0, 0x008,
			0x000, 0x000, 0x000, 0x000, 0x000, 0x000, 0x000, 0x000, 0x000, 0x000, 0x000, 0x000, 0x000, 0x000, 0x000, 0x000,
			0x000, 0x000, 0x000, 0x000, 0x000, 0x000, 0x000, 0x000, 0x000, 0x000, 0x000, 0x000, 0x000, 0x000, 0x000, 0x000,
			0x000, 0x000, 0x000, 0x000, 0x000, 0x000, 0x000, 0x000, 0x000, 0x000, 0x000, 0x000, 0x000, 0x000, 0x000, 0x000,
			0x000, 0x000, 0x000, 0x000, 0x000, 0x000, 0x000, 0x000, 0x000, 0x000, 0x000, 0x000, 0x000, 0x000, 0x000, 0x000,
			0x000, 0x000, 0x000, 0x000, 0x000, 0x000, 0x000, 0x000, 0x000, 0x000, 0x000, 0x000, 0x000, 0x000, 0x000, 0x000,
			0x000, 0x000, 0x000, 0x000, 0x000, 0x000, 0x000, 0x000, 0x000, 0x000, 0x000, 0x000, 0x000, 0x000, 0x000, 0x000,
			0x000, 0x000, 0x000, 0x000, 0x000, 0x000, 0x000, 0x000, 0x000, 0x000, 0x000, 0x000, 0x000, 0x000, 0x000, 0x000,
			0x000, 0x000, 0x000, 0x000, 0x000, 0x000, 0x000, 0x000, 0x000, 0x000, 0x000, 0x000, 0x000, 0x000, 0x000, 0x000,
		},
		"ce_RU": {
			0x008, 0x008, 0x008, 0x008, 0x008, 0x008, 0x008, 0x008, 0x008, 0x20c, 0x208, 0x208, 0x208, 0x208, 0x008, 0x008,
			0x008, 0x008, 0x008, 0x008, 0x008, 0x008, 0x008, 0x008, 0x008, 0x008, 0x008, 0x008, 0x008, 0x008, 0x008, 0x008,
			0x284, 0x1a0, 0x1a0, 0x1a0, 0x1a0, 0x1a0, 0x1a0, 0x1a0, 0x1a0, 0x1a0, 0x1a0, 0x1a0, 0x1a0, 0x1a0, 0x1a0, 0x1a0,
			0x8b1, 0x8b1, 0x8b1, 0x8b1, 0x8b1, 0x8b1, 0x8b1, 0x8b1, 0x8b1, 0x8b1, 0x1a0, 0x1a0, 0x1a0, 0x1a0, 0x1a0, 0x1a0,
			0x1a0, 0xca3, 0xca3, 0xca3, 0xca3, 0xca3, 0xca3, 0x4a3, 0x4a3, 0x4a3, 0x4a3, 0x4a3, 0x4a3, 0x4a3, 0x4a3, 0x4a3,
			0x4a3, 0x4a3, 0x4a3, 0x4a3, 0x4a3, 0x4a3, 0x4a3, 0x4a3, 0x4a3, 0x4a3, 0x4a3, 0x1a0, 0x1a0, 0x1a0, 0x1a0, 0x1a0,
			0x1a0, 0x8e3, 0x8e3, 0x8e3, 0x8e3, 0x8e3, 0x8e3, 0x0e3, 0x0e3, 0x0e3, 0x0e3, 0x0e3, 0x0e3, 0x0e3, 0x0e3, 0x0e3,
			0x0e3, 0x0e3, 0x0e3, 0x0e3, 0x0e3, 0x0e3, 0x0e3, 0x0e3, 0x0e3, 0x0e3, 0x0e3, 0x1a0, 0x1a0, 0x1a0, 0x1a0, 0x008,
			0x000, 0x000, 0x000, 0x000, 0x000, 0x000, 0x000, 0x000, 0x000, 0x000, 0x000, 0x000, 0x000, 0x000, 0x000, 0x000,
			0x000, 0x000, 0x000, 0x000, 0x000, 0x000, 0x000, 0x000, 0x000, 0x000, 0x000, 0x000, 0x000, 0x000, 0x000, 0x000,
			0x000, 0x000, 0x000, 0x000, 0x000, 0x000, 0x000, 0x000, 0x000, 0x000, 0x000, 0x000, 0x000, 0x000, 0x000, 0x000,
			0x000, 0x000, 0x000, 0x000, 0x000, 0x000, 0x000, 0x000, 0x000, 0x000, 0x000, 0x000, 0x000, 0x000, 0x000, 0x000,
			0x000, 0x000, 0x000, 0x000, 0x000, 0x000, 0x000, 0x000, 0x000, 0x000, 0x000, 0x000, 0x000, 0x000, 0x000, 0x000,
			0x000, 0x000, 0x000, 0x000, 0x000, 0x000, 0x000, 0x000, 0x000, 0x000, 0x000, 0x000, 0x000, 0x000, 0x000, 0x000,
			0x000, 0x000, 0x000, 0x000, 0x000, 0x000, 0x000, 0x000, 0x000, 0x000, 0x000, 0x000, 0x000, 0x000, 0x000, 0x000,
			0x000, 0x000, 0x000, 0x000, 0x000, 0x000, 0x000, 0x000, 0x000, 0x000, 0x000, 0x000, 0x000, 0x000, 0x000, 0x000,
		},
		"chr_US": {
			0x008, 0x008, 0x008, 0x008, 0x008, 0x008, 0x008, 0x008, 0x008, 0x20c, 0x208, 0x208, 0x208, 0x208, 0x008, 0x008,
			0x008, 0x008, 0x008, 0x008, 0x008, 0x008, 0x008, 0x008, 0x008, 0x008, 0x008, 0x008, 0x008, 0x008, 0x008, 0x008,
			0x284, 0x1a0, 0x1a0, 0x1a0, 0x1a0, 0x1a0, 0x1a0, 0x1a0, 0x1a0, 0x1a0, 0x1a0, 0x1a0, 0x1a0, 0x1a0, 0x1a0, 0x1a0,
			0x8b1, 0x8b1, 0x8b1, 0x8b1, 0x8b1, 0x8b1, 0x8b1, 0x8b1, 0x8b1, 0x8b1, 0x1a0, 0x1a0, 0x1a0, 0x1a0, 0x1a0, 0x1a0,
			0x1a0, 0xca3, 0xca3, 0xca3, 0xca3, 0xca3, 0xca3, 0x4a3, 0x4a3, 0x4a3, 0x4a3, 0x4a3, 0x4a3, 0x4a3, 0x4a3, 0x4a3,
			0x4a3, 0x4a3, 0x4a3, 0x4a3, 0x4a3, 0x4a3, 0x4a3, 0x4a3, 0x4a3, 0x4a3, 0x4a3, 0x1a0, 0x1a0, 0x1a0, 0x1a0, 0x1a0,
			0x1a0, 0x8e3, 0x8e3, 0x8e3, 0x8e3, 0x8e3, 0x8e3, 0x0e3, 0x0e3, 0x0e3, 0x0e3, 0x0e3, 0x0e3, 0x0e3, 0x0e3, 0x0e3,
			0x0e3, 0x0e3, 0x0e3, 0x0e3, 0x0e3, 0x0e3, 0x0e3, 0x0e3, 0x0e3, 0x0e3, 0x0e3, 0x1a0, 0x1a0, 0x1a0, 0x1a0, 0x008,
			0x000, 0x000, 0x000, 0x000, 0x000, 0x000, 0x000, 0x000, 0x000, 0x000, 0x000, 0x000, 0x000, 0x000, 0x000, 0x000,
			0x000, 0x000, 0x000, 0x000, 0x000, 0x000, 0x000, 0x000, 0x000, 0x000, 0x000, 0x000, 0x000, 0x000, 0x000, 0x000,
			0x000, 0x000, 0x000, 0x000, 0x000, 0x000, 0x000, 0x000, 0x000, 0x000, 0x000, 0x000, 0x000, 0x000, 0x000, 0x000,
			0x000, 0x000, 0x000, 0x000, 0x000, 0x000, 0x000, 0x000, 0x000, 0x000, 0x000, 0x000, 0x000, 0x000, 0x000, 0x000,
			0x000, 0x000, 0x000, 0x000, 0x000, 0x000, 0x000, 0x000, 0x000, 0x000, 0x000, 0x000, 0x000, 0x000, 0x000, 0x000,
			0x000, 0x000, 0x000, 0x000, 0x000, 0x000, 0x000, 0x000, 0x000, 0x000, 0x000, 0x000, 0x000, 0x000, 0x000, 0x000,
			0x000, 0x000, 0x000, 0x000, 0x000, 0x000, 0x000, 0x000, 0x000, 0x000, 0x000, 0x000, 0x000, 0x000, 0x000, 0x000,
			0x000, 0x000, 0x000, 0x000, 0x000, 0x000, 0x000, 0x000, 0x000, 0x000, 0x000, 0x000, 0x000, 0x000, 0x000, 0x000,
		},
		"cmn_TW": {
			0x008, 0x008, 0x008, 0x008, 0x008, 0x008, 0x008, 0x008, 0x008, 0x20c, 0x208, 0x208, 0x208, 0x208, 0x008, 0x008,
			0x008, 0x008, 0x008, 0x008, 0x008, 0x008, 0x008, 0x008, 0x008, 0x008, 0x008, 0x008, 0x008, 0x008, 0x008, 0x008,
			0x284, 0x1a0, 0x1a0, 0x1a0, 0x1a0, 0x1a0, 0x1a0, 0x1a0, 0x1a0, 0x1a0, 0x1a0, 0x1a0, 0x1a0, 0x1a0, 0x1a0, 0x1a0,
			0x8b1, 0x8b1, 0x8b1, 0x8b1, 0x8b1, 0x8b1, 0x8b1, 0x8b1, 0x8b1, 0x8b1, 0x1a0, 0x1a0, 0x1a0, 0x1a0, 0x1a0, 0x1a0,
			0x1a0, 0xca3, 0xca3, 0xca3, 0xca3, 0xca3, 0xca3, 0x4a3, 0x4a3, 0x4a3, 0x4a3, 0x4a3, 0x4a3, 0x4a3, 0x4a3, 0x4a3,
			0x4a3, 0x4a3, 0x4a3, 0x4a3, 0x4a3, 0x4a3, 0x4a3, 0x4a3, 0x4a3, 0x4a3, 0x4a3, 0x1a0, 0x1a0, 0x1a0, 0x1a0, 0x1a0,
			0x1a0, 0x8e3, 0x8e3, 0x8e3, 0x8e3, 0x8e3, 0x8e3, 0x0e3, 0x0e3, 0x0e3, 0x0e3, 0x0e3, 0x0e3, 0x0e3, 0x0e3, 0x0e3,
			0x0e3, 0x0e3, 0x0e3, 0x0e3, 0x0e3, 0x0e3, 0x0e3, 0x0e3, 0x0e3, 0x0e3, 0x0e3, 0x1a0, 0x1a0, 0x1a0, 0x1a0, 0x008,
			0x000, 0x000, 0x000, 0x000, 0x000, 0x000, 0x000, 0x000, 0x000, 0x000, 0x000, 0x000, 0x000, 0x000, 0x000, 0x000,
			0x000, 0x000, 0x000, 0x000, 0x000, 0x000, 0x000, 0x000, 0x000, 0x000, 0x000, 0x000, 0x000, 0x000, 0x000, 0x000,
			0x000, 0x000, 0x000, 0x000, 0x000, 0x000, 0x000, 0x000, 0x000, 0x000, 0x000, 0x000, 0x000, 0x000, 0x000, 0x000,
			0x000, 0x000, 0x000, 0x000, 0x000, 0x000, 0x000, 0x000, 0x000, 0x000, 0x000, 0x000, 0x000, 0x000, 0x000, 0x000,
			0x000, 0x000, 0x000, 0x000, 0x000, 0x000, 0x000, 0x000, 0x000, 0x000, 0x000, 0x000, 0x000, 0x000, 0x000, 0x000,
			0x000, 0x000, 0x000, 0x000, 0x000, 0x000, 0x000, 0x000, 0x000, 0x000, 0x000, 0x000, 0x000, 0x000, 0x000, 0x000,
			0x000, 0x000, 0x000, 0x000, 0x000, 0x000, 0x000, 0x000, 0x000, 0x000, 0x000, 0x000, 0x000, 0x000, 0x000, 0x000,
			0x000, 0x000, 0x000, 0x000, 0x000, 0x000, 0x000, 0x000, 0x000, 0x000, 0x000, 0x000, 0x000, 0x000, 0x000, 0x000,
		},
		"crh_UA": {
			0x008, 0x008, 0x008, 0x008, 0x008, 0x008, 0x008, 0x008, 0x008, 0x20c, 0x208, 0x208, 0x208, 0x208, 0x008, 0x008,
			0x008, 0x008, 0x008, 0x008, 0x008, 0x008, 0x008, 0x008, 0x008, 0x008, 0x008, 0x008, 0x008, 0x008, 0x008, 0x008,
			0x284, 0x1a0, 0x1a0, 0x1a0, 0x1a0, 0x1a0, 0x1a0, 0x1a0, 0x1a0, 0x1a0, 0x1a0, 0x1a0, 0x1a0, 0x1a0, 0x1a0, 0x1a0,
			0x8b1, 0x8b1, 0x8b1, 0x8b1, 0x8b1, 0x8b1, 0x8b1, 0x8b1, 0x8b1, 0x8b1, 0x1a0, 0x1a0, 0x1a0, 0x1a0, 0x1a0, 0x1a0,
			0x1a0, 0xca3, 0xca3, 0xca3, 0xca3, 0xca3, 0xca3, 0x4a3, 0x4a3, 0x4a3, 0x4a3, 0x4a3, 0x4a3, 0x4a3, 0x4a3, 0x4a3,
			0x4a3, 0x4a3, 0x4a3, 0x4a3, 0x4a3, 0x4a3, 0x4a3, 0x4a3, 0x4a3, 0x4a3, 0x4a3, 0x1a0, 0x1a0, 0x1a0, 0x1a0, 0x1a0,
			0x1a0, 0x8e3, 0x8e3, 0x8e3, 0x8e3, 0x8e3, 0x8e3, 0x0e3, 0x0e3, 0x0e3, 0x0e3, 0x0e3, 0x0e3, 0x0e3, 0x0e3, 0x0e3,
			0x0e3, 0x0e3, 0x0e3, 0x0e3, 0x0e3, 0x0e3, 0x0e3, 0x0e3, 0x0e3, 0x0e3, 0x0e3, 0x1a0, 0x1a0, 0x1a0, 0x1a0, 0x008,
			0x000, 0x000, 0x000, 0x000, 0x000, 0x000, 0x000, 0x000, 0x000, 0x000, 0x000, 0x000, 0x000, 0x000, 0x000, 0x000,
			0x000, 0x000, 0x000, 0x000, 0x000, 0x000, 0x000, 0x000, 0x000, 0x000, 0x000, 0x000, 0x000, 0x000, 0x000, 0x000,
			0x000, 0x000, 0x000, 0x000, 0x000, 0x000, 0x000, 0x000, 0x000, 0x000, 0x000, 0x000, 0x000, 0x000, 0x000, 0x000,
			0x000, 0x000, 0x000, 0x000, 0x000, 0x000, 0x000, 0x000, 0x000, 0x000, 0x000, 0x000, 0x000, 0x000, 0x000, 0x000,
			0x000, 0x000, 0x000, 0x000, 0x000, 0x000, 0x000, 0x000, 0x000, 0x000, 0x000, 0x000, 0x000, 0x000, 0x000, 0x000,
			0x000, 0x000, 0x000, 0x000, 0x000, 0x000, 0x000, 0x000, 0x000, 0x000, 0x000, 0x000, 0x000, 0x000, 0x000, 0x000,
			0x000, 0x000, 0x000, 0x000, 0x000, 0x000, 0x000, 0x000, 0x000, 0x000, 0x000, 0x000, 0x000, 0x000, 0x000, 0x000,
			0x000, 0x000, 0x000, 0x000, 0x000, 0x000, 0x000, 0x000, 0x000, 0x000, 0x000, 0x000, 0x000, 0x000, 0x000, 0x000,
		},
		"cs_CZ": {
			0x008, 0x008, 0x008, 0x008, 0x008, 0x008, 0x008, 0x008, 0x008, 0x20c, 0x208, 0x208, 0x208, 0x208, 0x008, 0x008,
			0x008, 0x008, 0x008, 0x008, 0x008, 0x008, 0x008, 0x008, 0x008, 0x008, 0x008, 0x008, 0x008, 0x008, 0x008, 0x008,
			0x284, 0x1a0, 0x1a0, 0x1a0, 0x1a0, 0x1a0, 0x1a0, 0x1a0, 0x1a0, 0x1a0, 0x1a0, 0x1a0, 0x1a0, 0x1a0, 0x1a0, 0x1a0,
			0x8b1, 0x8b1, 0x8b1, 0x8b1, 0x8b1, 0x8b1, 0x8b1, 0x8b1, 0x8b1, 0x8b1, 0x1a0, 0x1a0, 0x1a0, 0x1a0, 0x1a0, 0x1a0,
			0x1a0, 0xca3, 0xca3, 0xca3, 0xca3, 0xca3, 0xca3, 0x4a3, 0x4a3, 0x4a3, 0x4a3, 0x4a3, 0x4a3, 0x4a3, 0x4a3, 0x4a3,
			0x4a3, 0x4a3, 0x4a3, 0x4a3, 0x4a3, 0x4a3, 0x4a3, 0x4a3, 0x4a3, 0x4a3, 0x4a3, 0x1a0, 0x1a0, 0x1a0, 0x1a0, 0x1a0,
			0x1a0, 0x8e3, 0x8e3, 0x8e3, 0x8e3, 0x8e3, 0x8e3, 0x0e3, 0x0e3, 0x0e3, 0x0e3, 0x0e3, 0x0e3, 0x0e3, 0x0e3, 0x0e3,
			0x0e3, 0x0e3, 0x0e3, 0x0e3, 0x0e3, 0x0e3, 0x0e3, 0x0e3, 0x0e3, 0x0e3, 0x0e3, 0x1a0, 0x1a0, 0x1a0, 0x1a0, 0x008,
			0x008, 0x008, 0x008, 0x008, 0x008, 0x008, 0x008, 0x008, 0x008, 0x008, 0x008, 0x008, 0x008, 0x008, 0x008, 0x008,
			0x008, 0x008, 0x008, 0x008, 0x008, 0x008, 0x008, 0x008, 0x008, 0x008, 0x008, 0x008, 0x008, 0x008, 0x008, 0x008,
			0x1a0, 0x4a3, 0x1a0, 0x4a3, 0x1a0, 0x4a3, 0x4a3, 0x1a0, 0x1a0, 0x4a3, 0x4a3, 0x4a3, 0x4a3, 0x1a0, 0x4a3, 0x4a3,
			0x1a0, 0x0e3, 0x1a0, 0x0e3, 0x1a0, 0x0e3, 0x0e3, 0x0a3, 0x1a0, 0x0e3, 0x0e3, 0x0e3, 0x0e3, 0x1a0, 0x0e3, 0x0e3,
			0x4a3, 0x4a3, 0x4a3, 0x4a3, 0x4a3, 0x4a3, 0x4a3, 0x4a3, 0x4a3, 0x4a3, 0x4a3, 0x4a3, 0x4a3, 0x4a3, 0x4a3, 0x4a3,
			0x4a3, 0x4a3, 0x4a3, 0x4a3, 0x4a3, 0x4a3, 0x4a3, 0x1a0, 0x4a3, 0x4a3, 0x4a3, 0x4a3, 0x4a3, 0x4a3, 0x4a3, 0x0e3,
			0x0e3, 0x0e3, 0x0e3, 0x0e3, 0x0e3, 0x0e3, 0x0e3, 0x0e3, 0x0e3, 0x0e3, 0x0e3, 0x0e3, 0x0e3, 0x0e3, 0x0e3, 0x0e3,
			0x0e3, 0x0e3, 0x0e3, 0x0e3, 0x0e3, 0x0e3, 0x0e3, 0x1a0, 0x0e3, 0x0e3, 0x0e3, 0x0e3, 0x0e3, 0x0e3, 0x0e3, 0x1a0,
		},
		"cs_CZ.utf8": {
			0x008, 0x008, 0x008, 0x008, 0x008, 0x008, 0x008, 0x008, 0x008, 0x20c, 0x208, 0x208, 0x208, 0x208, 0x008, 0x008,
			0x008, 0x008, 0x008, 0x008, 0x008, 0x008, 0x008, 0x008, 0x008, 0x008, 0x008, 0x008, 0x008, 0x008, 0x008, 0x008,
			0x284, 0x1a0, 0x1a0, 0x1a0, 0x1a0, 0x1a0, 0x1a0, 0x1a0, 0x1a0, 0x1a0, 0x1a0, 0x1a0, 0x1a0, 0x1a0, 0x1a0, 0x1a0,
			0x8b1, 0x8b1, 0x8b1, 0x8b1, 0x8b1, 0x8b1, 0x8b1, 0x8b1, 0x8b1, 0x8b1, 0x1a0, 0x1a0, 0x1a0, 0x1a0, 0x1a0, 0x1a0,
			0x1a0, 0xca3, 0xca3, 0xca3, 0xca3, 0xca3, 0xca3, 0x4a3, 0x4a3, 0x4a3, 0x4a3, 0x4a3, 0x4a3, 0x4a3, 0x4a3, 0x4a3,
			0x4a3, 0x4a3, 0x4a3, 0x4a3, 0x4a3, 0x4a3, 0x4a3, 0x4a3, 0x4a3, 0x4a3, 0x4a3, 0x1a0, 0x1a0, 0x1a0, 0x1a0, 0x1a0,
			0x1a0, 0x8e3, 0x8e3, 0x8e3, 0x8e3, 0x8e3, 0x8e3, 0x0e3, 0x0e3, 0x0e3, 0x0e3, 0x0e3, 0x0e3, 0x0e3, 0x0e3, 0x0e3,
			0x0e3, 0x0e3, 0x0e3, 0x0e3, 0x0e3, 0x0e3, 0x0e3, 0x0e3, 0x0e3, 0x0e3, 0x0e3, 0x1a0, 0x1a0, 0x1a0, 0x1a0, 0x008,
			0x000, 0x000, 0x000, 0x000, 0x000, 0x000, 0x000, 0x000, 0x000, 0x000, 0x000, 0x000, 0x000, 0x000, 0x000, 0x000,
			0x000, 0x000, 0x000, 0x000, 0x000, 0x000, 0x000, 0x000, 0x000, 0x000, 0x000, 0x000, 0x000, 0x000, 0x000, 0x000,
			0x000, 0x000, 0x000, 0x000, 0x000, 0x000, 0x000, 0x000, 0x000, 0x000, 0x000, 0x000, 0x000, 0x000, 0x000, 0x000,
			0x000, 0x000, 0x000, 0x000, 0x000, 0x000, 0x000, 0x000, 0x000, 0x000, 0x000, 0x000, 0x000, 0x000, 0x000, 0x000,
			0x000, 0x000, 0x000, 0x000, 0x000, 0x000, 0x000, 0x000, 0x000, 0x000, 0x000, 0x000, 0x000, 0x000, 0x000, 0x000,
			0x000, 0x000, 0x000, 0x000, 0x000, 0x000, 0x000, 0x000, 0x000, 0x000, 0x000, 0x000, 0x000, 0x000, 0x000, 0x000,
			0x000, 0x000, 0x000, 0x000, 0x000, 0x000, 0x000, 0x000, 0x000, 0x000, 0x000, 0x000, 0x000, 0x000, 0x000, 0x000,
			0x000, 0x000, 0x000, 0x000, 0x000, 0x000, 0x000, 0x000, 0x000, 0x000, 0x000, 0x000, 0x000, 0x000, 0x000, 0x000,
		},
		"csb_PL": {
			0x008, 0x008, 0x008, 0x008, 0x008, 0x008, 0x008, 0x008, 0x008, 0x20c, 0x208, 0x208, 0x208, 0x208, 0x008, 0x008,
			0x008, 0x008, 0x008, 0x008, 0x008, 0x008, 0x008, 0x008, 0x008, 0x008, 0x008, 0x008, 0x008, 0x008, 0x008, 0x008,
			0x284, 0x1a0, 0x1a0, 0x1a0, 0x1a0, 0x1a0, 0x1a0, 0x1a0, 0x1a0, 0x1a0, 0x1a0, 0x1a0, 0x1a0, 0x1a0, 0x1a0, 0x1a0,
			0x8b1, 0x8b1, 0x8b1, 0x8b1, 0x8b1, 0x8b1, 0x8b1, 0x8b1, 0x8b1, 0x8b1, 0x1a0, 0x1a0, 0x1a0, 0x1a0, 0x1a0, 0x1a0,
			0x1a0, 0xca3, 0xca3, 0xca3, 0xca3, 0xca3, 0xca3, 0x4a3, 0x4a3, 0x4a3, 0x4a3, 0x4a3, 0x4a3, 0x4a3, 0x4a3, 0x4a3,
			0x4a3, 0x4a3, 0x4a3, 0x4a3, 0x4a3, 0x4a3, 0x4a3, 0x4a3, 0x4a3, 0x4a3, 0x4a3, 0x1a0, 0x1a0, 0x1a0, 0x1a0, 0x1a0,
			0x1a0, 0x8e3, 0x8e3, 0x8e3, 0x8e3, 0x8e3, 0x8e3, 0x0e3, 0x0e3, 0x0e3, 0x0e3, 0x0e3, 0x0e3, 0x0e3, 0x0e3, 0x0e3,
			0x0e3, 0x0e3, 0x0e3, 0x0e3, 0x0e3, 0x0e3, 0x0e3, 0x0e3, 0x0e3, 0x0e3, 0x0e3, 0x1a0, 0x1a0, 0x1a0, 0x1a0, 0x008,
			0x000, 0x000, 0x000, 0x000, 0x000, 0x000, 0x000, 0x000, 0x000, 0x000, 0x000, 0x000, 0x000, 0x000, 0x000, 0x000,
			0x000, 0x000, 0x000, 0x000, 0x000, 0x000, 0x000, 0x000, 0x000, 0x000, 0x000, 0x000, 0x000, 0x000, 0x000, 0x000,
			0x000, 0x000, 0x000, 0x000, 0x000, 0x000, 0x000, 0x000, 0x000, 0x000, 0x000, 0x000, 0x000, 0x000, 0x000, 0x000,
			0x000, 0x000, 0x000, 0x000, 0x000, 0x000, 0x000, 0x000, 0x000, 0x000, 0x000, 0x000, 0x000, 0x000, 0x000, 0x000,
			0x000, 0x000, 0x000, 0x000, 0x000, 0x000, 0x000, 0x000, 0x000, 0x000, 0x000, 0x000, 0x000, 0x000, 0x000, 0x000,
			0x000, 0x000, 0x000, 0x000, 0x000, 0x000, 0x000, 0x000, 0x000, 0x000, 0x000, 0x000, 0x000, 0x000, 0x000, 0x000,
			0x000, 0x000, 0x000, 0x000, 0x000, 0x000, 0x000, 0x000, 0x000, 0x000, 0x000, 0x000, 0x000, 0x000, 0x000, 0x000,
			0x000, 0x000, 0x000, 0x000, 0x000, 0x000, 0x000, 0x000, 0x000, 0x000, 0x000, 0x000, 0x000, 0x000, 0x000, 0x000,
		},
		"cv_RU": {
			0x008, 0x008, 0x008, 0x008, 0x008, 0x008, 0x008, 0x008, 0x008, 0x20c, 0x208, 0x208, 0x208, 0x208, 0x008, 0x008,
			0x008, 0x008, 0x008, 0x008, 0x008, 0x008, 0x008, 0x008, 0x008, 0x008, 0x008, 0x008, 0x008, 0x008, 0x008, 0x008,
			0x284, 0x1a0, 0x1a0, 0x1a0, 0x1a0, 0x1a0, 0x1a0, 0x1a0, 0x1a0, 0x1a0, 0x1a0, 0x1a0, 0x1a0, 0x1a0, 0x1a0, 0x1a0,
			0x8b1, 0x8b1, 0x8b1, 0x8b1, 0x8b1, 0x8b1, 0x8b1, 0x8b1, 0x8b1, 0x8b1, 0x1a0, 0x1a0, 0x1a0, 0x1a0, 0x1a0, 0x1a0,
			0x1a0, 0xca3, 0xca3, 0xca3, 0xca3, 0xca3, 0xca3, 0x4a3, 0x4a3, 0x4a3, 0x4a3, 0x4a3, 0x4a3, 0x4a3, 0x4a3, 0x4a3,
			0x4a3, 0x4a3, 0x4a3, 0x4a3, 0x4a3, 0x4a3, 0x4a3, 0x4a3, 0x4a3, 0x4a3, 0x4a3, 0x1a0, 0x1a0, 0x1a0, 0x1a0, 0x1a0,
			0x1a0, 0x8e3, 0x8e3, 0x8e3, 0x8e3, 0x8e3, 0x8e3, 0x0e3, 0x0e3, 0x0e3, 0x0e3, 0x0e3, 0x0e3, 0x0e3, 0x0e3, 0x0e3,
			0x0e3, 0x0e3, 0x0e3, 0x0e3, 0x0e3, 0x0e3, 0x0e3, 0x0e3, 0x0e3, 0x0e3, 0x0e3, 0x1a0, 0x1a0, 0x1a0, 0x1a0, 0x008,
			0x000, 0x000, 0x000, 0x000, 0x000, 0x000, 0x000, 0x000, 0x000, 0x000, 0x000, 0x000, 0x000, 0x000, 0x000, 0x000,
			0x000, 0x000, 0x000, 0x000, 0x000, 0x000, 0x000, 0x000, 0x000, 0x000, 0x000, 0x000, 0x000, 0x000, 0x000, 0x000,
			0x000, 0x000, 0x000, 0x000, 0x000, 0x000, 0x000, 0x000, 0x000, 0x000, 0x000, 0x000, 0x000, 0x000, 0x000, 0x000,
			0x000, 0x000, 0x000, 0x000, 0x000, 0x000, 0x000, 0x000, 0x000, 0x000, 0x000, 0x000, 0x000, 0x000, 0x000, 0x000,
			0x000, 0x000, 0x000, 0x000, 0x000, 0x000, 0x000, 0x000, 0x000, 0x000, 0x000, 0x000, 0x000, 0x000, 0x000, 0x000,
			0x000, 0x000, 0x000, 0x000, 0x000, 0x000, 0x000, 0x000, 0x000, 0x000, 0x000, 0x000, 0x000, 0x000, 0x000, 0x000,
			0x000, 0x000, 0x000, 0x000, 0x000, 0x000, 0x000, 0x000, 0x000, 0x000, 0x000, 0x000, 0x000, 0x000, 0x000, 0x000,
			0x000, 0x000, 0x000, 0x000, 0x000, 0x000, 0x000, 0x000, 0x000, 0x000, 0x000, 0x000, 0x000, 0x000, 0x000, 0x000,
		},
		"cy_GB": {
			0x008, 0x008, 0x008, 0x008, 0x008, 0x008, 0x008, 0x008, 0x008, 0x20c, 0x208, 0x208, 0x208, 0x208, 0x008, 0x008,
			0x008, 0x008, 0x008, 0x008, 0x008, 0x008, 0x008, 0x008, 0x008, 0x008, 0x008, 0x008, 0x008, 0x008, 0x008, 0x008,
			0x284, 0x1a0, 0x1a0, 0x1a0, 0x1a0, 0x1a0, 0x1a0, 0x1a0, 0x1a0, 0x1a0, 0x1a0, 0x1a0, 0x1a0, 0x1a0, 0x1a0, 0x1a0,
			0x8b1, 0x8b1, 0x8b1, 0x8b1, 0x8b1, 0x8b1, 0x8b1, 0x8b1, 0x8b1, 0x8b1, 0x1a0, 0x1a0, 0x1a0, 0x1a0, 0x1a0, 0x1a0,
			0x1a0, 0xca3, 0xca3, 0xca3, 0xca3, 0xca3, 0xca3, 0x4a3, 0x4a3, 0x4a3, 0x4a3, 0x4a3, 0x4a3, 0x4a3, 0x4a3, 0x4a3,
			0x4a3, 0x4a3, 0x4a3, 0x4a3, 0x4a3, 0x4a3, 0x4a3, 0x4a3, 0x4a3, 0x4a3, 0x4a3, 0x1a0, 0x1a0, 0x1a0, 0x1a0, 0x1a0,
			0x1a0, 0x8e3, 0x8e3, 0x8e3, 0x8e3, 0x8e3, 0x8e3, 0x0e3, 0x0e3, 0x0e3, 0x0e3, 0x0e3, 0x0e3, 0x0e3, 0x0e3, 0x0e3,
			0x0e3, 0x0e3, 0x0e3, 0x0e3, 0x0e3, 0x0e3, 0x0e3, 0x0e3, 0x0e3, 0x0e3, 0x0e3, 0x1a0, 0x1a0, 0x1a0, 0x1a0, 0x008,
			0x008, 0x008, 0x008, 0x008, 0x008, 0x008, 0x008, 0x008, 0x008, 0x008, 0x008, 0x008, 0x008, 0x008, 0x008, 0x008,
			0x008, 0x008, 0x008, 0x008, 0x008, 0x008, 0x008, 0x008, 0x008, 0x008, 0x008, 0x008, 0x008, 0x008, 0x008, 0x008,
			0x1a0, 0x4a3, 0x0e3, 0x1a0, 0x4a3, 0x0e3, 0x4a3, 0x1a0, 0x4a3, 0x1a0, 0x4a3, 0x0e3, 0x4a3, 0x1a0, 0x1a0, 0x4a3,
			0x4a3, 0x0e3, 0x4a3, 0x0e3, 0x4a3, 0x0e3, 0x1a0, 0x4a3, 0x0e3, 0x0e3, 0x0e3, 0x4a3, 0x0e3, 0x4a3, 0x0e3, 0x0e3,
			0x4a3, 0x4a3, 0x4a3, 0x4a3, 0x4a3, 0x4a3, 0x4a3, 0x4a3, 0x4a3, 0x4a3, 0x4a3, 0x4a3, 0x4a3, 0x4a3, 0x4a3, 0x4a3,
			0x4a3, 0x4a3, 0x4a3, 0x4a3, 0x4a3, 0x4a3, 0x4a3, 0x4a3, 0x4a3, 0x4a3, 0x4a3, 0x4a3, 0x4a3, 0x4a3, 0x4a3, 0x0e3,
			0x0e3, 0x0e3, 0x0e3, 0x0e3, 0x0e3, 0x0e3, 0x0e3, 0x0e3, 0x0e3, 0x0e3, 0x0e3, 0x0e3, 0x0e3, 0x0e3, 0x0e3, 0x0e3,
			0x0e3, 0x0e3, 0x0e3, 0x0e3, 0x0e3, 0x0e3, 0x0e3, 0x0e3, 0x0e3, 0x0e3, 0x0e3, 0x0e3, 0x0e3, 0x0e3, 0x0e3, 0x0e3,
		},
		"cy_GB.utf8": {
			0x008, 0x008, 0x008, 0x008, 0x008, 0x008, 0x008, 0x008, 0x008, 0x20c, 0x208, 0x208, 0x208, 0x208, 0x008, 0x008,
			0x008, 0x008, 0x008, 0x008, 0x008, 0x008, 0x008, 0x008, 0x008, 0x008, 0x008, 0x008, 0x008, 0x008, 0x008, 0x008,
			0x284, 0x1a0, 0x1a0, 0x1a0, 0x1a0, 0x1a0, 0x1a0, 0x1a0, 0x1a0, 0x1a0, 0x1a0, 0x1a0, 0x1a0, 0x1a0, 0x1a0, 0x1a0,
			0x8b1, 0x8b1, 0x8b1, 0x8b1, 0x8b1, 0x8b1, 0x8b1, 0x8b1, 0x8b1, 0x8b1, 0x1a0, 0x1a0, 0x1a0, 0x1a0, 0x1a0, 0x1a0,
			0x1a0, 0xca3, 0xca3, 0xca3, 0xca3, 0xca3, 0xca3, 0x4a3, 0x4a3, 0x4a3, 0x4a3, 0x4a3, 0x4a3, 0x4a3, 0x4a3, 0x4a3,
			0x4a3, 0x4a3, 0x4a3, 0x4a3, 0x4a3, 0x4a3, 0x4a3, 0x4a3, 0x4a3, 0x4a3, 0x4a3, 0x1a0, 0x1a0, 0x1a0, 0x1a0, 0x1a0,
			0x1a0, 0x8e3, 0x8e3, 0x8e3, 0x8e3, 0x8e3, 0x8e3, 0x0e3, 0x0e3, 0x0e3, 0x0e3, 0x0e3, 0x0e3, 0x0e3, 0x0e3, 0x0e3,
			0x0e3, 0x0e3, 0x0e3, 0x0e3, 0x0e3, 0x0e3, 0x0e3, 0x0e3, 0x0e3, 0x0e3, 0x0e3, 0x1a0, 0x1a0, 0x1a0, 0x1a0, 0x008,
			0x000, 0x000, 0x000, 0x000, 0x000, 0x000, 0x000, 0x000, 0x000, 0x000, 0x000, 0x000, 0x000, 0x000, 0x000, 0x000,
			0x000, 0x000, 0x000, 0x000, 0x000, 0x000, 0x000, 0x000, 0x000, 0x000, 0x000, 0x000, 0x000, 0x000, 0x000, 0x000,
			0x000, 0x000, 0x000, 0x000, 0x000, 0x000, 0x000, 0x000, 0x000, 0x000, 0x000, 0x000, 0x000, 0x000, 0x000, 0x000,
			0x000, 0x000, 0x000, 0x000, 0x000, 0x000, 0x000, 0x000, 0x000, 0x000, 0x000, 0x000, 0x000, 0x000, 0x000, 0x000,
			0x000, 0x000, 0x000, 0x000, 0x000, 0x000, 0x000, 0x000, 0x000, 0x000, 0x000, 0x000, 0x000, 0x000, 0x000, 0x000,
			0x000, 0x000, 0x000, 0x000, 0x000, 0x000, 0x000, 0x000, 0x000, 0x000, 0x000, 0x000, 0x000, 0x000, 0x000, 0x000,
			0x000, 0x000, 0x000, 0x000, 0x000, 0x000, 0x000, 0x000, 0x000, 0x000, 0x000, 0x000, 0x000, 0x000, 0x000, 0x000,
			0x000, 0x000, 0x000, 0x000, 0x000, 0x000, 0x000, 0x000, 0x000, 0x000, 0x000, 0x000, 0x000, 0x000, 0x000, 0x000,
		},
		"da_DK": {
			0x008, 0x008, 0x008, 0x008, 0x008, 0x008, 0x008, 0x008, 0x008, 0x20c, 0x208, 0x208, 0x208, 0x208, 0x008, 0x008,
			0x008, 0x008, 0x008, 0x008, 0x008, 0x008, 0x008, 0x008, 0x008, 0x008, 0x008, 0x008, 0x008, 0x008, 0x008, 0x008,
			0x284, 0x1a0, 0x1a0, 0x1a0, 0x1a0, 0x1a0, 0x1a0, 0x1a0, 0x1a0, 0x1a0, 0x1a0, 0x1a0, 0x1a0, 0x1a0, 0x1a0, 0x1a0,
			0x8b1, 0x8b1, 0x8b1, 0x8b1, 0x8b1, 0x8b1, 0x8b1, 0x8b1, 0x8b1, 0x8b1, 0x1a0, 0x1a0, 0x1a0, 0x1a0, 0x1a0, 0x1a0,
			0x1a0, 0xca3, 0xca3, 0xca3, 0xca3, 0xca3, 0xca3, 0x4a3, 0x4a3, 0x4a3, 0x4a3, 0x4a3, 0x4a3, 0x4a3, 0x4a3, 0x4a3,
			0x4a3, 0x4a3, 0x4a3, 0x4a3, 0x4a3, 0x4a3, 0x4a3, 0x4a3, 0x4a3, 0x4a3, 0x4a3, 0x1a0, 0x1a0, 0x1a0, 0x1a0, 0x1a0,
			0x1a0, 0x8e3, 0x8e3, 0x8e3, 0x8e3, 0x8e3, 0x8e3, 0x0e3, 0x0e3, 0x0e3, 0x0e3, 0x0e3, 0x0e3, 0x0e3, 0x0e3, 0x0e3,
			0x0e3, 0x0e3, 0x0e3, 0x0e3, 0x0e3, 0x0e3, 0x0e3, 0x0e3, 0x0e3, 0x0e3, 0x0e3, 0x1a0, 0x1a0, 0x1a0, 0x1a0, 0x008,
			0x008, 0x008, 0x008, 0x008, 0x008, 0x008, 0x008, 0x008, 0x008, 0x008, 0x008, 0x008, 0x008, 0x008, 0x008, 0x008,
			0x008, 0x008, 0x008, 0x008, 0x008, 0x008, 0x008, 0x008, 0x008, 0x008, 0x008, 0x008, 0x008, 0x008, 0x008, 0x008,
			0x1a0, 0x1a0, 0x1a0, 0x1a0, 0x1a0, 0x1a0, 0x1a0, 0x1a0, 0x1a0, 0x1a0, 0x0e3, 0x1a0, 0x1a0, 0x1a0, 0x1a0, 0x1a0,
			0x1a0, 0x1a0, 0x1a0, 0x1a0, 0x1a0, 0x0e3, 0x1a0, 0x1a0, 0x1a0, 0x1a0, 0x0e3, 0x1a0, 0x1a0, 0x1a0, 0x1a0, 0x1a0,
			0x4a3, 0x4a3, 0x4a3, 0x4a3, 0x4a3, 0x4a3, 0x4a3, 0x4a3, 0x4a3, 0x4a3, 0x4a3, 0x4a3, 0x4a3, 0x4a3, 0x4a3, 0x4a3,
			0x4a3, 0x4a3, 0x4a3, 0x4a3, 0x4a3, 0x4a3, 0x4a3, 0x1a0, 0x4a3, 0x4a3, 0x4a3, 0x4a3, 0x4a3, 0x4a3, 0x4a3, 0x0e3,
			0x0e3, 0x0e3, 0x0e3, 0x0e3, 0x0e3, 0x0e3, 0x0e3, 0x0e3, 0x0e3, 0x0e3, 0x0e3, 0x0e3, 0x0e3, 0x0e3, 0x0e3, 0x0e3,
			0x0e3, 0x0e3, 0x0e3, 0x0e3, 0x0e3, 0x0e3, 0x0e3, 0x1a0, 0x0e3, 0x0e3, 0x0e3, 0x0e3, 0x0e3, 0x0e3, 0x0e3, 0x0e3,
		},
		"da_DK.utf8": {
			0x008, 0x008, 0x008, 0x008, 0x008, 0x008, 0x008, 0x008, 0x008, 0x20c, 0x208, 0x208, 0x208, 0x208, 0x008, 0x008,
			0x008, 0x008, 0x008, 0x008, 0x008, 0x008, 0x008, 0x008, 0x008, 0x008, 0x008, 0x008, 0x008, 0x008, 0x008, 0x008,
			0x284, 0x1a0, 0x1a0, 0x1a0, 0x1a0, 0x1a0, 0x1a0, 0x1a0, 0x1a0, 0x1a0, 0x1a0, 0x1a0, 0x1a0, 0x1a0, 0x1a0, 0x1a0,
			0x8b1, 0x8b1, 0x8b1, 0x8b1, 0x8b1, 0x8b1, 0x8b1, 0x8b1, 0x8b1, 0x8b1, 0x1a0, 0x1a0, 0x1a0, 0x1a0, 0x1a0, 0x1a0,
			0x1a0, 0xca3, 0xca3, 0xca3, 0xca3, 0xca3, 0xca3, 0x4a3, 0x4a3, 0x4a3, 0x4a3, 0x4a3, 0x4a3, 0x4a3, 0x4a3, 0x4a3,
			0x4a3, 0x4a3, 0x4a3, 0x4a3, 0x4a3, 0x4a3, 0x4a3, 0x4a3, 0x4a3, 0x4a3, 0x4a3, 0x1a0, 0x1a0, 0x1a0, 0x1a0, 0x1a0,
			0x1a0, 0x8e3, 0x8e3, 0x8e3, 0x8e3, 0x8e3, 0x8e3, 0x0e3, 0x0e3, 0x0e3, 0x0e3, 0x0e3, 0x0e3, 0x0e3, 0x0e3, 0x0e3,
			0x0e3, 0x0e3, 0x0e3, 0x0e3, 0x0e3, 0x0e3, 0x0e3, 0x0e3, 0x0e3, 0x0e3, 0x0e3, 0x1a0, 0x1a0, 0x1a0, 0x1a0, 0x008,
			0x000, 0x000, 0x000, 0x000, 0x000, 0x000, 0x000, 0x000, 0x000, 0x000, 0x000, 0x000, 0x000, 0x000, 0x000, 0x000,
			0x000, 0x000, 0x000, 0x000, 0x000, 0x000, 0x000, 0x000, 0x000, 0x000, 0x000, 0x000, 0x000, 0x000, 0x000, 0x000,
			0x000, 0x000, 0x000, 0x000, 0x000, 0x000, 0x000, 0x000, 0x000, 0x000, 0x000, 0x000, 0x000, 0x000, 0x000, 0x000,
			0x000, 0x000, 0x000, 0x000, 0x000, 0x000, 0x000, 0x000, 0x000, 0x000, 0x000, 0x000, 0x000, 0x000, 0x000, 0x000,
			0x000, 0x000, 0x000, 0x000, 0x000, 0x000, 0x000, 0x000, 0x000, 0x000, 0x000, 0x000, 0x000, 0x000, 0x000, 0x000,
			0x000, 0x000, 0x000, 0x000, 0x000, 0x000, 0x000, 0x000, 0x000, 0x000, 0x000, 0x000, 0x000, 0x000, 0x000, 0x000,
			0x000, 0x000, 0x000, 0x000, 0x000, 0x000, 0x000, 0x000, 0x000, 0x000, 0x000, 0x000, 0x000, 0x000, 0x000, 0x000,
			0x000, 0x000, 0x000, 0x000, 0x000, 0x000, 0x000, 0x000, 0x000, 0x000, 0x000, 0x000, 0x000, 0x000, 0x000, 0x000,
		},
		"de_AT": {
			0x008, 0x008, 0x008, 0x008, 0x008, 0x008, 0x008, 0x008, 0x008, 0x20c, 0x208, 0x208, 0x208, 0x208, 0x008, 0x008,
			0x008, 0x008, 0x008, 0x008, 0x008, 0x008, 0x008, 0x008, 0x008, 0x008, 0x008, 0x008, 0x008, 0x008, 0x008, 0x008,
			0x284, 0x1a0, 0x1a0, 0x1a0, 0x1a0, 0x1a0, 0x1a0, 0x1a0, 0x1a0, 0x1a0, 0x1a0, 0x1a0, 0x1a0, 0x1a0, 0x1a0, 0x1a0,
			0x8b1, 0x8b1, 0x8b1, 0x8b1, 0x8b1, 0x8b1, 0x8b1, 0x8b1, 0x8b1, 0x8b1, 0x1a0, 0x1a0, 0x1a0, 0x1a0, 0x1a0, 0x1a0,
			0x1a0, 0xca3, 0xca3, 0xca3, 0xca3, 0xca3, 0xca3, 0x4a3, 0x4a3, 0x4a3, 0x4a3, 0x4a3, 0x4a3, 0x4a3, 0x4a3, 0x4a3,
			0x4a3, 0x4a3, 0x4a3, 0x4a3, 0x4a3, 0x4a3, 0x4a3, 0x4a3, 0x4a3, 0x4a3, 0x4a3, 0x1a0, 0x1a0, 0x1a0, 0x1a0, 0x1a0,
			0x1a0, 0x8e3, 0x8e3, 0x8e3, 0x8e3, 0x8e3, 0x8e3, 0x0e3, 0x0e3, 0x0e3, 0x0e3, 0x0e3, 0x0e3, 0x0e3, 0x0e3, 0x0e3,
			0x0e3, 0x0e3, 0x0e3, 0x0e3, 0x0e3, 0x0e3, 0x0e3, 0x0e3, 0x0e3, 0x0e3, 0x0e3, 0x1a0, 0x1a0, 0x1a0, 0x1a0, 0x008,
			0x008, 0x008, 0x008, 0x008, 0x008, 0x008, 0x008, 0x008, 0x008, 0x008, 0x008, 0x008, 0x008, 0x008, 0x008, 0x008,
			0x008, 0x008, 0x008, 0x008, 0x008, 0x008, 0x008, 0x008, 0x008, 0x008, 0x008, 0x008, 0x008, 0x008, 0x008, 0x008,
			0x1a0, 0x1a0, 0x1a0, 0x1a0, 0x1a0, 0x1a0, 0x1a0, 0x1a0, 0x1a0, 0x1a0, 0x0e3, 0x1a0, 0x1a0, 0x1a0, 0x1a0, 0x1a0,
			0x1a0, 0x1a0, 0x1a0, 0x1a0, 0x1a0, 0x0e3, 0x1a0, 0x1a0, 0x1a0, 0x1a0, 0x0e3, 0x1a0, 0x1a0, 0x1a0, 0x1a0, 0x1a0,
			0x4a3, 0x4a3, 0x4a3, 0x4a3, 0x4a3, 0x4a3, 0x4a3, 0x4a3, 0x4a3, 0x4a3, 0x4a3, 0x4a3, 0x4a3, 0x4a3, 0x4a3, 0x4a3,
			0x4a3, 0x4a3, 0x4a3, 0x4a3, 0x4a3, 0x4a3, 0x4a3, 0x1a0, 0x4a3, 0x4a3, 0x4a3, 0x4a3, 0x4a3, 0x4a3, 0x4a3, 0x0e3,
			0x0e3, 0x0e3, 0x0e3, 0x0e3, 0x0e3, 0x0e3, 0x0e3, 0x0e3, 0x0e3, 0x0e3, 0x0e3, 0x0e3, 0x0e3, 0x0e3, 0x0e3, 0x0e3,
			0x0e3, 0x0e3, 0x0e3, 0x0e3, 0x0e3, 0x0e3, 0x0e3, 0x1a0, 0x0e3, 0x0e3, 0x0e3, 0x0e3, 0x0e3, 0x0e3, 0x0e3, 0x0e3,
		},
		"de_AT.utf8": {
			0x008, 0x008, 0x008, 0x008, 0x008, 0x008, 0x008, 0x008, 0x008, 0x20c, 0x208, 0x208, 0x208, 0x208, 0x008, 0x008,
			0x008, 0x008, 0x008, 0x008, 0x008, 0x008, 0x008, 0x008, 0x008, 0x008, 0x008, 0x008, 0x008, 0x008, 0x008, 0x008,
			0x284, 0x1a0, 0x1a0, 0x1a0, 0x1a0, 0x1a0, 0x1a0, 0x1a0, 0x1a0, 0x1a0, 0x1a0, 0x1a0, 0x1a0, 0x1a0, 0x1a0, 0x1a0,
			0x8b1, 0x8b1, 0x8b1, 0x8b1, 0x8b1, 0x8b1, 0x8b1, 0x8b1, 0x8b1, 0x8b1, 0x1a0, 0x1a0, 0x1a0, 0x1a0, 0x1a0, 0x1a0,
			0x1a0, 0xca3, 0xca3, 0xca3, 0xca3, 0xca3, 0xca3, 0x4a3, 0x4a3, 0x4a3, 0x4a3, 0x4a3, 0x4a3, 0x4a3, 0x4a3, 0x4a3,
			0x4a3, 0x4a3, 0x4a3, 0x4a3, 0x4a3, 0x4a3, 0x4a3, 0x4a3, 0x4a3, 0x4a3, 0x4a3, 0x1a0, 0x1a0, 0x1a0, 0x1a0, 0x1a0,
			0x1a0, 0x8e3, 0x8e3, 0x8e3, 0x8e3, 0x8e3, 0x8e3, 0x0e3, 0x0e3, 0x0e3, 0x0e3, 0x0e3, 0x0e3, 0x0e3, 0x0e3, 0x0e3,
			0x0e3, 0x0e3, 0x0e3, 0x0e3, 0x0e3, 0x0e3, 0x0e3, 0x0e3, 0x0e3, 0x0e3, 0x0e3, 0x1a0, 0x1a0, 0x1a0, 0x1a0, 0x008,
			0x000, 0x000, 0x000, 0x000, 0x000, 0x000, 0x000, 0x000, 0x000, 0x000, 0x000, 0x000, 0x000, 0x000, 0x000, 0x000,
			0x000, 0x000, 0x000, 0x000, 0x000, 0x000, 0x000, 0x000, 0x000, 0x000, 0x000, 0x000, 0x000, 0x000, 0x000, 0x000,
			0x000, 0x000, 0x000, 0x000, 0x000, 0x000, 0x000, 0x000, 0x000, 0x000, 0x000, 0x000, 0x000, 0x000, 0x000, 0x000,
			0x000, 0x000, 0x000, 0x000, 0x000, 0x000, 0x000, 0x000, 0x000, 0x000, 0x000, 0x000, 0x000, 0x000, 0x000, 0x000,
			0x000, 0x000, 0x000, 0x000, 0x000, 0x000, 0x000, 0x000, 0x000, 0x000, 0x000, 0x000, 0x000, 0x000, 0x000, 0x000,
			0x000, 0x000, 0x000, 0x000, 0x000, 0x000, 0x000, 0x000, 0x000, 0x000, 0x000, 0x000, 0x000, 0x000, 0x000, 0x000,
			0x000, 0x000, 0x000, 0x000, 0x000, 0x000, 0x000, 0x000, 0x000, 0x000, 0x000, 0x000, 0x000, 0x000, 0x000, 0x000,
			0x000, 0x000, 0x000, 0x000, 0x000, 0x000, 0x000, 0x000, 0x000, 0x000, 0x000, 0x000, 0x000, 0x000, 0x000, 0x000,
		},
		"de_AT@euro": {
			0x008, 0x008, 0x008, 0x008, 0x008, 0x008, 0x008, 0x008, 0x008, 0x20c, 0x208, 0x208, 0x208, 0x208, 0x008, 0x008,
			0x008, 0x008, 0x008, 0x008, 0x008, 0x008, 0x008, 0x008, 0x008, 0x008, 0x008, 0x008, 0x008, 0x008, 0x008, 0x008,
			0x284, 0x1a0, 0x1a0, 0x1a0, 0x1a0, 0x1a0, 0x1a0, 0x1a0, 0x1a0, 0x1a0, 0x1a0, 0x1a0, 0x1a0, 0x1a0, 0x1a0, 0x1a0,
			0x8b1, 0x8b1, 0x8b1, 0x8b1, 0x8b1, 0x8b1, 0x8b1, 0x8b1, 0x8b1, 0x8b1, 0x1a0, 0x1a0, 0x1a0, 0x1a0, 0x1a0, 0x1a0,
			0x1a0, 0xca3, 0xca3, 0xca3, 0xca3, 0xca3, 0xca3, 0x4a3, 0x4a3, 0x4a3, 0x4a3, 0x4a3, 0x4a3, 0x4a3, 0x4a3, 0x4a3,
			0x4a3, 0x4a3, 0x4a3, 0x4a3, 0x4a3, 0x4a3, 0x4a3, 0x4a3, 0x4a3, 0x4a3, 0x4a3, 0x1a0, 0x1a0, 0x1a0, 0x1a0, 0x1a0,
			0x1a0, 0x8e3, 0x8e3, 0x8e3, 0x8e3, 0x8e3, 0x8e3, 0x0e3, 0x0e3, 0x0e3, 0x0e3, 0x0e3, 0x0e3, 0x0e3, 0x0e3, 0x0e3,
			0x0e3, 0x0e3, 0x0e3, 0x0e3, 0x0e3, 0x0e3, 0x0e3, 0x0e3, 0x0e3, 0x0e3, 0x0e3, 0x1a0, 0x1a0, 0x1a0, 0x1a0, 0x008,
			0x008, 0x008, 0x008, 0x008, 0x008, 0x008, 0x008, 0x008, 0x008, 0x008, 0x008, 0x008, 0x008, 0x008, 0x008, 0x008,
			0x008, 0x008, 0x008, 0x008, 0x008, 0x008, 0x008, 0x008, 0x008, 0x008, 0x008, 0x008, 0x008, 0x008, 0x008, 0x008,
			0x1a0, 0x1a0, 0x1a0, 0x1a0, 0x1a0, 0x1a0, 0x4a3, 0x1a0, 0x0e3, 0x1a0, 0x0e3, 0x1a0, 0x1a0, 0x1a0, 0x1a0, 0x1a0,
			0x1a0, 0x1a0, 0x1a0, 0x1a0, 0x4a3, 0x0e3, 0x1a0, 0x1a0, 0x0e3, 0x1a0, 0x0e3, 0x1a0, 0x4a3, 0x0e3, 0x4a3, 0x1a0,
			0x4a3, 0x4a3, 0x4a3, 0x4a3, 0x4a3, 0x4a3, 0x4a3, 0x4a3, 0x4a3, 0x4a3, 0x4a3, 0x4a3, 0x4a3, 0x4a3, 0x4a3, 0x4a3,
			0x4a3, 0x4a3, 0x4a3, 0x4a3, 0x4a3, 0x4a3, 0x4a3, 0x1a0, 0x4a3, 0x4a3, 0x4a3, 0x4a3, 0x4a3, 0x4a3, 0x4a3, 0x0e3,
			0x0e3, 0x0e3, 0x0e3, 0x0e3, 0x0e3, 0x0e3, 0x0e3, 0x0e3, 0x0e3, 0x0e3, 0x0e3, 0x0e3, 0x0e3, 0x0e3, 0x0e3, 0x0e3,
			0x0e3, 0x0e3, 0x0e3, 0x0e3, 0x0e3, 0x0e3, 0x0e3, 0x1a0, 0x0e3, 0x0e3, 0x0e3, 0x0e3, 0x0e3, 0x0e3, 0x0e3, 0x0e3,
		},
		"de_BE": {
			0x008, 0x008, 0x008, 0x008, 0x008, 0x008, 0x008, 0x008, 0x008, 0x20c, 0x208, 0x208, 0x208, 0x208, 0x008, 0x008,
			0x008, 0x008, 0x008, 0x008, 0x008, 0x008, 0x008, 0x008, 0x008, 0x008, 0x008, 0x008, 0x008, 0x008, 0x008, 0x008,
			0x284, 0x1a0, 0x1a0, 0x1a0, 0x1a0, 0x1a0, 0x1a0, 0x1a0, 0x1a0, 0x1a0, 0x1a0, 0x1a0, 0x1a0, 0x1a0, 0x1a0, 0x1a0,
			0x8b1, 0x8b1, 0x8b1, 0x8b1, 0x8b1, 0x8b1, 0x8b1, 0x8b1, 0x8b1, 0x8b1, 0x1a0, 0x1a0, 0x1a0, 0x1a0, 0x1a0, 0x1a0,
			0x1a0, 0xca3, 0xca3, 0xca3, 0xca3, 0xca3, 0xca3, 0x4a3, 0x4a3, 0x4a3, 0x4a3, 0x4a3, 0x4a3, 0x4a3, 0x4a3, 0x4a3,
			0x4a3, 0x4a3, 0x4a3, 0x4a3, 0x4a3, 0x4a3, 0x4a3, 0x4a3, 0x4a3, 0x4a3, 0x4a3, 0x1a0, 0x1a0, 0x1a0, 0x1a0, 0x1a0,
			0x1a0, 0x8e3, 0x8e3, 0x8e3, 0x8e3, 0x8e3, 0x8e3, 0x0e3, 0x0e3, 0x0e3, 0x0e3, 0x0e3, 0x0e3, 0x0e3, 0x0e3, 0x0e3,
			0x0e3, 0x0e3, 0x0e3, 0x0e3, 0x0e3, 0x0e3, 0x0e3, 0x0e3, 0x0e3, 0x0e3, 0x0e3, 0x1a0, 0x1a0, 0x1a0, 0x1a0, 0x008,
			0x008, 0x008, 0x008, 0x008, 0x008, 0x008, 0x008, 0x008, 0x008, 0x008, 0x008, 0x008, 0x008, 0x008, 0x008, 0x008,
			0x008, 0x008, 0x008, 0x008, 0x008, 0x008, 0x008, 0x008, 0x008, 0x008, 0x008, 0x008, 0x008, 0x008, 0x008, 0x008,
			0x1a0, 0x1a0, 0x1a0, 0x1a0, 0x1a0, 0x1a0, 0x1a0, 0x1a0, 0x1a0, 0x1a0, 0x0e3, 0x1a0, 0x1a0, 0x1a0, 0x1a0, 0x1a0,
			0x1a0, 0x1a0, 0x1a0, 0x1a0, 0x1a0, 0x0e3, 0x1a0, 0x1a0, 0x1a0, 0x1a0, 0x0e3, 0x1a0, 0x1a0, 0x1a0, 0x1a0, 0x1a0,
			0x4a3, 0x4a3, 0x4a3, 0x4a3, 0x4a3, 0x4a3, 0x4a3, 0x4a3, 0x4a3, 0x4a3, 0x4a3, 0x4a3, 0x4a3, 0x4a3, 0x4a3, 0x4a3,
			0x4a3, 0x4a3, 0x4a3, 0x4a3, 0x4a3, 0x4a3, 0x4a3, 0x1a0, 0x4a3, 0x4a3, 0x4a3, 0x4a3, 0x4a3, 0x4a3, 0x4a3, 0x0e3,
			0x0e3, 0x0e3, 0x0e3, 0x0e3, 0x0e3, 0x0e3, 0x0e3, 0x0e3, 0x0e3, 0x0e3, 0x0e3, 0x0e3, 0x0e3, 0x0e3, 0x0e3, 0x0e3,
			0x0e3, 0x0e3, 0x0e3, 0x0e3, 0x0e3, 0x0e3, 0x0e3, 0x1a0, 0x0e3, 0x0e3, 0x0e3, 0x0e3, 0x0e3, 0x0e3, 0x0e3, 0x0e3,
		},
		"de_BE.utf8": {
			0x008, 0x008, 0x008, 0x008, 0x008, 0x008, 0x008, 0x008, 0x008, 0x20c, 0x208, 0x208, 0x208, 0x208, 0x008, 0x008,
			0x008, 0x008, 0x008, 0x008, 0x008, 0x008, 0x008, 0x008, 0x008, 0x008, 0x008, 0x008, 0x008, 0x008, 0x008, 0x008,
			0x284, 0x1a0, 0x1a0, 0x1a0, 0x1a0, 0x1a0, 0x1a0, 0x1a0, 0x1a0, 0x1a0, 0x1a0, 0x1a0, 0x1a0, 0x1a0, 0x1a0, 0x1a0,
			0x8b1, 0x8b1, 0x8b1, 0x8b1, 0x8b1, 0x8b1, 0x8b1, 0x8b1, 0x8b1, 0x8b1, 0x1a0, 0x1a0, 0x1a0, 0x1a0, 0x1a0, 0x1a0,
			0x1a0, 0xca3, 0xca3, 0xca3, 0xca3, 0xca3, 0xca3, 0x4a3, 0x4a3, 0x4a3, 0x4a3, 0x4a3, 0x4a3, 0x4a3, 0x4a3, 0x4a3,
			0x4a3, 0x4a3, 0x4a3, 0x4a3, 0x4a3, 0x4a3, 0x4a3, 0x4a3, 0x4a3, 0x4a3, 0x4a3, 0x1a0, 0x1a0, 0x1a0, 0x1a0, 0x1a0,
			0x1a0, 0x8e3, 0x8e3, 0x8e3, 0x8e3, 0x8e3, 0x8e3, 0x0e3, 0x0e3, 0x0e3, 0x0e3, 0x0e3, 0x0e3, 0x0e3, 0x0e3, 0x0e3,
			0x0e3, 0x0e3, 0x0e3, 0x0e3, 0x0e3, 0x0e3, 0x0e3, 0x0e3, 0x0e3, 0x0e3, 0x0e3, 0x1a0, 0x1a0, 0x1a0, 0x1a0, 0x008,
			0x000, 0x000, 0x000, 0x000, 0x000, 0x000, 0x000, 0x000, 0x000, 0x000, 0x000, 0x000, 0x000, 0x000, 0x000, 0x000,
			0x000, 0x000, 0x000, 0x000, 0x000, 0x000, 0x000, 0x000, 0x000, 0x000, 0x000, 0x000, 0x000, 0x000, 0x000, 0x000,
			0x000, 0x000, 0x000, 0x000, 0x000, 0x000, 0x000, 0x000, 0x000, 0x000, 0x000, 0x000, 0x000, 0x000, 0x000, 0x000,
			0x000, 0x000, 0x000, 0x000, 0x000, 0x000, 0x000, 0x000, 0x000, 0x000, 0x000, 0x000, 0x000, 0x000, 0x000, 0x000,
			0x000, 0x000, 0x000, 0x000, 0x000, 0x000, 0x000, 0x000, 0x000, 0x000, 0x000, 0x000, 0x000, 0x000, 0x000, 0x000,
			0x000, 0x000, 0x000, 0x000, 0x000, 0x000, 0x000, 0x000, 0x000, 0x000, 0x000, 0x000, 0x000, 0x000, 0x000, 0x000,
			0x000, 0x000, 0x000, 0x000, 0x000, 0x000, 0x000, 0x000, 0x000, 0x000, 0x000, 0x000, 0x000, 0x000, 0x000, 0x000,
			0x000, 0x000, 0x000, 0x000, 0x000, 0x000, 0x000, 0x000, 0x000, 0x000, 0x000, 0x000, 0x000, 0x000, 0x000, 0x000,
		},
		"de_BE@euro": {
			0x008, 0x008, 0x008, 0x008, 0x008, 0x008, 0x008, 0x008, 0x008, 0x20c, 0x208, 0x208, 0x208, 0x208, 0x008, 0x008,
			0x008, 0x008, 0x008, 0x008, 0x008, 0x008, 0x008, 0x008, 0x008, 0x008, 0x008, 0x008, 0x008, 0x008, 0x008, 0x008,
			0x284, 0x1a0, 0x1a0, 0x1a0, 0x1a0, 0x1a0, 0x1a0, 0x1a0, 0x1a0, 0x1a0, 0x1a0, 0x1a0, 0x1a0, 0x1a0, 0x1a0, 0x1a0,
			0x8b1, 0x8b1, 0x8b1, 0x8b1, 0x8b1, 0x8b1, 0x8b1, 0x8b1, 0x8b1, 0x8b1, 0x1a0, 0x1a0, 0x1a0, 0x1a0, 0x1a0, 0x1a0,
			0x1a0, 0xca3, 0xca3, 0xca3, 0xca3, 0xca3, 0xca3, 0x4a3, 0x4a3, 0x4a3, 0x4a3, 0x4a3, 0x4a3, 0x4a3, 0x4a3, 0x4a3,
			0x4a3, 0x4a3, 0x4a3, 0x4a3, 0x4a3, 0x4a3, 0x4a3, 0x4a3, 0x4a3, 0x4a3, 0x4a3, 0x1a0, 0x1a0, 0x1a0, 0x1a0, 0x1a0,
			0x1a0, 0x8e3, 0x8e3, 0x8e3, 0x8e3, 0x8e3, 0x8e3, 0x0e3, 0x0e3, 0x0e3, 0x0e3, 0x0e3, 0x0e3, 0x0e3, 0x0e3, 0x0e3,
			0x0e3, 0x0e3, 0x0e3, 0x0e3, 0x0e3, 0x0e3, 0x0e3, 0x0e3, 0x0e3, 0x0e3, 0x0e3, 0x1a0, 0x1a0, 0x1a0, 0x1a0, 0x008,
			0x008, 0x008, 0x008, 0x008, 0x008, 0x008, 0x008, 0x008, 0x008, 0x008, 0x008, 0x008, 0x008, 0x008, 0x008, 0x008,
			0x008, 0x008, 0x008, 0x008, 0x008, 0x008, 0x008, 0x008, 0x008, 0x008, 0x008, 0x008, 0x008, 0x008, 0x008, 0x008,
			0x1a0, 0x1a0, 0x1a0, 0x1a0, 0x1a0, 0x1a0, 0x4a3, 0x1a0, 0x0e3, 0x1a0, 0x0e3, 0x1a0, 0x1a0, 0x1a0, 0x1a0, 0x1a0,
			0x1a0, 0x1a0, 0x1a0, 0x1a0, 0x4a3, 0x0e3, 0x1a0, 0x1a0, 0x0e3, 0x1a0, 0x0e3, 0x1a0, 0x4a3, 0x0e3, 0x4a3, 0x1a0,
			0x4a3, 0x4a3, 0x4a3, 0x4a3, 0x4a3, 0x4a3, 0x4a3, 0x4a3, 0x4a3, 0x4a3, 0x4a3, 0x4a3, 0x4a3, 0x4a3, 0x4a3, 0x4a3,
			0x4a3, 0x4a3, 0x4a3, 0x4a3, 0x4a3, 0x4a3, 0x4a3, 0x1a0, 0x4a3, 0x4a3, 0x4a3, 0x4a3, 0x4a3, 0x4a3, 0x4a3, 0x0e3,
			0x0e3, 0x0e3, 0x0e3, 0x0e3, 0x0e3, 0x0e3, 0x0e3, 0x0e3, 0x0e3, 0x0e3, 0x0e3, 0x0e3, 0x0e3, 0x0e3, 0x0e3, 0x0e3,
			0x0e3, 0x0e3, 0x0e3, 0x0e3, 0x0e3, 0x0e3, 0x0e3, 0x1a0, 0x0e3, 0x0e3, 0x0e3, 0x0e3, 0x0e3, 0x0e3, 0x0e3, 0x0e3,
		},
		"de_CH": {
			0x008, 0x008, 0x008, 0x008, 0x008, 0x008, 0x008, 0x008, 0x008, 0x20c, 0x208, 0x208, 0x208, 0x208, 0x008, 0x008,
			0x008, 0x008, 0x008, 0x008, 0x008, 0x008, 0x008, 0x008, 0x008, 0x008, 0x008, 0x008, 0x008, 0x008, 0x008, 0x008,
			0x284, 0x1a0, 0x1a0, 0x1a0, 0x1a0, 0x1a0, 0x1a0, 0x1a0, 0x1a0, 0x1a0, 0x1a0, 0x1a0, 0x1a0, 0x1a0, 0x1a0, 0x1a0,
			0x8b1, 0x8b1, 0x8b1, 0x8b1, 0x8b1, 0x8b1, 0x8b1, 0x8b1, 0x8b1, 0x8b1, 0x1a0, 0x1a0, 0x1a0, 0x1a0, 0x1a0, 0x1a0,
			0x1a0, 0xca3, 0xca3, 0xca3, 0xca3, 0xca3, 0xca3, 0x4a3, 0x4a3, 0x4a3, 0x4a3, 0x4a3, 0x4a3, 0x4a3, 0x4a3, 0x4a3,
			0x4a3, 0x4a3, 0x4a3, 0x4a3, 0x4a3, 0x4a3, 0x4a3, 0x4a3, 0x4a3, 0x4a3, 0x4a3, 0x1a0, 0x1a0, 0x1a0, 0x1a0, 0x1a0,
			0x1a0, 0x8e3, 0x8e3, 0x8e3, 0x8e3, 0x8e3, 0x8e3, 0x0e3, 0x0e3, 0x0e3, 0x0e3, 0x0e3, 0x0e3, 0x0e3, 0x0e3, 0x0e3,
			0x0e3, 0x0e3, 0x0e3, 0x0e3, 0x0e3, 0x0e3, 0x0e3, 0x0e3, 0x0e3, 0x0e3, 0x0e3, 0x1a0, 0x1a0, 0x1a0, 0x1a0, 0x008,
			0x008, 0x008, 0x008, 0x008, 0x008, 0x008, 0x008, 0x008, 0x008, 0x008, 0x008, 0x008, 0x008, 0x008, 0x008, 0x008,
			0x008, 0x008, 0x008, 0x008, 0x008, 0x008, 0x008, 0x008, 0x008, 0x008, 0x008, 0x008, 0x008, 0x008, 0x008, 0x008,
			0x1a0, 0x1a0, 0x1a0, 0x1a0, 0x1a0, 0x1a0, 0x1a0, 0x1a0, 0x1a0, 0x1a0, 0x0e3, 0x1a0, 0x1a0, 0x1a0, 0x1a0, 0x1a0,
			0x1a0, 0x1a0, 0x1a0, 0x1a0, 0x1a0, 0x0e3, 0x1a0, 0x1a0, 0x1a0, 0x1a0, 0x0e3, 0x1a0, 0x1a0, 0x1a0, 0x1a0, 0x1a0,
			0x4a3, 0x4a3, 0x4a3, 0x4a3, 0x4a3, 0x4a3, 0x4a3, 0x4a3, 0x4a3, 0x4a3, 0x4a3, 0x4a3, 0x4a3, 0x4a3, 0x4a3, 0x4a3,
			0x4a3, 0x4a3, 0x4a3, 0x4a3, 0x4a3, 0x4a3, 0x4a3, 0x1a0, 0x4a3, 0x4a3, 0x4a3, 0x4a3, 0x4a3, 0x4a3, 0x4a3, 0x0e3,
			0x0e3, 0x0e3, 0x0e3, 0x0e3, 0x0e3, 0x0e3, 0x0e3, 0x0e3, 0x0e3, 0x0e3, 0x0e3, 0x0e3, 0x0e3, 0x0e3, 0x0e3, 0x0e3,
			0x0e3, 0x0e3, 0x0e3, 0x0e3, 0x0e3, 0x0e3, 0x0e3, 0x1a0, 0x0e3, 0x0e3, 0x0e3, 0x0e3, 0x0e3, 0x0e3, 0x0e3, 0x0e3,
		},
		"de_CH.utf8": {
			0x008, 0x008, 0x008, 0x008, 0x008, 0x008, 0x008, 0x008, 0x008, 0x20c, 0x208, 0x208, 0x208, 0x208, 0x008, 0x008,
			0x008, 0x008, 0x008, 0x008, 0x008, 0x008, 0x008, 0x008, 0x008, 0x008, 0x008, 0x008, 0x008, 0x008, 0x008, 0x008,
			0x284, 0x1a0, 0x1a0, 0x1a0, 0x1a0, 0x1a0, 0x1a0, 0x1a0, 0x1a0, 0x1a0, 0x1a0, 0x1a0, 0x1a0, 0x1a0, 0x1a0, 0x1a0,
			0x8b1, 0x8b1, 0x8b1, 0x8b1, 0x8b1, 0x8b1, 0x8b1, 0x8b1, 0x8b1, 0x8b1, 0x1a0, 0x1a0, 0x1a0, 0x1a0, 0x1a0, 0x1a0,
			0x1a0, 0xca3, 0xca3, 0xca3, 0xca3, 0xca3, 0xca3, 0x4a3, 0x4a3, 0x4a3, 0x4a3, 0x4a3, 0x4a3, 0x4a3, 0x4a3, 0x4a3,
			0x4a3, 0x4a3, 0x4a3, 0x4a3, 0x4a3, 0x4a3, 0x4a3, 0x4a3, 0x4a3, 0x4a3, 0x4a3, 0x1a0, 0x1a0, 0x1a0, 0x1a0, 0x1a0,
			0x1a0, 0x8e3, 0x8e3, 0x8e3, 0x8e3, 0x8e3, 0x8e3, 0x0e3, 0x0e3, 0x0e3, 0x0e3, 0x0e3, 0x0e3, 0x0e3, 0x0e3, 0x0e3,
			0x0e3, 0x0e3, 0x0e3, 0x0e3, 0x0e3, 0x0e3, 0x0e3, 0x0e3, 0x0e3, 0x0e3, 0x0e3, 0x1a0, 0x1a0, 0x1a0, 0x1a0, 0x008,
			0x000, 0x000, 0x000, 0x000, 0x000, 0x000, 0x000, 0x000, 0x000, 0x000, 0x000, 0x000, 0x000, 0x000, 0x000, 0x000,
			0x000, 0x000, 0x000, 0x000, 0x000, 0x000, 0x000, 0x000, 0x000, 0x000, 0x000, 0x000, 0x000, 0x000, 0x000, 0x000,
			0x000, 0x000, 0x000, 0x000, 0x000, 0x000, 0x000, 0x000, 0x000, 0x000, 0x000, 0x000, 0x000, 0x000, 0x000, 0x000,
			0x000, 0x000, 0x000, 0x000, 0x000, 0x000, 0x000, 0x000, 0x000, 0x000, 0x000, 0x000, 0x000, 0x000, 0x000, 0x000,
			0x000, 0x000, 0x000, 0x000, 0x000, 0x000, 0x000, 0x000, 0x000, 0x000, 0x000, 0x000, 0x000, 0x000, 0x000, 0x000,
			0x000, 0x000, 0x000, 0x000, 0x000, 0x000, 0x000, 0x000, 0x000, 0x000, 0x000, 0x000, 0x000, 0x000, 0x000, 0x000,
			0x000, 0x000, 0x000, 0x000, 0x000, 0x000, 0x000, 0x000, 0x000, 0x000, 0x000, 0x000, 0x000, 0x000, 0x000, 0x000,
			0x000, 0x000, 0x000, 0x000, 0x000, 0x000, 0x000, 0x000, 0x000, 0x000, 0x000, 0x000, 0x000, 0x000, 0x000, 0x000,
		},
		"de_DE": {
			0x008, 0x008, 0x008, 0x008, 0x008, 0x008, 0x008, 0x008, 0x008, 0x20c, 0x208, 0x208, 0x208, 0x208, 0x008, 0x008,
			0x008, 0x008, 0x008, 0x008, 0x008, 0x008, 0x008, 0x008, 0x008, 0x008, 0x008, 0x008, 0x008, 0x008, 0x008, 0x008,
			0x284, 0x1a0, 0x1a0, 0x1a0, 0x1a0, 0x1a0, 0x1a0, 0x1a0, 0x1a0, 0x1a0, 0x1a0, 0x1a0, 0x1a0, 0x1a0, 0x1a0, 0x1a0,
			0x8b1, 0x8b1, 0x8b1, 0x8b1, 0x8b1, 0x8b1, 0x8b1, 0x8b1, 0x8b1, 0x8b1, 0x1a0, 0x1a0, 0x1a0, 0x1a0, 0x1a0, 0x1a0,
			0x1a0, 0xca3, 0xca3, 0xca3, 0xca3, 0xca3, 0xca3, 0x4a3, 0x4a3, 0x4a3, 0x4a3, 0x4a3, 0x4a3, 0x4a3, 0x4a3, 0x4a3,
			0x4a3, 0x4a3, 0x4a3, 0x4a3, 0x4a3, 0x4a3, 0x4a3, 0x4a3, 0x4a3, 0x4a3, 0x4a3, 0x1a0, 0x1a0, 0x1a0, 0x1a0, 0x1a0,
			0x1a0, 0x8e3, 0x8e3, 0x8e3, 0x8e3, 0x8e3, 0x8e3, 0x0e3, 0x0e3, 0x0e3, 0x0e3, 0x0e3, 0x0e3, 0x0e3, 0x0e3, 0x0e3,
			0x0e3, 0x0e3, 0x0e3, 0x0e3, 0x0e3, 0x0e3, 0x0e3, 0x0e3, 0x0e3, 0x0e3, 0x0e3, 0x1a0, 0x1a0, 0x1a0, 0x1a0, 0x008,
			0x008, 0x008, 0x008, 0x008, 0x008, 0x008, 0x008, 0x008, 0x008, 0x008, 0x008, 0x008, 0x008, 0x008, 0x008, 0x008,
			0x008, 0x008, 0x008, 0x008, 0x008, 0x008, 0x008, 0x008, 0x008, 0x008, 0x008, 0x008, 0x008, 0x008, 0x008, 0x008,
			0x1a0, 0x1a0, 0x1a0, 0x1a0, 0x1a0, 0x1a0, 0x1a0, 0x1a0, 0x1a0, 0x1a0, 0x0e3, 0x1a0, 0x1a0, 0x1a0, 0x1a0, 0x1a0,
			0x1a0, 0x1a0, 0x1a0, 0x1a0, 0x1a0, 0x0e3, 0x1a0, 0x1a0, 0x1a0, 0x1a0, 0x0e3, 0x1a0, 0x1a0, 0x1a0, 0x1a0, 0x1a0,
			0x4a3, 0x4a3, 0x4a3, 0x4a3, 0x4a3, 0x4a3, 0x4a3, 0x4a3, 0x4a3, 0x4a3, 0x4a3, 0x4a3, 0x4a3, 0x4a3, 0x4a3, 0x4a3,
			0x4a3, 0x4a3, 0x4a3, 0x4a3, 0x4a3, 0x4a3, 0x4a3, 0x1a0, 0x4a3, 0x4a3, 0x4a3, 0x4a3, 0x4a3, 0x4a3, 0x4a3, 0x0e3,
			0x0e3, 0x0e3, 0x0e3, 0x0e3, 0x0e3, 0x0e3, 0x0e3, 0x0e3, 0x0e3, 0x0e3, 0x0e3, 0x0e3, 0x0e3, 0x0e3, 0x0e3, 0x0e3,
			0x0e3, 0x0e3, 0x0e3, 0x0e3, 0x0e3, 0x0e3, 0x0e3, 0x1a0, 0x0e3, 0x0e3, 0x0e3, 0x0e3, 0x0e3, 0x0e3, 0x0e3, 0x0e3,
		},
		"de_DE.utf8": {
			0x008, 0x008, 0x008, 0x008, 0x008, 0x008, 0x008, 0x008, 0x008, 0x20c, 0x208, 0x208, 0x208, 0x208, 0x008, 0x008,
			0x008, 0x008, 0x008, 0x008, 0x008, 0x008, 0x008, 0x008, 0x008, 0x008, 0x008, 0x008, 0x008, 0x008, 0x008, 0x008,
			0x284, 0x1a0, 0x1a0, 0x1a0, 0x1a0, 0x1a0, 0x1a0, 0x1a0, 0x1a0, 0x1a0, 0x1a0, 0x1a0, 0x1a0, 0x1a0, 0x1a0, 0x1a0,
			0x8b1, 0x8b1, 0x8b1, 0x8b1, 0x8b1, 0x8b1, 0x8b1, 0x8b1, 0x8b1, 0x8b1, 0x1a0, 0x1a0, 0x1a0, 0x1a0, 0x1a0, 0x1a0,
			0x1a0, 0xca3, 0xca3, 0xca3, 0xca3, 0xca3, 0xca3, 0x4a3, 0x4a3, 0x4a3, 0x4a3, 0x4a3, 0x4a3, 0x4a3, 0x4a3, 0x4a3,
			0x4a3, 0x4a3, 0x4a3, 0x4a3, 0x4a3, 0x4a3, 0x4a3, 0x4a3, 0x4a3, 0x4a3, 0x4a3, 0x1a0, 0x1a0, 0x1a0, 0x1a0, 0x1a0,
			0x1a0, 0x8e3, 0x8e3, 0x8e3, 0x8e3, 0x8e3, 0x8e3, 0x0e3, 0x0e3, 0x0e3, 0x0e3, 0x0e3, 0x0e3, 0x0e3, 0x0e3, 0x0e3,
			0x0e3, 0x0e3, 0x0e3, 0x0e3, 0x0e3, 0x0e3, 0x0e3, 0x0e3, 0x0e3, 0x0e3, 0x0e3, 0x1a0, 0x1a0, 0x1a0, 0x1a0, 0x008,
			0x000, 0x000, 0x000, 0x000, 0x000, 0x000, 0x000, 0x000, 0x000, 0x000, 0x000, 0x000, 0x000, 0x000, 0x000, 0x000,
			0x000, 0x000, 0x000, 0x000, 0x000, 0x000, 0x000, 0x000, 0x000, 0x000, 0x000, 0x000, 0x000, 0x000, 0x000, 0x000,
			0x000, 0x000, 0x000, 0x000, 0x000, 0x000, 0x000, 0x000, 0x000, 0x000, 0x000, 0x000, 0x000, 0x000, 0x000, 0x000,
			0x000, 0x000, 0x000, 0x000, 0x000, 0x000, 0x000, 0x000, 0x000, 0x000, 0x000, 0x000, 0x000, 0x000, 0x000, 0x000,
			0x000, 0x000, 0x000, 0x000, 0x000, 0x000, 0x000, 0x000, 0x000, 0x000, 0x000, 0x000, 0x000, 0x000, 0x000, 0x000,
			0x000, 0x000, 0x000, 0x000, 0x000, 0x000, 0x000, 0x000, 0x000, 0x000, 0x000, 0x000, 0x000, 0x000, 0x000, 0x000,
			0x000, 0x000, 0x000, 0x000, 0x000, 0x000, 0x000, 0x000, 0x000, 0x000, 0x000, 0x000, 0x000, 0x000, 0x000, 0x000,
			0x000, 0x000, 0x000, 0x000, 0x000, 0x000, 0x000, 0x000, 0x000, 0x000, 0x000, 0x000, 0x000, 0x000, 0x000, 0x000,
		},
		"de_DE@euro": {
			0x008, 0x008, 0x008, 0x008, 0x008, 0x008, 0x008, 0x008, 0x008, 0x20c, 0x208, 0x208, 0x208, 0x208, 0x008, 0x008,
			0x008, 0x008, 0x008, 0x008, 0x008, 0x008, 0x008, 0x008, 0x008, 0x008, 0x008, 0x008, 0x008, 0x008, 0x008, 0x008,
			0x284, 0x1a0, 0x1a0, 0x1a0, 0x1a0, 0x1a0, 0x1a0, 0x1a0, 0x1a0, 0x1a0, 0x1a0, 0x1a0, 0x1a0, 0x1a0, 0x1a0, 0x1a0,
			0x8b1, 0x8b1, 0x8b1, 0x8b1, 0x8b1, 0x8b1, 0x8b1, 0x8b1, 0x8b1, 0x8b1, 0x1a0, 0x1a0, 0x1a0, 0x1a0, 0x1a0, 0x1a0,
			0x1a0, 0xca3, 0xca3, 0xca3, 0xca3, 0xca3, 0xca3, 0x4a3, 0x4a3, 0x4a3, 0x4a3, 0x4a3, 0x4a3, 0x4a3, 0x4a3, 0x4a3,
			0x4a3, 0x4a3, 0x4a3, 0x4a3, 0x4a3, 0x4a3, 0x4a3, 0x4a3, 0x4a3, 0x4a3, 0x4a3, 0x1a0, 0x1a0, 0x1a0, 0x1a0, 0x1a0,
			0x1a0, 0x8e3, 0x8e3, 0x8e3, 0x8e3, 0x8e3, 0x8e3, 0x0e3, 0x0e3, 0x0e3, 0x0e3, 0x0e3, 0x0e3, 0x0e3, 0x0e3, 0x0e3,
			0x0e3, 0x0e3, 0x0e3, 0x0e3, 0x0e3, 0x0e3, 0x0e3, 0x0e3, 0x0e3, 0x0e3, 0x0e3, 0x1a0, 0x1a0, 0x1a0, 0x1a0, 0x008,
			0x008, 0x008, 0x008, 0x008, 0x008, 0x008, 0x008, 0x008, 0x008, 0x008, 0x008, 0x008, 0x008, 0x008, 0x008, 0x008,
			0x008, 0x008, 0x008, 0x008, 0x008, 0x008, 0x008, 0x008, 0x008, 0x008, 0x008, 0x008, 0x008, 0x008, 0x008, 0x008,
			0x1a0, 0x1a0, 0x1a0, 0x1a0, 0x1a0, 0x1a0, 0x4a3, 0x1a0, 0x0e3, 0x1a0, 0x0e3, 0x1a0, 0x1a0, 0x1a0, 0x1a0, 0x1a0,
			0x1a0, 0x1a0, 0x1a0, 0x1a0, 0x4a3, 0x0e3, 0x1a0, 0x1a0, 0x0e3, 0x1a0, 0x0e3, 0x1a0, 0x4a3, 0x0e3, 0x4a3, 0x1a0,
			0x4a3, 0x4a3, 0x4a3, 0x4a3, 0x4a3, 0x4a3, 0x4a3, 0x4a3, 0x4a3, 0x4a3, 0x4a3, 0x4a3, 0x4a3, 0x4a3, 0x4a3, 0x4a3,
			0x4a3, 0x4a3, 0x4a3, 0x4a3, 0x4a3, 0x4a3, 0x4a3, 0x1a0, 0x4a3, 0x4a3, 0x4a3, 0x4a3, 0x4a3, 0x4a3, 0x4a3, 0x0e3,
			0x0e3, 0x0e3, 0x0e3, 0x0e3, 0x0e3, 0x0e3, 0x0e3, 0x0e3, 0x0e3, 0x0e3, 0x0e3, 0x0e3, 0x0e3, 0x0e3, 0x0e3, 0x0e3,
			0x0e3, 0x0e3, 0x0e3, 0x0e3, 0x0e3, 0x0e3, 0x0e3, 0x1a0, 0x0e3, 0x0e3, 0x0e3, 0x0e3, 0x0e3, 0x0e3, 0x0e3, 0x0e3,
		},
		"de_IT": {
			0x008, 0x008, 0x008, 0x008, 0x008, 0x008, 0x008, 0x008, 0x008, 0x20c, 0x208, 0x208, 0x208, 0x208, 0x008, 0x008,
			0x008, 0x008, 0x008, 0x008, 0x008, 0x008, 0x008, 0x008, 0x008, 0x008, 0x008, 0x008, 0x008, 0x008, 0x008, 0x008,
			0x284, 0x1a0, 0x1a0, 0x1a0, 0x1a0, 0x1a0, 0x1a0, 0x1a0, 0x1a0, 0x1a0, 0x1a0, 0x1a0, 0x1a0, 0x1a0, 0x1a0, 0x1a0,
			0x8b1, 0x8b1, 0x8b1, 0x8b1, 0x8b1, 0x8b1, 0x8b1, 0x8b1, 0x8b1, 0x8b1, 0x1a0, 0x1a0, 0x1a0, 0x1a0, 0x1a0, 0x1a0,
			0x1a0, 0xca3, 0xca3, 0xca3, 0xca3, 0xca3, 0xca3, 0x4a3, 0x4a3, 0x4a3, 0x4a3, 0x4a3, 0x4a3, 0x4a3, 0x4a3, 0x4a3,
			0x4a3, 0x4a3, 0x4a3, 0x4a3, 0x4a3, 0x4a3, 0x4a3, 0x4a3, 0x4a3, 0x4a3, 0x4a3, 0x1a0, 0x1a0, 0x1a0, 0x1a0, 0x1a0,
			0x1a0, 0x8e3, 0x8e3, 0x8e3, 0x8e3, 0x8e3, 0x8e3, 0x0e3, 0x0e3, 0x0e3, 0x0e3, 0x0e3, 0x0e3, 0x0e3, 0x0e3, 0x0e3,
			0x0e3, 0x0e3, 0x0e3, 0x0e3, 0x0e3, 0x0e3, 0x0e3, 0x0e3, 0x0e3, 0x0e3, 0x0e3, 0x1a0, 0x1a0, 0x1a0, 0x1a0, 0x008,
			0x008, 0x008, 0x008, 0x008, 0x008, 0x008, 0x008, 0x008, 0x008, 0x008, 0x008, 0x008, 0x008, 0x008, 0x008, 0x008,
			0x008, 0x008, 0x008, 0x008, 0x008, 0x008, 0x008, 0x008, 0x008, 0x008, 0x008, 0x008, 0x008, 0x008, 0x008, 0x008,
			0x1a0, 0x1a0, 0x1a0, 0x1a0, 0x1a0, 0x1a0, 0x1a0, 0x1a0, 0x1a0, 0x1a0, 0x0e3, 0x1a0, 0x1a0, 0x1a0, 0x1a0, 0x1a0,
			0x1a0, 0x1a0, 0x1a0, 0x1a0, 0x1a0, 0x0e3, 0x1a0, 0x1a0, 0x1a0, 0x1a0, 0x0e3, 0x1a0, 0x1a0, 0x1a0, 0x1a0, 0x1a0,
			0x4a3, 0x4a3, 0x4a3, 0x4a3, 0x4a3, 0x4a3, 0x4a3, 0x4a3, 0x4a3, 0x4a3, 0x4a3, 0x4a3, 0x4a3, 0x4a3, 0x4a3, 0x4a3,
			0x4a3, 0x4a3, 0x4a3, 0x4a3, 0x4a3, 0x4a3, 0x4a3, 0x1a0, 0x4a3, 0x4a3, 0x4a3, 0x4a3, 0x4a3, 0x4a3, 0x4a3, 0x0e3,
			0x0e3, 0x0e3, 0x0e3, 0x0e3, 0x0e3, 0x0e3, 0x0e3, 0x0e3, 0x0e3, 0x0e3, 0x0e3, 0x0e3, 0x0e3, 0x0e3, 0x0e3, 0x0e3,
			0x0e3, 0x0e3, 0x0e3, 0x0e3, 0x0e3, 0x0e3, 0x0e3, 0x1a0, 0x0e3, 0x0e3, 0x0e3, 0x0e3, 0x0e3, 0x0e3, 0x0e3, 0x0e3,
		},
		"de_IT.utf8": {
			0x008, 0x008, 0x008, 0x008, 0x008, 0x008, 0x008, 0x008, 0x008, 0x20c, 0x208, 0x208, 0x208, 0x208, 0x008, 0x008,
			0x008, 0x008, 0x008, 0x008, 0x008, 0x008, 0x008, 0x008, 0x008, 0x008, 0x008, 0x008, 0x008, 0x008, 0x008, 0x008,
			0x284, 0x1a0, 0x1a0, 0x1a0, 0x1a0, 0x1a0, 0x1a0, 0x1a0, 0x1a0, 0x1a0, 0x1a0, 0x1a0, 0x1a0, 0x1a0, 0x1a0, 0x1a0,
			0x8b1, 0x8b1, 0x8b1, 0x8b1, 0x8b1, 0x8b1, 0x8b1, 0x8b1, 0x8b1, 0x8b1, 0x1a0, 0x1a0, 0x1a0, 0x1a0, 0x1a0, 0x1a0,
			0x1a0, 0xca3, 0xca3, 0xca3, 0xca3, 0xca3, 0xca3, 0x4a3, 0x4a3, 0x4a3, 0x4a3, 0x4a3, 0x4a3, 0x4a3, 0x4a3, 0x4a3,
			0x4a3, 0x4a3, 0x4a3, 0x4a3, 0x4a3, 0x4a3, 0x4a3, 0x4a3, 0x4a3, 0x4a3, 0x4a3, 0x1a0, 0x1a0, 0x1a0, 0x1a0, 0x1a0,
			0x1a0, 0x8e3, 0x8e3, 0x8e3, 0x8e3, 0x8e3, 0x8e3, 0x0e3, 0x0e3, 0x0e3, 0x0e3, 0x0e3, 0x0e3, 0x0e3, 0x0e3, 0x0e3,
			0x0e3, 0x0e3, 0x0e3, 0x0e3, 0x0e3, 0x0e3, 0x0e3, 0x0e3, 0x0e3, 0x0e3, 0x0e3, 0x1a0, 0x1a0, 0x1a0, 0x1a0, 0x008,
			0x000, 0x000, 0x000, 0x000, 0x000, 0x000, 0x000, 0x000, 0x000, 0x000, 0x000, 0x000, 0x000, 0x000, 0x000, 0x000,
			0x000, 0x000, 0x000, 0x000, 0x000, 0x000, 0x000, 0x000, 0x000, 0x000, 0x000, 0x000, 0x000, 0x000, 0x000, 0x000,
			0x000, 0x000, 0x000, 0x000, 0x000, 0x000, 0x000, 0x000, 0x000, 0x000, 0x000, 0x000, 0x000, 0x000, 0x000, 0x000,
			0x000, 0x000, 0x000, 0x000, 0x000, 0x000, 0x000, 0x000, 0x000, 0x000, 0x000, 0x000, 0x000, 0x000, 0x000, 0x000,
			0x000, 0x000, 0x000, 0x000, 0x000, 0x000, 0x000, 0x000, 0x000, 0x000, 0x000, 0x000, 0x000, 0x000, 0x000, 0x000,
			0x000, 0x000, 0x000, 0x000, 0x000, 0x000, 0x000, 0x000, 0x000, 0x000, 0x000, 0x000, 0x000, 0x000, 0x000, 0x000,
			0x000, 0x000, 0x000, 0x000, 0x000, 0x000, 0x000, 0x000, 0x000, 0x000, 0x000, 0x000, 0x000, 0x000, 0x000, 0x000,
			0x000, 0x000, 0x000, 0x000, 0x000, 0x000, 0x000, 0x000, 0x000, 0x000, 0x000, 0x000, 0x000, 0x000, 0x000, 0x000,
		},
		"de_LI.utf8": {
			0x008, 0x008, 0x008, 0x008, 0x008, 0x008, 0x008, 0x008, 0x008, 0x20c, 0x208, 0x208, 0x208, 0x208, 0x008, 0x008,
			0x008, 0x008, 0x008, 0x008, 0x008, 0x008, 0x008, 0x008, 0x008, 0x008, 0x008, 0x008, 0x008, 0x008, 0x008, 0x008,
			0x284, 0x1a0, 0x1a0, 0x1a0, 0x1a0, 0x1a0, 0x1a0, 0x1a0, 0x1a0, 0x1a0, 0x1a0, 0x1a0, 0x1a0, 0x1a0, 0x1a0, 0x1a0,
			0x8b1, 0x8b1, 0x8b1, 0x8b1, 0x8b1, 0x8b1, 0x8b1, 0x8b1, 0x8b1, 0x8b1, 0x1a0, 0x1a0, 0x1a0, 0x1a0, 0x1a0, 0x1a0,
			0x1a0, 0xca3, 0xca3, 0xca3, 0xca3, 0xca3, 0xca3, 0x4a3, 0x4a3, 0x4a3, 0x4a3, 0x4a3, 0x4a3, 0x4a3, 0x4a3, 0x4a3,
			0x4a3, 0x4a3, 0x4a3, 0x4a3, 0x4a3, 0x4a3, 0x4a3, 0x4a3, 0x4a3, 0x4a3, 0x4a3, 0x1a0, 0x1a0, 0x1a0, 0x1a0, 0x1a0,
			0x1a0, 0x8e3, 0x8e3, 0x8e3, 0x8e3, 0x8e3, 0x8e3, 0x0e3, 0x0e3, 0x0e3, 0x0e3, 0x0e3, 0x0e3, 0x0e3, 0x0e3, 0x0e3,
			0x0e3, 0x0e3, 0x0e3, 0x0e3, 0x0e3, 0x0e3, 0x0e3, 0x0e3, 0x0e3, 0x0e3, 0x0e3, 0x1a0, 0x1a0, 0x1a0, 0x1a0, 0x008,
			0x000, 0x000, 0x000, 0x000, 0x000, 0x000, 0x000, 0x000, 0x000, 0x000, 0x000, 0x000, 0x000, 0x000, 0x000, 0x000,
			0x000, 0x000, 0x000, 0x000, 0x000, 0x000, 0x000, 0x000, 0x000, 0x000, 0x000, 0x000, 0x000, 0x000, 0x000, 0x000,
			0x000, 0x000, 0x000, 0x000, 0x000, 0x000, 0x000, 0x000, 0x000, 0x000, 0x000, 0x000, 0x000, 0x000, 0x000, 0x000,
			0x000, 0x000, 0x000, 0x000, 0x000, 0x000, 0x000, 0x000, 0x000, 0x000, 0x000, 0x000, 0x000, 0x000, 0x000, 0x000,
			0x000, 0x000, 0x000, 0x000, 0x000, 0x000, 0x000, 0x000, 0x000, 0x000, 0x000, 0x000, 0x000, 0x000, 0x000, 0x000,
			0x000, 0x000, 0x000, 0x000, 0x000, 0x000, 0x000, 0x000, 0x000, 0x000, 0x000, 0x000, 0x000, 0x000, 0x000, 0x000,
			0x000, 0x000, 0x000, 0x000, 0x000, 0x000, 0x000, 0x000, 0x000, 0x000, 0x000, 0x000, 0x000, 0x000, 0x000, 0x000,
			0x000, 0x000, 0x000, 0x000, 0x000, 0x000, 0x000, 0x000, 0x000, 0x000, 0x000, 0x000, 0x000, 0x000, 0x000, 0x000,
		},
		"de_LU": {
			0x008, 0x008, 0x008, 0x008, 0x008, 0x008, 0x008, 0x008, 0x008, 0x20c, 0x208, 0x208, 0x208, 0x208, 0x008, 0x008,
			0x008, 0x008, 0x008, 0x008, 0x008, 0x008, 0x008, 0x008, 0x008, 0x008, 0x008, 0x008, 0x008, 0x008, 0x008, 0x008,
			0x284, 0x1a0, 0x1a0, 0x1a0, 0x1a0, 0x1a0, 0x1a0, 0x1a0, 0x1a0, 0x1a0, 0x1a0, 0x1a0, 0x1a0, 0x1a0, 0x1a0, 0x1a0,
			0x8b1, 0x8b1, 0x8b1, 0x8b1, 0x8b1, 0x8b1, 0x8b1, 0x8b1, 0x8b1, 0x8b1, 0x1a0, 0x1a0, 0x1a0, 0x1a0, 0x1a0, 0x1a0,
			0x1a0, 0xca3, 0xca3, 0xca3, 0xca3, 0xca3, 0xca3, 0x4a3, 0x4a3, 0x4a3, 0x4a3, 0x4a3, 0x4a3, 0x4a3, 0x4a3, 0x4a3,
			0x4a3, 0x4a3, 0x4a3, 0x4a3, 0x4a3, 0x4a3, 0x4a3, 0x4a3, 0x4a3, 0x4a3, 0x4a3, 0x1a0, 0x1a0, 0x1a0, 0x1a0, 0x1a0,
			0x1a0, 0x8e3, 0x8e3, 0x8e3, 0x8e3, 0x8e3, 0x8e3, 0x0e3, 0x0e3, 0x0e3, 0x0e3, 0x0e3, 0x0e3, 0x0e3, 0x0e3, 0x0e3,
			0x0e3, 0x0e3, 0x0e3, 0x0e3, 0x0e3, 0x0e3, 0x0e3, 0x0e3, 0x0e3, 0x0e3, 0x0e3, 0x1a0, 0x1a0, 0x1a0, 0x1a0, 0x008,
			0x008, 0x008, 0x008, 0x008, 0x008, 0x008, 0x008, 0x008, 0x008, 0x008, 0x008, 0x008, 0x008, 0x008, 0x008, 0x008,
			0x008, 0x008, 0x008, 0x008, 0x008, 0x008, 0x008, 0x008, 0x008, 0x008, 0x008, 0x008, 0x008, 0x008, 0x008, 0x008,
			0x1a0, 0x1a0, 0x1a0, 0x1a0, 0x1a0, 0x1a0, 0x1a0, 0x1a0, 0x1a0, 0x1a0, 0x0e3, 0x1a0, 0x1a0, 0x1a0, 0x1a0, 0x1a0,
			0x1a0, 0x1a0, 0x1a0, 0x1a0, 0x1a0, 0x0e3, 0x1a0, 0x1a0, 0x1a0, 0x1a0, 0x0e3, 0x1a0, 0x1a0, 0x1a0, 0x1a0, 0x1a0,
			0x4a3, 0x4a3, 0x4a3, 0x4a3, 0x4a3, 0x4a3, 0x4a3, 0x4a3, 0x4a3, 0x4a3, 0x4a3, 0x4a3, 0x4a3, 0x4a3, 0x4a3, 0x4a3,
			0x4a3, 0x4a3, 0x4a3, 0x4a3, 0x4a3, 0x4a3, 0x4a3, 0x1a0, 0x4a3, 0x4a3, 0x4a3, 0x4a3, 0x4a3, 0x4a3, 0x4a3, 0x0e3,
			0x0e3, 0x0e3, 0x0e3, 0x0e3, 0x0e3, 0x0e3, 0x0e3, 0x0e3, 0x0e3, 0x0e3, 0x0e3, 0x0e3, 0x0e3, 0x0e3, 0x0e3, 0x0e3,
			0x0e3, 0x0e3, 0x0e3, 0x0e3, 0x0e3, 0x0e3, 0x0e3, 0x1a0, 0x0e3, 0x0e3, 0x0e3, 0x0e3, 0x0e3, 0x0e3, 0x0e3, 0x0e3,
		},
		"de_LU.utf8": {
			0x008, 0x008, 0x008, 0x008, 0x008, 0x008, 0x008, 0x008, 0x008, 0x20c, 0x208, 0x208, 0x208, 0x208, 0x008, 0x008,
			0x008, 0x008, 0x008, 0x008, 0x008, 0x008, 0x008, 0x008, 0x008, 0x008, 0x008, 0x008, 0x008, 0x008, 0x008, 0x008,
			0x284, 0x1a0, 0x1a0, 0x1a0, 0x1a0, 0x1a0, 0x1a0, 0x1a0, 0x1a0, 0x1a0, 0x1a0, 0x1a0, 0x1a0, 0x1a0, 0x1a0, 0x1a0,
			0x8b1, 0x8b1, 0x8b1, 0x8b1, 0x8b1, 0x8b1, 0x8b1, 0x8b1, 0x8b1, 0x8b1, 0x1a0, 0x1a0, 0x1a0, 0x1a0, 0x1a0, 0x1a0,
			0x1a0, 0xca3, 0xca3, 0xca3, 0xca3, 0xca3, 0xca3, 0x4a3, 0x4a3, 0x4a3, 0x4a3, 0x4a3, 0x4a3, 0x4a3, 0x4a3, 0x4a3,
			0x4a3, 0x4a3, 0x4a3, 0x4a3, 0x4a3, 0x4a3, 0x4a3, 0x4a3, 0x4a3, 0x4a3, 0x4a3, 0x1a0, 0x1a0, 0x1a0, 0x1a0, 0x1a0,
			0x1a0, 0x8e3, 0x8e3, 0x8e3, 0x8e3, 0x8e3, 0x8e3, 0x0e3, 0x0e3, 0x0e3, 0x0e3, 0x0e3, 0x0e3, 0x0e3, 0x0e3, 0x0e3,
			0x0e3, 0x0e3, 0x0e3, 0x0e3, 0x0e3, 0x0e3, 0x0e3, 0x0e3, 0x0e3, 0x0e3, 0x0e3, 0x1a0, 0x1a0, 0x1a0, 0x1a0, 0x008,
			0x000, 0x000, 0x000, 0x000, 0x000, 0x000, 0x000, 0x000, 0x000, 0x000, 0x000, 0x000, 0x000, 0x000, 0x000, 0x000,
			0x000, 0x000, 0x000, 0x000, 0x000, 0x000, 0x000, 0x000, 0x000, 0x000, 0x000, 0x000, 0x000, 0x000, 0x000, 0x000,
			0x000, 0x000, 0x000, 0x000, 0x000, 0x000, 0x000, 0x000, 0x000, 0x000, 0x000, 0x000, 0x000, 0x000, 0x000, 0x000,
			0x000, 0x000, 0x000, 0x000, 0x000, 0x000, 0x000, 0x000, 0x000, 0x000, 0x000, 0x000, 0x000, 0x000, 0x000, 0x000,
			0x000, 0x000, 0x000, 0x000, 0x000, 0x000, 0x000, 0x000, 0x000, 0x000, 0x000, 0x000, 0x000, 0x000, 0x000, 0x000,
			0x000, 0x000, 0x000, 0x000, 0x000, 0x000, 0x000, 0x000, 0x000, 0x000, 0x000, 0x000, 0x000, 0x000, 0x000, 0x000,
			0x000, 0x000, 0x000, 0x000, 0x000, 0x000, 0x000, 0x000, 0x000, 0x000, 0x000, 0x000, 0x000, 0x000, 0x000, 0x000,
			0x000, 0x000, 0x000, 0x000, 0x000, 0x000, 0x000, 0x000, 0x000, 0x000, 0x000, 0x000, 0x000, 0x000, 0x000, 0x000,
		},
		"de_LU@euro": {
			0x008, 0x008, 0x008, 0x008, 0x008, 0x008, 0x008, 0x008, 0x008, 0x20c, 0x208, 0x208, 0x208, 0x208, 0x008, 0x008,
			0x008, 0x008, 0x008, 0x008, 0x008, 0x008, 0x008, 0x008, 0x008, 0x008, 0x008, 0x008, 0x008, 0x008, 0x008, 0x008,
			0x284, 0x1a0, 0x1a0, 0x1a0, 0x1a0, 0x1a0, 0x1a0, 0x1a0, 0x1a0, 0x1a0, 0x1a0, 0x1a0, 0x1a0, 0x1a0, 0x1a0, 0x1a0,
			0x8b1, 0x8b1, 0x8b1, 0x8b1, 0x8b1, 0x8b1, 0x8b1, 0x8b1, 0x8b1, 0x8b1, 0x1a0, 0x1a0, 0x1a0, 0x1a0, 0x1a0, 0x1a0,
			0x1a0, 0xca3, 0xca3, 0xca3, 0xca3, 0xca3, 0xca3, 0x4a3, 0x4a3, 0x4a3, 0x4a3, 0x4a3, 0x4a3, 0x4a3, 0x4a3, 0x4a3,
			0x4a3, 0x4a3, 0x4a3, 0x4a3, 0x4a3, 0x4a3, 0x4a3, 0x4a3, 0x4a3, 0x4a3, 0x4a3, 0x1a0, 0x1a0, 0x1a0, 0x1a0, 0x1a0,
			0x1a0, 0x8e3, 0x8e3, 0x8e3, 0x8e3, 0x8e3, 0x8e3, 0x0e3, 0x0e3, 0x0e3, 0x0e3, 0x0e3, 0x0e3, 0x0e3, 0x0e3, 0x0e3,
			0x0e3, 0x0e3, 0x0e3, 0x0e3, 0x0e3, 0x0e3, 0x0e3, 0x0e3, 0x0e3, 0x0e3, 0x0e3, 0x1a0, 0x1a0, 0x1a0, 0x1a0, 0x008,
			0x008, 0x008, 0x008, 0x008, 0x008, 0x008, 0x008, 0x008, 0x008, 0x008, 0x008, 0x008, 0x008, 0x008, 0x008, 0x008,
			0x008, 0x008, 0x008, 0x008, 0x008, 0x008, 0x008, 0x008, 0x008, 0x008, 0x008, 0x008, 0x008, 0x008, 0x008, 0x008,
			0x1a0, 0x1a0, 0x1a0, 0x1a0, 0x1a0, 0x1a0, 0x4a3, 0x1a0, 0x0e3, 0x1a0, 0x0e3, 0x1a0, 0x1a0, 0x1a0, 0x1a0, 0x1a0,
			0x1a0, 0x1a0, 0x1a0, 0x1a0, 0x4a3, 0x0e3, 0x1a0, 0x1a0, 0x0e3, 0x1a0, 0x0e3, 0x1a0, 0x4a3, 0x0e3, 0x4a3, 0x1a0,
			0x4a3, 0x4a3, 0x4a3, 0x4a3, 0x4a3, 0x4a3, 0x4a3, 0x4a3, 0x4a3, 0x4a3, 0x4a3, 0x4a3, 0x4a3, 0x4a3, 0x4a3, 0x4a3,
			0x4a3, 0x4a3, 0x4a3, 0x4a3, 0x4a3, 0x4a3, 0x4a3, 0x1a0, 0x4a3, 0x4a3, 0x4a3, 0x4a3, 0x4a3, 0x4a3, 0x4a3, 0x0e3,
			0x0e3, 0x0e3, 0x0e3, 0x0e3, 0x0e3, 0x0e3, 0x0e3, 0x0e3, 0x0e3, 0x0e3, 0x0e3, 0x0e3, 0x0e3, 0x0e3, 0x0e3, 0x0e3,
			0x0e3, 0x0e3, 0x0e3, 0x0e3, 0x0e3, 0x0e3, 0x0e3, 0x1a0, 0x0e3, 0x0e3, 0x0e3, 0x0e3, 0x0e3, 0x0e3, 0x0e3, 0x0e3,
		},
		"doi_IN": {
			0x008, 0x008, 0x008, 0x008, 0x008, 0x008, 0x008, 0x008, 0x008, 0x20c, 0x208, 0x208, 0x208, 0x208, 0x008, 0x008,
			0x008, 0x008, 0x008, 0x008, 0x008, 0x008, 0x008, 0x008, 0x008, 0x008, 0x008, 0x008, 0x008, 0x008, 0x008, 0x008,
			0x284, 0x1a0, 0x1a0, 0x1a0, 0x1a0, 0x1a0, 0x1a0, 0x1a0, 0x1a0, 0x1a0, 0x1a0, 0x1a0, 0x1a0, 0x1a0, 0x1a0, 0x1a0,
			0x8b1, 0x8b1, 0x8b1, 0x8b1, 0x8b1, 0x8b1, 0x8b1, 0x8b1, 0x8b1, 0x8b1, 0x1a0, 0x1a0, 0x1a0, 0x1a0, 0x1a0, 0x1a0,
			0x1a0, 0xca3, 0xca3, 0xca3, 0xca3, 0xca3, 0xca3, 0x4a3, 0x4a3, 0x4a3, 0x4a3, 0x4a3, 0x4a3, 0x4a3, 0x4a3, 0x4a3,
			0x4a3, 0x4a3, 0x4a3, 0x4a3, 0x4a3, 0x4a3, 0x4a3, 0x4a3, 0x4a3, 0x4a3, 0x4a3, 0x1a0, 0x1a0, 0x1a0, 0x1a0, 0x1a0,
			0x1a0, 0x8e3, 0x8e3, 0x8e3, 0x8e3, 0x8e3, 0x8e3, 0x0e3, 0x0e3, 0x0e3, 0x0e3, 0x0e3, 0x0e3, 0x0e3, 0x0e3, 0x0e3,
			0x0e3, 0x0e3, 0x0e3, 0x0e3, 0x0e3, 0x0e3, 0x0e3, 0x0e3, 0x0e3, 0x0e3, 0x0e3, 0x1a0, 0x1a0, 0x1a0, 0x1a0, 0x008,
			0x000, 0x000, 0x000, 0x000, 0x000, 0x000, 0x000, 0x000, 0x000, 0x000, 0x000, 0x000, 0x000, 0x000, 0x000, 0x000,
			0x000, 0x000, 0x000, 0x000, 0x000, 0x000, 0x000, 0x000, 0x000, 0x000, 0x000, 0x000, 0x000, 0x000, 0x000, 0x000,
			0x000, 0x000, 0x000, 0x000, 0x000, 0x000, 0x000, 0x000, 0x000, 0x000, 0x000, 0x000, 0x000, 0x000, 0x000, 0x000,
			0x000, 0x000, 0x000, 0x000, 0x000, 0x000, 0x000, 0x000, 0x000, 0x000, 0x000, 0x000, 0x000, 0x000, 0x000, 0x000,
			0x000, 0x000, 0x000, 0x000, 0x000, 0x000, 0x000, 0x000, 0x000, 0x000, 0x000, 0x000, 0x000, 0x000, 0x000, 0x000,
			0x000, 0x000, 0x000, 0x000, 0x000, 0x000, 0x000, 0x000, 0x000, 0x000, 0x000, 0x000, 0x000, 0x000, 0x000, 0x000,
			0x000, 0x000, 0x000, 0x000, 0x000, 0x000, 0x000, 0x000, 0x000, 0x000, 0x000, 0x000, 0x000, 0x000, 0x000, 0x000,
			0x000, 0x000, 0x000, 0x000, 0x000, 0x000, 0x000, 0x000, 0x000, 0x000, 0x000, 0x000, 0x000, 0x000, 0x000, 0x000,
		},
		"dv_MV": {
			0x008, 0x008, 0x008, 0x008, 0x008, 0x008, 0x008, 0x008, 0x008, 0x20c, 0x208, 0x208, 0x208, 0x208, 0x008, 0x008,
			0x008, 0x008, 0x008, 0x008, 0x008, 0x008, 0x008, 0x008, 0x008, 0x008, 0x008, 0x008, 0x008, 0x008, 0x008, 0x008,
			0x284, 0x1a0, 0x1a0, 0x1a0, 0x1a0, 0x1a0, 0x1a0, 0x1a0, 0x1a0, 0x1a0, 0x1a0, 0x1a0, 0x1a0, 0x1a0, 0x1a0, 0x1a0,
			0x8b1, 0x8b1, 0x8b1, 0x8b1, 0x8b1, 0x8b1, 0x8b1, 0x8b1, 0x8b1, 0x8b1, 0x1a0, 0x1a0, 0x1a0, 0x1a0, 0x1a0, 0x1a0,
			0x1a0, 0xca3, 0xca3, 0xca3, 0xca3, 0xca3, 0xca3, 0x4a3, 0x4a3, 0x4a3, 0x4a3, 0x4a3, 0x4a3, 0x4a3, 0x4a3, 0x4a3,
			0x4a3, 0x4a3, 0x4a3, 0x4a3, 0x4a3, 0x4a3, 0x4a3, 0x4a3, 0x4a3, 0x4a3, 0x4a3, 0x1a0, 0x1a0, 0x1a0, 0x1a0, 0x1a0,
			0x1a0, 0x8e3, 0x8e3, 0x8e3, 0x8e3, 0x8e3, 0x8e3, 0x0e3, 0x0e3, 0x0e3, 0x0e3, 0x0e3, 0x0e3, 0x0e3, 0x0e3, 0x0e3,
			0x0e3, 0x0e3, 0x0e3, 0x0e3, 0x0e3, 0x0e3, 0x0e3, 0x0e3, 0x0e3, 0x0e3, 0x0e3, 0x1a0, 0x1a0, 0x1a0, 0x1a0, 0x008,
			0x000, 0x000, 0x000, 0x000, 0x000, 0x000, 0x000, 0x000, 0x000, 0x000, 0x000, 0x000, 0x000, 0x000, 0x000, 0x000,
			0x000, 0x000, 0x000, 0x000, 0x000, 0x000, 0x000, 0x000, 0x000, 0x000, 0x000, 0x000, 0x000, 0x000, 0x000, 0x000,
			0x000, 0x000, 0x000, 0x000, 0x000, 0x000, 0x000, 0x000, 0x000, 0x000, 0x000, 0x000, 0x000, 0x000, 0x000, 0x000,
			0x000, 0x000, 0x000, 0x000, 0x000, 0x000, 0x000, 0x000, 0x000, 0x000, 0x000, 0x000, 0x000, 0x000, 0x000, 0x000,
			0x000, 0x000, 0x000, 0x000, 0x000, 0x000, 0x000, 0x000, 0x000, 0x000, 0x000, 0x000, 0x000, 0x000, 0x000, 0x000,
			0x000, 0x000, 0x000, 0x000, 0x000, 0x000, 0x000, 0x000, 0x000, 0x000, 0x000, 0x000, 0x000, 0x000, 0x000, 0x000,
			0x000, 0x000, 0x000, 0x000, 0x000, 0x000, 0x000, 0x000, 0x000, 0x000, 0x000, 0x000, 0x000, 0x000, 0x000, 0x000,
			0x000, 0x000, 0x000, 0x000, 0x000, 0x000, 0x000, 0x000, 0x000, 0x000, 0x000, 0x000, 0x000, 0x000, 0x000, 0x000,
		},
		"dz_BT": {
			0x008, 0x008, 0x008, 0x008, 0x008, 0x008, 0x008, 0x008, 0x008, 0x20c, 0x208, 0x208, 0x208, 0x208, 0x008, 0x008,
			0x008, 0x008, 0x008, 0x008, 0x008, 0x008, 0x008, 0x008, 0x008, 0x008, 0x008, 0x008, 0x008, 0x008, 0x008, 0x008,
			0x284, 0x1a0, 0x1a0, 0x1a0, 0x1a0, 0x1a0, 0x1a0, 0x1a0, 0x1a0, 0x1a0, 0x1a0, 0x1a0, 0x1a0, 0x1a0, 0x1a0, 0x1a0,
			0x8b1, 0x8b1, 0x8b1, 0x8b1, 0x8b1, 0x8b1, 0x8b1, 0x8b1, 0x8b1, 0x8b1, 0x1a0, 0x1a0, 0x1a0, 0x1a0, 0x1a0, 0x1a0,
			0x1a0, 0xca3, 0xca3, 0xca3, 0xca3, 0xca3, 0xca3, 0x4a3, 0x4a3, 0x4a3, 0x4a3, 0x4a3, 0x4a3, 0x4a3, 0x4a3, 0x4a3,
			0x4a3, 0x4a3, 0x4a3, 0x4a3, 0x4a3, 0x4a3, 0x4a3, 0x4a3, 0x4a3, 0x4a3, 0x4a3, 0x1a0, 0x1a0, 0x1a0, 0x1a0, 0x1a0,
			0x1a0, 0x8e3, 0x8e3, 0x8e3, 0x8e3, 0x8e3, 0x8e3, 0x0e3, 0x0e3, 0x0e3, 0x0e3, 0x0e3, 0x0e3, 0x0e3, 0x0e3, 0x0e3,
			0x0e3, 0x0e3, 0x0e3, 0x0e3, 0x0e3, 0x0e3, 0x0e3, 0x0e3, 0x0e3, 0x0e3, 0x0e3, 0x1a0, 0x1a0, 0x1a0, 0x1a0, 0x008,
			0x000, 0x000, 0x000, 0x000, 0x000, 0x000, 0x000, 0x000, 0x000, 0x000, 0x000, 0x000, 0x000, 0x000, 0x000, 0x000,
			0x000, 0x000, 0x000, 0x000, 0x000, 0x000, 0x000, 0x000, 0x000, 0x000, 0x000, 0x000, 0x000, 0x000, 0x000, 0x000,
			0x000, 0x000, 0x000, 0x000, 0x000, 0x000, 0x000, 0x000, 0x000, 0x000, 0x000, 0x000, 0x000, 0x000, 0x000, 0x000,
			0x000, 0x000, 0x000, 0x000, 0x000, 0x000, 0x000, 0x000, 0x000, 0x000, 0x000, 0x000, 0x000, 0x000, 0x000, 0x000,
			0x000, 0x000, 0x000, 0x000, 0x000, 0x000, 0x000, 0x000, 0x000, 0x000, 0x000, 0x000, 0x000, 0x000, 0x000, 0x000,
			0x000, 0x000, 0x000, 0x000, 0x000, 0x000, 0x000, 0x000, 0x000, 0x000, 0x000, 0x000, 0x000, 0x000, 0x000, 0x000,
			0x000, 0x000, 0x000, 0x000, 0x000, 0x000, 0x000, 0x000, 0x000, 0x000, 0x000, 0x000, 0x000, 0x000, 0x000, 0x000,
			0x000, 0x000, 0x000, 0x000, 0x000, 0x000, 0x000, 0x000, 0x000, 0x000, 0x000, 0x000, 0x000, 0x000, 0x000, 0x000,
		},
		"el_CY": {
			0x008, 0x008, 0x008, 0x008, 0x008, 0x008, 0x008, 0x008, 0x008, 0x20c, 0x208, 0x208, 0x208, 0x208, 0x008, 0x008,
			0x008, 0x008, 0x008, 0x008, 0x008, 0x008, 0x008, 0x008, 0x008, 0x008, 0x008, 0x008, 0x008, 0x008, 0x008, 0x008,
			0x284, 0x1a0, 0x1a0, 0x1a0, 0x1a0, 0x1a0, 0x1a0, 0x1a0, 0x1a0, 0x1a0, 0x1a0, 0x1a0, 0x1a0, 0x1a0, 0x1a0, 0x1a0,
			0x8b1, 0x8b1, 0x8b1, 0x8b1, 0x8b1, 0x8b1, 0x8b1, 0x8b1, 0x8b1, 0x8b1, 0x1a0, 0x1a0, 0x1a0, 0x1a0, 0x1a0, 0x1a0,
			0x1a0, 0xca3, 0xca3, 0xca3, 0xca3, 0xca3, 0xca3, 0x4a3, 0x4a3, 0x4a3, 0x4a3, 0x4a3, 0x4a3, 0x4a3, 0x4a3, 0x4a3,
			0x4a3, 0x4a3, 0x4a3, 0x4a3, 0x4a3, 0x4a3, 0x4a3, 0x4a3, 0x4a3, 0x4a3, 0x4a3, 0x1a0, 0x1a0, 0x1a0, 0x1a0, 0x1a0,
			0x1a0, 0x8e3, 0x8e3, 0x8e3, 0x8e3, 0x8e3, 0x8e3, 0x0e3, 0x0e3, 0x0e3, 0x0e3, 0x0e3, 0x0e3, 0x0e3, 0x0e3, 0x0e3,
			0x0e3, 0x0e3, 0x0e3, 0x0e3, 0x0e3, 0x0e3, 0x0e3, 0x0e3, 0x0e3, 0x0e3, 0x0e3, 0x1a0, 0x1a0, 0x1a0, 0x1a0, 0x008,
			0x008, 0x008, 0x008, 0x008, 0x008, 0x008, 0x008, 0x008, 0x008, 0x008, 0x008, 0x008, 0x008, 0x008, 0x008, 0x008,
			0x008, 0x008, 0x008, 0x008, 0x008, 0x008, 0x008, 0x008, 0x008, 0x008, 0x008, 0x008, 0x008, 0x008, 0x008, 0x008,
			0x1a0, 0x1a0, 0x1a0, 0x1a0, 0x1a0, 0x1a0, 0x1a0, 0x1a0, 0x1a0, 0x1a0, 0x0e3, 0x1a0, 0x1a0, 0x1a0, 0x000, 0x1a0,
			0x1a0, 0x1a0, 0x1a0, 0x1a0, 0x1a0, 0x1a0, 0x4a3, 0x1a0, 0x4a3, 0x4a3, 0x4a3, 0x1a0, 0x4a3, 0x1a0, 0x4a3, 0x4a3,
			0x0e3, 0x4a3, 0x4a3, 0x4a3, 0x4a3, 0x4a3, 0x4a3, 0x4a3, 0x4a3, 0x4a3, 0x4a3, 0x4a3, 0x4a3, 0x4a3, 0x4a3, 0x4a3,
			0x4a3, 0x4a3, 0x000, 0x4a3, 0x4a3, 0x4a3, 0x4a3, 0x4a3, 0x4a3, 0x4a3, 0x4a3, 0x4a3, 0x0e3, 0x0e3, 0x0e3, 0x0e3,
			0x0e3, 0x0e3, 0x0e3, 0x0e3, 0x0e3, 0x0e3, 0x0e3, 0x0e3, 0x0e3, 0x0e3, 0x0e3, 0x0e3, 0x0e3, 0x0e3, 0x0e3, 0x0e3,
			0x0e3, 0x0e3, 0x0e3, 0x0e3, 0x0e3, 0x0e3, 0x0e3, 0x0e3, 0x0e3, 0x0e3, 0x0e3, 0x0e3, 0x0e3, 0x0e3, 0x0e3, 0x000,
		},
		"el_CY.utf8": {
			0x008, 0x008, 0x008, 0x008, 0x008, 0x008, 0x008, 0x008, 0x008, 0x20c, 0x208, 0x208, 0x208, 0x208, 0x008, 0x008,
			0x008, 0x008, 0x008, 0x008, 0x008, 0x008, 0x008, 0x008, 0x008, 0x008, 0x008, 0x008, 0x008, 0x008, 0x008, 0x008,
			0x284, 0x1a0, 0x1a0, 0x1a0, 0x1a0, 0x1a0, 0x1a0, 0x1a0, 0x1a0, 0x1a0, 0x1a0, 0x1a0, 0x1a0, 0x1a0, 0x1a0, 0x1a0,
			0x8b1, 0x8b1, 0x8b1, 0x8b1, 0x8b1, 0x8b1, 0x8b1, 0x8b1, 0x8b1, 0x8b1, 0x1a0, 0x1a0, 0x1a0, 0x1a0, 0x1a0, 0x1a0,
			0x1a0, 0xca3, 0xca3, 0xca3, 0xca3, 0xca3, 0xca3, 0x4a3, 0x4a3, 0x4a3, 0x4a3, 0x4a3, 0x4a3, 0x4a3, 0x4a3, 0x4a3,
			0x4a3, 0x4a3, 0x4a3, 0x4a3, 0x4a3, 0x4a3, 0x4a3, 0x4a3, 0x4a3, 0x4a3, 0x4a3, 0x1a0, 0x1a0, 0x1a0, 0x1a0, 0x1a0,
			0x1a0, 0x8e3, 0x8e3, 0x8e3, 0x8e3, 0x8e3, 0x8e3, 0x0e3, 0x0e3, 0x0e3, 0x0e3, 0x0e3, 0x0e3, 0x0e3, 0x0e3, 0x0e3,
			0x0e3, 0x0e3, 0x0e3, 0x0e3, 0x0e3, 0x0e3, 0x0e3, 0x0e3, 0x0e3, 0x0e3, 0x0e3, 0x1a0, 0x1a0, 0x1a0, 0x1a0, 0x008,
			0x000, 0x000, 0x000, 0x000, 0x000, 0x000, 0x000, 0x000, 0x000, 0x000, 0x000, 0x000, 0x000, 0x000, 0x000, 0x000,
			0x000, 0x000, 0x000, 0x000, 0x000, 0x000, 0x000, 0x000, 0x000, 0x000, 0x000, 0x000, 0x000, 0x000, 0x000, 0x000,
			0x000, 0x000, 0x000, 0x000, 0x000, 0x000, 0x000, 0x000, 0x000, 0x000, 0x000, 0x000, 0x000, 0x000, 0x000, 0x000,
			0x000, 0x000, 0x000, 0x000, 0x000, 0x000, 0x000, 0x000, 0x000, 0x000, 0x000, 0x000, 0x000, 0x000, 0x000, 0x000,
			0x000, 0x000, 0x000, 0x000, 0x000, 0x000, 0x000, 0x000, 0x000, 0x000, 0x000, 0x000, 0x000, 0x000, 0x000, 0x000,
			0x000, 0x000, 0x000, 0x000, 0x000, 0x000, 0x000, 0x000, 0x000, 0x000, 0x000, 0x000, 0x000, 0x000, 0x000, 0x000,
			0x000, 0x000, 0x000, 0x000, 0x000, 0x000, 0x000, 0x000, 0x000, 0x000, 0x000, 0x000, 0x000, 0x000, 0x000, 0x000,
			0x000, 0x000, 0x000, 0x000, 0x000, 0x000, 0x000, 0x000, 0x000, 0x000, 0x000, 0x000, 0x000, 0x000, 0x000, 0x000,
		},
		"el_GR": {
			0x008, 0x008, 0x008, 0x008, 0x008, 0x008, 0x008, 0x008, 0x008, 0x20c, 0x208, 0x208, 0x208, 0x208, 0x008, 0x008,
			0x008, 0x008, 0x008, 0x008, 0x008, 0x008, 0x008, 0x008, 0x008, 0x008, 0x008, 0x008, 0x008, 0x008, 0x008, 0x008,
			0x284, 0x1a0, 0x1a0, 0x1a0, 0x1a0, 0x1a0, 0x1a0, 0x1a0, 0x1a0, 0x1a0, 0x1a0, 0x1a0, 0x1a0, 0x1a0, 0x1a0, 0x1a0,
			0x8b1, 0x8b1, 0x8b1, 0x8b1, 0x8b1, 0x8b1, 0x8b1, 0x8b1, 0x8b1, 0x8b1, 0x1a0, 0x1a0, 0x1a0, 0x1a0, 0x1a0, 0x1a0,
			0x1a0, 0xca3, 0xca3, 0xca3, 0xca3, 0xca3, 0xca3, 0x4a3, 0x4a3, 0x4a3, 0x4a3, 0x4a3, 0x4a3, 0x4a3, 0x4a3, 0x4a3,
			0x4a3, 0x4a3, 0x4a3, 0x4a3, 0x4a3, 0x4a3, 0x4a3, 0x4a3, 0x4a3, 0x4a3, 0x4a3, 0x1a0, 0x1a0, 0x1a0, 0x1a0, 0x1a0,
			0x1a0, 0x8e3, 0x8e3, 0x8e3, 0x8e3, 0x8e3, 0x8e3, 0x0e3, 0x0e3, 0x0e3, 0x0e3, 0x0e3, 0x0e3, 0x0e3, 0x0e3, 0x0e3,
			0x0e3, 0x0e3, 0x0e3, 0x0e3, 0x0e3, 0x0e3, 0x0e3, 0x0e3, 0x0e3, 0x0e3, 0x0e3, 0x1a0, 0x1a0, 0x1a0, 0x1a0, 0x008,
			0x008, 0x008, 0x008, 0x008, 0x008, 0x008, 0x008, 0x008, 0x008, 0x008, 0x008, 0x008, 0x008, 0x008, 0x008, 0x008,
			0x008, 0x008, 0x008, 0x008, 0x008, 0x008, 0x008, 0x008, 0x008, 0x008, 0x008, 0x008, 0x008, 0x008, 0x008, 0x008,
			0x1a0, 0x1a0, 0x1a0, 0x1a0, 0x1a0, 0x1a0, 0x1a0, 0x1a0, 0x1a0, 0x1a0, 0x0e3, 0x1a0, 0x1a0, 0x1a0, 0x000, 0x1a0,
			0x1a0, 0x1a0, 0x1a0, 0x1a0, 0x1a0, 0x1a0, 0x4a3, 0x1a0, 0x4a3, 0x4a3, 0x4a3, 0x1a0, 0x4a3, 0x1a0, 0x4a3, 0x4a3,
			0x0e3, 0x4a3, 0x4a3, 0x4a3, 0x4a3, 0x4a3, 0x4a3, 0x4a3, 0x4a3, 0x4a3, 0x4a3, 0x4a3, 0x4a3, 0x4a3, 0x4a3, 0x4a3,
			0x4a3, 0x4a3, 0x000, 0x4a3, 0x4a3, 0x4a3, 0x4a3, 0x4a3, 0x4a3, 0x4a3, 0x4a3, 0x4a3, 0x0e3, 0x0e3, 0x0e3, 0x0e3,
			0x0e3, 0x0e3, 0x0e3, 0x0e3, 0x0e3, 0x0e3, 0x0e3, 0x0e3, 0x0e3, 0x0e3, 0x0e3, 0x0e3, 0x0e3, 0x0e3, 0x0e3, 0x0e3,
			0x0e3, 0x0e3, 0x0e3, 0x0e3, 0x0e3, 0x0e3, 0x0e3, 0x0e3, 0x0e3, 0x0e3, 0x0e3, 0x0e3, 0x0e3, 0x0e3, 0x0e3, 0x000,
		},
		"el_GR.utf8": {
			0x008, 0x008, 0x008, 0x008, 0x008, 0x008, 0x008, 0x008, 0x008, 0x20c, 0x208, 0x208, 0x208, 0x208, 0x008, 0x008,
			0x008, 0x008, 0x008, 0x008, 0x008, 0x008, 0x008, 0x008, 0x008, 0x008, 0x008, 0x008, 0x008, 0x008, 0x008, 0x008,
			0x284, 0x1a0, 0x1a0, 0x1a0, 0x1a0, 0x1a0, 0x1a0, 0x1a0, 0x1a0, 0x1a0, 0x1a0, 0x1a0, 0x1a0, 0x1a0, 0x1a0, 0x1a0,
			0x8b1, 0x8b1, 0x8b1, 0x8b1, 0x8b1, 0x8b1, 0x8b1, 0x8b1, 0x8b1, 0x8b1, 0x1a0, 0x1a0, 0x1a0, 0x1a0, 0x1a0, 0x1a0,
			0x1a0, 0xca3, 0xca3, 0xca3, 0xca3, 0xca3, 0xca3, 0x4a3, 0x4a3, 0x4a3, 0x4a3, 0x4a3, 0x4a3, 0x4a3, 0x4a3, 0x4a3,
			0x4a3, 0x4a3, 0x4a3, 0x4a3, 0x4a3, 0x4a3, 0x4a3, 0x4a3, 0x4a3, 0x4a3, 0x4a3, 0x1a0, 0x1a0, 0x1a0, 0x1a0, 0x1a0,
			0x1a0, 0x8e3, 0x8e3, 0x8e3, 0x8e3, 0x8e3, 0x8e3, 0x0e3, 0x0e3, 0x0e3, 0x0e3, 0x0e3, 0x0e3, 0x0e3, 0x0e3, 0x0e3,
			0x0e3, 0x0e3, 0x0e3, 0x0e3, 0x0e3, 0x0e3, 0x0e3, 0x0e3, 0x0e3, 0x0e3, 0x0e3, 0x1a0, 0x1a0, 0x1a0, 0x1a0, 0x008,
			0x000, 0x000, 0x000, 0x000, 0x000, 0x000, 0x000, 0x000, 0x000, 0x000, 0x000, 0x000, 0x000, 0x000, 0x000, 0x000,
			0x000, 0x000, 0x000, 0x000, 0x000, 0x000, 0x000, 0x000, 0x000, 0x000, 0x000, 0x000, 0x000, 0x000, 0x000, 0x000,
			0x000, 0x000, 0x000, 0x000, 0x000, 0x000, 0x000, 0x000, 0x000, 0x000, 0x000, 0x000, 0x000, 0x000, 0x000, 0x000,
			0x000, 0x000, 0x000, 0x000, 0x000, 0x000, 0x000, 0x000, 0x000, 0x000, 0x000, 0x000, 0x000, 0x000, 0x000, 0x000,
			0x000, 0x000, 0x000, 0x000, 0x000, 0x000, 0x000, 0x000, 0x000, 0x000, 0x000, 0x000, 0x000, 0x000, 0x000, 0x000,
			0x000, 0x000, 0x000, 0x000, 0x000, 0x000, 0x000, 0x000, 0x000, 0x000, 0x000, 0x000, 0x000, 0x000, 0x000, 0x000,
			0x000, 0x000, 0x000, 0x000, 0x000, 0x000, 0x000, 0x000, 0x000, 0x000, 0x000, 0x000, 0x000, 0x000, 0x000, 0x000,
			0x000, 0x000, 0x000, 0x000, 0x000, 0x000, 0x000, 0x000, 0x000, 0x000, 0x000, 0x000, 0x000, 0x000, 0x000, 0x000,
		},
		"el_GR@euro": {
			0x008, 0x008, 0x008, 0x008, 0x008, 0x008, 0x008, 0x008, 0x008, 0x20c, 0x208, 0x208, 0x208, 0x208, 0x008, 0x008,
			0x008, 0x008, 0x008, 0x008, 0x008, 0x008, 0x008, 0x008, 0x008, 0x008, 0x008, 0x008, 0x008, 0x008, 0x008, 0x008,
			0x284, 0x1a0, 0x1a0, 0x1a0, 0x1a0, 0x1a0, 0x1a0, 0x1a0, 0x1a0, 0x1a0, 0x1a0, 0x1a0, 0x1a0, 0x1a0, 0x1a0, 0x1a0,
			0x8b1, 0x8b1, 0x8b1, 0x8b1, 0x8b1, 0x8b1, 0x8b1, 0x8b1, 0x8b1, 0x8b1, 0x1a0, 0x1a0, 0x1a0, 0x1a0, 0x1a0, 0x1a0,
			0x1a0, 0xca3, 0xca3, 0xca3, 0xca3, 0xca3, 0xca3, 0x4a3, 0x4a3, 0x4a3, 0x4a3, 0x4a3, 0x4a3, 0x4a3, 0x4a3, 0x4a3,
			0x4a3, 0x4a3, 0x4a3, 0x4a3, 0x4a3, 0x4a3, 0x4a3, 0x4a3, 0x4a3, 0x4a3, 0x4a3, 0x1a0, 0x1a0, 0x1a0, 0x1a0, 0x1a0,
			0x1a0, 0x8e3, 0x8e3, 0x8e3, 0x8e3, 0x8e3, 0x8e3, 0x0e3, 0x0e3, 0x0e3, 0x0e3, 0x0e3, 0x0e3, 0x0e3, 0x0e3, 0x0e3,
			0x0e3, 0x0e3, 0x0e3, 0x0e3, 0x0e3, 0x0e3, 0x0e3, 0x0e3, 0x0e3, 0x0e3, 0x0e3, 0x1a0, 0x1a0, 0x1a0, 0x1a0, 0x008,
			0x008, 0x008, 0x008, 0x008, 0x008, 0x008, 0x008, 0x008, 0x008, 0x008, 0x008, 0x008, 0x008, 0x008, 0x008, 0x008,
			0x008, 0x008, 0x008, 0x008, 0x008, 0x008, 0x008, 0x008, 0x008, 0x008, 0x008, 0x008, 0x008, 0x008, 0x008, 0x008,
			0x1a0, 0x1a0, 0x1a0, 0x1a0, 0x1a0, 0x1a0, 0x1a0, 0x1a0, 0x1a0, 0x1a0, 0x0e3, 0x1a0, 0x1a0, 0x1a0, 0x000, 0x1a0,
			0x1a0, 0x1a0, 0x1a0, 0x1a0, 0x1a0, 0x1a0, 0x4a3, 0x1a0, 0x4a3, 0x4a3, 0x4a3, 0x1a0, 0x4a3, 0x1a0, 0x4a3, 0x4a3,
			0x0e3, 0x4a3, 0x4a3, 0x4a3, 0x4a3, 0x4a3, 0x4a3, 0x4a3, 0x4a3, 0x4a3, 0x4a3, 0x4a3, 0x4a3, 0x4a3, 0x4a3, 0x4a3,
			0x4a3, 0x4a3, 0x000, 0x4a3, 0x4a3, 0x4a3, 0x4a3, 0x4a3, 0x4a3, 0x4a3, 0x4a3, 0x4a3, 0x0e3, 0x0e3, 0x0e3, 0x0e3,
			0x0e3, 0x0e3, 0x0e3, 0x0e3, 0x0e3, 0x0e3, 0x0e3, 0x0e3, 0x0e3, 0x0e3, 0x0e3, 0x0e3, 0x0e3, 0x0e3, 0x0e3, 0x0e3,
			0x0e3, 0x0e3, 0x0e3, 0x0e3, 0x0e3, 0x0e3, 0x0e3, 0x0e3, 0x0e3, 0x0e3, 0x0e3, 0x0e3, 0x0e3, 0x0e3, 0x0e3, 0x000,
		},
		"en_AG": {
			0x008, 0x008, 0x008, 0x008, 0x008, 0x008, 0x008, 0x008, 0x008, 0x20c, 0x208, 0x208, 0x208, 0x208, 0x008, 0x008,
			0x008, 0x008, 0x008, 0x008, 0x008, 0x008, 0x008, 0x008, 0x008, 0x008, 0x008, 0x008, 0x008, 0x008, 0x008, 0x008,
			0x284, 0x1a0, 0x1a0, 0x1a0, 0x1a0, 0x1a0, 0x1a0, 0x1a0, 0x1a0, 0x1a0, 0x1a0, 0x1a0, 0x1a0, 0x1a0, 0x1a0, 0x1a0,
			0x8b1, 0x8b1, 0x8b1, 0x8b1, 0x8b1, 0x8b1, 0x8b1, 0x8b1, 0x8b1, 0x8b1, 0x1a0, 0x1a0, 0x1a0, 0x1a0, 0x1a0, 0x1a0,
			0x1a0, 0xca3, 0xca3, 0xca3, 0xca3, 0xca3, 0xca3, 0x4a3, 0x4a3, 0x4a3, 0x4a3, 0x4a3, 0x4a3, 0x4a3, 0x4a3, 0x4a3,
			0x4a3, 0x4a3, 0x4a3, 0x4a3, 0x4a3, 0x4a3, 0x4a3, 0x4a3, 0x4a3, 0x4a3, 0x4a3, 0x1a0, 0x1a0, 0x1a0, 0x1a0, 0x1a0,
			0x1a0, 0x8e3, 0x8e3, 0x8e3, 0x8e3, 0x8e3, 0x8e3, 0x0e3, 0x0e3, 0x0e3, 0x0e3, 0x0e3, 0x0e3, 0x0e3, 0x0e3, 0x0e3,
			0x0e3, 0x0e3, 0x0e3, 0x0e3, 0x0e3, 0x0e3, 0x0e3, 0x0e3, 0x0e3, 0x0e3, 0x0e3, 0x1a0, 0x1a0, 0x1a0, 0x1a0, 0x008,
			0x000, 0x000, 0x000, 0x000, 0x000, 0x000, 0x000, 0x000, 0x000, 0x000, 0x000, 0x000, 0x000, 0x000, 0x000, 0x000,
			0x000, 0x000, 0x000, 0x000, 0x000, 0x000, 0x000, 0x000, 0x000, 0x000, 0x000, 0x000, 0x000, 0x000, 0x000, 0x000,
			0x000, 0x000, 0x000, 0x000, 0x000, 0x000, 0x000, 0x000, 0x000, 0x000, 0x000, 0x000, 0x000, 0x000, 0x000, 0x000,
			0x000, 0x000, 0x000, 0x000, 0x000, 0x000, 0x000, 0x000, 0x000, 0x000, 0x000, 0x000, 0x000, 0x000, 0x000, 0x000,
			0x000, 0x000, 0x000, 0x000, 0x000, 0x000, 0x000, 0x000, 0x000, 0x000, 0x000, 0x000, 0x000, 0x000, 0x000, 0x000,
			0x000, 0x000, 0x000, 0x000, 0x000, 0x000, 0x000, 0x000, 0x000, 0x000, 0x000, 0x000, 0x000, 0x000, 0x000, 0x000,
			0x000, 0x000, 0x000, 0x000, 0x000, 0x000, 0x000, 0x000, 0x000, 0x000, 0x000, 0x000, 0x000, 0x000, 0x000, 0x000,
			0x000, 0x000, 0x000, 0x000, 0x000, 0x000, 0x000, 0x000, 0x000, 0x000, 0x000, 0x000, 0x000, 0x000, 0x000, 0x000,
		},
		"en_AU": {
			0x008, 0x008, 0x008, 0x008, 0x008, 0x008, 0x008, 0x008, 0x008, 0x20c, 0x208, 0x208, 0x208, 0x208, 0x008, 0x008,
			0x008, 0x008, 0x008, 0x008, 0x008, 0x008, 0x008, 0x008, 0x008, 0x008, 0x008, 0x008, 0x008, 0x008, 0x008, 0x008,
			0x284, 0x1a0, 0x1a0, 0x1a0, 0x1a0, 0x1a0, 0x1a0, 0x1a0, 0x1a0, 0x1a0, 0x1a0, 0x1a0, 0x1a0, 0x1a0, 0x1a0, 0x1a0,
			0x8b1, 0x8b1, 0x8b1, 0x8b1, 0x8b1, 0x8b1, 0x8b1, 0x8b1, 0x8b1, 0x8b1, 0x1a0, 0x1a0, 0x1a0, 0x1a0, 0x1a0, 0x1a0,
			0x1a0, 0xca3, 0xca3, 0xca3, 0xca3, 0xca3, 0xca3, 0x4a3, 0x4a3, 0x4a3, 0x4a3, 0x4a3, 0x4a3, 0x4a3, 0x4a3, 0x4a3,
			0x4a3, 0x4a3, 0x4a3, 0x4a3, 0x4a3, 0x4a3, 0x4a3, 0x4a3, 0x4a3, 0x4a3, 0x4a3, 0x1a0, 0x1a0, 0x1a0, 0x1a0, 0x1a0,
			0x1a0, 0x8e3, 0x8e3, 0x8e3, 0x8e3, 0x8e3, 0x8e3, 0x0e3, 0x0e3, 0x0e3, 0x0e3, 0x0e3, 0x0e3, 0x0e3, 0x0e3, 0x0e3,
			0x0e3, 0x0e3, 0x0e3, 0x0e3, 0x0e3, 0x0e3, 0x0e3, 0x0e3, 0x0e3, 0x0e3, 0x0e3, 0x1a0, 0x1a0, 0x1a0, 0x1a0, 0x008,
			0x008, 0x008, 0x008, 0x008, 0x008, 0x008, 0x008, 0x008, 0x008, 0x008, 0x008, 0x008, 0x008, 0x008, 0x008, 0x008,
			0x008, 0x008, 0x008, 0x008, 0x008, 0x008, 0x008, 0x008, 0x008, 0x008, 0x008, 0x008, 0x008, 0x008, 0x008, 0x008,
			0x1a0, 0x1a0, 0x1a0, 0x1a0, 0x1a0, 0x1a0, 0x1a0, 0x1a0, 0x1a0, 0x1a0, 0x0e3, 0x1a0, 0x1a0, 0x1a0, 0x1a0, 0x1a0,
			0x1a0, 0x1a0, 0x1a0, 0x1a0, 0x1a0, 0x0e3, 0x1a0, 0x1a0, 0x1a0, 0x1a0, 0x0e3, 0x1a0, 0x1a0, 0x1a0, 0x1a0, 0x1a0,
			0x4a3, 0x4a3, 0x4a3, 0x4a3, 0x4a3, 0x4a3, 0x4a3, 0x4a3, 0x4a3, 0x4a3, 0x4a3, 0x4a3, 0x4a3, 0x4a3, 0x4a3, 0x4a3,
			0x4a3, 0x4a3, 0x4a3, 0x4a3, 0x4a3, 0x4a3, 0x4a3, 0x1a0, 0x4a3, 0x4a3, 0x4a3, 0x4a3, 0x4a3, 0x4a3, 0x4a3, 0x0e3,
			0x0e3, 0x0e3, 0x0e3, 0x0e3, 0x0e3, 0x0e3, 0x0e3, 0x0e3, 0x0e3, 0x0e3, 0x0e3, 0x0e3, 0x0e3, 0x0e3, 0x0e3, 0x0e3,
			0x0e3, 0x0e3, 0x0e3, 0x0e3, 0x0e3, 0x0e3, 0x0e3, 0x1a0, 0x0e3, 0x0e3, 0x0e3, 0x0e3, 0x0e3, 0x0e3, 0x0e3, 0x0e3,
		},
		"en_AU.utf8": {
			0x008, 0x008, 0x008, 0x008, 0x008, 0x008, 0x008, 0x008, 0x008, 0x20c, 0x208, 0x208, 0x208, 0x208, 0x008, 0x008,
			0x008, 0x008, 0x008, 0x008, 0x008, 0x008, 0x008, 0x008, 0x008, 0x008, 0x008, 0x008, 0x008, 0x008, 0x008, 0x008,
			0x284, 0x1a0, 0x1a0, 0x1a0, 0x1a0, 0x1a0, 0x1a0, 0x1a0, 0x1a0, 0x1a0, 0x1a0, 0x1a0, 0x1a0, 0x1a0, 0x1a0, 0x1a0,
			0x8b1, 0x8b1, 0x8b1, 0x8b1, 0x8b1, 0x8b1, 0x8b1, 0x8b1, 0x8b1, 0x8b1, 0x1a0, 0x1a0, 0x1a0, 0x1a0, 0x1a0, 0x1a0,
			0x1a0, 0xca3, 0xca3, 0xca3, 0xca3, 0xca3, 0xca3, 0x4a3, 0x4a3, 0x4a3, 0x4a3, 0x4a3, 0x4a3, 0x4a3, 0x4a3, 0x4a3,
			0x4a3, 0x4a3, 0x4a3, 0x4a3, 0x4a3, 0x4a3, 0x4a3, 0x4a3, 0x4a3, 0x4a3, 0x4a3, 0x1a0, 0x1a0, 0x1a0, 0x1a0, 0x1a0,
			0x1a0, 0x8e3, 0x8e3, 0x8e3, 0x8e3, 0x8e3, 0x8e3, 0x0e3, 0x0e3, 0x0e3, 0x0e3, 0x0e3, 0x0e3, 0x0e3, 0x0e3, 0x0e3,
			0x0e3, 0x0e3, 0x0e3, 0x0e3, 0x0e3, 0x0e3, 0x0e3, 0x0e3, 0x0e3, 0x0e3, 0x0e3, 0x1a0, 0x1a0, 0x1a0, 0x1a0, 0x008,
			0x000, 0x000, 0x000, 0x000, 0x000, 0x000, 0x000, 0x000, 0x000, 0x000, 0x000, 0x000, 0x000, 0x000, 0x000, 0x000,
			0x000, 0x000, 0x000, 0x000, 0x000, 0x000, 0x000, 0x000, 0x000, 0x000, 0x000, 0x000, 0x000, 0x000, 0x000, 0x000,
			0x000, 0x000, 0x000, 0x000, 0x000, 0x000, 0x000, 0x000, 0x000, 0x000, 0x000, 0x000, 0x000, 0x000, 0x000, 0x000,
			0x000, 0x000, 0x000, 0x000, 0x000, 0x000, 0x000, 0x000, 0x000, 0x000, 0x000, 0x000, 0x000, 0x000, 0x000, 0x000,
			0x000, 0x000, 0x000, 0x000, 0x000, 0x000, 0x000, 0x000, 0x000, 0x000, 0x000, 0x000, 0x000, 0x000, 0x000, 0x000,
			0x000, 0x000, 0x000, 0x000, 0x000, 0x000, 0x000, 0x000, 0x000, 0x000, 0x000, 0x000, 0x000, 0x000, 0x000, 0x000,
			0x000, 0x000, 0x000, 0x000, 0x000, 0x000, 0x000, 0x000, 0x000, 0x000, 0x000, 0x000, 0x000, 0x000, 0x000, 0x000,
			0x000, 0x000, 0x000, 0x000, 0x000, 0x000, 0x000, 0x000, 0x000, 0x000, 0x000, 0x000, 0x000, 0x000, 0x000, 0x000,
		},
		"en_BW": {
			0x008, 0x008, 0x008, 0x008, 0x008, 0x008, 0x008, 0x008, 0x008, 0x20c, 0x208, 0x208, 0x208, 0x208, 0x008, 0x008,
			0x008, 0x008, 0x008, 0x008, 0x008, 0x008, 0x008, 0x008, 0x008, 0x008, 0x008, 0x008, 0x008, 0x008, 0x008, 0x008,
			0x284, 0x1a0, 0x1a0, 0x1a0, 0x1a0, 0x1a0, 0x1a0, 0x1a0, 0x1a0, 0x1a0, 0x1a0, 0x1a0, 0x1a0, 0x1a0, 0x1a0, 0x1a0,
			0x8b1, 0x8b1, 0x8b1, 0x8b1, 0x8b1, 0x8b1, 0x8b1, 0x8b1, 0x8b1, 0x8b1, 0x1a0, 0x1a0, 0x1a0, 0x1a0, 0x1a0, 0x1a0,
			0x1a0, 0xca3, 0xca3, 0xca3, 0xca3, 0xca3, 0xca3, 0x4a3, 0x4a3, 0x4a3, 0x4a3, 0x4a3, 0x4a3, 0x4a3, 0x4a3, 0x4a3,
			0x4a3, 0x4a3, 0x4a3, 0x4a3, 0x4a3, 0x4a3, 0x4a3, 0x4a3, 0x4a3, 0x4a3, 0x4a3, 0x1a0, 0x1a0, 0x1a0, 0x1a0, 0x1a0,
			0x1a0, 0x8e3, 0x8e3, 0x8e3, 0x8e3, 0x8e3, 0x8e3, 0x0e3, 0x0e3, 0x0e3, 0x0e3, 0x0e3, 0x0e3, 0x0e3, 0x0e3, 0x0e3,
			0x0e3, 0x0e3, 0x0e3, 0x0e3, 0x0e3, 0x0e3, 0x0e3, 0x0e3, 0x0e3, 0x0e3, 0x0e3, 0x1a0, 0x1a0, 0x1a0, 0x1a0, 0x008,
			0x008, 0x008, 0x008, 0x008, 0x008, 0x008, 0x008, 0x008, 0x008, 0x008, 0x008, 0x008, 0x008, 0x008, 0x008, 0x008,
			0x008, 0x008, 0x008, 0x008, 0x008, 0x008, 0x008, 0x008, 0x008, 0x008, 0x008, 0x008, 0x008, 0x008, 0x008, 0x008,
			0x1a0, 0x1a0, 0x1a0, 0x1a0, 0x1a0, 0x1a0, 0x1a0, 0x1a0, 0x1a0, 0x1a0, 0x0e3, 0x1a0, 0x1a0, 0x1a0, 0x1a0, 0x1a0,
			0x1a0, 0x1a0, 0x1a0, 0x1a0, 0x1a0, 0x0e3, 0x1a0, 0x1a0, 0x1a0, 0x1a0, 0x0e3, 0x1a0, 0x1a0, 0x1a0, 0x1a0, 0x1a0,
			0x4a3, 0x4a3, 0x4a3, 0x4a3, 0x4a3, 0x4a3, 0x4a3, 0x4a3, 0x4a3, 0x4a3, 0x4a3, 0x4a3, 0x4a3, 0x4a3, 0x4a3, 0x4a3,
			0x4a3, 0x4a3, 0x4a3, 0x4a3, 0x4a3, 0x4a3, 0x4a3, 0x1a0, 0x4a3, 0x4a3, 0x4a3, 0x4a3, 0x4a3, 0x4a3, 0x4a3, 0x0e3,
			0x0e3, 0x0e3, 0x0e3, 0x0e3, 0x0e3, 0x0e3, 0x0e3, 0x0e3, 0x0e3, 0x0e3, 0x0e3, 0x0e3, 0x0e3, 0x0e3, 0x0e3, 0x0e3,
			0x0e3, 0x0e3, 0x0e3, 0x0e3, 0x0e3, 0x0e3, 0x0e3, 0x1a0, 0x0e3, 0x0e3, 0x0e3, 0x0e3, 0x0e3, 0x0e3, 0x0e3, 0x0e3,
		},
		"en_BW.utf8": {
			0x008, 0x008, 0x008, 0x008, 0x008, 0x008, 0x008, 0x008, 0x008, 0x20c, 0x208, 0x208, 0x208, 0x208, 0x008, 0x008,
			0x008, 0x008, 0x008, 0x008, 0x008, 0x008, 0x008, 0x008, 0x008, 0x008, 0x008, 0x008, 0x008, 0x008, 0x008, 0x008,
			0x284, 0x1a0, 0x1a0, 0x1a0, 0x1a0, 0x1a0, 0x1a0, 0x1a0, 0x1a0, 0x1a0, 0x1a0, 0x1a0, 0x1a0, 0x1a0, 0x1a0, 0x1a0,
			0x8b1, 0x8b1, 0x8b1, 0x8b1, 0x8b1, 0x8b1, 0x8b1, 0x8b1, 0x8b1, 0x8b1, 0x1a0, 0x1a0, 0x1a0, 0x1a0, 0x1a0, 0x1a0,
			0x1a0, 0xca3, 0xca3, 0xca3, 0xca3, 0xca3, 0xca3, 0x4a3, 0x4a3, 0x4a3, 0x4a3, 0x4a3, 0x4a3, 0x4a3, 0x4a3, 0x4a3,
			0x4a3, 0x4a3, 0x4a3, 0x4a3, 0x4a3, 0x4a3, 0x4a3, 0x4a3, 0x4a3, 0x4a3, 0x4a3, 0x1a0, 0x1a0, 0x1a0, 0x1a0, 0x1a0,
			0x1a0, 0x8e3, 0x8e3, 0x8e3, 0x8e3, 0x8e3, 0x8e3, 0x0e3, 0x0e3, 0x0e3, 0x0e3, 0x0e3, 0x0e3, 0x0e3, 0x0e3, 0x0e3,
			0x0e3, 0x0e3, 0x0e3, 0x0e3, 0x0e3, 0x0e3, 0x0e3, 0x0e3, 0x0e3, 0x0e3, 0x0e3, 0x1a0, 0x1a0, 0x1a0, 0x1a0, 0x008,
			0x000, 0x000, 0x000, 0x000, 0x000, 0x000, 0x000, 0x000, 0x000, 0x000, 0x000, 0x000, 0x000, 0x000, 0x000, 0x000,
			0x000, 0x000, 0x000, 0x000, 0x000, 0x000, 0x000, 0x000, 0x000, 0x000, 0x000, 0x000, 0x000, 0x000, 0x000, 0x000,
			0x000, 0x000, 0x000, 0x000, 0x000, 0x000, 0x000, 0x000, 0x000, 0x000, 0x000, 0x000, 0x000, 0x000, 0x000, 0x000,
			0x000, 0x000, 0x000, 0x000, 0x000, 0x000, 0x000, 0x000, 0x000, 0x000, 0x000, 0x000, 0x000, 0x000, 0x000, 0x000,
			0x000, 0x000, 0x000, 0x000, 0x000, 0x000, 0x000, 0x000, 0x000, 0x000, 0x000, 0x000, 0x000, 0x000, 0x000, 0x000,
			0x000, 0x000, 0x000, 0x000, 0x000, 0x000, 0x000, 0x000, 0x000, 0x000, 0x000, 0x000, 0x000, 0x000, 0x000, 0x000,
			0x000, 0x000, 0x000, 0x000, 0x000, 0x000, 0x000, 0x000, 0x000, 0x000, 0x000, 0x000, 0x000, 0x000, 0x000, 0x000,
			0x000, 0x000, 0x000, 0x000, 0x000, 0x000, 0x000, 0x000, 0x000, 0x000, 0x000, 0x000, 0x000, 0x000, 0x000, 0x000,
		},
		"en_CA": {
			0x008, 0x008, 0x008, 0x008, 0x008, 0x008, 0x008, 0x008, 0x008, 0x20c, 0x208, 0x208, 0x208, 0x208, 0x008, 0x008,
			0x008, 0x008, 0x008, 0x008, 0x008, 0x008, 0x008, 0x008, 0x008, 0x008, 0x008, 0x008, 0x008, 0x008, 0x008, 0x008,
			0x284, 0x1a0, 0x1a0, 0x1a0, 0x1a0, 0x1a0, 0x1a0, 0x1a0, 0x1a0, 0x1a0, 0x1a0, 0x1a0, 0x1a0, 0x1a0, 0x1a0, 0x1a0,
			0x8b1, 0x8b1, 0x8b1, 0x8b1, 0x8b1, 0x8b1, 0x8b1, 0x8b1, 0x8b1, 0x8b1, 0x1a0, 0x1a0, 0x1a0, 0x1a0, 0x1a0, 0x1a0,
			0x1a0, 0xca3, 0xca3, 0xca3, 0xca3, 0xca3, 0xca3, 0x4a3, 0x4a3, 0x4a3, 0x4a3, 0x4a3, 0x4a3, 0x4a3, 0x4a3, 0x4a3,
			0x4a3, 0x4a3, 0x4a3, 0x4a3, 0x4a3, 0x4a3, 0x4a3, 0x4a3, 0x4a3, 0x4a3, 0x4a3, 0x1a0, 0x1a0, 0x1a0, 0x1a0, 0x1a0,
			0x1a0, 0x8e3, 0x8e3, 0x8e3, 0x8e3, 0x8e3, 0x8e3, 0x0e3, 0x0e3, 0x0e3, 0x0e3, 0x0e3, 0x0e3, 0x0e3, 0x0e3, 0x0e3,
			0x0e3, 0x0e3, 0x0e3, 0x0e3, 0x0e3, 0x0e3, 0x0e3, 0x0e3, 0x0e3, 0x0e3, 0x0e3, 0x1a0, 0x1a0, 0x1a0, 0x1a0, 0x008,
			0x008, 0x008, 0x008, 0x008, 0x008, 0x008, 0x008, 0x008, 0x008, 0x008, 0x008, 0x008, 0x008, 0x008, 0x008, 0x008,
			0x008, 0x008, 0x008, 0x008, 0x008, 0x008, 0x008, 0x008, 0x008, 0x008, 0x008, 0x008, 0x008, 0x008, 0x008, 0x008,
			0x1a0, 0x1a0, 0x1a0, 0x1a0, 0x1a0, 0x1a0, 0x1a0, 0x1a0, 0x1a0, 0x1a0, 0x0e3, 0x1a0, 0x1a0, 0x1a0, 0x1a0, 0x1a0,
			0x1a0, 0x1a0, 0x1a0, 0x1a0, 0x1a0, 0x0e3, 0x1a0, 0x1a0, 0x1a0, 0x1a0, 0x0e3, 0x1a0, 0x1a0, 0x1a0, 0x1a0, 0x1a0,
			0x4a3, 0x4a3, 0x4a3, 0x4a3, 0x4a3, 0x4a3, 0x4a3, 0x4a3, 0x4a3, 0x4a3, 0x4a3, 0x4a3, 0x4a3, 0x4a3, 0x4a3, 0x4a3,
			0x4a3, 0x4a3, 0x4a3, 0x4a3, 0x4a3, 0x4a3, 0x4a3, 0x1a0, 0x4a3, 0x4a3, 0x4a3, 0x4a3, 0x4a3, 0x4a3, 0x4a3, 0x0e3,
			0x0e3, 0x0e3, 0x0e3, 0x0e3, 0x0e3, 0x0e3, 0x0e3, 0x0e3, 0x0e3, 0x0e3, 0x0e3, 0x0e3, 0x0e3, 0x0e3, 0x0e3, 0x0e3,
			0x0e3, 0x0e3, 0x0e3, 0x0e3, 0x0e3, 0x0e3, 0x0e3, 0x1a0, 0x0e3, 0x0e3, 0x0e3, 0x0e3, 0x0e3, 0x0e3, 0x0e3, 0x0e3,
		},
		"en_CA.utf8": {
			0x008, 0x008, 0x008, 0x008, 0x008, 0x008, 0x008, 0x008, 0x008, 0x20c, 0x208, 0x208, 0x208, 0x208, 0x008, 0x008,
			0x008, 0x008, 0x008, 0x008, 0x008, 0x008, 0x008, 0x008, 0x008, 0x008, 0x008, 0x008, 0x008, 0x008, 0x008, 0x008,
			0x284, 0x1a0, 0x1a0, 0x1a0, 0x1a0, 0x1a0, 0x1a0, 0x1a0, 0x1a0, 0x1a0, 0x1a0, 0x1a0, 0x1a0, 0x1a0, 0x1a0, 0x1a0,
			0x8b1, 0x8b1, 0x8b1, 0x8b1, 0x8b1, 0x8b1, 0x8b1, 0x8b1, 0x8b1, 0x8b1, 0x1a0, 0x1a0, 0x1a0, 0x1a0, 0x1a0, 0x1a0,
			0x1a0, 0xca3, 0xca3, 0xca3, 0xca3, 0xca3, 0xca3, 0x4a3, 0x4a3, 0x4a3, 0x4a3, 0x4a3, 0x4a3, 0x4a3, 0x4a3, 0x4a3,
			0x4a3, 0x4a3, 0x4a3, 0x4a3, 0x4a3, 0x4a3, 0x4a3, 0x4a3, 0x4a3, 0x4a3, 0x4a3, 0x1a0, 0x1a0, 0x1a0, 0x1a0, 0x1a0,
			0x1a0, 0x8e3, 0x8e3, 0x8e3, 0x8e3, 0x8e3, 0x8e3, 0x0e3, 0x0e3, 0x0e3, 0x0e3, 0x0e3, 0x0e3, 0x0e3, 0x0e3, 0x0e3,
			0x0e3, 0x0e3, 0x0e3, 0x0e3, 0x0e3, 0x0e3, 0x0e3, 0x0e3, 0x0e3, 0x0e3, 0x0e3, 0x1a0, 0x1a0, 0x1a0, 0x1a0, 0x008,
			0x000, 0x000, 0x000, 0x000, 0x000, 0x000, 0x000, 0x000, 0x000, 0x000, 0x000, 0x000, 0x000, 0x000, 0x000, 0x000,
			0x000, 0x000, 0x000, 0x000, 0x000, 0x000, 0x000, 0x000, 0x000, 0x000, 0x000, 0x000, 0x000, 0x000, 0x000, 0x000,
			0x000, 0x000, 0x000, 0x000, 0x000, 0x000, 0x000, 0x000, 0x000, 0x000, 0x000, 0x000, 0x000, 0x000, 0x000, 0x000,
			0x000, 0x000, 0x000, 0x000, 0x000, 0x000, 0x000, 0x000, 0x000, 0x000, 0x000, 0x000, 0x000, 0x000, 0x000, 0x000,
			0x000, 0x000, 0x000, 0x000, 0x000, 0x000, 0x000, 0x000, 0x000, 0x000, 0x000, 0x000, 0x000, 0x000, 0x000, 0x000,
			0x000, 0x000, 0x000, 0x000, 0x000, 0x000, 0x000, 0x000, 0x000, 0x000, 0x000, 0x000, 0x000, 0x000, 0x000, 0x000,
			0x000, 0x000, 0x000, 0x000, 0x000, 0x000, 0x000, 0x000, 0x000, 0x000, 0x000, 0x000, 0x000, 0x000, 0x000, 0x000,
			0x000, 0x000, 0x000, 0x000, 0x000, 0x000, 0x000, 0x000, 0x000, 0x000, 0x000, 0x000, 0x000, 0x000, 0x000, 0x000,
		},
		"en_DK": {
			0x008, 0x008, 0x008, 0x008, 0x008, 0x008, 0x008, 0x008, 0x008, 0x20c, 0x208, 0x208, 0x208, 0x208, 0x008, 0x008,
			0x008, 0x008, 0x008, 0x008, 0x008, 0x008, 0x008, 0x008, 0x008, 0x008, 0x008, 0x008, 0x008, 0x008, 0x008, 0x008,
			0x284, 0x1a0, 0x1a0, 0x1a0, 0x1a0, 0x1a0, 0x1a0, 0x1a0, 0x1a0, 0x1a0, 0x1a0, 0x1a0, 0x1a0, 0x1a0, 0x1a0, 0x1a0,
			0x8b1, 0x8b1, 0x8b1, 0x8b1, 0x8b1, 0x8b1, 0x8b1, 0x8b1, 0x8b1, 0x8b1, 0x1a0, 0x1a0, 0x1a0, 0x1a0, 0x1a0, 0x1a0,
			0x1a0, 0xca3, 0xca3, 0xca3, 0xca3, 0xca3, 0xca3, 0x4a3, 0x4a3, 0x4a3, 0x4a3, 0x4a3, 0x4a3, 0x4a3, 0x4a3, 0x4a3,
			0x4a3, 0x4a3, 0x4a3, 0x4a3, 0x4a3, 0x4a3, 0x4a3, 0x4a3, 0x4a3, 0x4a3, 0x4a3, 0x1a0, 0x1a0, 0x1a0, 0x1a0, 0x1a0,
			0x1a0, 0x8e3, 0x8e3, 0x8e3, 0x8e3, 0x8e3, 0x8e3, 0x0e3, 0x0e3, 0x0e3, 0x0e3, 0x0e3, 0x0e3, 0x0e3, 0x0e3, 0x0e3,
			0x0e3, 0x0e3, 0x0e3, 0x0e3, 0x0e3, 0x0e3, 0x0e3, 0x0e3, 0x0e3, 0x0e3, 0x0e3, 0x1a0, 0x1a0, 0x1a0, 0x1a0, 0x008,
			0x008, 0x008, 0x008, 0x008, 0x008, 0x008, 0x008, 0x008, 0x008, 0x008, 0x008, 0x008, 0x008, 0x008, 0x008, 0x008,
			0x008, 0x008, 0x008, 0x008, 0x008, 0x008, 0x008, 0x008, 0x008, 0x008, 0x008, 0x008, 0x008, 0x008, 0x008, 0x008,
			0x1a0, 0x1a0, 0x1a0, 0x1a0, 0x1a0, 0x1a0, 0x1a0, 0x1a0, 0x1a0, 0x1a0, 0x0e3, 0x1a0, 0x1a0, 0x1a0, 0x1a0, 0x1a0,
			0x1a0, 0x1a0, 0x1a0, 0x1a0, 0x1a0, 0x0e3, 0x1a0, 0x1a0, 0x1a0, 0x1a0, 0x0e3, 0x1a0, 0x1a0, 0x1a0, 0x1a0, 0x1a0,
			0x4a3, 0x4a3, 0x4a3, 0x4a3, 0x4a3, 0x4a3, 0x4a3, 0x4a3, 0x4a3, 0x4a3, 0x4a3, 0x4a3, 0x4a3, 0x4a3, 0x4a3, 0x4a3,
			0x4a3, 0x4a3, 0x4a3, 0x4a3, 0x4a3, 0x4a3, 0x4a3, 0x1a0, 0x4a3, 0x4a3, 0x4a3, 0x4a3, 0x4a3, 0x4a3, 0x4a3, 0x0e3,
			0x0e3, 0x0e3, 0x0e3, 0x0e3, 0x0e3, 0x0e3, 0x0e3, 0x0e3, 0x0e3, 0x0e3, 0x0e3, 0x0e3, 0x0e3, 0x0e3, 0x0e3, 0x0e3,
			0x0e3, 0x0e3, 0x0e3, 0x0e3, 0x0e3, 0x0e3, 0x0e3, 0x1a0, 0x0e3, 0x0e3, 0x0e3, 0x0e3, 0x0e3, 0x0e3, 0x0e3, 0x0e3,
		},
		"en_DK.utf8": {
			0x008, 0x008, 0x008, 0x008, 0x008, 0x008, 0x008, 0x008, 0x008, 0x20c, 0x208, 0x208, 0x208, 0x208, 0x008, 0x008,
			0x008, 0x008, 0x008, 0x008, 0x008, 0x008, 0x008, 0x008, 0x008, 0x008, 0x008, 0x008, 0x008, 0x008, 0x008, 0x008,
			0x284, 0x1a0, 0x1a0, 0x1a0, 0x1a0, 0x1a0, 0x1a0, 0x1a0, 0x1a0, 0x1a0, 0x1a0, 0x1a0, 0x1a0, 0x1a0, 0x1a0, 0x1a0,
			0x8b1, 0x8b1, 0x8b1, 0x8b1, 0x8b1, 0x8b1, 0x8b1, 0x8b1, 0x8b1, 0x8b1, 0x1a0, 0x1a0, 0x1a0, 0x1a0, 0x1a0, 0x1a0,
			0x1a0, 0xca3, 0xca3, 0xca3, 0xca3, 0xca3, 0xca3, 0x4a3, 0x4a3, 0x4a3, 0x4a3, 0x4a3, 0x4a3, 0x4a3, 0x4a3, 0x4a3,
			0x4a3, 0x4a3, 0x4a3, 0x4a3, 0x4a3, 0x4a3, 0x4a3, 0x4a3, 0x4a3, 0x4a3, 0x4a3, 0x1a0, 0x1a0, 0x1a0, 0x1a0, 0x1a0,
			0x1a0, 0x8e3, 0x8e3, 0x8e3, 0x8e3, 0x8e3, 0x8e3, 0x0e3, 0x0e3, 0x0e3, 0x0e3, 0x0e3, 0x0e3, 0x0e3, 0x0e3, 0x0e3,
			0x0e3, 0x0e3, 0x0e3, 0x0e3, 0x0e3, 0x0e3, 0x0e3, 0x0e3, 0x0e3, 0x0e3, 0x0e3, 0x1a0, 0x1a0, 0x1a0, 0x1a0, 0x008,
			0x000, 0x000, 0x000, 0x000, 0x000, 0x000, 0x000, 0x000, 0x000, 0x000, 0x000, 0x000, 0x000, 0x000, 0x000, 0x000,
			0x000, 0x000, 0x000, 0x000, 0x000, 0x000, 0x000, 0x000, 0x000, 0x000, 0x000, 0x000, 0x000, 0x000, 0x000, 0x000,
			0x000, 0x000, 0x000, 0x000, 0x000, 0x000, 0x000, 0x000, 0x000, 0x000, 0x000, 0x000, 0x000, 0x000, 0x000, 0x000,
			0x000, 0x000, 0x000, 0x000, 0x000, 0x000, 0x000, 0x000, 0x000, 0x000, 0x000, 0x000, 0x000, 0x000, 0x000, 0x000,
			0x000, 0x000, 0x000, 0x000, 0x000, 0x000, 0x000, 0x000, 0x000, 0x000, 0x000, 0x000, 0x000, 0x000, 0x000, 0x000,
			0x000, 0x000, 0x000, 0x000, 0x000, 0x000, 0x000, 0x000, 0x000, 0x000, 0x000, 0x000, 0x000, 0x000, 0x000, 0x000,
			0x000, 0x000, 0x000, 0x000, 0x000, 0x000, 0x000, 0x000, 0x000, 0x000, 0x000, 0x000, 0x000, 0x000, 0x000, 0x000,
			0x000, 0x000, 0x000, 0x000, 0x000, 0x000, 0x000, 0x000, 0x000, 0x000, 0x000, 0x000, 0x000, 0x000, 0x000, 0x000,
		},
		"en_GB": {
			0x008, 0x008, 0x008, 0x008, 0x008, 0x008, 0x008, 0x008, 0x008, 0x20c, 0x208, 0x208, 0x208, 0x208, 0x008, 0x008,
			0x008, 0x008, 0x008, 0x008, 0x008, 0x008, 0x008, 0x008, 0x008, 0x008, 0x008, 0x008, 0x008, 0x008, 0x008, 0x008,
			0x284, 0x1a0, 0x1a0, 0x1a0, 0x1a0, 0x1a0, 0x1a0, 0x1a0, 0x1a0, 0x1a0, 0x1a0, 0x1a0, 0x1a0, 0x1a0, 0x1a0, 0x1a0,
			0x8b1, 0x8b1, 0x8b1, 0x8b1, 0x8b1, 0x8b1, 0x8b1, 0x8b1, 0x8b1, 0x8b1, 0x1a0, 0x1a0, 0x1a0, 0x1a0, 0x1a0, 0x1a0,
			0x1a0, 0xca3, 0xca3, 0xca3, 0xca3, 0xca3, 0xca3, 0x4a3, 0x4a3, 0x4a3, 0x4a3, 0x4a3, 0x4a3, 0x4a3, 0x4a3, 0x4a3,
			0x4a3, 0x4a3, 0x4a3, 0x4a3, 0x4a3, 0x4a3, 0x4a3, 0x4a3, 0x4a3, 0x4a3, 0x4a3, 0x1a0, 0x1a0, 0x1a0, 0x1a0, 0x1a0,
			0x1a0, 0x8e3, 0x8e3, 0x8e3, 0x8e3, 0x8e3, 0x8e3, 0x0e3, 0x0e3, 0x0e3, 0x0e3, 0x0e3, 0x0e3, 0x0e3, 0x0e3, 0x0e3,
			0x0e3, 0x0e3, 0x0e3, 0x0e3, 0x0e3, 0x0e3, 0x0e3, 0x0e3, 0x0e3, 0x0e3, 0x0e3, 0x1a0, 0x1a0, 0x1a0, 0x1a0, 0x008,
			0x008, 0x008, 0x008, 0x008, 0x008, 0x008, 0x008, 0x008, 0x008, 0x008, 0x008, 0x008, 0x008, 0x008, 0x008, 0x008,
			0x008, 0x008, 0x008, 0x008, 0x008, 0x008, 0x008, 0x008, 0x008, 0x008, 0x008, 0x008, 0x008, 0x008, 0x008, 0x008,
			0x1a0, 0x1a0, 0x1a0, 0x1a0, 0x1a0, 0x1a0, 0x1a0, 0x1a0, 0x1a0, 0x1a0, 0x0e3, 0x1a0, 0x1a0, 0x1a0, 0x1a0, 0x1a0,
			0x1a0, 0x1a0, 0x1a0, 0x1a0, 0x1a0, 0x0e3, 0x1a0, 0x1a0, 0x1a0, 0x1a0, 0x0e3, 0x1a0, 0x1a0, 0x1a0, 0x1a0, 0x1a0,
			0x4a3, 0x4a3, 0x4a3, 0x4a3, 0x4a3, 0x4a3, 0x4a3, 0x4a3, 0x4a3, 0x4a3, 0x4a3, 0x4a3, 0x4a3, 0x4a3, 0x4a3, 0x4a3,
			0x4a3, 0x4a3, 0x4a3, 0x4a3, 0x4a3, 0x4a3, 0x4a3, 0x1a0, 0x4a3, 0x4a3, 0x4a3, 0x4a3, 0x4a3, 0x4a3, 0x4a3, 0x0e3,
			0x0e3, 0x0e3, 0x0e3, 0x0e3, 0x0e3, 0x0e3, 0x0e3, 0x0e3, 0x0e3, 0x0e3, 0x0e3, 0x0e3, 0x0e3, 0x0e3, 0x0e3, 0x0e3,
			0x0e3, 0x0e3, 0x0e3, 0x0e3, 0x0e3, 0x0e3, 0x0e3, 0x1a0, 0x0e3, 0x0e3, 0x0e3, 0x0e3, 0x0e3, 0x0e3, 0x0e3, 0x0e3,
		},
		"en_GB.iso885915": {
			0x008, 0x008, 0x008, 0x008, 0x008, 0x008, 0x008, 0x008, 0x008, 0x20c, 0x208, 0x208, 0x208, 0x208, 0x008, 0x008,
			0x008, 0x008, 0x008, 0x008, 0x008, 0x008, 0x008, 0x008, 0x008, 0x008, 0x008, 0x008, 0x008, 0x008, 0x008, 0x008,
			0x284, 0x1a0, 0x1a0, 0x1a0, 0x1a0, 0x1a0, 0x1a0, 0x1a0, 0x1a0, 0x1a0, 0x1a0, 0x1a0, 0x1a0, 0x1a0, 0x1a0, 0x1a0,
			0x8b1, 0x8b1, 0x8b1, 0x8b1, 0x8b1, 0x8b1, 0x8b1, 0x8b1, 0x8b1, 0x8b1, 0x1a0, 0x1a0, 0x1a0, 0x1a0, 0x1a0, 0x1a0,
			0x1a0, 0xca3, 0xca3, 0xca3, 0xca3, 0xca3, 0xca3, 0x4a3, 0x4a3, 0x4a3, 0x4a3, 0x4a3, 0x4a3, 0x4a3, 0x4a3, 0x4a3,
			0x4a3, 0x4a3, 0x4a3, 0x4a3, 0x4a3, 0x4a3, 0x4a3, 0x4a3, 0x4a3, 0x4a3, 0x4a3, 0x1a0, 0x1a0, 0x1a0, 0x1a0, 0x1a0,
			0x1a0, 0x8e3, 0x8e3, 0x8e3, 0x8e3, 0x8e3, 0x8e3, 0x0e3, 0x0e3, 0x0e3, 0x0e3, 0x0e3, 0x0e3, 0x0e3, 0x0e3, 0x0e3,
			0x0e3, 0x0e3, 0x0e3, 0x0e3, 0x0e3, 0x0e3, 0x0e3, 0x0e3, 0x0e3, 0x0e3, 0x0e3, 0x1a0, 0x1a0, 0x1a0, 0x1a0, 0x008,
			0x008, 0x008, 0x008, 0x008, 0x008, 0x008, 0x008, 0x008, 0x008, 0x008, 0x008, 0x008, 0x008, 0x008, 0x008, 0x008,
			0x008, 0x008, 0x008, 0x008, 0x008, 0x008, 0x008, 0x008, 0x008, 0x008, 0x008, 0x008, 0x008, 0x008, 0x008, 0x008,
			0x1a0, 0x1a0, 0x1a0, 0x1a0, 0x1a0, 0x1a0, 0x4a3, 0x1a0, 0x0e3, 0x1a0, 0x0e3, 0x1a0, 0x1a0, 0x1a0, 0x1a0, 0x1a0,
			0x1a0, 0x1a0, 0x1a0, 0x1a0, 0x4a3, 0x0e3, 0x1a0, 0x1a0, 0x0e3, 0x1a0, 0x0e3, 0x1a0, 0x4a3, 0x0e3, 0x4a3, 0x1a0,
			0x4a3, 0x4a3, 0x4a3, 0x4a3, 0x4a3, 0x4a3, 0x4a3, 0x4a3, 0x4a3, 0x4a3, 0x4a3, 0x4a3, 0x4a3, 0x4a3, 0x4a3, 0x4a3,
			0x4a3, 0x4a3, 0x4a3, 0x4a3, 0x4a3, 0x4a3, 0x4a3, 0x1a0, 0x4a3, 0x4a3, 0x4a3, 0x4a3, 0x4a3, 0x4a3, 0x4a3, 0x0e3,
			0x0e3, 0x0e3, 0x0e3, 0x0e3, 0x0e3, 0x0e3, 0x0e3, 0x0e3, 0x0e3, 0x0e3, 0x0e3, 0x0e3, 0x0e3, 0x0e3, 0x0e3, 0x0e3,
			0x0e3, 0x0e3, 0x0e3, 0x0e3, 0x0e3, 0x0e3, 0x0e3, 0x1a0, 0x0e3, 0x0e3, 0x0e3, 0x0e3, 0x0e3, 0x0e3, 0x0e3, 0x0e3,
		},
		"en_GB.utf8": {
			0x008, 0x008, 0x008, 0x008, 0x008, 0x008, 0x008, 0x008, 0x008, 0x20c, 0x208, 0x208, 0x208, 0x208, 0x008, 0x008,
			0x008, 0x008, 0x008, 0x008, 0x008, 0x008, 0x008, 0x008, 0x008, 0x008, 0x008, 0x008, 0x008, 0x008, 0x008, 0x008,
			0x284, 0x1a0, 0x1a0, 0x1a0, 0x1a0, 0x1a0, 0x1a0, 0x1a0, 0x1a0, 0x1a0, 0x1a0, 0x1a0, 0x1a0, 0x1a0, 0x1a0, 0x1a0,
			0x8b1, 0x8b1, 0x8b1, 0x8b1, 0x8b1, 0x8b1, 0x8b1, 0x8b1, 0x8b1, 0x8b1, 0x1a0, 0x1a0, 0x1a0, 0x1a0, 0x1a0, 0x1a0,
			0x1a0, 0xca3, 0xca3, 0xca3, 0xca3, 0xca3, 0xca3, 0x4a3, 0x4a3, 0x4a3, 0x4a3, 0x4a3, 0x4a3, 0x4a3, 0x4a3, 0x4a3,
			0x4a3, 0x4a3, 0x4a3, 0x4a3, 0x4a3, 0x4a3, 0x4a3, 0x4a3, 0x4a3, 0x4a3, 0x4a3, 0x1a0, 0x1a0, 0x1a0, 0x1a0, 0x1a0,
			0x1a0, 0x8e3, 0x8e3, 0x8e3, 0x8e3, 0x8e3, 0x8e3, 0x0e3, 0x0e3, 0x0e3, 0x0e3, 0x0e3, 0x0e3, 0x0e3, 0x0e3, 0x0e3,
			0x0e3, 0x0e3, 0x0e3, 0x0e3, 0x0e3, 0x0e3, 0x0e3, 0x0e3, 0x0e3, 0x0e3, 0x0e3, 0x1a0, 0x1a0, 0x1a0, 0x1a0, 0x008,
			0x000, 0x000, 0x000, 0x000, 0x000, 0x000, 0x000, 0x000, 0x000, 0x000, 0x000, 0x000, 0x000, 0x000, 0x000, 0x000,
			0x000, 0x000, 0x000, 0x000, 0x000, 0x000, 0x000, 0x000, 0x000, 0x000, 0x000, 0x000, 0x000, 0x000, 0x000, 0x000,
			0x000, 0x000, 0x000, 0x000, 0x000, 0x000, 0x000, 0x000, 0x000, 0x000, 0x000, 0x000, 0x000, 0x000, 0x000, 0x000,
			0x000, 0x000, 0x000, 0x000, 0x000, 0x000, 0x000, 0x000, 0x000, 0x000, 0x000, 0x000, 0x000, 0x000, 0x000, 0x000,
			0x000, 0x000, 0x000, 0x000, 0x000, 0x000, 0x000, 0x000, 0x000, 0x000, 0x000, 0x000, 0x000, 0x000, 0x000, 0x000,
			0x000, 0x000, 0x000, 0x000, 0x000, 0x000, 0x000, 0x000, 0x000, 0x000, 0x000, 0x000, 0x000, 0x000, 0x000, 0x000,
			0x000, 0x000, 0x000, 0x000, 0x000, 0x000, 0x000, 0x000, 0x000, 0x000, 0x000, 0x000, 0x000, 0x000, 0x000, 0x000,
			0x000, 0x000, 0x000, 0x000, 0x000, 0x000, 0x000, 0x000, 0x000, 0x000, 0x000, 0x000, 0x000, 0x000, 0x000, 0x000,
		},
		"en_HK": {
			0x008, 0x008, 0x008, 0x008, 0x008, 0x008, 0x008, 0x008, 0x008, 0x20c, 0x208, 0x208, 0x208, 0x208, 0x008, 0x008,
			0x008, 0x008, 0x008, 0x008, 0x008, 0x008, 0x008, 0x008, 0x008, 0x008, 0x008, 0x008, 0x008, 0x008, 0x008, 0x008,
			0x284, 0x1a0, 0x1a0, 0x1a0, 0x1a0, 0x1a0, 0x1a0, 0x1a0, 0x1a0, 0x1a0, 0x1a0, 0x1a0, 0x1a0, 0x1a0, 0x1a0, 0x1a0,
			0x8b1, 0x8b1, 0x8b1, 0x8b1, 0x8b1, 0x8b1, 0x8b1, 0x8b1, 0x8b1, 0x8b1, 0x1a0, 0x1a0, 0x1a0, 0x1a0, 0x1a0, 0x1a0,
			0x1a0, 0xca3, 0xca3, 0xca3, 0xca3, 0xca3, 0xca3, 0x4a3, 0x4a3, 0x4a3, 0x4a3, 0x4a3, 0x4a3, 0x4a3, 0x4a3, 0x4a3,
			0x4a3, 0x4a3, 0x4a3, 0x4a3, 0x4a3, 0x4a3, 0x4a3, 0x4a3, 0x4a3, 0x4a3, 0x4a3, 0x1a0, 0x1a0, 0x1a0, 0x1a0, 0x1a0,
			0x1a0, 0x8e3, 0x8e3, 0x8e3, 0x8e3, 0x8e3, 0x8e3, 0x0e3, 0x0e3, 0x0e3, 0x0e3, 0x0e3, 0x0e3, 0x0e3, 0x0e3, 0x0e3,
			0x0e3, 0x0e3, 0x0e3, 0x0e3, 0x0e3, 0x0e3, 0x0e3, 0x0e3, 0x0e3, 0x0e3, 0x0e3, 0x1a0, 0x1a0, 0x1a0, 0x1a0, 0x008,
			0x008, 0x008, 0x008, 0x008, 0x008, 0x008, 0x008, 0x008, 0x008, 0x008, 0x008, 0x008, 0x008, 0x008, 0x008, 0x008,
			0x008, 0x008, 0x008, 0x008, 0x008, 0x008, 0x008, 0x008, 0x008, 0x008, 0x008, 0x008, 0x008, 0x008, 0x008, 0x008,
			0x1a0, 0x1a0, 0x1a0, 0x1a0, 0x1a0, 0x1a0, 0x1a0, 0x1a0, 0x1a0, 0x1a0, 0x0e3, 0x1a0, 0x1a0, 0x1a0, 0x1a0, 0x1a0,
			0x1a0, 0x1a0, 0x1a0, 0x1a0, 0x1a0, 0x0e3, 0x1a0, 0x1a0, 0x1a0, 0x1a0, 0x0e3, 0x1a0, 0x1a0, 0x1a0, 0x1a0, 0x1a0,
			0x4a3, 0x4a3, 0x4a3, 0x4a3, 0x4a3, 0x4a3, 0x4a3, 0x4a3, 0x4a3, 0x4a3, 0x4a3, 0x4a3, 0x4a3, 0x4a3, 0x4a3, 0x4a3,
			0x4a3, 0x4a3, 0x4a3, 0x4a3, 0x4a3, 0x4a3, 0x4a3, 0x1a0, 0x4a3, 0x4a3, 0x4a3, 0x4a3, 0x4a3, 0x4a3, 0x4a3, 0x0e3,
			0x0e3, 0x0e3, 0x0e3, 0x0e3, 0x0e3, 0x0e3, 0x0e3, 0x0e3, 0x0e3, 0x0e3, 0x0e3, 0x0e3, 0x0e3, 0x0e3, 0x0e3, 0x0e3,
			0x0e3, 0x0e3, 0x0e3, 0x0e3, 0x0e3, 0x0e3, 0x0e3, 0x1a0, 0x0e3, 0x0e3, 0x0e3, 0x0e3, 0x0e3, 0x0e3, 0x0e3, 0x0e3,
		},
		"en_HK.utf8": {
			0x008, 0x008, 0x008, 0x008, 0x008, 0x008, 0x008, 0x008, 0x008, 0x20c, 0x208, 0x208, 0x208, 0x208, 0x008, 0x008,
			0x008, 0x008, 0x008, 0x008, 0x008, 0x008, 0x008, 0x008, 0x008, 0x008, 0x008, 0x008, 0x008, 0x008, 0x008, 0x008,
			0x284, 0x1a0, 0x1a0, 0x1a0, 0x1a0, 0x1a0, 0x1a0, 0x1a0, 0x1a0, 0x1a0, 0x1a0, 0x1a0, 0x1a0, 0x1a0, 0x1a0, 0x1a0,
			0x8b1, 0x8b1, 0x8b1, 0x8b1, 0x8b1, 0x8b1, 0x8b1, 0x8b1, 0x8b1, 0x8b1, 0x1a0, 0x1a0, 0x1a0, 0x1a0, 0x1a0, 0x1a0,
			0x1a0, 0xca3, 0xca3, 0xca3, 0xca3, 0xca3, 0xca3, 0x4a3, 0x4a3, 0x4a3, 0x4a3, 0x4a3, 0x4a3, 0x4a3, 0x4a3, 0x4a3,
			0x4a3, 0x4a3, 0x4a3, 0x4a3, 0x4a3, 0x4a3, 0x4a3, 0x4a3, 0x4a3, 0x4a3, 0x4a3, 0x1a0, 0x1a0, 0x1a0, 0x1a0, 0x1a0,
			0x1a0, 0x8e3, 0x8e3, 0x8e3, 0x8e3, 0x8e3, 0x8e3, 0x0e3, 0x0e3, 0x0e3, 0x0e3, 0x0e3, 0x0e3, 0x0e3, 0x0e3, 0x0e3,
			0x0e3, 0x0e3, 0x0e3, 0x0e3, 0x0e3, 0x0e3, 0x0e3, 0x0e3, 0x0e3, 0x0e3, 0x0e3, 0x1a0, 0x1a0, 0x1a0, 0x1a0, 0x008,
			0x000, 0x000, 0x000, 0x000, 0x000, 0x000, 0x000, 0x000, 0x000, 0x000, 0x000, 0x000, 0x000, 0x000, 0x000, 0x000,
			0x000, 0x000, 0x000, 0x000, 0x000, 0x000, 0x000, 0x000, 0x000, 0x000, 0x000, 0x000, 0x000, 0x000, 0x000, 0x000,
			0x000, 0x000, 0x000, 0x000, 0x000, 0x000, 0x000, 0x000, 0x000, 0x000, 0x000, 0x000, 0x000, 0x000, 0x000, 0x000,
			0x000, 0x000, 0x000, 0x000, 0x000, 0x000, 0x000, 0x000, 0x000, 0x000, 0x000, 0x000, 0x000, 0x000, 0x000, 0x000,
			0x000, 0x000, 0x000, 0x000, 0x000, 0x000, 0x000, 0x000, 0x000, 0x000, 0x000, 0x000, 0x000, 0x000, 0x000, 0x000,
			0x000, 0x000, 0x000, 0x000, 0x000, 0x000, 0x000, 0x000, 0x000, 0x000, 0x000, 0x000, 0x000, 0x000, 0x000, 0x000,
			0x000, 0x000, 0x000, 0x000, 0x000, 0x000, 0x000, 0x000, 0x000, 0x000, 0x000, 0x000, 0x000, 0x000, 0x000, 0x000,
			0x000, 0x000, 0x000, 0x000, 0x000, 0x000, 0x000, 0x000, 0x000, 0x000, 0x000, 0x000, 0x000, 0x000, 0x000, 0x000,
		},
		"en_IE": {
			0x008, 0x008, 0x008, 0x008, 0x008, 0x008, 0x008, 0x008, 0x008, 0x20c, 0x208, 0x208, 0x208, 0x208, 0x008, 0x008,
			0x008, 0x008, 0x008, 0x008, 0x008, 0x008, 0x008, 0x008, 0x008, 0x008, 0x008, 0x008, 0x008, 0x008, 0x008, 0x008,
			0x284, 0x1a0, 0x1a0, 0x1a0, 0x1a0, 0x1a0, 0x1a0, 0x1a0, 0x1a0, 0x1a0, 0x1a0, 0x1a0, 0x1a0, 0x1a0, 0x1a0, 0x1a0,
			0x8b1, 0x8b1, 0x8b1, 0x8b1, 0x8b1, 0x8b1, 0x8b1, 0x8b1, 0x8b1, 0x8b1, 0x1a0, 0x1a0, 0x1a0, 0x1a0, 0x1a0, 0x1a0,
			0x1a0, 0xca3, 0xca3, 0xca3, 0xca3, 0xca3, 0xca3, 0x4a3, 0x4a3, 0x4a3, 0x4a3, 0x4a3, 0x4a3, 0x4a3, 0x4a3, 0x4a3,
			0x4a3, 0x4a3, 0x4a3, 0x4a3, 0x4a3, 0x4a3, 0x4a3, 0x4a3, 0x4a3, 0x4a3, 0x4a3, 0x1a0, 0x1a0, 0x1a0, 0x1a0, 0x1a0,
			0x1a0, 0x8e3, 0x8e3, 0x8e3, 0x8e3, 0x8e3, 0x8e3, 0x0e3, 0x0e3, 0x0e3, 0x0e3, 0x0e3, 0x0e3, 0x0e3, 0x0e3, 0x0e3,
			0x0e3, 0x0e3, 0x0e3, 0x0e3, 0x0e3, 0x0e3, 0x0e3, 0x0e3, 0x0e3, 0x0e3, 0x0e3, 0x1a0, 0x1a0, 0x1a0, 0x1a0, 0x008,
			0x008, 0x008, 0x008, 0x008, 0x008, 0x008, 0x008, 0x008, 0x008, 0x008, 0x008, 0x008, 0x008, 0x008, 0x008, 0x008,
			0x008, 0x008, 0x008, 0x008, 0x008, 0x008, 0x008, 0x008, 0x008, 0x008, 0x008, 0x008, 0x008, 0x008, 0x008, 0x008,
			0x1a0, 0x1a0, 0x1a0, 0x1a0, 0x1a0, 0x1a0, 0x1a0, 0x1a0, 0x1a0, 0x1a0, 0x0e3, 0x1a0, 0x1a0, 0x1a0, 0x1a0, 0x1a0,
			0x1a0, 0x1a0, 0x1a0, 0x1a0, 0x1a0, 0x0e3, 0x1a0, 0x1a0, 0x1a0, 0x1a0, 0x0e3, 0x1a0, 0x1a0, 0x1a0, 0x1a0, 0x1a0,
			0x4a3, 0x4a3, 0x4a3, 0x4a3, 0x4a3, 0x4a3, 0x4a3, 0x4a3, 0x4a3, 0x4a3, 0x4a3, 0x4a3, 0x4a3, 0x4a3, 0x4a3, 0x4a3,
			0x4a3, 0x4a3, 0x4a3, 0x4a3, 0x4a3, 0x4a3, 0x4a3, 0x1a0, 0x4a3, 0x4a3, 0x4a3, 0x4a3, 0x4a3, 0x4a3, 0x4a3, 0x0e3,
			0x0e3, 0x0e3, 0x0e3, 0x0e3, 0x0e3, 0x0e3, 0x0e3, 0x0e3, 0x0e3, 0x0e3, 0x0e3, 0x0e3, 0x0e3, 0x0e3, 0x0e3, 0x0e3,
			0x0e3, 0x0e3, 0x0e3, 0x0e3, 0x0e3, 0x0e3, 0x0e3, 0x1a0, 0x0e3, 0x0e3, 0x0e3, 0x0e3, 0x0e3, 0x0e3, 0x0e3, 0x0e3,
		},
		"en_IE.utf8": {
			0x008, 0x008, 0x008, 0x008, 0x008, 0x008, 0x008, 0x008, 0x008, 0x20c, 0x208, 0x208, 0x208, 0x208, 0x008, 0x008,
			0x008, 0x008, 0x008, 0x008, 0x008, 0x008, 0x008, 0x008, 0x008, 0x008, 0x008, 0x008, 0x008, 0x008, 0x008, 0x008,
			0x284, 0x1a0, 0x1a0, 0x1a0, 0x1a0, 0x1a0, 0x1a0, 0x1a0, 0x1a0, 0x1a0, 0x1a0, 0x1a0, 0x1a0, 0x1a0, 0x1a0, 0x1a0,
			0x8b1, 0x8b1, 0x8b1, 0x8b1, 0x8b1, 0x8b1, 0x8b1, 0x8b1, 0x8b1, 0x8b1, 0x1a0, 0x1a0, 0x1a0, 0x1a0, 0x1a0, 0x1a0,
			0x1a0, 0xca3, 0xca3, 0xca3, 0xca3, 0xca3, 0xca3, 0x4a3, 0x4a3, 0x4a3, 0x4a3, 0x4a3, 0x4a3, 0x4a3, 0x4a3, 0x4a3,
			0x4a3, 0x4a3, 0x4a3, 0x4a3, 0x4a3, 0x4a3, 0x4a3, 0x4a3, 0x4a3, 0x4a3, 0x4a3, 0x1a0, 0x1a0, 0x1a0, 0x1a0, 0x1a0,
			0x1a0, 0x8e3, 0x8e3, 0x8e3, 0x8e3, 0x8e3, 0x8e3, 0x0e3, 0x0e3, 0x0e3, 0x0e3, 0x0e3, 0x0e3, 0x0e3, 0x0e3, 0x0e3,
			0x0e3, 0x0e3, 0x0e3, 0x0e3, 0x0e3, 0x0e3, 0x0e3, 0x0e3, 0x0e3, 0x0e3, 0x0e3, 0x1a0, 0x1a0, 0x1a0, 0x1a0, 0x008,
			0x000, 0x000, 0x000, 0x000, 0x000, 0x000, 0x000, 0x000, 0x000, 0x000, 0x000, 0x000, 0x000, 0x000, 0x000, 0x000,
			0x000, 0x000, 0x000, 0x000, 0x000, 0x000, 0x000, 0x000, 0x000, 0x000, 0x000, 0x000, 0x000, 0x000, 0x000, 0x000,
			0x000, 0x000, 0x000, 0x000, 0x000, 0x000, 0x000, 0x000, 0x000, 0x000, 0x000, 0x000, 0x000, 0x000, 0x000, 0x000,
			0x000, 0x000, 0x000, 0x000, 0x000, 0x000, 0x000, 0x000, 0x000, 0x000, 0x000, 0x000, 0x000, 0x000, 0x000, 0x000,
			0x000, 0x000, 0x000, 0x000, 0x000, 0x000, 0x000, 0x000, 0x000, 0x000, 0x000, 0x000, 0x000, 0x000, 0x000, 0x000,
			0x000, 0x000, 0x000, 0x000, 0x000, 0x000, 0x000, 0x000, 0x000, 0x000, 0x000, 0x000, 0x000, 0x000, 0x000, 0x000,
			0x000, 0x000, 0x000, 0x000, 0x000, 0x000, 0x000, 0x000, 0x000, 0x000, 0x000, 0x000, 0x000, 0x000, 0x000, 0x000,
			0x000, 0x000, 0x000, 0x000, 0x000, 0x000, 0x000, 0x000, 0x000, 0x000, 0x000, 0x000, 0x000, 0x000, 0x000, 0x000,
		},
		"en_IE@euro": {
			0x008, 0x008, 0x008, 0x008, 0x008, 0x008, 0x008, 0x008, 0x008, 0x20c, 0x208, 0x208, 0x208, 0x208, 0x008, 0x008,
			0x008, 0x008, 0x008, 0x008, 0x008, 0x008, 0x008, 0x008, 0x008, 0x008, 0x008, 0x008, 0x008, 0x008, 0x008, 0x008,
			0x284, 0x1a0, 0x1a0, 0x1a0, 0x1a0, 0x1a0, 0x1a0, 0x1a0, 0x1a0, 0x1a0, 0x1a0, 0x1a0, 0x1a0, 0x1a0, 0x1a0, 0x1a0,
			0x8b1, 0x8b1, 0x8b1, 0x8b1, 0x8b1, 0x8b1, 0x8b1, 0x8b1, 0x8b1, 0x8b1, 0x1a0, 0x1a0, 0x1a0, 0x1a0, 0x1a0, 0x1a0,
			0x1a0, 0xca3, 0xca3, 0xca3, 0xca3, 0xca3, 0xca3, 0x4a3, 0x4a3, 0x4a3, 0x4a3, 0x4a3, 0x4a3, 0x4a3, 0x4a3, 0x4a3,
			0x4a3, 0x4a3, 0x4a3, 0x4a3, 0x4a3, 0x4a3, 0x4a3, 0x4a3, 0x4a3, 0x4a3, 0x4a3, 0x1a0, 0x1a0, 0x1a0, 0x1a0, 0x1a0,
			0x1a0, 0x8e3, 0x8e3, 0x8e3, 0x8e3, 0x8e3, 0x8e3, 0x0e3, 0x0e3, 0x0e3, 0x0e3, 0x0e3, 0x0e3, 0x0e3, 0x0e3, 0x0e3,
			0x0e3, 0x0e3, 0x0e3, 0x0e3, 0x0e3, 0x0e3, 0x0e3, 0x0e3, 0x0e3, 0x0e3, 0x0e3, 0x1a0, 0x1a0, 0x1a0, 0x1a0, 0x008,
			0x008, 0x008, 0x008, 0x008, 0x008, 0x008, 0x008, 0x008, 0x008, 0x008, 0x008, 0x008, 0x008, 0x008, 0x008, 0x008,
			0x008, 0x008, 0x008, 0x008, 0x008, 0x008, 0x008, 0x008, 0x008, 0x008, 0x008, 0x008, 0x008, 0x008, 0x008, 0x008,
			0x1a0, 0x1a0, 0x1a0, 0x1a0, 0x1a0, 0x1a0, 0x4a3, 0x1a0, 0x0e3, 0x1a0, 0x0e3, 0x1a0, 0x1a0, 0x1a0, 0x1a0, 0x1a0,
			0x1a0, 0x1a0, 0x1a0, 0x1a0, 0x4a3, 0x0e3, 0x1a0, 0x1a0, 0x0e3, 0x1a0, 0x0e3, 0x1a0, 0x4a3, 0x0e3, 0x4a3, 0x1a0,
			0x4a3, 0x4a3, 0x4a3, 0x4a3, 0x4a3, 0x4a3, 0x4a3, 0x4a3, 0x4a3, 0x4a3, 0x4a3, 0x4a3, 0x4a3, 0x4a3, 0x4a3, 0x4a3,
			0x4a3, 0x4a3, 0x4a3, 0x4a3, 0x4a3, 0x4a3, 0x4a3, 0x1a0, 0x4a3, 0x4a3, 0x4a3, 0x4a3, 0x4a3, 0x4a3, 0x4a3, 0x0e3,
			0x0e3, 0x0e3, 0x0e3, 0x0e3, 0x0e3, 0x0e3, 0x0e3, 0x0e3, 0x0e3, 0x0e3, 0x0e3, 0x0e3, 0x0e3, 0x0e3, 0x0e3, 0x0e3,
			0x0e3, 0x0e3, 0x0e3, 0x0e3, 0x0e3, 0x0e3, 0x0e3, 0x1a0, 0x0e3, 0x0e3, 0x0e3, 0x0e3, 0x0e3, 0x0e3, 0x0e3, 0x0e3,
		},
		"en_IL": {
			0x008, 0x008, 0x008, 0x008, 0x008, 0x008, 0x008, 0x008, 0x008, 0x20c, 0x208, 0x208, 0x208, 0x208, 0x008, 0x008,
			0x008, 0x008, 0x008, 0x008, 0x008, 0x008, 0x008, 0x008, 0x008, 0x008, 0x008, 0x008, 0x008, 0x008, 0x008, 0x008,
			0x284, 0x1a0, 0x1a0, 0x1a0, 0x1a0, 0x1a0, 0x1a0, 0x1a0, 0x1a0, 0x1a0, 0x1a0, 0x1a0, 0x1a0, 0x1a0, 0x1a0, 0x1a0,
			0x8b1, 0x8b1, 0x8b1, 0x8b1, 0x8b1, 0x8b1, 0x8b1, 0x8b1, 0x8b1, 0x8b1, 0x1a0, 0x1a0, 0x1a0, 0x1a0, 0x1a0, 0x1a0,
			0x1a0, 0xca3, 0xca3, 0xca3, 0xca3, 0xca3, 0xca3, 0x4a3, 0x4a3, 0x4a3, 0x4a3, 0x4a3, 0x4a3, 0x4a3, 0x4a3, 0x4a3,
			0x4a3, 0x4a3, 0x4a3, 0x4a3, 0x4a3, 0x4a3, 0x4a3, 0x4a3, 0x4a3, 0x4a3, 0x4a3, 0x1a0, 0x1a0, 0x1a0, 0x1a0, 0x1a0,
			0x1a0, 0x8e3, 0x8e3, 0x8e3, 0x8e3, 0x8e3, 0x8e3, 0x0e3, 0x0e3, 0x0e3, 0x0e3, 0x0e3, 0x0e3, 0x0e3, 0x0e3, 0x0e3,
			0x0e3, 0x0e3, 0x0e3, 0x0e3, 0x0e3, 0x0e3, 0x0e3, 0x0e3, 0x0e3, 0x0e3, 0x0e3, 0x1a0, 0x1a0, 0x1a0, 0x1a0, 0x008,
			0x000, 0x000, 0x000, 0x000, 0x000, 0x000, 0x000, 0x000, 0x000, 0x000, 0x000, 0x000, 0x000, 0x000, 0x000, 0x000,
			0x000, 0x000, 0x000, 0x000, 0x000, 0x000, 0x000, 0x000, 0x000, 0x000, 0x000, 0x000, 0x000, 0x000, 0x000, 0x000,
			0x000, 0x000, 0x000, 0x000, 0x000, 0x000, 0x000, 0x000, 0x000, 0x000, 0x000, 0x000, 0x000, 0x000, 0x000, 0x000,
			0x000, 0x000, 0x000, 0x000, 0x000, 0x000, 0x000, 0x000, 0x000, 0x000, 0x000, 0x000, 0x000, 0x000, 0x000, 0x000,
			0x000, 0x000, 0x000, 0x000, 0x000, 0x000, 0x000, 0x000, 0x000, 0x000, 0x000, 0x000, 0x000, 0x000, 0x000, 0x000,
			0x000, 0x000, 0x000, 0x000, 0x000, 0x000, 0x000, 0x000, 0x000, 0x000, 0x000, 0x000, 0x000, 0x000, 0x000, 0x000,
			0x000, 0x000, 0x000, 0x000, 0x000, 0x000, 0x000, 0x000, 0x000, 0x000, 0x000, 0x000, 0x000, 0x000, 0x000, 0x000,
			0x000, 0x000, 0x000, 0x000, 0x000, 0x000, 0x000, 0x000, 0x000, 0x000, 0x000, 0x000, 0x000, 0x000, 0x000, 0x000,
		},
		"en_IN": {
			0x008, 0x008, 0x008, 0x008, 0x008, 0x008, 0x008, 0x008, 0x008, 0x20c, 0x208, 0x208, 0x208, 0x208, 0x008, 0x008,
			0x008, 0x008, 0x008, 0x008, 0x008, 0x008, 0x008, 0x008, 0x008, 0x008, 0x008, 0x008, 0x008, 0x008, 0x008, 0x008,
			0x284, 0x1a0, 0x1a0, 0x1a0, 0x1a0, 0x1a0, 0x1a0, 0x1a0, 0x1a0, 0x1a0, 0x1a0, 0x1a0, 0x1a0, 0x1a0, 0x1a0, 0x1a0,
			0x8b1, 0x8b1, 0x8b1, 0x8b1, 0x8b1, 0x8b1, 0x8b1, 0x8b1, 0x8b1, 0x8b1, 0x1a0, 0x1a0, 0x1a0, 0x1a0, 0x1a0, 0x1a0,
			0x1a0, 0xca3, 0xca3, 0xca3, 0xca3, 0xca3, 0xca3, 0x4a3, 0x4a3, 0x4a3, 0x4a3, 0x4a3, 0x4a3, 0x4a3, 0x4a3, 0x4a3,
			0x4a3, 0x4a3, 0x4a3, 0x4a3, 0x4a3, 0x4a3, 0x4a3, 0x4a3, 0x4a3, 0x4a3, 0x4a3, 0x1a0, 0x1a0, 0x1a0, 0x1a0, 0x1a0,
			0x1a0, 0x8e3, 0x8e3, 0x8e3, 0x8e3, 0x8e3, 0x8e3, 0x0e3, 0x0e3, 0x0e3, 0x0e3, 0x0e3, 0x0e3, 0x0e3, 0x0e3, 0x0e3,
			0x0e3, 0x0e3, 0x0e3, 0x0e3, 0x0e3, 0x0e3, 0x0e3, 0x0e3, 0x0e3, 0x0e3, 0x0e3, 0x1a0, 0x1a0, 0x1a0, 0x1a0, 0x008,
			0x000, 0x000, 0x000, 0x000, 0x000, 0x000, 0x000, 0x000, 0x000, 0x000, 0x000, 0x000, 0x000, 0x000, 0x000, 0x000,
			0x000, 0x000, 0x000, 0x000, 0x000, 0x000, 0x000, 0x000, 0x000, 0x000, 0x000, 0x000, 0x000, 0x000, 0x000, 0x000,
			0x000, 0x000, 0x000, 0x000, 0x000, 0x000, 0x000, 0x000, 0x000, 0x000, 0x000, 0x000, 0x000, 0x000, 0x000, 0x000,
			0x000, 0x000, 0x000, 0x000, 0x000, 0x000, 0x000, 0x000, 0x000, 0x000, 0x000, 0x000, 0x000, 0x000, 0x000, 0x000,
			0x000, 0x000, 0x000, 0x000, 0x000, 0x000, 0x000, 0x000, 0x000, 0x000, 0x000, 0x000, 0x000, 0x000, 0x000, 0x000,
			0x000, 0x000, 0x000, 0x000, 0x000, 0x000, 0x000, 0x000, 0x000, 0x000, 0x000, 0x000, 0x000, 0x000, 0x000, 0x000,
			0x000, 0x000, 0x000, 0x000, 0x000, 0x000, 0x000, 0x000, 0x000, 0x000, 0x000, 0x000, 0x000, 0x000, 0x000, 0x000,
			0x000, 0x000, 0x000, 0x000, 0x000, 0x000, 0x000, 0x000, 0x000, 0x000, 0x000, 0x000, 0x000, 0x000, 0x000, 0x000,
		},
		"en_NG": {
			0x008, 0x008, 0x008, 0x008, 0x008, 0x008, 0x008, 0x008, 0x008, 0x20c, 0x208, 0x208, 0x208, 0x208, 0x008, 0x008,
			0x008, 0x008, 0x008, 0x008, 0x008, 0x008, 0x008, 0x008, 0x008, 0x008, 0x008, 0x008, 0x008, 0x008, 0x008, 0x008,
			0x284, 0x1a0, 0x1a0, 0x1a0, 0x1a0, 0x1a0, 0x1a0, 0x1a0, 0x1a0, 0x1a0, 0x1a0, 0x1a0, 0x1a0, 0x1a0, 0x1a0, 0x1a0,
			0x8b1, 0x8b1, 0x8b1, 0x8b1, 0x8b1, 0x8b1, 0x8b1, 0x8b1, 0x8b1, 0x8b1, 0x1a0, 0x1a0, 0x1a0, 0x1a0, 0x1a0, 0x1a0,
			0x1a0, 0xca3, 0xca3, 0xca3, 0xca3, 0xca3, 0xca3, 0x4a3, 0x4a3, 0x4a3, 0x4a3, 0x4a3, 0x4a3, 0x4a3, 0x4a3, 0x4a3,
			0x4a3, 0x4a3, 0x4a3, 0x4a3, 0x4a3, 0x4a3, 0x4a3, 0x4a3, 0x4a3, 0x4a3, 0x4a3, 0x1a0, 0x1a0, 0x1a0, 0x1a0, 0x1a0,
			0x1a0, 0x8e3, 0x8e3, 0x8e3, 0x8e3, 0x8e3, 0x8e3, 0x0e3, 0x0e3, 0x0e3, 0x0e3, 0x0e3, 0x0e3, 0x0e3, 0x0e3, 0x0e3,
			0x0e3, 0x0e3, 0x0e3, 0x0e3, 0x0e3, 0x0e3, 0x0e3, 0x0e3, 0x0e3, 0x0e3, 0x0e3, 0x1a0, 0x1a0, 0x1a0, 0x1a0, 0x008,
			0x000, 0x000, 0x000, 0x000, 0x000, 0x000, 0x000, 0x000, 0x000, 0x000, 0x000, 0x000, 0x000, 0x000, 0x000, 0x000,
			0x000, 0x000, 0x000, 0x000, 0x000, 0x000, 0x000, 0x000, 0x000, 0x000, 0x000, 0x000, 0x000, 0x000, 0x000, 0x000,
			0x000, 0x000, 0x000, 0x000, 0x000, 0x000, 0x000, 0x000, 0x000, 0x000, 0x000, 0x000, 0x000, 0x000, 0x000, 0x000,
			0x000, 0x000, 0x000, 0x000, 0x000, 0x000, 0x000, 0x000, 0x000, 0x000, 0x000, 0x000, 0x000, 0x000, 0x000, 0x000,
			0x000, 0x000, 0x000, 0x000, 0x000, 0x000, 0x000, 0x000, 0x000, 0x000, 0x000, 0x000, 0x000, 0x000, 0x000, 0x000,
			0x000, 0x000, 0x000, 0x000, 0x000, 0x000, 0x000, 0x000, 0x000, 0x000, 0x000, 0x000, 0x000, 0x000, 0x000, 0x000,
			0x000, 0x000, 0x000, 0x000, 0x000, 0x000, 0x000, 0x000, 0x000, 0x000, 0x000, 0x000, 0x000, 0x000, 0x000, 0x000,
			0x000, 0x000, 0x000, 0x000, 0x000, 0x000, 0x000, 0x000, 0x000, 0x000, 0x000, 0x000, 0x000, 0x000, 0x000, 0x000,
		},
		"en_NZ": {
			0x008, 0x008, 0x008, 0x008, 0x008, 0x008, 0x008, 0x008, 0x008, 0x20c, 0x208, 0x208, 0x208, 0x208, 0x008, 0x008,
			0x008, 0x008, 0x008, 0x008, 0x008, 0x008, 0x008, 0x008, 0x008, 0x008, 0x008, 0x008, 0x008, 0x008, 0x008, 0x008,
			0x284, 0x1a0, 0x1a0, 0x1a0, 0x1a0, 0x1a0, 0x1a0, 0x1a0, 0x1a0, 0x1a0, 0x1a0, 0x1a0, 0x1a0, 0x1a0, 0x1a0, 0x1a0,
			0x8b1, 0x8b1, 0x8b1, 0x8b1, 0x8b1, 0x8b1, 0x8b1, 0x8b1, 0x8b1, 0x8b1, 0x1a0, 0x1a0, 0x1a0, 0x1a0, 0x1a0, 0x1a0,
			0x1a0, 0xca3, 0xca3, 0xca3, 0xca3, 0xca3, 0xca3, 0x4a3, 0x4a3, 0x4a3, 0x4a3, 0x4a3, 0x4a3, 0x4a3, 0x4a3, 0x4a3,
			0x4a3, 0x4a3, 0x4a3, 0x4a3, 0x4a3, 0x4a3, 0x4a3, 0x4a3, 0x4a3, 0x4a3, 0x4a3, 0x1a0, 0x1a0, 0x1a0, 0x1a0, 0x1a0,
			0x1a0, 0x8e3, 0x8e3, 0x8e3, 0x8e3, 0x8e3, 0x8e3, 0x0e3, 0x0e3, 0x0e3, 0x0e3, 0x0e3, 0x0e3, 0x0e3, 0x0e3, 0x0e3,
			0x0e3, 0x0e3, 0x0e3, 0x0e3, 0x0e3, 0x0e3, 0x0e3, 0x0e3, 0x0e3, 0x0e3, 0x0e3, 0x1a0, 0x1a0, 0x1a0, 0x1a0, 0x008,
			0x008, 0x008, 0x008, 0x008, 0x008, 0x008, 0x008, 0x008, 0x008, 0x008, 0x008, 0x008, 0x008, 0x008, 0x008, 0x008,
			0x008, 0x008, 0x008, 0x008, 0x008, 0x008, 0x008, 0x008, 0x008, 0x008, 0x008, 0x008, 0x008, 0x008, 0x008, 0x008,
			0x1a0, 0x1a0, 0x1a0, 0x1a0, 0x1a0, 0x1a0, 0x1a0, 0x1a0, 0x1a0, 0x1a0, 0x0e3, 0x1a0, 0x1a0, 0x1a0, 0x1a0, 0x1a0,
			0x1a0, 0x1a0, 0x1a0, 0x1a0, 0x1a0, 0x0e3, 0x1a0, 0x1a0, 0x1a0, 0x1a0, 0x0e3, 0x1a0, 0x1a0, 0x1a0, 0x1a0, 0x1a0,
			0x4a3, 0x4a3, 0x4a3, 0x4a3, 0x4a3, 0x4a3, 0x4a3, 0x4a3, 0x4a3, 0x4a3, 0x4a3, 0x4a3, 0x4a3, 0x4a3, 0x4a3, 0x4a3,
			0x4a3, 0x4a3, 0x4a3, 0x4a3, 0x4a3, 0x4a3, 0x4a3, 0x1a0, 0x4a3, 0x4a3, 0x4a3, 0x4a3, 0x4a3, 0x4a3, 0x4a3, 0x0e3,
			0x0e3, 0x0e3, 0x0e3, 0x0e3, 0x0e3, 0x0e3, 0x0e3, 0x0e3, 0x0e3, 0x0e3, 0x0e3, 0x0e3, 0x0e3, 0x0e3, 0x0e3, 0x0e3,
			0x0e3, 0x0e3, 0x0e3, 0x0e3, 0x0e3, 0x0e3, 0x0e3, 0x1a0, 0x0e3, 0x0e3, 0x0e3, 0x0e3, 0x0e3, 0x0e3, 0x0e3, 0x0e3,
		},
		"en_NZ.utf8": {
			0x008, 0x008, 0x008, 0x008, 0x008, 0x008, 0x008, 0x008, 0x008, 0x20c, 0x208, 0x208, 0x208, 0x208, 0x008, 0x008,
			0x008, 0x008, 0x008, 0x008, 0x008, 0x008, 0x008, 0x008, 0x008, 0x008, 0x008, 0x008, 0x008, 0x008, 0x008, 0x008,
			0x284, 0x1a0, 0x1a0, 0x1a0, 0x1a0, 0x1a0, 0x1a0, 0x1a0, 0x1a0, 0x1a0, 0x1a0, 0x1a0, 0x1a0, 0x1a0, 0x1a0, 0x1a0,
			0x8b1, 0x8b1, 0x8b1, 0x8b1, 0x8b1, 0x8b1, 0x8b1, 0x8b1, 0x8b1, 0x8b1, 0x1a0, 0x1a0, 0x1a0, 0x1a0, 0x1a0, 0x1a0,
			0x1a0, 0xca3, 0xca3, 0xca3, 0xca3, 0xca3, 0xca3, 0x4a3, 0x4a3, 0x4a3, 0x4a3, 0x4a3, 0x4a3, 0x4a3, 0x4a3, 0x4a3,
			0x4a3, 0x4a3, 0x4a3, 0x4a3, 0x4a3, 0x4a3, 0x4a3, 0x4a3, 0x4a3, 0x4a3, 0x4a3, 0x1a0, 0x1a0, 0x1a0, 0x1a0, 0x1a0,
			0x1a0, 0x8e3, 0x8e3, 0x8e3, 0x8e3, 0x8e3, 0x8e3, 0x0e3, 0x0e3, 0x0e3, 0x0e3, 0x0e3, 0x0e3, 0x0e3, 0x0e3, 0x0e3,
			0x0e3, 0x0e3, 0x0e3, 0x0e3, 0x0e3, 0x0e3, 0x0e3, 0x0e3, 0x0e3, 0x0e3, 0x0e3, 0x1a0, 0x1a0, 0x1a0, 0x1a0, 0x008,
			0x000, 0x000, 0x000, 0x000, 0x000, 0x000, 0x000, 0x000, 0x000, 0x000, 0x000, 0x000, 0x000, 0x000, 0x000, 0x000,
			0x000, 0x000, 0x000, 0x000, 0x000, 0x000, 0x000, 0x000, 0x000, 0x000, 0x000, 0x000, 0x000, 0x000, 0x000, 0x000,
			0x000, 0x000, 0x000, 0x000, 0x000, 0x000, 0x000, 0x000, 0x000, 0x000, 0x000, 0x000, 0x000, 0x000, 0x000, 0x000,
			0x000, 0x000, 0x000, 0x000, 0x000, 0x000, 0x000, 0x000, 0x000, 0x000, 0x000, 0x000, 0x000, 0x000, 0x000, 0x000,
			0x000, 0x000, 0x000, 0x000, 0x000, 0x000, 0x000, 0x000, 0x000, 0x000, 0x000, 0x000, 0x000, 0x000, 0x000, 0x000,
			0x000, 0x000, 0x000, 0x000, 0x000, 0x000, 0x000, 0x000, 0x000, 0x000, 0x000, 0x000, 0x000, 0x000, 0x000, 0x000,
			0x000, 0x000, 0x000, 0x000, 0x000, 0x000, 0x000, 0x000, 0x000, 0x000, 0x000, 0x000, 0x000, 0x000, 0x000, 0x000,
			0x000, 0x000, 0x000, 0x000, 0x000, 0x000, 0x000, 0x000, 0x000, 0x000, 0x000, 0x000, 0x000, 0x000, 0x000, 0x000,
		},
		"en_PH": {
			0x008, 0x008, 0x008, 0x008, 0x008, 0x008, 0x008, 0x008, 0x008, 0x20c, 0x208, 0x208, 0x208, 0x208, 0x008, 0x008,
			0x008, 0x008, 0x008, 0x008, 0x008, 0x008, 0x008, 0x008, 0x008, 0x008, 0x008, 0x008, 0x008, 0x008, 0x008, 0x008,
			0x284, 0x1a0, 0x1a0, 0x1a0, 0x1a0, 0x1a0, 0x1a0, 0x1a0, 0x1a0, 0x1a0, 0x1a0, 0x1a0, 0x1a0, 0x1a0, 0x1a0, 0x1a0,
			0x8b1, 0x8b1, 0x8b1, 0x8b1, 0x8b1, 0x8b1, 0x8b1, 0x8b1, 0x8b1, 0x8b1, 0x1a0, 0x1a0, 0x1a0, 0x1a0, 0x1a0, 0x1a0,
			0x1a0, 0xca3, 0xca3, 0xca3, 0xca3, 0xca3, 0xca3, 0x4a3, 0x4a3, 0x4a3, 0x4a3, 0x4a3, 0x4a3, 0x4a3, 0x4a3, 0x4a3,
			0x4a3, 0x4a3, 0x4a3, 0x4a3, 0x4a3, 0x4a3, 0x4a3, 0x4a3, 0x4a3, 0x4a3, 0x4a3, 0x1a0, 0x1a0, 0x1a0, 0x1a0, 0x1a0,
			0x1a0, 0x8e3, 0x8e3, 0x8e3, 0x8e3, 0x8e3, 0x8e3, 0x0e3, 0x0e3, 0x0e3, 0x0e3, 0x0e3, 0x0e3, 0x0e3, 0x0e3, 0x0e3,
			0x0e3, 0x0e3, 0x0e3, 0x0e3, 0x0e3, 0x0e3, 0x0e3, 0x0e3, 0x0e3, 0x0e3, 0x0e3, 0x1a0, 0x1a0, 0x1a0, 0x1a0, 0x008,
			0x008, 0x008, 0x008, 0x008, 0x008, 0x008, 0x008, 0x008, 0x008, 0x008, 0x008, 0x008, 0x008, 0x008, 0x008, 0x008,
			0x008, 0x008, 0x008, 0x008, 0x008, 0x008, 0x008, 0x008, 0x008, 0x008, 0x008, 0x008, 0x008, 0x008, 0x008, 0x008,
			0x1a0, 0x1a0, 0x1a0, 0x1a0, 0x1a0, 0x1a0, 0x1a0, 0x1a0, 0x1a0, 0x1a0, 0x0e3, 0x1a0, 0x1a0, 0x1a0, 0x1a0, 0x1a0,
			0x1a0, 0x1a0, 0x1a0, 0x1a0, 0x1a0, 0x0e3, 0x1a0, 0x1a0, 0x1a0, 0x1a0, 0x0e3, 0x1a0, 0x1a0, 0x1a0, 0x1a0, 0x1a0,
			0x4a3, 0x4a3, 0x4a3, 0x4a3, 0x4a3, 0x4a3, 0x4a3, 0x4a3, 0x4a3, 0x4a3, 0x4a3, 0x4a3, 0x4a3, 0x4a3, 0x4a3, 0x4a3,
			0x4a3, 0x4a3, 0x4a3, 0x4a3, 0x4a3, 0x4a3, 0x4a3, 0x1a0, 0x4a3, 0x4a3, 0x4a3, 0x4a3, 0x4a3, 0x4a3, 0x4a3, 0x0e3,
			0x0e3, 0x0e3, 0x0e3, 0x0e3, 0x0e3, 0x0e3, 0x0e3, 0x0e3, 0x0e3, 0x0e3, 0x0e3, 0x0e3, 0x0e3, 0x0e3, 0x0e3, 0x0e3,
			0x0e3, 0x0e3, 0x0e3, 0x0e3, 0x0e3, 0x0e3, 0x0e3, 0x1a0, 0x0e3, 0x0e3, 0x0e3, 0x0e3, 0x0e3, 0x0e3, 0x0e3, 0x0e3,
		},
		"en_PH.utf8": {
			0x008, 0x008, 0x008, 0x008, 0x008, 0x008, 0x008, 0x008, 0x008, 0x20c, 0x208, 0x208, 0x208, 0x208, 0x008, 0x008,
			0x008, 0x008, 0x008, 0x008, 0x008, 0x008, 0x008, 0x008, 0x008, 0x008, 0x008, 0x008, 0x008, 0x008, 0x008, 0x008,
			0x284, 0x1a0, 0x1a0, 0x1a0, 0x1a0, 0x1a0, 0x1a0, 0x1a0, 0x1a0, 0x1a0, 0x1a0, 0x1a0, 0x1a0, 0x1a0, 0x1a0, 0x1a0,
			0x8b1, 0x8b1, 0x8b1, 0x8b1, 0x8b1, 0x8b1, 0x8b1, 0x8b1, 0x8b1, 0x8b1, 0x1a0, 0x1a0, 0x1a0, 0x1a0, 0x1a0, 0x1a0,
			0x1a0, 0xca3, 0xca3, 0xca3, 0xca3, 0xca3, 0xca3, 0x4a3, 0x4a3, 0x4a3, 0x4a3, 0x4a3, 0x4a3, 0x4a3, 0x4a3, 0x4a3,
			0x4a3, 0x4a3, 0x4a3, 0x4a3, 0x4a3, 0x4a3, 0x4a3, 0x4a3, 0x4a3, 0x4a3, 0x4a3, 0x1a0, 0x1a0, 0x1a0, 0x1a0, 0x1a0,
			0x1a0, 0x8e3, 0x8e3, 0x8e3, 0x8e3, 0x8e3, 0x8e3, 0x0e3, 0x0e3, 0x0e3, 0x0e3, 0x0e3, 0x0e3, 0x0e3, 0x0e3, 0x0e3,
			0x0e3, 0x0e3, 0x0e3, 0x0e3, 0x0e3, 0x0e3, 0x0e3, 0x0e3, 0x0e3, 0x0e3, 0x0e3, 0x1a0, 0x1a0, 0x1a0, 0x1a0, 0x008,
			0x000, 0x000, 0x000, 0x000, 0x000, 0x000, 0x000, 0x000, 0x000, 0x000, 0x000, 0x000, 0x000, 0x000, 0x000, 0x000,
			0x000, 0x000, 0x000, 0x000, 0x000, 0x000, 0x000, 0x000, 0x000, 0x000, 0x000, 0x000, 0x000, 0x000, 0x000, 0x000,
			0x000, 0x000, 0x000, 0x000, 0x000, 0x000, 0x000, 0x000, 0x000, 0x000, 0x000, 0x000, 0x000, 0x000, 0x000, 0x000,
			0x000, 0x000, 0x000, 0x000, 0x000, 0x000, 0x000, 0x000, 0x000, 0x000, 0x000, 0x000, 0x000, 0x000, 0x000, 0x000,
			0x000, 0x000, 0x000, 0x000, 0x000, 0x000, 0x000, 0x000, 0x000, 0x000, 0x000, 0x000, 0x000, 0x000, 0x000, 0x000,
			0x000, 0x000, 0x000, 0x000, 0x000, 0x000, 0x000, 0x000, 0x000, 0x000, 0x000, 0x000, 0x000, 0x000, 0x000, 0x000,
			0x000, 0x000, 0x000, 0x000, 0x000, 0x000, 0x000, 0x000, 0x000, 0x000, 0x000, 0x000, 0x000, 0x000, 0x000, 0x000,
			0x000, 0x000, 0x000, 0x000, 0x000, 0x000, 0x000, 0x000, 0x000, 0x000, 0x000, 0x000, 0x000, 0x000, 0x000, 0x000,
		},
		"en_SG": {
			0x008, 0x008, 0x008, 0x008, 0x008, 0x008, 0x008, 0x008, 0x008, 0x20c, 0x208, 0x208, 0x208, 0x208, 0x008, 0x008,
			0x008, 0x008, 0x008, 0x008, 0x008, 0x008, 0x008, 0x008, 0x008, 0x008, 0x008, 0x008, 0x008, 0x008, 0x008, 0x008,
			0x284, 0x1a0, 0x1a0, 0x1a0, 0x1a0, 0x1a0, 0x1a0, 0x1a0, 0x1a0, 0x1a0, 0x1a0, 0x1a0, 0x1a0, 0x1a0, 0x1a0, 0x1a0,
			0x8b1, 0x8b1, 0x8b1, 0x8b1, 0x8b1, 0x8b1, 0x8b1, 0x8b1, 0x8b1, 0x8b1, 0x1a0, 0x1a0, 0x1a0, 0x1a0, 0x1a0, 0x1a0,
			0x1a0, 0xca3, 0xca3, 0xca3, 0xca3, 0xca3, 0xca3, 0x4a3, 0x4a3, 0x4a3, 0x4a3, 0x4a3, 0x4a3, 0x4a3, 0x4a3, 0x4a3,
			0x4a3, 0x4a3, 0x4a3, 0x4a3, 0x4a3, 0x4a3, 0x4a3, 0x4a3, 0x4a3, 0x4a3, 0x4a3, 0x1a0, 0x1a0, 0x1a0, 0x1a0, 0x1a0,
			0x1a0, 0x8e3, 0x8e3, 0x8e3, 0x8e3, 0x8e3, 0x8e3, 0x0e3, 0x0e3, 0x0e3, 0x0e3, 0x0e3, 0x0e3, 0x0e3, 0x0e3, 0x0e3,
			0x0e3, 0x0e3, 0x0e3, 0x0e3, 0x0e3, 0x0e3, 0x0e3, 0x0e3, 0x0e3, 0x0e3, 0x0e3, 0x1a0, 0x1a0, 0x1a0, 0x1a0, 0x008,
			0x008, 0x008, 0x008, 0x008, 0x008, 0x008, 0x008, 0x008, 0x008, 0x008, 0x008, 0x008, 0x008, 0x008, 0x008, 0x008,
			0x008, 0x008, 0x008, 0x008, 0x008, 0x008, 0x008, 0x008, 0x008, 0x008, 0x008, 0x008, 0x008, 0x008, 0x008, 0x008,
			0x1a0, 0x1a0, 0x1a0, 0x1a0, 0x1a0, 0x1a0, 0x1a0, 0x1a0, 0x1a0, 0x1a0, 0x0e3, 0x1a0, 0x1a0, 0x1a0, 0x1a0, 0x1a0,
			0x1a0, 0x1a0, 0x1a0, 0x1a0, 0x1a0, 0x0e3, 0x1a0, 0x1a0, 0x1a0, 0x1a0, 0x0e3, 0x1a0, 0x1a0, 0x1a0, 0x1a0, 0x1a0,
			0x4a3, 0x4a3, 0x4a3, 0x4a3, 0x4a3, 0x4a3, 0x4a3, 0x4a3, 0x4a3, 0x4a3, 0x4a3, 0x4a3, 0x4a3, 0x4a3, 0x4a3, 0x4a3,
			0x4a3, 0x4a3, 0x4a3, 0x4a3, 0x4a3, 0x4a3, 0x4a3, 0x1a0, 0x4a3, 0x4a3, 0x4a3, 0x4a3, 0x4a3, 0x4a3, 0x4a3, 0x0e3,
			0x0e3, 0x0e3, 0x0e3, 0x0e3, 0x0e3, 0x0e3, 0x0e3, 0x0e3, 0x0e3, 0x0e3, 0x0e3, 0x0e3, 0x0e3, 0x0e3, 0x0e3, 0x0e3,
			0x0e3, 0x0e3, 0x0e3, 0x0e3, 0x0e3, 0x0e3, 0x0e3, 0x1a0, 0x0e3, 0x0e3, 0x0e3, 0x0e3, 0x0e3, 0x0e3, 0x0e3, 0x0e3,
		},
		"en_SG.utf8": {
			0x008, 0x008, 0x008, 0x008, 0x008, 0x008, 0x008, 0x008, 0x008, 0x20c, 0x208, 0x208, 0x208, 0x208, 0x008, 0x008,
			0x008, 0x008, 0x008, 0x008, 0x008, 0x008, 0x008, 0x008, 0x008, 0x008, 0x008, 0x008, 0x008, 0x008, 0x008, 0x008,
			0x284, 0x1a0, 0x1a0, 0x1a0, 0x1a0, 0x1a0, 0x1a0, 0x1a0, 0x1a0, 0x1a0, 0x1a0, 0x1a0, 0x1a0, 0x1a0, 0x1a0, 0x1a0,
			0x8b1, 0x8b1, 0x8b1, 0x8b1, 0x8b1, 0x8b1, 0x8b1, 0x8b1, 0x8b1, 0x8b1, 0x1a0, 0x1a0, 0x1a0, 0x1a0, 0x1a0, 0x1a0,
			0x1a0, 0xca3, 0xca3, 0xca3, 0xca3, 0xca3, 0xca3, 0x4a3, 0x4a3, 0x4a3, 0x4a3, 0x4a3, 0x4a3, 0x4a3, 0x4a3, 0x4a3,
			0x4a3, 0x4a3, 0x4a3, 0x4a3, 0x4a3, 0x4a3, 0x4a3, 0x4a3, 0x4a3, 0x4a3, 0x4a3, 0x1a0, 0x1a0, 0x1a0, 0x1a0, 0x1a0,
			0x1a0, 0x8e3, 0x8e3, 0x8e3, 0x8e3, 0x8e3, 0x8e3, 0x0e3, 0x0e3, 0x0e3, 0x0e3, 0x0e3, 0x0e3, 0x0e3, 0x0e3, 0x0e3,
			0x0e3, 0x0e3, 0x0e3, 0x0e3, 0x0e3, 0x0e3, 0x0e3, 0x0e3, 0x0e3, 0x0e3, 0x0e3, 0x1a0, 0x1a0, 0x1a0, 0x1a0, 0x008,
			0x000, 0x000, 0x000, 0x000, 0x000, 0x000, 0x000, 0x000, 0x000, 0x000, 0x000, 0x000, 0x000, 0x000, 0x000, 0x000,
			0x000, 0x000, 0x000, 0x000, 0x000, 0x000, 0x000, 0x000, 0x000, 0x000, 0x000, 0x000, 0x000, 0x000, 0x000, 0x000,
			0x000, 0x000, 0x000, 0x000, 0x000, 0x000, 0x000, 0x000, 0x000, 0x000, 0x000, 0x000, 0x000, 0x000, 0x000, 0x000,
			0x000, 0x000, 0x000, 0x000, 0x000, 0x000, 0x000, 0x000, 0x000, 0x000, 0x000, 0x000, 0x000, 0x000, 0x000, 0x000,
			0x000, 0x000, 0x000, 0x000, 0x000, 0x000, 0x000, 0x000, 0x000, 0x000, 0x000, 0x000, 0x000, 0x000, 0x000, 0x000,
			0x000, 0x000, 0x000, 0x000, 0x000, 0x000, 0x000, 0x000, 0x000, 0x000, 0x000, 0x000, 0x000, 0x000, 0x000, 0x000,
			0x000, 0x000, 0x000, 0x000, 0x000, 0x000, 0x000, 0x000, 0x000, 0x000, 0x000, 0x000, 0x000, 0x000, 0x000, 0x000,
			0x000, 0x000, 0x000, 0x000, 0x000, 0x000, 0x000, 0x000, 0x000, 0x000, 0x000, 0x000, 0x000, 0x000, 0x000, 0x000,
		},
		"en_US": {
			0x008, 0x008, 0x008, 0x008, 0x008, 0x008, 0x008, 0x008, 0x008, 0x20c, 0x208, 0x208, 0x208, 0x208, 0x008, 0x008,
			0x008, 0x008, 0x008, 0x008, 0x008, 0x008, 0x008, 0x008, 0x008, 0x008, 0x008, 0x008, 0x008, 0x008, 0x008, 0x008,
			0x284, 0x1a0, 0x1a0, 0x1a0, 0x1a0, 0x1a0, 0x1a0, 0x1a0, 0x1a0, 0x1a0, 0x1a0, 0x1a0, 0x1a0, 0x1a0, 0x1a0, 0x1a0,
			0x8b1, 0x8b1, 0x8b1, 0x8b1, 0x8b1, 0x8b1, 0x8b1, 0x8b1, 0x8b1, 0x8b1, 0x1a0, 0x1a0, 0x1a0, 0x1a0, 0x1a0, 0x1a0,
			0x1a0, 0xca3, 0xca3, 0xca3, 0xca3, 0xca3, 0xca3, 0x4a3, 0x4a3, 0x4a3, 0x4a3, 0x4a3, 0x4a3, 0x4a3, 0x4a3, 0x4a3,
			0x4a3, 0x4a3, 0x4a3, 0x4a3, 0x4a3, 0x4a3, 0x4a3, 0x4a3, 0x4a3, 0x4a3, 0x4a3, 0x1a0, 0x1a0, 0x1a0, 0x1a0, 0x1a0,
			0x1a0, 0x8e3, 0x8e3, 0x8e3, 0x8e3, 0x8e3, 0x8e3, 0x0e3, 0x0e3, 0x0e3, 0x0e3, 0x0e3, 0x0e3, 0x0e3, 0x0e3, 0x0e3,
			0x0e3, 0x0e3, 0x0e3, 0x0e3, 0x0e3, 0x0e3, 0x0e3, 0x0e3, 0x0e3, 0x0e3, 0x0e3, 0x1a0, 0x1a0, 0x1a0, 0x1a0, 0x008,
			0x008, 0x008, 0x008, 0x008, 0x008, 0x008, 0x008, 0x008, 0x008, 0x008, 0x008, 0x008, 0x008, 0x008, 0x008, 0x008,
			0x008, 0x008, 0x008, 0x008, 0x008, 0x008, 0x008, 0x008, 0x008, 0x008, 0x008, 0x008, 0x008, 0x008, 0x008, 0x008,
			0x1a0, 0x1a0, 0x1a0, 0x1a0, 0x1a0, 0x1a0, 0x1a0, 0x1a0, 0x1a0, 0x1a0, 0x0e3, 0x1a0, 0x1a0, 0x1a0, 0x1a0, 0x1a0,
			0x1a0, 0x1a0, 0x1a0, 0x1a0, 0x1a0, 0x0e3, 0x1a0, 0x1a0, 0x1a0, 0x1a0, 0x0e3, 0x1a0, 0x1a0, 0x1a0, 0x1a0, 0x1a0,
			0x4a3, 0x4a3, 0x4a3, 0x4a3, 0x4a3, 0x4a3, 0x4a3, 0x4a3, 0x4a3, 0x4a3, 0x4a3, 0x4a3, 0x4a3, 0x4a3, 0x4a3, 0x4a3,
			0x4a3, 0x4a3, 0x4a3, 0x4a3, 0x4a3, 0x4a3, 0x4a3, 0x1a0, 0x4a3, 0x4a3, 0x4a3, 0x4a3, 0x4a3, 0x4a3, 0x4a3, 0x0e3,
			0x0e3, 0x0e3, 0x0e3, 0x0e3, 0x0e3, 0x0e3, 0x0e3, 0x0e3, 0x0e3, 0x0e3, 0x0e3, 0x0e3, 0x0e3, 0x0e3, 0x0e3, 0x0e3,
			0x0e3, 0x0e3, 0x0e3, 0x0e3, 0x0e3, 0x0e3, 0x0e3, 0x1a0, 0x0e3, 0x0e3, 0x0e3, 0x0e3, 0x0e3, 0x0e3, 0x0e3, 0x0e3,
		},
		"en_US.iso885915": {
			0x008, 0x008, 0x008, 0x008, 0x008, 0x008, 0x008, 0x008, 0x008, 0x20c, 0x208, 0x208, 0x208, 0x208, 0x008, 0x008,
			0x008, 0x008, 0x008, 0x008, 0x008, 0x008, 0x008, 0x008, 0x008, 0x008, 0x008, 0x008, 0x008, 0x008, 0x008, 0x008,
			0x284, 0x1a0, 0x1a0, 0x1a0, 0x1a0, 0x1a0, 0x1a0, 0x1a0, 0x1a0, 0x1a0, 0x1a0, 0x1a0, 0x1a0, 0x1a0, 0x1a0, 0x1a0,
			0x8b1, 0x8b1, 0x8b1, 0x8b1, 0x8b1, 0x8b1, 0x8b1, 0x8b1, 0x8b1, 0x8b1, 0x1a0, 0x1a0, 0x1a0, 0x1a0, 0x1a0, 0x1a0,
			0x1a0, 0xca3, 0xca3, 0xca3, 0xca3, 0xca3, 0xca3, 0x4a3, 0x4a3, 0x4a3, 0x4a3, 0x4a3, 0x4a3, 0x4a3, 0x4a3, 0x4a3,
			0x4a3, 0x4a3, 0x4a3, 0x4a3, 0x4a3, 0x4a3, 0x4a3, 0x4a3, 0x4a3, 0x4a3, 0x4a3, 0x1a0, 0x1a0, 0x1a0, 0x1a0, 0x1a0,
			0x1a0, 0x8e3, 0x8e3, 0x8e3, 0x8e3, 0x8e3, 0x8e3, 0x0e3, 0x0e3, 0x0e3, 0x0e3, 0x0e3, 0x0e3, 0x0e3, 0x0e3, 0x0e3,
			0x0e3, 0x0e3, 0x0e3, 0x0e3, 0x0e3, 0x0e3, 0x0e3, 0x0e3, 0x0e3, 0x0e3, 0x0e3, 0x1a0, 0x1a0, 0x1a0, 0x1a0, 0x008,
			0x008, 0x008, 0x008, 0x008, 0x008, 0x008, 0x008, 0x008, 0x008, 0x008, 0x008, 0x008, 0x008, 0x008, 0x008, 0x008,
			0x008, 0x008, 0x008, 0x008, 0x008, 0x008, 0x008, 0x008, 0x008, 0x008, 0x008, 0x008, 0x008, 0x008, 0x008, 0x008,
			0x1a0, 0x1a0, 0x1a0, 0x1a0, 0x1a0, 0x1a0, 0x4a3, 0x1a0, 0x0e3, 0x1a0, 0x0e3, 0x1a0, 0x1a0, 0x1a0, 0x1a0, 0x1a0,
			0x1a0, 0x1a0, 0x1a0, 0x1a0, 0x4a3, 0x0e3, 0x1a0, 0x1a0, 0x0e3, 0x1a0, 0x0e3, 0x1a0, 0x4a3, 0x0e3, 0x4a3, 0x1a0,
			0x4a3, 0x4a3, 0x4a3, 0x4a3, 0x4a3, 0x4a3, 0x4a3, 0x4a3, 0x4a3, 0x4a3, 0x4a3, 0x4a3, 0x4a3, 0x4a3, 0x4a3, 0x4a3,
			0x4a3, 0x4a3, 0x4a3, 0x4a3, 0x4a3, 0x4a3, 0x4a3, 0x1a0, 0x4a3, 0x4a3, 0x4a3, 0x4a3, 0x4a3, 0x4a3, 0x4a3, 0x0e3,
			0x0e3, 0x0e3, 0x0e3, 0x0e3, 0x0e3, 0x0e3, 0x0e3, 0x0e3, 0x0e3, 0x0e3, 0x0e3, 0x0e3, 0x0e3, 0x0e3, 0x0e3, 0x0e3,
			0x0e3, 0x0e3, 0x0e3, 0x0e3, 0x0e3, 0x0e3, 0x0e3, 0x1a0, 0x0e3, 0x0e3, 0x0e3, 0x0e3, 0x0e3, 0x0e3, 0x0e3, 0x0e3,
		},
		"en_US.utf8": {
			0x008, 0x008, 0x008, 0x008, 0x008, 0x008, 0x008, 0x008, 0x008, 0x20c, 0x208, 0x208, 0x208, 0x208, 0x008, 0x008,
			0x008, 0x008, 0x008, 0x008, 0x008, 0x008, 0x008, 0x008, 0x008, 0x008, 0x008, 0x008, 0x008, 0x008, 0x008, 0x008,
			0x284, 0x1a0, 0x1a0, 0x1a0, 0x1a0, 0x1a0, 0x1a0, 0x1a0, 0x1a0, 0x1a0, 0x1a0, 0x1a0, 0x1a0, 0x1a0, 0x1a0, 0x1a0,
			0x8b1, 0x8b1, 0x8b1, 0x8b1, 0x8b1, 0x8b1, 0x8b1, 0x8b1, 0x8b1, 0x8b1, 0x1a0, 0x1a0, 0x1a0, 0x1a0, 0x1a0, 0x1a0,
			0x1a0, 0xca3, 0xca3, 0xca3, 0xca3, 0xca3, 0xca3, 0x4a3, 0x4a3, 0x4a3, 0x4a3, 0x4a3, 0x4a3, 0x4a3, 0x4a3, 0x4a3,
			0x4a3, 0x4a3, 0x4a3, 0x4a3, 0x4a3, 0x4a3, 0x4a3, 0x4a3, 0x4a3, 0x4a3, 0x4a3, 0x1a0, 0x1a0, 0x1a0, 0x1a0, 0x1a0,
			0x1a0, 0x8e3, 0x8e3, 0x8e3, 0x8e3, 0x8e3, 0x8e3, 0x0e3, 0x0e3, 0x0e3, 0x0e3, 0x0e3, 0x0e3, 0x0e3, 0x0e3, 0x0e3,
			0x0e3, 0x0e3, 0x0e3, 0x0e3, 0x0e3, 0x0e3, 0x0e3, 0x0e3, 0x0e3, 0x0e3, 0x0e3, 0x1a0, 0x1a0, 0x1a0, 0x1a0, 0x008,
			0x000, 0x000, 0x000, 0x000, 0x000, 0x000, 0x000, 0x000, 0x000, 0x000, 0x000, 0x000, 0x000, 0x000, 0x000, 0x000,
			0x000, 0x000, 0x000, 0x000, 0x000, 0x000, 0x000, 0x000, 0x000, 0x000, 0x000, 0x000, 0x000, 0x000, 0x000, 0x000,
			0x000, 0x000, 0x000, 0x000, 0x000, 0x000, 0x000, 0x000, 0x000, 0x000, 0x000, 0x000, 0x000, 0x000, 0x000, 0x000,
			0x000, 0x000, 0x000, 0x000, 0x000, 0x000, 0x000, 0x000, 0x000, 0x000, 0x000, 0x000, 0x000, 0x000, 0x000, 0x000,
			0x000, 0x000, 0x000, 0x000, 0x000, 0x000, 0x000, 0x000, 0x000, 0x000, 0x000, 0x000, 0x000, 0x000, 0x000, 0x000,
			0x000, 0x000, 0x000, 0x000, 0x000, 0x000, 0x000, 0x000, 0x000, 0x000, 0x000, 0x000, 0x000, 0x000, 0x000, 0x000,
			0x000, 0x000, 0x000, 0x000, 0x000, 0x000, 0x000, 0x000, 0x000, 0x000, 0x000, 0x000, 0x000, 0x000, 0x000, 0x000,
			0x000, 0x000, 0x000, 0x000, 0x000, 0x000, 0x000, 0x000, 0x000, 0x000, 0x000, 0x000, 0x000, 0x000, 0x000, 0x000,
		},
		"en_ZA": {
			0x008, 0x008, 0x008, 0x008, 0x008, 0x008, 0x008, 0x008, 0x008, 0x20c, 0x208, 0x208, 0x208, 0x208, 0x008, 0x008,
			0x008, 0x008, 0x008, 0x008, 0x008, 0x008, 0x008, 0x008, 0x008, 0x008, 0x008, 0x008, 0x008, 0x008, 0x008, 0x008,
			0x284, 0x1a0, 0x1a0, 0x1a0, 0x1a0, 0x1a0, 0x1a0, 0x1a0, 0x1a0, 0x1a0, 0x1a0, 0x1a0, 0x1a0, 0x1a0, 0x1a0, 0x1a0,
			0x8b1, 0x8b1, 0x8b1, 0x8b1, 0x8b1, 0x8b1, 0x8b1, 0x8b1, 0x8b1, 0x8b1, 0x1a0, 0x1a0, 0x1a0, 0x1a0, 0x1a0, 0x1a0,
			0x1a0, 0xca3, 0xca3, 0xca3, 0xca3, 0xca3, 0xca3, 0x4a3, 0x4a3, 0x4a3, 0x4a3, 0x4a3, 0x4a3, 0x4a3, 0x4a3, 0x4a3,
			0x4a3, 0x4a3, 0x4a3, 0x4a3, 0x4a3, 0x4a3, 0x4a3, 0x4a3, 0x4a3, 0x4a3, 0x4a3, 0x1a0, 0x1a0, 0x1a0, 0x1a0, 0x1a0,
			0x1a0, 0x8e3, 0x8e3, 0x8e3, 0x8e3, 0x8e3, 0x8e3, 0x0e3, 0x0e3, 0x0e3, 0x0e3, 0x0e3, 0x0e3, 0x0e3, 0x0e3, 0x0e3,
			0x0e3, 0x0e3, 0x0e3, 0x0e3, 0x0e3, 0x0e3, 0x0e3, 0x0e3, 0x0e3, 0x0e3, 0x0e3, 0x1a0, 0x1a0, 0x1a0, 0x1a0, 0x008,
			0x008, 0x008, 0x008, 0x008, 0x008, 0x008, 0x008, 0x008, 0x008, 0x008, 0x008, 0x008, 0x008, 0x008, 0x008, 0x008,
			0x008, 0x008, 0x008, 0x008, 0x008, 0x008, 0x008, 0x008, 0x008, 0x008, 0x008, 0x008, 0x008, 0x008, 0x008, 0x008,
			0x1a0, 0x1a0, 0x1a0, 0x1a0, 0x1a0, 0x1a0, 0x1a0, 0x1a0, 0x1a0, 0x1a0, 0x0e3, 0x1a0, 0x1a0, 0x1a0, 0x1a0, 0x1a0,
			0x1a0, 0x1a0, 0x1a0, 0x1a0, 0x1a0, 0x0e3, 0x1a0, 0x1a0, 0x1a0, 0x1a0, 0x0e3, 0x1a0, 0x1a0, 0x1a0, 0x1a0, 0x1a0,
			0x4a3, 0x4a3, 0x4a3, 0x4a3, 0x4a3, 0x4a3, 0x4a3, 0x4a3, 0x4a3, 0x4a3, 0x4a3, 0x4a3, 0x4a3, 0x4a3, 0x4a3, 0x4a3,
			0x4a3, 0x4a3, 0x4a3, 0x4a3, 0x4a3, 0x4a3, 0x4a3, 0x1a0, 0x4a3, 0x4a3, 0x4a3, 0x4a3, 0x4a3, 0x4a3, 0x4a3, 0x0e3,
			0x0e3, 0x0e3, 0x0e3, 0x0e3, 0x0e3, 0x0e3, 0x0e3, 0x0e3, 0x0e3, 0x0e3, 0x0e3, 0x0e3, 0x0e3, 0x0e3, 0x0e3, 0x0e3,
			0x0e3, 0x0e3, 0x0e3, 0x0e3, 0x0e3, 0x0e3, 0x0e3, 0x1a0, 0x0e3, 0x0e3, 0x0e3, 0x0e3, 0x0e3, 0x0e3, 0x0e3, 0x0e3,
		},
		"en_ZA.utf8": {
			0x008, 0x008, 0x008, 0x008, 0x008, 0x008, 0x008, 0x008, 0x008, 0x20c, 0x208, 0x208, 0x208, 0x208, 0x008, 0x008,
			0x008, 0x008, 0x008, 0x008, 0x008, 0x008, 0x008, 0x008, 0x008, 0x008, 0x008, 0x008, 0x008, 0x008, 0x008, 0x008,
			0x284, 0x1a0, 0x1a0, 0x1a0, 0x1a0, 0x1a0, 0x1a0, 0x1a0, 0x1a0, 0x1a0, 0x1a0, 0x1a0, 0x1a0, 0x1a0, 0x1a0, 0x1a0,
			0x8b1, 0x8b1, 0x8b1, 0x8b1, 0x8b1, 0x8b1, 0x8b1, 0x8b1, 0x8b1, 0x8b1, 0x1a0, 0x1a0, 0x1a0, 0x1a0, 0x1a0, 0x1a0,
			0x1a0, 0xca3, 0xca3, 0xca3, 0xca3, 0xca3, 0xca3, 0x4a3, 0x4a3, 0x4a3, 0x4a3, 0x4a3, 0x4a3, 0x4a3, 0x4a3, 0x4a3,
			0x4a3, 0x4a3, 0x4a3, 0x4a3, 0x4a3, 0x4a3, 0x4a3, 0x4a3, 0x4a3, 0x4a3, 0x4a3, 0x1a0, 0x1a0, 0x1a0, 0x1a0, 0x1a0,
			0x1a0, 0x8e3, 0x8e3, 0x8e3, 0x8e3, 0x8e3, 0x8e3, 0x0e3, 0x0e3, 0x0e3, 0x0e3, 0x0e3, 0x0e3, 0x0e3, 0x0e3, 0x0e3,
			0x0e3, 0x0e3, 0x0e3, 0x0e3, 0x0e3, 0x0e3, 0x0e3, 0x0e3, 0x0e3, 0x0e3, 0x0e3, 0x1a0, 0x1a0, 0x1a0, 0x1a0, 0x008,
			0x000, 0x000, 0x000, 0x000, 0x000, 0x000, 0x000, 0x000, 0x000, 0x000, 0x000, 0x000, 0x000, 0x000, 0x000, 0x000,
			0x000, 0x000, 0x000, 0x000, 0x000, 0x000, 0x000, 0x000, 0x000, 0x000, 0x000, 0x000, 0x000, 0x000, 0x000, 0x000,
			0x000, 0x000, 0x000, 0x000, 0x000, 0x000, 0x000, 0x000, 0x000, 0x000, 0x000, 0x000, 0x000, 0x000, 0x000, 0x000,
			0x000, 0x000, 0x000, 0x000, 0x000, 0x000, 0x000, 0x000, 0x000, 0x000, 0x000, 0x000, 0x000, 0x000, 0x000, 0x000,
			0x000, 0x000, 0x000, 0x000, 0x000, 0x000, 0x000, 0x000, 0x000, 0x000, 0x000, 0x000, 0x000, 0x000, 0x000, 0x000,
			0x000, 0x000, 0x000, 0x000, 0x000, 0x000, 0x000, 0x000, 0x000, 0x000, 0x000, 0x000, 0x000, 0x000, 0x000, 0x000,
			0x000, 0x000, 0x000, 0x000, 0x000, 0x000, 0x000, 0x000, 0x000, 0x000, 0x000, 0x000, 0x000, 0x000, 0x000, 0x000,
			0x000, 0x000, 0x000, 0x000, 0x000, 0x000, 0x000, 0x000, 0x000, 0x000, 0x000, 0x000, 0x000, 0x000, 0x000, 0x000,
		},
		"en_ZM": {
			0x008, 0x008, 0x008, 0x008, 0x008, 0x008, 0x008, 0x008, 0x008, 0x20c, 0x208, 0x208, 0x208, 0x208, 0x008, 0x008,
			0x008, 0x008, 0x008, 0x008, 0x008, 0x008, 0x008, 0x008, 0x008, 0x008, 0x008, 0x008, 0x008, 0x008, 0x008, 0x008,
			0x284, 0x1a0, 0x1a0, 0x1a0, 0x1a0, 0x1a0, 0x1a0, 0x1a0, 0x1a0, 0x1a0, 0x1a0, 0x1a0, 0x1a0, 0x1a0, 0x1a0, 0x1a0,
			0x8b1, 0x8b1, 0x8b1, 0x8b1, 0x8b1, 0x8b1, 0x8b1, 0x8b1, 0x8b1, 0x8b1, 0x1a0, 0x1a0, 0x1a0, 0x1a0, 0x1a0, 0x1a0,
			0x1a0, 0xca3, 0xca3, 0xca3, 0xca3, 0xca3, 0xca3, 0x4a3, 0x4a3, 0x4a3, 0x4a3, 0x4a3, 0x4a3, 0x4a3, 0x4a3, 0x4a3,
			0x4a3, 0x4a3, 0x4a3, 0x4a3, 0x4a3, 0x4a3, 0x4a3, 0x4a3, 0x4a3, 0x4a3, 0x4a3, 0x1a0, 0x1a0, 0x1a0, 0x1a0, 0x1a0,
			0x1a0, 0x8e3, 0x8e3, 0x8e3, 0x8e3, 0x8e3, 0x8e3, 0x0e3, 0x0e3, 0x0e3, 0x0e3, 0x0e3, 0x0e3, 0x0e3, 0x0e3, 0x0e3,
			0x0e3, 0x0e3, 0x0e3, 0x0e3, 0x0e3, 0x0e3, 0x0e3, 0x0e3, 0x0e3, 0x0e3, 0x0e3, 0x1a0, 0x1a0, 0x1a0, 0x1a0, 0x008,
			0x000, 0x000, 0x000, 0x000, 0x000, 0x000, 0x000, 0x000, 0x000, 0x000, 0x000, 0x000, 0x000, 0x000, 0x000, 0x000,
			0x000, 0x000, 0x000, 0x000, 0x000, 0x000, 0x000, 0x000, 0x000, 0x000, 0x000, 0x000, 0x000, 0x000, 0x000, 0x000,
			0x000, 0x000, 0x000, 0x000, 0x000, 0x000, 0x000, 0x000, 0x000, 0x000, 0x000, 0x000, 0x000, 0x000, 0x000, 0x000,
			0x000, 0x000, 0x000, 0x000, 0x000, 0x000, 0x000, 0x000, 0x000, 0x000, 0x000, 0x000, 0x000, 0x000, 0x000, 0x000,
			0x000, 0x000, 0x000, 0x000, 0x000, 0x000, 0x000, 0x000, 0x000, 0x000, 0x000, 0x000, 0x000, 0x000, 0x000, 0x000,
			0x000, 0x000, 0x000, 0x000, 0x000, 0x000, 0x000, 0x000, 0x000, 0x000, 0x000, 0x000, 0x000, 0x000, 0x000, 0x000,
			0x000, 0x000, 0x000, 0x000, 0x000, 0x000, 0x000, 0x000, 0x000, 0x000, 0x000, 0x000, 0x000, 0x000, 0x000, 0x000,
			0x000, 0x000, 0x000, 0x000, 0x000, 0x000, 0x000, 0x000, 0x000, 0x000, 0x000, 0x000, 0x000, 0x000, 0x000, 0x000,
		},
		"en_ZW": {
			0x008, 0x008, 0x008, 0x008, 0x008, 0x008, 0x008, 0x008, 0x008, 0x20c, 0x208, 0x208, 0x208, 0x208, 0x008, 0x008,
			0x008, 0x008, 0x008, 0x008, 0x008, 0x008, 0x008, 0x008, 0x008, 0x008, 0x008, 0x008, 0x008, 0x008, 0x008, 0x008,
			0x284, 0x1a0, 0x1a0, 0x1a0, 0x1a0, 0x1a0, 0x1a0, 0x1a0, 0x1a0, 0x1a0, 0x1a0, 0x1a0, 0x1a0, 0x1a0, 0x1a0, 0x1a0,
			0x8b1, 0x8b1, 0x8b1, 0x8b1, 0x8b1, 0x8b1, 0x8b1, 0x8b1, 0x8b1, 0x8b1, 0x1a0, 0x1a0, 0x1a0, 0x1a0, 0x1a0, 0x1a0,
			0x1a0, 0xca3, 0xca3, 0xca3, 0xca3, 0xca3, 0xca3, 0x4a3, 0x4a3, 0x4a3, 0x4a3, 0x4a3, 0x4a3, 0x4a3, 0x4a3, 0x4a3,
			0x4a3, 0x4a3, 0x4a3, 0x4a3, 0x4a3, 0x4a3, 0x4a3, 0x4a3, 0x4a3, 0x4a3, 0x4a3, 0x1a0, 0x1a0, 0x1a0, 0x1a0, 0x1a0,
			0x1a0, 0x8e3, 0x8e3, 0x8e3, 0x8e3, 0x8e3, 0x8e3, 0x0e3, 0x0e3, 0x0e3, 0x0e3, 0x0e3, 0x0e3, 0x0e3, 0x0e3, 0x0e3,
			0x0e3, 0x0e3, 0x0e3, 0x0e3, 0x0e3, 0x0e3, 0x0e3, 0x0e3, 0x0e3, 0x0e3, 0x0e3, 0x1a0, 0x1a0, 0x1a0, 0x1a0, 0x008,
			0x008, 0x008, 0x008, 0x008, 0x008, 0x008, 0x008, 0x008, 0x008, 0x008, 0x008, 0x008, 0x008, 0x008, 0x008, 0x008,
			0x008, 0x008, 0x008, 0x008, 0x008, 0x008, 0x008, 0x008, 0x008, 0x008, 0x008, 0x008, 0x008, 0x008, 0x008, 0x008,
			0x1a0, 0x1a0, 0x1a0, 0x1a0, 0x1a0, 0x1a0, 0x1a0, 0x1a0, 0x1a0, 0x1a0, 0x0e3, 0x1a0, 0x1a0, 0x1a0, 0x1a0, 0x1a0,
			0x1a0, 0x1a0, 0x1a0, 0x1a0, 0x1a0, 0x0e3, 0x1a0, 0x1a0, 0x1a0, 0x1a0, 0x0e3, 0x1a0, 0x1a0, 0x1a0, 0x1a0, 0x1a0,
			0x4a3, 0x4a3, 0x4a3, 0x4a3, 0x4a3, 0x4a3, 0x4a3, 0x4a3, 0x4a3, 0x4a3, 0x4a3, 0x4a3, 0x4a3, 0x4a3, 0x4a3, 0x4a3,
			0x4a3, 0x4a3, 0x4a3, 0x4a3, 0x4a3, 0x4a3, 0x4a3, 0x1a0, 0x4a3, 0x4a3, 0x4a3, 0x4a3, 0x4a3, 0x4a3, 0x4a3, 0x0e3,
			0x0e3, 0x0e3, 0x0e3, 0x0e3, 0x0e3, 0x0e3, 0x0e3, 0x0e3, 0x0e3, 0x0e3, 0x0e3, 0x0e3, 0x0e3, 0x0e3, 0x0e3, 0x0e3,
			0x0e3, 0x0e3, 0x0e3, 0x0e3, 0x0e3, 0x0e3, 0x0e3, 0x1a0, 0x0e3, 0x0e3, 0x0e3, 0x0e3, 0x0e3, 0x0e3, 0x0e3, 0x0e3,
		},
		"en_ZW.utf8": {
			0x008, 0x008, 0x008, 0x008, 0x008, 0x008, 0x008, 0x008, 0x008, 0x20c, 0x208, 0x208, 0x208, 0x208, 0x008, 0x008,
			0x008, 0x008, 0x008, 0x008, 0x008, 0x008, 0x008, 0x008, 0x008, 0x008, 0x008, 0x008, 0x008, 0x008, 0x008, 0x008,
			0x284, 0x1a0, 0x1a0, 0x1a0, 0x1a0, 0x1a0, 0x1a0, 0x1a0, 0x1a0, 0x1a0, 0x1a0, 0x1a0, 0x1a0, 0x1a0, 0x1a0, 0x1a0,
			0x8b1, 0x8b1, 0x8b1, 0x8b1, 0x8b1, 0x8b1, 0x8b1, 0x8b1, 0x8b1, 0x8b1, 0x1a0, 0x1a0, 0x1a0, 0x1a0, 0x1a0, 0x1a0,
			0x1a0, 0xca3, 0xca3, 0xca3, 0xca3, 0xca3, 0xca3, 0x4a3, 0x4a3, 0x4a3, 0x4a3, 0x4a3, 0x4a3, 0x4a3, 0x4a3, 0x4a3,
			0x4a3, 0x4a3, 0x4a3, 0x4a3, 0x4a3, 0x4a3, 0x4a3, 0x4a3, 0x4a3, 0x4a3, 0x4a3, 0x1a0, 0x1a0, 0x1a0, 0x1a0, 0x1a0,
			0x1a0, 0x8e3, 0x8e3, 0x8e3, 0x8e3, 0x8e3, 0x8e3, 0x0e3, 0x0e3, 0x0e3, 0x0e3, 0x0e3, 0x0e3, 0x0e3, 0x0e3, 0x0e3,
			0x0e3, 0x0e3, 0x0e3, 0x0e3, 0x0e3, 0x0e3, 0x0e3, 0x0e3, 0x0e3, 0x0e3, 0x0e3, 0x1a0, 0x1a0, 0x1a0, 0x1a0, 0x008,
			0x000, 0x000, 0x000, 0x000, 0x000, 0x000, 0x000, 0x000, 0x000, 0x000, 0x000, 0x000, 0x000, 0x000, 0x000, 0x000,
			0x000, 0x000, 0x000, 0x000, 0x000, 0x000, 0x000, 0x000, 0x000, 0x000, 0x000, 0x000, 0x000, 0x000, 0x000, 0x000,
			0x000, 0x000, 0x000, 0x000, 0x000, 0x000, 0x000, 0x000, 0x000, 0x000, 0x000, 0x000, 0x000, 0x000, 0x000, 0x000,
			0x000, 0x000, 0x000, 0x000, 0x000, 0x000, 0x000, 0x000, 0x000, 0x000, 0x000, 0x000, 0x000, 0x000, 0x000, 0x000,
			0x000, 0x000, 0x000, 0x000, 0x000, 0x000, 0x000, 0x000, 0x000, 0x000, 0x000, 0x000, 0x000, 0x000, 0x000, 0x000,
			0x000, 0x000, 0x000, 0x000, 0x000, 0x000, 0x000, 0x000, 0x000, 0x000, 0x000, 0x000, 0x000, 0x000, 0x000, 0x000,
			0x000, 0x000, 0x000, 0x000, 0x000, 0x000, 0x000, 0x000, 0x000, 0x000, 0x000, 0x000, 0x000, 0x000, 0x000, 0x000,
			0x000, 0x000, 0x000, 0x000, 0x000, 0x000, 0x000, 0x000, 0x000, 0x000, 0x000, 0x000, 0x000, 0x000, 0x000, 0x000,
		},
		"eo": {
			0x008, 0x008, 0x008, 0x008, 0x008, 0x008, 0x008, 0x008, 0x008, 0x20c, 0x208, 0x208, 0x208, 0x208, 0x008, 0x008,
			0x008, 0x008, 0x008, 0x008, 0x008, 0x008, 0x008, 0x008, 0x008, 0x008, 0x008, 0x008, 0x008, 0x008, 0x008, 0x008,
			0x284, 0x1a0, 0x1a0, 0x1a0, 0x1a0, 0x1a0, 0x1a0, 0x1a0, 0x1a0, 0x1a0, 0x1a0, 0x1a0, 0x1a0, 0x1a0, 0x1a0, 0x1a0,
			0x8b1, 0x8b1, 0x8b1, 0x8b1, 0x8b1, 0x8b1, 0x8b1, 0x8b1, 0x8b1, 0x8b1, 0x1a0, 0x1a0, 0x1a0, 0x1a0, 0x1a0, 0x1a0,
			0x1a0, 0xca3, 0xca3, 0xca3, 0xca3, 0xca3, 0xca3, 0x4a3, 0x4a3, 0x4a3, 0x4a3, 0x4a3, 0x4a3, 0x4a3, 0x4a3, 0x4a3,
			0x4a3, 0x4a3, 0x4a3, 0x4a3, 0x4a3, 0x4a3, 0x4a3, 0x4a3, 0x4a3, 0x4a3, 0x4a3, 0x1a0, 0x1a0, 0x1a0, 0x1a0, 0x1a0,
			0x1a0, 0x8e3, 0x8e3, 0x8e3, 0x8e3, 0x8e3, 0x8e3, 0x0e3, 0x0e3, 0x0e3, 0x0e3, 0x0e3, 0x0e3, 0x0e3, 0x0e3, 0x0e3,
			0x0e3, 0x0e3, 0x0e3, 0x0e3, 0x0e3, 0x0e3, 0x0e3, 0x0e3, 0x0e3, 0x0e3, 0x0e3, 0x1a0, 0x1a0, 0x1a0, 0x1a0, 0x008,
			0x000, 0x000, 0x000, 0x000, 0x000, 0x000, 0x000, 0x000, 0x000, 0x000, 0x000, 0x000, 0x000, 0x000, 0x000, 0x000,
			0x000, 0x000, 0x000, 0x000, 0x000, 0x000, 0x000, 0x000, 0x000, 0x000, 0x000, 0x000, 0x000, 0x000, 0x000, 0x000,
			0x000, 0x000, 0x000, 0x000, 0x000, 0x000, 0x000, 0x000, 0x000, 0x000, 0x000, 0x000, 0x000, 0x000, 0x000, 0x000,
			0x000, 0x000, 0x000, 0x000, 0x000, 0x000, 0x000, 0x000, 0x000, 0x000, 0x000, 0x000, 0x000, 0x000, 0x000, 0x000,
			0x000, 0x000, 0x000, 0x000, 0x000, 0x000, 0x000, 0x000, 0x000, 0x000, 0x000, 0x000, 0x000, 0x000, 0x000, 0x000,
			0x000, 0x000, 0x000, 0x000, 0x000, 0x000, 0x000, 0x000, 0x000, 0x000, 0x000, 0x000, 0x000, 0x000, 0x000, 0x000,
			0x000, 0x000, 0x000, 0x000, 0x000, 0x000, 0x000, 0x000, 0x000, 0x000, 0x000, 0x000, 0x000, 0x000, 0x000, 0x000,
			0x000, 0x000, 0x000, 0x000, 0x000, 0x000, 0x000, 0x000, 0x000, 0x000, 0x000, 0x000, 0x000, 0x000, 0x000, 0x000,
		},
		"es_AR": {
			0x008, 0x008, 0x008, 0x008, 0x008, 0x008, 0x008, 0x008, 0x008, 0x20c, 0x208, 0x208, 0x208, 0x208, 0x008, 0x008,
			0x008, 0x008, 0x008, 0x008, 0x008, 0x008, 0x008, 0x008, 0x008, 0x008, 0x008, 0x008, 0x008, 0x008, 0x008, 0x008,
			0x284, 0x1a0, 0x1a0, 0x1a0, 0x1a0, 0x1a0, 0x1a0, 0x1a0, 0x1a0, 0x1a0, 0x1a0, 0x1a0, 0x1a0, 0x1a0, 0x1a0, 0x1a0,
			0x8b1, 0x8b1, 0x8b1, 0x8b1, 0x8b1, 0x8b1, 0x8b1, 0x8b1, 0x8b1, 0x8b1, 0x1a0, 0x1a0, 0x1a0, 0x1a0, 0x1a0, 0x1a0,
			0x1a0, 0xca3, 0xca3, 0xca3, 0xca3, 0xca3, 0xca3, 0x4a3, 0x4a3, 0x4a3, 0x4a3, 0x4a3, 0x4a3, 0x4a3, 0x4a3, 0x4a3,
			0x4a3, 0x4a3, 0x4a3, 0x4a3, 0x4a3, 0x4a3, 0x4a3, 0x4a3, 0x4a3, 0x4a3, 0x4a3, 0x1a0, 0x1a0, 0x1a0, 0x1a0, 0x1a0,
			0x1a0, 0x8e3, 0x8e3, 0x8e3, 0x8e3, 0x8e3, 0x8e3, 0x0e3, 0x0e3, 0x0e3, 0x0e3, 0x0e3, 0x0e3, 0x0e3, 0x0e3, 0x0e3,
			0x0e3, 0x0e3, 0x0e3, 0x0e3, 0x0e3, 0x0e3, 0x0e3, 0x0e3, 0x0e3, 0x0e3, 0x0e3, 0x1a0, 0x1a0, 0x1a0, 0x1a0, 0x008,
			0x008, 0x008, 0x008, 0x008, 0x008, 0x008, 0x008, 0x008, 0x008, 0x008, 0x008, 0x008, 0x008, 0x008, 0x008, 0x008,
			0x008, 0x008, 0x008, 0x008, 0x008, 0x008, 0x008, 0x008, 0x008, 0x008, 0x008, 0x008, 0x008, 0x008, 0x008, 0x008,
			0x1a0, 0x1a0, 0x1a0, 0x1a0, 0x1a0, 0x1a0, 0x1a0, 0x1a0, 0x1a0, 0x1a0, 0x0e3, 0x1a0, 0x1a0, 0x1a0, 0x1a0, 0x1a0,
			0x1a0, 0x1a0, 0x1a0, 0x1a0, 0x1a0, 0x0e3, 0x1a0, 0x1a0, 0x1a0, 0x1a0, 0x0e3, 0x1a0, 0x1a0, 0x1a0, 0x1a0, 0x1a0,
			0x4a3, 0x4a3, 0x4a3, 0x4a3, 0x4a3, 0x4a3, 0x4a3, 0x4a3, 0x4a3, 0x4a3, 0x4a3, 0x4a3, 0x4a3, 0x4a3, 0x4a3, 0x4a3,
			0x4a3, 0x4a3, 0x4a3, 0x4a3, 0x4a3, 0x4a3, 0x4a3, 0x1a0, 0x4a3, 0x4a3, 0x4a3, 0x4a3, 0x4a3, 0x4a3, 0x4a3, 0x0e3,
			0x0e3, 0x0e3, 0x0e3, 0x0e3, 0x0e3, 0x0e3, 0x0e3, 0x0e3, 0x0e3, 0x0e3, 0x0e3, 0x0e3, 0x0e3, 0x0e3, 0x0e3, 0x0e3,
			0x0e3, 0x0e3, 0x0e3, 0x0e3, 0x0e3, 0x0e3, 0x0e3, 0x1a0, 0x0e3, 0x0e3, 0x0e3, 0x0e3, 0x0e3, 0x0e3, 0x0e3, 0x0e3,
		},
		"es_AR.utf8": {
			0x008, 0x008, 0x008, 0x008, 0x008, 0x008, 0x008, 0x008, 0x008, 0x20c, 0x208, 0x208, 0x208, 0x208, 0x008, 0x008,
			0x008, 0x008, 0x008, 0x008, 0x008, 0x008, 0x008, 0x008, 0x008, 0x008, 0x008, 0x008, 0x008, 0x008, 0x008, 0x008,
			0x284, 0x1a0, 0x1a0, 0x1a0, 0x1a0, 0x1a0, 0x1a0, 0x1a0, 0x1a0, 0x1a0, 0x1a0, 0x1a0, 0x1a0, 0x1a0, 0x1a0, 0x1a0,
			0x8b1, 0x8b1, 0x8b1, 0x8b1, 0x8b1, 0x8b1, 0x8b1, 0x8b1, 0x8b1, 0x8b1, 0x1a0, 0x1a0, 0x1a0, 0x1a0, 0x1a0, 0x1a0,
			0x1a0, 0xca3, 0xca3, 0xca3, 0xca3, 0xca3, 0xca3, 0x4a3, 0x4a3, 0x4a3, 0x4a3, 0x4a3, 0x4a3, 0x4a3, 0x4a3, 0x4a3,
			0x4a3, 0x4a3, 0x4a3, 0x4a3, 0x4a3, 0x4a3, 0x4a3, 0x4a3, 0x4a3, 0x4a3, 0x4a3, 0x1a0, 0x1a0, 0x1a0, 0x1a0, 0x1a0,
			0x1a0, 0x8e3, 0x8e3, 0x8e3, 0x8e3, 0x8e3, 0x8e3, 0x0e3, 0x0e3, 0x0e3, 0x0e3, 0x0e3, 0x0e3, 0x0e3, 0x0e3, 0x0e3,
			0x0e3, 0x0e3, 0x0e3, 0x0e3, 0x0e3, 0x0e3, 0x0e3, 0x0e3, 0x0e3, 0x0e3, 0x0e3, 0x1a0, 0x1a0, 0x1a0, 0x1a0, 0x008,
			0x000, 0x000, 0x000, 0x000, 0x000, 0x000, 0x000, 0x000, 0x000, 0x000, 0x000, 0x000, 0x000, 0x000, 0x000, 0x000,
			0x000, 0x000, 0x000, 0x000, 0x000, 0x000, 0x000, 0x000, 0x000, 0x000, 0x000, 0x000, 0x000, 0x000, 0x000, 0x000,
			0x000, 0x000, 0x000, 0x000, 0x000, 0x000, 0x000, 0x000, 0x000, 0x000, 0x000, 0x000, 0x000, 0x000, 0x000, 0x000,
			0x000, 0x000, 0x000, 0x000, 0x000, 0x000, 0x000, 0x000, 0x000, 0x000, 0x000, 0x000, 0x000, 0x000, 0x000, 0x000,
			0x000, 0x000, 0x000, 0x000, 0x000, 0x000, 0x000, 0x000, 0x000, 0x000, 0x000, 0x000, 0x000, 0x000, 0x000, 0x000,
			0x000, 0x000, 0x000, 0x000, 0x000, 0x000, 0x000, 0x000, 0x000, 0x000, 0x000, 0x000, 0x000, 0x000, 0x000, 0x000,
			0x000, 0x000, 0x000, 0x000, 0x000, 0x000, 0x000, 0x000, 0x000, 0x000, 0x000, 0x000, 0x000, 0x000, 0x000, 0x000,
			0x000, 0x000, 0x000, 0x000, 0x000, 0x000, 0x000, 0x000, 0x000, 0x000, 0x000, 0x000, 0x000, 0x000, 0x000, 0x000,
		},
		"es_BO": {
			0x008, 0x008, 0x008, 0x008, 0x008, 0x008, 0x008, 0x008, 0x008, 0x20c, 0x208, 0x208, 0x208, 0x208, 0x008, 0x008,
			0x008, 0x008, 0x008, 0x008, 0x008, 0x008, 0x008, 0x008, 0x008, 0x008, 0x008, 0x008, 0x008, 0x008, 0x008, 0x008,
			0x284, 0x1a0, 0x1a0, 0x1a0, 0x1a0, 0x1a0, 0x1a0, 0x1a0, 0x1a0, 0x1a0, 0x1a0, 0x1a0, 0x1a0, 0x1a0, 0x1a0, 0x1a0,
			0x8b1, 0x8b1, 0x8b1, 0x8b1, 0x8b1, 0x8b1, 0x8b1, 0x8b1, 0x8b1, 0x8b1, 0x1a0, 0x1a0, 0x1a0, 0x1a0, 0x1a0, 0x1a0,
			0x1a0, 0xca3, 0xca3, 0xca3, 0xca3, 0xca3, 0xca3, 0x4a3, 0x4a3, 0x4a3, 0x4a3, 0x4a3, 0x4a3, 0x4a3, 0x4a3, 0x4a3,
			0x4a3, 0x4a3, 0x4a3, 0x4a3, 0x4a3, 0x4a3, 0x4a3, 0x4a3, 0x4a3, 0x4a3, 0x4a3, 0x1a0, 0x1a0, 0x1a0, 0x1a0, 0x1a0,
			0x1a0, 0x8e3, 0x8e3, 0x8e3, 0x8e3, 0x8e3, 0x8e3, 0x0e3, 0x0e3, 0x0e3, 0x0e3, 0x0e3, 0x0e3, 0x0e3, 0x0e3, 0x0e3,
			0x0e3, 0x0e3, 0x0e3, 0x0e3, 0x0e3, 0x0e3, 0x0e3, 0x0e3, 0x0e3, 0x0e3, 0x0e3, 0x1a0, 0x1a0, 0x1a0, 0x1a0, 0x008,
			0x008, 0x008, 0x008, 0x008, 0x008, 0x008, 0x008, 0x008, 0x008, 0x008, 0x008, 0x008, 0x008, 0x008, 0x008, 0x008,
			0x008, 0x008, 0x008, 0x008, 0x008, 0x008, 0x008, 0x008, 0x008, 0x008, 0x008, 0x008, 0x008, 0x008, 0x008, 0x008,
			0x1a0, 0x1a0, 0x1a0, 0x1a0, 0x1a0, 0x1a0, 0x1a0, 0x1a0, 0x1a0, 0x1a0, 0x0e3, 0x1a0, 0x1a0, 0x1a0, 0x1a0, 0x1a0,
			0x1a0, 0x1a0, 0x1a0, 0x1a0, 0x1a0, 0x0e3, 0x1a0, 0x1a0, 0x1a0, 0x1a0, 0x0e3, 0x1a0, 0x1a0, 0x1a0, 0x1a0, 0x1a0,
			0x4a3, 0x4a3, 0x4a3, 0x4a3, 0x4a3, 0x4a3, 0x4a3, 0x4a3, 0x4a3, 0x4a3, 0x4a3, 0x4a3, 0x4a3, 0x4a3, 0x4a3, 0x4a3,
			0x4a3, 0x4a3, 0x4a3, 0x4a3, 0x4a3, 0x4a3, 0x4a3, 0x1a0, 0x4a3, 0x4a3, 0x4a3, 0x4a3, 0x4a3, 0x4a3, 0x4a3, 0x0e3,
			0x0e3, 0x0e3, 0x0e3, 0x0e3, 0x0e3, 0x0e3, 0x0e3, 0x0e3, 0x0e3, 0x0e3, 0x0e3, 0x0e3, 0x0e3, 0x0e3, 0x0e3, 0x0e3,
			0x0e3, 0x0e3, 0x0e3, 0x0e3, 0x0e3, 0x0e3, 0x0e3, 0x1a0, 0x0e3, 0x0e3, 0x0e3, 0x0e3, 0x0e3, 0x0e3, 0x0e3, 0x0e3,
		},
		"es_BO.utf8": {
			0x008, 0x008, 0x008, 0x008, 0x008, 0x008, 0x008, 0x008, 0x008, 0x20c, 0x208, 0x208, 0x208, 0x208, 0x008, 0x008,
			0x008, 0x008, 0x008, 0x008, 0x008, 0x008, 0x008, 0x008, 0x008, 0x008, 0x008, 0x008, 0x008, 0x008, 0x008, 0x008,
			0x284, 0x1a0, 0x1a0, 0x1a0, 0x1a0, 0x1a0, 0x1a0, 0x1a0, 0x1a0, 0x1a0, 0x1a0, 0x1a0, 0x1a0, 0x1a0, 0x1a0, 0x1a0,
			0x8b1, 0x8b1, 0x8b1, 0x8b1, 0x8b1, 0x8b1, 0x8b1, 0x8b1, 0x8b1, 0x8b1, 0x1a0, 0x1a0, 0x1a0, 0x1a0, 0x1a0, 0x1a0,
			0x1a0, 0xca3, 0xca3, 0xca3, 0xca3, 0xca3, 0xca3, 0x4a3, 0x4a3, 0x4a3, 0x4a3, 0x4a3, 0x4a3, 0x4a3, 0x4a3, 0x4a3,
			0x4a3, 0x4a3, 0x4a3, 0x4a3, 0x4a3, 0x4a3, 0x4a3, 0x4a3, 0x4a3, 0x4a3, 0x4a3, 0x1a0, 0x1a0, 0x1a0, 0x1a0, 0x1a0,
			0x1a0, 0x8e3, 0x8e3, 0x8e3, 0x8e3, 0x8e3, 0x8e3, 0x0e3, 0x0e3, 0x0e3, 0x0e3, 0x0e3, 0x0e3, 0x0e3, 0x0e3, 0x0e3,
			0x0e3, 0x0e3, 0x0e3, 0x0e3, 0x0e3, 0x0e3, 0x0e3, 0x0e3, 0x0e3, 0x0e3, 0x0e3, 0x1a0, 0x1a0, 0x1a0, 0x1a0, 0x008,
			0x000, 0x000, 0x000, 0x000, 0x000, 0x000, 0x000, 0x000, 0x000, 0x000, 0x000, 0x000, 0x000, 0x000, 0x000, 0x000,
			0x000, 0x000, 0x000, 0x000, 0x000, 0x000, 0x000, 0x000, 0x000, 0x000, 0x000, 0x000, 0x000, 0x000, 0x000, 0x000,
			0x000, 0x000, 0x000, 0x000, 0x000, 0x000, 0x000, 0x000, 0x000, 0x000, 0x000, 0x000, 0x000, 0x000, 0x000, 0x000,
			0x000, 0x000, 0x000, 0x000, 0x000, 0x000, 0x000, 0x000, 0x000, 0x000, 0x000, 0x000, 0x000, 0x000, 0x000, 0x000,
			0x000, 0x000, 0x000, 0x000, 0x000, 0x000, 0x000, 0x000, 0x000, 0x000, 0x000, 0x000, 0x000, 0x000, 0x000, 0x000,
			0x000, 0x000, 0x000, 0x000, 0x000, 0x000, 0x000, 0x000, 0x000, 0x000, 0x000, 0x000, 0x000, 0x000, 0x000, 0x000,
			0x000, 0x000, 0x000, 0x000, 0x000, 0x000, 0x000, 0x000, 0x000, 0x000, 0x000, 0x000, 0x000, 0x000, 0x000, 0x000,
			0x000, 0x000, 0x000, 0x000, 0x000, 0x000, 0x000, 0x000, 0x000, 0x000, 0x000, 0x000, 0x000, 0x000, 0x000, 0x000,
		},
		"es_CL": {
			0x008, 0x008, 0x008, 0x008, 0x008, 0x008, 0x008, 0x008, 0x008, 0x20c, 0x208, 0x208, 0x208, 0x208, 0x008, 0x008,
			0x008, 0x008, 0x008, 0x008, 0x008, 0x008, 0x008, 0x008, 0x008, 0x008, 0x008, 0x008, 0x008, 0x008, 0x008, 0x008,
			0x284, 0x1a0, 0x1a0, 0x1a0, 0x1a0, 0x1a0, 0x1a0, 0x1a0, 0x1a0, 0x1a0, 0x1a0, 0x1a0, 0x1a0, 0x1a0, 0x1a0, 0x1a0,
			0x8b1, 0x8b1, 0x8b1, 0x8b1, 0x8b1, 0x8b1, 0x8b1, 0x8b1, 0x8b1, 0x8b1, 0x1a0, 0x1a0, 0x1a0, 0x1a0, 0x1a0, 0x1a0,
			0x1a0, 0xca3, 0xca3, 0xca3, 0xca3, 0xca3, 0xca3, 0x4a3, 0x4a3, 0x4a3, 0x4a3, 0x4a3, 0x4a3, 0x4a3, 0x4a3, 0x4a3,
			0x4a3, 0x4a3, 0x4a3, 0x4a3, 0x4a3, 0x4a3, 0x4a3, 0x4a3, 0x4a3, 0x4a3, 0x4a3, 0x1a0, 0x1a0, 0x1a0, 0x1a0, 0x1a0,
			0x1a0, 0x8e3, 0x8e3, 0x8e3, 0x8e3, 0x8e3, 0x8e3, 0x0e3, 0x0e3, 0x0e3, 0x0e3, 0x0e3, 0x0e3, 0x0e3, 0x0e3, 0x0e3,
			0x0e3, 0x0e3, 0x0e3, 0x0e3, 0x0e3, 0x0e3, 0x0e3, 0x0e3, 0x0e3, 0x0e3, 0x0e3, 0x1a0, 0x1a0, 0x1a0, 0x1a0, 0x008,
			0x008, 0x008, 0x008, 0x008, 0x008, 0x008, 0x008, 0x008, 0x008, 0x008, 0x008, 0x008, 0x008, 0x008, 0x008, 0x008,
			0x008, 0x008, 0x008, 0x008, 0x008, 0x008, 0x008, 0x008, 0x008, 0x008, 0x008, 0x008, 0x008, 0x008, 0x008, 0x008,
			0x1a0, 0x1a0, 0x1a0, 0x1a0, 0x1a0, 0x1a0, 0x1a0, 0x1a0, 0x1a0, 0x1a0, 0x0e3, 0x1a0, 0x1a0, 0x1a0, 0x1a0, 0x1a0,
			0x1a0, 0x1a0, 0x1a0, 0x1a0, 0x1a0, 0x0e3, 0x1a0, 0x1a0, 0x1a0, 0x1a0, 0x0e3, 0x1a0, 0x1a0, 0x1a0, 0x1a0, 0x1a0,
			0x4a3, 0x4a3, 0x4a3, 0x4a3, 0x4a3, 0x4a3, 0x4a3, 0x4a3, 0x4a3, 0x4a3, 0x4a3, 0x4a3, 0x4a3, 0x4a3, 0x4a3, 0x4a3,
			0x4a3, 0x4a3, 0x4a3, 0x4a3, 0x4a3, 0x4a3, 0x4a3, 0x1a0, 0x4a3, 0x4a3, 0x4a3, 0x4a3, 0x4a3, 0x4a3, 0x4a3, 0x0e3,
			0x0e3, 0x0e3, 0x0e3, 0x0e3, 0x0e3, 0x0e3, 0x0e3, 0x0e3, 0x0e3, 0x0e3, 0x0e3, 0x0e3, 0x0e3, 0x0e3, 0x0e3, 0x0e3,
			0x0e3, 0x0e3, 0x0e3, 0x0e3, 0x0e3, 0x0e3, 0x0e3, 0x1a0, 0x0e3, 0x0e3, 0x0e3, 0x0e3, 0x0e3, 0x0e3, 0x0e3, 0x0e3,
		},
		"es_CL.utf8": {
			0x008, 0x008, 0x008, 0x008, 0x008, 0x008, 0x008, 0x008, 0x008, 0x20c, 0x208, 0x208, 0x208, 0x208, 0x008, 0x008,
			0x008, 0x008, 0x008, 0x008, 0x008, 0x008, 0x008, 0x008, 0x008, 0x008, 0x008, 0x008, 0x008, 0x008, 0x008, 0x008,
			0x284, 0x1a0, 0x1a0, 0x1a0, 0x1a0, 0x1a0, 0x1a0, 0x1a0, 0x1a0, 0x1a0, 0x1a0, 0x1a0, 0x1a0, 0x1a0, 0x1a0, 0x1a0,
			0x8b1, 0x8b1, 0x8b1, 0x8b1, 0x8b1, 0x8b1, 0x8b1, 0x8b1, 0x8b1, 0x8b1, 0x1a0, 0x1a0, 0x1a0, 0x1a0, 0x1a0, 0x1a0,
			0x1a0, 0xca3, 0xca3, 0xca3, 0xca3, 0xca3, 0xca3, 0x4a3, 0x4a3, 0x4a3, 0x4a3, 0x4a3, 0x4a3, 0x4a3, 0x4a3, 0x4a3,
			0x4a3, 0x4a3, 0x4a3, 0x4a3, 0x4a3, 0x4a3, 0x4a3, 0x4a3, 0x4a3, 0x4a3, 0x4a3, 0x1a0, 0x1a0, 0x1a0, 0x1a0, 0x1a0,
			0x1a0, 0x8e3, 0x8e3, 0x8e3, 0x8e3, 0x8e3, 0x8e3, 0x0e3, 0x0e3, 0x0e3, 0x0e3, 0x0e3, 0x0e3, 0x0e3, 0x0e3, 0x0e3,
			0x0e3, 0x0e3, 0x0e3, 0x0e3, 0x0e3, 0x0e3, 0x0e3, 0x0e3, 0x0e3, 0x0e3, 0x0e3, 0x1a0, 0x1a0, 0x1a0, 0x1a0, 0x008,
			0x000, 0x000, 0x000, 0x000, 0x000, 0x000, 0x000, 0x000, 0x000, 0x000, 0x000, 0x000, 0x000, 0x000, 0x000, 0x000,
			0x000, 0x000, 0x000, 0x000, 0x000, 0x000, 0x000, 0x000, 0x000, 0x000, 0x000, 0x000, 0x000, 0x000, 0x000, 0x000,
			0x000, 0x000, 0x000, 0x000, 0x000, 0x000, 0x000, 0x000, 0x000, 0x000, 0x000, 0x000, 0x000, 0x000, 0x000, 0x000,
			0x000, 0x000, 0x000, 0x000, 0x000, 0x000, 0x000, 0x000, 0x000, 0x000, 0x000, 0x000, 0x000, 0x000, 0x000, 0x000,
			0x000, 0x000, 0x000, 0x000, 0x000, 0x000, 0x000, 0x000, 0x000, 0x000, 0x000, 0x000, 0x000, 0x000, 0x000, 0x000,
			0x000, 0x000, 0x000, 0x000, 0x000, 0x000, 0x000, 0x000, 0x000, 0x000, 0x000, 0x000, 0x000, 0x000, 0x000, 0x000,
			0x000, 0x000, 0x000, 0x000, 0x000, 0x000, 0x000, 0x000, 0x000, 0x000, 0x000, 0x000, 0x000, 0x000, 0x000, 0x000,
			0x000, 0x000, 0x000, 0x000, 0x000, 0x000, 0x000, 0x000, 0x000, 0x000, 0x000, 0x000, 0x000, 0x000, 0x000, 0x000,
		},
		"es_CO": {
			0x008, 0x008, 0x008, 0x008, 0x008, 0x008, 0x008, 0x008, 0x008, 0x20c, 0x208, 0x208, 0x208, 0x208, 0x008, 0x008,
			0x008, 0x008, 0x008, 0x008, 0x008, 0x008, 0x008, 0x008, 0x008, 0x008, 0x008, 0x008, 0x008, 0x008, 0x008, 0x008,
			0x284, 0x1a0, 0x1a0, 0x1a0, 0x1a0, 0x1a0, 0x1a0, 0x1a0, 0x1a0, 0x1a0, 0x1a0, 0x1a0, 0x1a0, 0x1a0, 0x1a0, 0x1a0,
			0x8b1, 0x8b1, 0x8b1, 0x8b1, 0x8b1, 0x8b1, 0x8b1, 0x8b1, 0x8b1, 0x8b1, 0x1a0, 0x1a0, 0x1a0, 0x1a0, 0x1a0, 0x1a0,
			0x1a0, 0xca3, 0xca3, 0xca3, 0xca3, 0xca3, 0xca3, 0x4a3, 0x4a3, 0x4a3, 0x4a3, 0x4a3, 0x4a3, 0x4a3, 0x4a3, 0x4a3,
			0x4a3, 0x4a3, 0x4a3, 0x4a3, 0x4a3, 0x4a3, 0x4a3, 0x4a3, 0x4a3, 0x4a3, 0x4a3, 0x1a0, 0x1a0, 0x1a0, 0x1a0, 0x1a0,
			0x1a0, 0x8e3, 0x8e3, 0x8e3, 0x8e3, 0x8e3, 0x8e3, 0x0e3, 0x0e3, 0x0e3, 0x0e3, 0x0e3, 0x0e3, 0x0e3, 0x0e3, 0x0e3,
			0x0e3, 0x0e3, 0x0e3, 0x0e3, 0x0e3, 0x0e3, 0x0e3, 0x0e3, 0x0e3, 0x0e3, 0x0e3, 0x1a0, 0x1a0, 0x1a0, 0x1a0, 0x008,
			0x008, 0x008, 0x008, 0x008, 0x008, 0x008, 0x008, 0x008, 0x008, 0x008, 0x008, 0x008, 0x008, 0x008, 0x008, 0x008,
			0x008, 0x008, 0x008, 0x008, 0x008, 0x008, 0x008, 0x008, 0x008, 0x008, 0x008, 0x008, 0x008, 0x008, 0x008, 0x008,
			0x1a0, 0x1a0, 0x1a0, 0x1a0, 0x1a0, 0x1a0, 0x1a0, 0x1a0, 0x1a0, 0x1a0, 0x0e3, 0x1a0, 0x1a0, 0x1a0, 0x1a0, 0x1a0,
			0x1a0, 0x1a0, 0x1a0, 0x1a0, 0x1a0, 0x0e3, 0x1a0, 0x1a0, 0x1a0, 0x1a0, 0x0e3, 0x1a0, 0x1a0, 0x1a0, 0x1a0, 0x1a0,
			0x4a3, 0x4a3, 0x4a3, 0x4a3, 0x4a3, 0x4a3, 0x4a3, 0x4a3, 0x4a3, 0x4a3, 0x4a3, 0x4a3, 0x4a3, 0x4a3, 0x4a3, 0x4a3,
			0x4a3, 0x4a3, 0x4a3, 0x4a3, 0x4a3, 0x4a3, 0x4a3, 0x1a0, 0x4a3, 0x4a3, 0x4a3, 0x4a3, 0x4a3, 0x4a3, 0x4a3, 0x0e3,
			0x0e3, 0x0e3, 0x0e3, 0x0e3, 0x0e3, 0x0e3, 0x0e3, 0x0e3, 0x0e3, 0x0e3, 0x0e3, 0x0e3, 0x0e3, 0x0e3, 0x0e3, 0x0e3,
			0x0e3, 0x0e3, 0x0e3, 0x0e3, 0x0e3, 0x0e3, 0x0e3, 0x1a0, 0x0e3, 0x0e3, 0x0e3, 0x0e3, 0x0e3, 0x0e3, 0x0e3, 0x0e3,
		},
		"es_CO.utf8": {
			0x008, 0x008, 0x008, 0x008, 0x008, 0x008, 0x008, 0x008, 0x008, 0x20c, 0x208, 0x208, 0x208, 0x208, 0x008, 0x008,
			0x008, 0x008, 0x008, 0x008, 0x008, 0x008, 0x008, 0x008, 0x008, 0x008, 0x008, 0x008, 0x008, 0x008, 0x008, 0x008,
			0x284, 0x1a0, 0x1a0, 0x1a0, 0x1a0, 0x1a0, 0x1a0, 0x1a0, 0x1a0, 0x1a0, 0x1a0, 0x1a0, 0x1a0, 0x1a0, 0x1a0, 0x1a0,
			0x8b1, 0x8b1, 0x8b1, 0x8b1, 0x8b1, 0x8b1, 0x8b1, 0x8b1, 0x8b1, 0x8b1, 0x1a0, 0x1a0, 0x1a0, 0x1a0, 0x1a0, 0x1a0,
			0x1a0, 0xca3, 0xca3, 0xca3, 0xca3, 0xca3, 0xca3, 0x4a3, 0x4a3, 0x4a3, 0x4a3, 0x4a3, 0x4a3, 0x4a3, 0x4a3, 0x4a3,
			0x4a3, 0x4a3, 0x4a3, 0x4a3, 0x4a3, 0x4a3, 0x4a3, 0x4a3, 0x4a3, 0x4a3, 0x4a3, 0x1a0, 0x1a0, 0x1a0, 0x1a0, 0x1a0,
			0x1a0, 0x8e3, 0x8e3, 0x8e3, 0x8e3, 0x8e3, 0x8e3, 0x0e3, 0x0e3, 0x0e3, 0x0e3, 0x0e3, 0x0e3, 0x0e3, 0x0e3, 0x0e3,
			0x0e3, 0x0e3, 0x0e3, 0x0e3, 0x0e3, 0x0e3, 0x0e3, 0x0e3, 0x0e3, 0x0e3, 0x0e3, 0x1a0, 0x1a0, 0x1a0, 0x1a0, 0x008,
			0x000, 0x000, 0x000, 0x000, 0x000, 0x000, 0x000, 0x000, 0x000, 0x000, 0x000, 0x000, 0x000, 0x000, 0x000, 0x000,
			0x000, 0x000, 0x000, 0x000, 0x000, 0x000, 0x000, 0x000, 0x000, 0x000, 0x000, 0x000, 0x000, 0x000, 0x000, 0x000,
			0x000, 0x000, 0x000, 0x000, 0x000, 0x000, 0x000, 0x000, 0x000, 0x000, 0x000, 0x000, 0x000, 0x000, 0x000, 0x000,
			0x000, 0x000, 0x000, 0x000, 0x000, 0x000, 0x000, 0x000, 0x000, 0x000, 0x000, 0x000, 0x000, 0x000, 0x000, 0x000,
			0x000, 0x000, 0x000, 0x000, 0x000, 0x000, 0x000, 0x000, 0x000, 0x000, 0x000, 0x000, 0x000, 0x000, 0x000, 0x000,
			0x000, 0x000, 0x000, 0x000, 0x000, 0x000, 0x000, 0x000, 0x000, 0x000, 0x000, 0x000, 0x000, 0x000, 0x000, 0x000,
			0x000, 0x000, 0x000, 0x000, 0x000, 0x000, 0x000, 0x000, 0x000, 0x000, 0x000, 0x000, 0x000, 0x000, 0x000, 0x000,
			0x000, 0x000, 0x000, 0x000, 0x000, 0x000, 0x000, 0x000, 0x000, 0x000, 0x000, 0x000, 0x000, 0x000, 0x000, 0x000,
		},
		"es_CR": {
			0x008, 0x008, 0x008, 0x008, 0x008, 0x008, 0x008, 0x008, 0x008, 0x20c, 0x208, 0x208, 0x208, 0x208, 0x008, 0x008,
			0x008, 0x008, 0x008, 0x008, 0x008, 0x008, 0x008, 0x008, 0x008, 0x008, 0x008, 0x008, 0x008, 0x008, 0x008, 0x008,
			0x284, 0x1a0, 0x1a0, 0x1a0, 0x1a0, 0x1a0, 0x1a0, 0x1a0, 0x1a0, 0x1a0, 0x1a0, 0x1a0, 0x1a0, 0x1a0, 0x1a0, 0x1a0,
			0x8b1, 0x8b1, 0x8b1, 0x8b1, 0x8b1, 0x8b1, 0x8b1, 0x8b1, 0x8b1, 0x8b1, 0x1a0, 0x1a0, 0x1a0, 0x1a0, 0x1a0, 0x1a0,
			0x1a0, 0xca3, 0xca3, 0xca3, 0xca3, 0xca3, 0xca3, 0x4a3, 0x4a3, 0x4a3, 0x4a3, 0x4a3, 0x4a3, 0x4a3, 0x4a3, 0x4a3,
			0x4a3, 0x4a3, 0x4a3, 0x4a3, 0x4a3, 0x4a3, 0x4a3, 0x4a3, 0x4a3, 0x4a3, 0x4a3, 0x1a0, 0x1a0, 0x1a0, 0x1a0, 0x1a0,
			0x1a0, 0x8e3, 0x8e3, 0x8e3, 0x8e3, 0x8e3, 0x8e3, 0x0e3, 0x0e3, 0x0e3, 0x0e3, 0x0e3, 0x0e3, 0x0e3, 0x0e3, 0x0e3,
			0x0e3, 0x0e3, 0x0e3, 0x0e3, 0x0e3, 0x0e3, 0x0e3, 0x0e3, 0x0e3, 0x0e3, 0x0e3, 0x1a0, 0x1a0, 0x1a0, 0x1a0, 0x008,
			0x008, 0x008, 0x008, 0x008, 0x008, 0x008, 0x008, 0x008, 0x008, 0x008, 0x008, 0x008, 0x008, 0x008, 0x008, 0x008,
			0x008, 0x008, 0x008, 0x008, 0x008, 0x008, 0x008, 0x008, 0x008, 0x008, 0x008, 0x008, 0x008, 0x008, 0x008, 0x008,
			0x1a0, 0x1a0, 0x1a0, 0x1a0, 0x1a0, 0x1a0, 0x1a0, 0x1a0, 0x1a0, 0x1a0, 0x0e3, 0x1a0, 0x1a0, 0x1a0, 0x1a0, 0x1a0,
			0x1a0, 0x1a0, 0x1a0, 0x1a0, 0x1a0, 0x0e3, 0x1a0, 0x1a0, 0x1a0, 0x1a0, 0x0e3, 0x1a0, 0x1a0, 0x1a0, 0x1a0, 0x1a0,
			0x4a3, 0x4a3, 0x4a3, 0x4a3, 0x4a3, 0x4a3, 0x4a3, 0x4a3, 0x4a3, 0x4a3, 0x4a3, 0x4a3, 0x4a3, 0x4a3, 0x4a3, 0x4a3,
			0x4a3, 0x4a3, 0x4a3, 0x4a3, 0x4a3, 0x4a3, 0x4a3, 0x1a0, 0x4a3, 0x4a3, 0x4a3, 0x4a3, 0x4a3, 0x4a3, 0x4a3, 0x0e3,
			0x0e3, 0x0e3, 0x0e3, 0x0e3, 0x0e3, 0x0e3, 0x0e3, 0x0e3, 0x0e3, 0x0e3, 0x0e3, 0x0e3, 0x0e3, 0x0e3, 0x0e3, 0x0e3,
			0x0e3, 0x0e3, 0x0e3, 0x0e3, 0x0e3, 0x0e3, 0x0e3, 0x1a0, 0x0e3, 0x0e3, 0x0e3, 0x0e3, 0x0e3, 0x0e3, 0x0e3, 0x0e3,
		},
		"es_CR.utf8": {
			0x008, 0x008, 0x008, 0x008, 0x008, 0x008, 0x008, 0x008, 0x008, 0x20c, 0x208, 0x208, 0x208, 0x208, 0x008, 0x008,
			0x008, 0x008, 0x008, 0x008, 0x008, 0x008, 0x008, 0x008, 0x008, 0x008, 0x008, 0x008, 0x008, 0x008, 0x008, 0x008,
			0x284, 0x1a0, 0x1a0, 0x1a0, 0x1a0, 0x1a0, 0x1a0, 0x1a0, 0x1a0, 0x1a0, 0x1a0, 0x1a0, 0x1a0, 0x1a0, 0x1a0, 0x1a0,
			0x8b1, 0x8b1, 0x8b1, 0x8b1, 0x8b1, 0x8b1, 0x8b1, 0x8b1, 0x8b1, 0x8b1, 0x1a0, 0x1a0, 0x1a0, 0x1a0, 0x1a0, 0x1a0,
			0x1a0, 0xca3, 0xca3, 0xca3, 0xca3, 0xca3, 0xca3, 0x4a3, 0x4a3, 0x4a3, 0x4a3, 0x4a3, 0x4a3, 0x4a3, 0x4a3, 0x4a3,
			0x4a3, 0x4a3, 0x4a3, 0x4a3, 0x4a3, 0x4a3, 0x4a3, 0x4a3, 0x4a3, 0x4a3, 0x4a3, 0x1a0, 0x1a0, 0x1a0, 0x1a0, 0x1a0,
			0x1a0, 0x8e3, 0x8e3, 0x8e3, 0x8e3, 0x8e3, 0x8e3, 0x0e3, 0x0e3, 0x0e3, 0x0e3, 0x0e3, 0x0e3, 0x0e3, 0x0e3, 0x0e3,
			0x0e3, 0x0e3, 0x0e3, 0x0e3, 0x0e3, 0x0e3, 0x0e3, 0x0e3, 0x0e3, 0x0e3, 0x0e3, 0x1a0, 0x1a0, 0x1a0, 0x1a0, 0x008,
			0x000, 0x000, 0x000, 0x000, 0x000, 0x000, 0x000, 0x000, 0x000, 0x000, 0x000, 0x000, 0x000, 0x000, 0x000, 0x000,
			0x000, 0x000, 0x000, 0x000, 0x000, 0x000, 0x000, 0x000, 0x000, 0x000, 0x000, 0x000, 0x000, 0x000, 0x000, 0x000,
			0x000, 0x000, 0x000, 0x000, 0x000, 0x000, 0x000, 0x000, 0x000, 0x000, 0x000, 0x000, 0x000, 0x000, 0x000, 0x000,
			0x000, 0x000, 0x000, 0x000, 0x000, 0x000, 0x000, 0x000, 0x000, 0x000, 0x000, 0x000, 0x000, 0x000, 0x000, 0x000,
			0x000, 0x000, 0x000, 0x000, 0x000, 0x000, 0x000, 0x000, 0x000, 0x000, 0x000, 0x000, 0x000, 0x000, 0x000, 0x000,
			0x000, 0x000, 0x000, 0x000, 0x000, 0x000, 0x000, 0x000, 0x000, 0x000, 0x000, 0x000, 0x000, 0x000, 0x000, 0x000,
			0x000, 0x000, 0x000, 0x000, 0x000, 0x000, 0x000, 0x000, 0x000, 0x000, 0x000, 0x000, 0x000, 0x000, 0x000, 0x000,
			0x000, 0x000, 0x000, 0x000, 0x000, 0x000, 0x000, 0x000, 0x000, 0x000, 0x000, 0x000, 0x000, 0x000, 0x000, 0x000,
		},
		"es_CU": {
			0x008, 0x008, 0x008, 0x008, 0x008, 0x008, 0x008, 0x008, 0x008, 0x20c, 0x208, 0x208, 0x208, 0x208, 0x008, 0x008,
			0x008, 0x008, 0x008, 0x008, 0x008, 0x008, 0x008, 0x008, 0x008, 0x008, 0x008, 0x008, 0x008, 0x008, 0x008, 0x008,
			0x284, 0x1a0, 0x1a0, 0x1a0, 0x1a0, 0x1a0, 0x1a0, 0x1a0, 0x1a0, 0x1a0, 0x1a0, 0x1a0, 0x1a0, 0x1a0, 0x1a0, 0x1a0,
			0x8b1, 0x8b1, 0x8b1, 0x8b1, 0x8b1, 0x8b1, 0x8b1, 0x8b1, 0x8b1, 0x8b1, 0x1a0, 0x1a0, 0x1a0, 0x1a0, 0x1a0, 0x1a0,
			0x1a0, 0xca3, 0xca3, 0xca3, 0xca3, 0xca3, 0xca3, 0x4a3, 0x4a3, 0x4a3, 0x4a3, 0x4a3, 0x4a3, 0x4a3, 0x4a3, 0x4a3,
			0x4a3, 0x4a3, 0x4a3, 0x4a3, 0x4a3, 0x4a3, 0x4a3, 0x4a3, 0x4a3, 0x4a3, 0x4a3, 0x1a0, 0x1a0, 0x1a0, 0x1a0, 0x1a0,
			0x1a0, 0x8e3, 0x8e3, 0x8e3, 0x8e3, 0x8e3, 0x8e3, 0x0e3, 0x0e3, 0x0e3, 0x0e3, 0x0e3, 0x0e3, 0x0e3, 0x0e3, 0x0e3,
			0x0e3, 0x0e3, 0x0e3, 0x0e3, 0x0e3, 0x0e3, 0x0e3, 0x0e3, 0x0e3, 0x0e3, 0x0e3, 0x1a0, 0x1a0, 0x1a0, 0x1a0, 0x008,
			0x000, 0x000, 0x000, 0x000, 0x000, 0x000, 0x000, 0x000, 0x000, 0x000, 0x000, 0x000, 0x000, 0x000, 0x000, 0x000,
			0x000, 0x000, 0x000, 0x000, 0x000, 0x000, 0x000, 0x000, 0x000, 0x000, 0x000, 0x000, 0x000, 0x000, 0x000, 0x000,
			0x000, 0x000, 0x000, 0x000, 0x000, 0x000, 0x000, 0x000, 0x000, 0x000, 0x000, 0x000, 0x000, 0x000, 0x000, 0x000,
			0x000, 0x000, 0x000, 0x000, 0x000, 0x000, 0x000, 0x000, 0x000, 0x000, 0x000, 0x000, 0x000, 0x000, 0x000, 0x000,
			0x000, 0x000, 0x000, 0x000, 0x000, 0x000, 0x000, 0x000, 0x000, 0x000, 0x000, 0x000, 0x000, 0x000, 0x000, 0x000,
			0x000, 0x000, 0x000, 0x000, 0x000, 0x000, 0x000, 0x000, 0x000, 0x000, 0x000, 0x000, 0x000, 0x000, 0x000, 0x000,
			0x000, 0x000, 0x000, 0x000, 0x000, 0x000, 0x000, 0x000, 0x000, 0x000, 0x000, 0x000, 0x000, 0x000, 0x000, 0x000,
			0x000, 0x000, 0x000, 0x000, 0x000, 0x000, 0x000, 0x000, 0x000, 0x000, 0x000, 0x000, 0x000, 0x000, 0x000, 0x000,
		},
		"es_DO": {
			0x008, 0x008, 0x008, 0x008, 0x008, 0x008, 0x008, 0x008, 0x008, 0x20c, 0x208, 0x208, 0x208, 0x208, 0x008, 0x008,
			0x008, 0x008, 0x008, 0x008, 0x008, 0x008, 0x008, 0x008, 0x008, 0x008, 0x008, 0x008, 0x008, 0x008, 0x008, 0x008,
			0x284, 0x1a0, 0x1a0, 0x1a0, 0x1a0, 0x1a0, 0x1a0, 0x1a0, 0x1a0, 0x1a0, 0x1a0, 0x1a0, 0x1a0, 0x1a0, 0x1a0, 0x1a0,
			0x8b1, 0x8b1, 0x8b1, 0x8b1, 0x8b1, 0x8b1, 0x8b1, 0x8b1, 0x8b1, 0x8b1, 0x1a0, 0x1a0, 0x1a0, 0x1a0, 0x1a0, 0x1a0,
			0x1a0, 0xca3, 0xca3, 0xca3, 0xca3, 0xca3, 0xca3, 0x4a3, 0x4a3, 0x4a3, 0x4a3, 0x4a3, 0x4a3, 0x4a3, 0x4a3, 0x4a3,
			0x4a3, 0x4a3, 0x4a3, 0x4a3, 0x4a3, 0x4a3, 0x4a3, 0x4a3, 0x4a3, 0x4a3, 0x4a3, 0x1a0, 0x1a0, 0x1a0, 0x1a0, 0x1a0,
			0x1a0, 0x8e3, 0x8e3, 0x8e3, 0x8e3, 0x8e3, 0x8e3, 0x0e3, 0x0e3, 0x0e3, 0x0e3, 0x0e3, 0x0e3, 0x0e3, 0x0e3, 0x0e3,
			0x0e3, 0x0e3, 0x0e3, 0x0e3, 0x0e3, 0x0e3, 0x0e3, 0x0e3, 0x0e3, 0x0e3, 0x0e3, 0x1a0, 0x1a0, 0x1a0, 0x1a0, 0x008,
			0x008, 0x008, 0x008, 0x008, 0x008, 0x008, 0x008, 0x008, 0x008, 0x008, 0x008, 0x008, 0x008, 0x008, 0x008, 0x008,
			0x008, 0x008, 0x008, 0x008, 0x008, 0x008, 0x008, 0x008, 0x008, 0x008, 0x008, 0x008, 0x008, 0x008, 0x008, 0x008,
			0x1a0, 0x1a0, 0x1a0, 0x1a0, 0x1a0, 0x1a0, 0x1a0, 0x1a0, 0x1a0, 0x1a0, 0x0e3, 0x1a0, 0x1a0, 0x1a0, 0x1a0, 0x1a0,
			0x1a0, 0x1a0, 0x1a0, 0x1a0, 0x1a0, 0x0e3, 0x1a0, 0x1a0, 0x1a0, 0x1a0, 0x0e3, 0x1a0, 0x1a0, 0x1a0, 0x1a0, 0x1a0,
			0x4a3, 0x4a3, 0x4a3, 0x4a3, 0x4a3, 0x4a3, 0x4a3, 0x4a3, 0x4a3, 0x4a3, 0x4a3, 0x4a3, 0x4a3, 0x4a3, 0x4a3, 0x4a3,
			0x4a3, 0x4a3, 0x4a3, 0x4a3, 0x4a3, 0x4a3, 0x4a3, 0x1a0, 0x4a3, 0x4a3, 0x4a3, 0x4a3, 0x4a3, 0x4a3, 0x4a3, 0x0e3,
			0x0e3, 0x0e3, 0x0e3, 0x0e3, 0x0e3, 0x0e3, 0x0e3, 0x0e3, 0x0e3, 0x0e3, 0x0e3, 0x0e3, 0x0e3, 0x0e3, 0x0e3, 0x0e3,
			0x0e3, 0x0e3, 0x0e3, 0x0e3, 0x0e3, 0x0e3, 0x0e3, 0x1a0, 0x0e3, 0x0e3, 0x0e3, 0x0e3, 0x0e3, 0x0e3, 0x0e3, 0x0e3,
		},
		"es_DO.utf8": {
			0x008, 0x008, 0x008, 0x008, 0x008, 0x008, 0x008, 0x008, 0x008, 0x20c, 0x208, 0x208, 0x208, 0x208, 0x008, 0x008,
			0x008, 0x008, 0x008, 0x008, 0x008, 0x008, 0x008, 0x008, 0x008, 0x008, 0x008, 0x008, 0x008, 0x008, 0x008, 0x008,
			0x284, 0x1a0, 0x1a0, 0x1a0, 0x1a0, 0x1a0, 0x1a0, 0x1a0, 0x1a0, 0x1a0, 0x1a0, 0x1a0, 0x1a0, 0x1a0, 0x1a0, 0x1a0,
			0x8b1, 0x8b1, 0x8b1, 0x8b1, 0x8b1, 0x8b1, 0x8b1, 0x8b1, 0x8b1, 0x8b1, 0x1a0, 0x1a0, 0x1a0, 0x1a0, 0x1a0, 0x1a0,
			0x1a0, 0xca3, 0xca3, 0xca3, 0xca3, 0xca3, 0xca3, 0x4a3, 0x4a3, 0x4a3, 0x4a3, 0x4a3, 0x4a3, 0x4a3, 0x4a3, 0x4a3,
			0x4a3, 0x4a3, 0x4a3, 0x4a3, 0x4a3, 0x4a3, 0x4a3, 0x4a3, 0x4a3, 0x4a3, 0x4a3, 0x1a0, 0x1a0, 0x1a0, 0x1a0, 0x1a0,
			0x1a0, 0x8e3, 0x8e3, 0x8e3, 0x8e3, 0x8e3, 0x8e3, 0x0e3, 0x0e3, 0x0e3, 0x0e3, 0x0e3, 0x0e3, 0x0e3, 0x0e3, 0x0e3,
			0x0e3, 0x0e3, 0x0e3, 0x0e3, 0x0e3, 0x0e3, 0x0e3, 0x0e3, 0x0e3, 0x0e3, 0x0e3, 0x1a0, 0x1a0, 0x1a0, 0x1a0, 0x008,
			0x000, 0x000, 0x000, 0x000, 0x000, 0x000, 0x000, 0x000, 0x000, 0x000, 0x000, 0x000, 0x000, 0x000, 0x000, 0x000,
			0x000, 0x000, 0x000, 0x000, 0x000, 0x000, 0x000, 0x000, 0x000, 0x000, 0x000, 0x000, 0x000, 0x000, 0x000, 0x000,
			0x000, 0x000, 0x000, 0x000, 0x000, 0x000, 0x000, 0x000, 0x000, 0x000, 0x000, 0x000, 0x000, 0x000, 0x000, 0x000,
			0x000, 0x000, 0x000, 0x000, 0x000, 0x000, 0x000, 0x000, 0x000, 0x000, 0x000, 0x000, 0x000, 0x000, 0x000, 0x000,
			0x000, 0x000, 0x000, 0x000, 0x000, 0x000, 0x000, 0x000, 0x000, 0x000, 0x000, 0x000, 0x000, 0x000, 0x000, 0x000,
			0x000, 0x000, 0x000, 0x000, 0x000, 0x000, 0x000, 0x000, 0x000, 0x000, 0x000, 0x000, 0x000, 0x000, 0x000, 0x000,
			0x000, 0x000, 0x000, 0x000, 0x000, 0x000, 0x000, 0x000, 0x000, 0x000, 0x000, 0x000, 0x000, 0x000, 0x000, 0x000,
			0x000, 0x000, 0x000, 0x000, 0x000, 0x000, 0x000, 0x000, 0x000, 0x000, 0x000, 0x000, 0x000, 0x000, 0x000, 0x000,
		},
		"es_EC": {
			0x008, 0x008, 0x008, 0x008, 0x008, 0x008, 0x008, 0x008, 0x008, 0x20c, 0x208, 0x208, 0x208, 0x208, 0x008, 0x008,
			0x008, 0x008, 0x008, 0x008, 0x008, 0x008, 0x008, 0x008, 0x008, 0x008, 0x008, 0x008, 0x008, 0x008, 0x008, 0x008,
			0x284, 0x1a0, 0x1a0, 0x1a0, 0x1a0, 0x1a0, 0x1a0, 0x1a0, 0x1a0, 0x1a0, 0x1a0, 0x1a0, 0x1a0, 0x1a0, 0x1a0, 0x1a0,
			0x8b1, 0x8b1, 0x8b1, 0x8b1, 0x8b1, 0x8b1, 0x8b1, 0x8b1, 0x8b1, 0x8b1, 0x1a0, 0x1a0, 0x1a0, 0x1a0, 0x1a0, 0x1a0,
			0x1a0, 0xca3, 0xca3, 0xca3, 0xca3, 0xca3, 0xca3, 0x4a3, 0x4a3, 0x4a3, 0x4a3, 0x4a3, 0x4a3, 0x4a3, 0x4a3, 0x4a3,
			0x4a3, 0x4a3, 0x4a3, 0x4a3, 0x4a3, 0x4a3, 0x4a3, 0x4a3, 0x4a3, 0x4a3, 0x4a3, 0x1a0, 0x1a0, 0x1a0, 0x1a0, 0x1a0,
			0x1a0, 0x8e3, 0x8e3, 0x8e3, 0x8e3, 0x8e3, 0x8e3, 0x0e3, 0x0e3, 0x0e3, 0x0e3, 0x0e3, 0x0e3, 0x0e3, 0x0e3, 0x0e3,
			0x0e3, 0x0e3, 0x0e3, 0x0e3, 0x0e3, 0x0e3, 0x0e3, 0x0e3, 0x0e3, 0x0e3, 0x0e3, 0x1a0, 0x1a0, 0x1a0, 0x1a0, 0x008,
			0x008, 0x008, 0x008, 0x008, 0x008, 0x008, 0x008, 0x008, 0x008, 0x008, 0x008, 0x008, 0x008, 0x008, 0x008, 0x008,
			0x008, 0x008, 0x008, 0x008, 0x008, 0x008, 0x008, 0x008, 0x008, 0x008, 0x008, 0x008, 0x008, 0x008, 0x008, 0x008,
			0x1a0, 0x1a0, 0x1a0, 0x1a0, 0x1a0, 0x1a0, 0x1a0, 0x1a0, 0x1a0, 0x1a0, 0x0e3, 0x1a0, 0x1a0, 0x1a0, 0x1a0, 0x1a0,
			0x1a0, 0x1a0, 0x1a0, 0x1a0, 0x1a0, 0x0e3, 0x1a0, 0x1a0, 0x1a0, 0x1a0, 0x0e3, 0x1a0, 0x1a0, 0x1a0, 0x1a0, 0x1a0,
			0x4a3, 0x4a3, 0x4a3, 0x4a3, 0x4a3, 0x4a3, 0x4a3, 0x4a3, 0x4a3, 0x4a3, 0x4a3, 0x4a3, 0x4a3, 0x4a3, 0x4a3, 0x4a3,
			0x4a3, 0x4a3, 0x4a3, 0x4a3, 0x4a3, 0x4a3, 0x4a3, 0x1a0, 0x4a3, 0x4a3, 0x4a3, 0x4a3, 0x4a3, 0x4a3, 0x4a3, 0x0e3,
			0x0e3, 0x0e3, 0x0e3, 0x0e3, 0x0e3, 0x0e3, 0x0e3, 0x0e3, 0x0e3, 0x0e3, 0x0e3, 0x0e3, 0x0e3, 0x0e3, 0x0e3, 0x0e3,
			0x0e3, 0x0e3, 0x0e3, 0x0e3, 0x0e3, 0x0e3, 0x0e3, 0x1a0, 0x0e3, 0x0e3, 0x0e3, 0x0e3, 0x0e3, 0x0e3, 0x0e3, 0x0e3,
		},
		"es_EC.utf8": {
			0x008, 0x008, 0x008, 0x008, 0x008, 0x008, 0x008, 0x008, 0x008, 0x20c, 0x208, 0x208, 0x208, 0x208, 0x008, 0x008,
			0x008, 0x008, 0x008, 0x008, 0x008, 0x008, 0x008, 0x008, 0x008, 0x008, 0x008, 0x008, 0x008, 0x008, 0x008, 0x008,
			0x284, 0x1a0, 0x1a0, 0x1a0, 0x1a0, 0x1a0, 0x1a0, 0x1a0, 0x1a0, 0x1a0, 0x1a0, 0x1a0, 0x1a0, 0x1a0, 0x1a0, 0x1a0,
			0x8b1, 0x8b1, 0x8b1, 0x8b1, 0x8b1, 0x8b1, 0x8b1, 0x8b1, 0x8b1, 0x8b1, 0x1a0, 0x1a0, 0x1a0, 0x1a0, 0x1a0, 0x1a0,
			0x1a0, 0xca3, 0xca3, 0xca3, 0xca3, 0xca3, 0xca3, 0x4a3, 0x4a3, 0x4a3, 0x4a3, 0x4a3, 0x4a3, 0x4a3, 0x4a3, 0x4a3,
			0x4a3, 0x4a3, 0x4a3, 0x4a3, 0x4a3, 0x4a3, 0x4a3, 0x4a3, 0x4a3, 0x4a3, 0x4a3, 0x1a0, 0x1a0, 0x1a0, 0x1a0, 0x1a0,
			0x1a0, 0x8e3, 0x8e3, 0x8e3, 0x8e3, 0x8e3, 0x8e3, 0x0e3, 0x0e3, 0x0e3, 0x0e3, 0x0e3, 0x0e3, 0x0e3, 0x0e3, 0x0e3,
			0x0e3, 0x0e3, 0x0e3, 0x0e3, 0x0e3, 0x0e3, 0x0e3, 0x0e3, 0x0e3, 0x0e3, 0x0e3, 0x1a0, 0x1a0, 0x1a0, 0x1a0, 0x008,
			0x000, 0x000, 0x000, 0x000, 0x000, 0x000, 0x000, 0x000, 0x000, 0x000, 0x000, 0x000, 0x000, 0x000, 0x000, 0x000,
			0x000, 0x000, 0x000, 0x000, 0x000, 0x000, 0x000, 0x000, 0x000, 0x000, 0x000, 0x000, 0x000, 0x000, 0x000, 0x000,
			0x000, 0x000, 0x000, 0x000, 0x000, 0x000, 0x000, 0x000, 0x000, 0x000, 0x000, 0x000, 0x000, 0x000, 0x000, 0x000,
			0x000, 0x000, 0x000, 0x000, 0x000, 0x000, 0x000, 0x000, 0x000, 0x000, 0x000, 0x000, 0x000, 0x000, 0x000, 0x000,
			0x000, 0x000, 0x000, 0x000, 0x000, 0x000, 0x000, 0x000, 0x000, 0x000, 0x000, 0x000, 0x000, 0x000, 0x000, 0x000,
			0x000, 0x000, 0x000, 0x000, 0x000, 0x000, 0x000, 0x000, 0x000, 0x000, 0x000, 0x000, 0x000, 0x000, 0x000, 0x000,
			0x000, 0x000, 0x000, 0x000, 0x000, 0x000, 0x000, 0x000, 0x000, 0x000, 0x000, 0x000, 0x000, 0x000, 0x000, 0x000,
			0x000, 0x000, 0x000, 0x000, 0x000, 0x000, 0x000, 0x000, 0x000, 0x000, 0x000, 0x000, 0x000, 0x000, 0x000, 0x000,
		},
		"es_ES": {
			0x008, 0x008, 0x008, 0x008, 0x008, 0x008, 0x008, 0x008, 0x008, 0x20c, 0x208, 0x208, 0x208, 0x208, 0x008, 0x008,
			0x008, 0x008, 0x008, 0x008, 0x008, 0x008, 0x008, 0x008, 0x008, 0x008, 0x008, 0x008, 0x008, 0x008, 0x008, 0x008,
			0x284, 0x1a0, 0x1a0, 0x1a0, 0x1a0, 0x1a0, 0x1a0, 0x1a0, 0x1a0, 0x1a0, 0x1a0, 0x1a0, 0x1a0, 0x1a0, 0x1a0, 0x1a0,
			0x8b1, 0x8b1, 0x8b1, 0x8b1, 0x8b1, 0x8b1, 0x8b1, 0x8b1, 0x8b1, 0x8b1, 0x1a0, 0x1a0, 0x1a0, 0x1a0, 0x1a0, 0x1a0,
			0x1a0, 0xca3, 0xca3, 0xca3, 0xca3, 0xca3, 0xca3, 0x4a3, 0x4a3, 0x4a3, 0x4a3, 0x4a3, 0x4a3, 0x4a3, 0x4a3, 0x4a3,
			0x4a3, 0x4a3, 0x4a3, 0x4a3, 0x4a3, 0x4a3, 0x4a3, 0x4a3, 0x4a3, 0x4a3, 0x4a3, 0x1a0, 0x1a0, 0x1a0, 0x1a0, 0x1a0,
			0x1a0, 0x8e3, 0x8e3, 0x8e3, 0x8e3, 0x8e3, 0x8e3, 0x0e3, 0x0e3, 0x0e3, 0x0e3, 0x0e3, 0x0e3, 0x0e3, 0x0e3, 0x0e3,
			0x0e3, 0x0e3, 0x0e3, 0x0e3, 0x0e3, 0x0e3, 0x0e3, 0x0e3, 0x0e3, 0x0e3, 0x0e3, 0x1a0, 0x1a0, 0x1a0, 0x1a0, 0x008,
			0x008, 0x008, 0x008, 0x008, 0x008, 0x008, 0x008, 0x008, 0x008, 0x008, 0x008, 0x008, 0x008, 0x008, 0x008, 0x008,
			0x008, 0x008, 0x008, 0x008, 0x008, 0x008, 0x008, 0x008, 0x008, 0x008, 0x008, 0x008, 0x008, 0x008, 0x008, 0x008,
			0x1a0, 0x1a0, 0x1a0, 0x1a0, 0x1a0, 0x1a0, 0x1a0, 0x1a0, 0x1a0, 0x1a0, 0x0e3, 0x1a0, 0x1a0, 0x1a0, 0x1a0, 0x1a0,
			0x1a0, 0x1a0, 0x1a0, 0x1a0, 0x1a0, 0x0e3, 0x1a0, 0x1a0, 0x1a0, 0x1a0, 0x0e3, 0x1a0, 0x1a0, 0x1a0, 0x1a0, 0x1a0,
			0x4a3, 0x4a3, 0x4a3, 0x4a3, 0x4a3, 0x4a3, 0x4a3, 0x4a3, 0x4a3, 0x4a3, 0x4a3, 0x4a3, 0x4a3, 0x4a3, 0x4a3, 0x4a3,
			0x4a3, 0x4a3, 0x4a3, 0x4a3, 0x4a3, 0x4a3, 0x4a3, 0x1a0, 0x4a3, 0x4a3, 0x4a3, 0x4a3, 0x4a3, 0x4a3, 0x4a3, 0x0e3,
			0x0e3, 0x0e3, 0x0e3, 0x0e3, 0x0e3, 0x0e3, 0x0e3, 0x0e3, 0x0e3, 0x0e3, 0x0e3, 0x0e3, 0x0e3, 0x0e3, 0x0e3, 0x0e3,
			0x0e3, 0x0e3, 0x0e3, 0x0e3, 0x0e3, 0x0e3, 0x0e3, 0x1a0, 0x0e3, 0x0e3, 0x0e3, 0x0e3, 0x0e3, 0x0e3, 0x0e3, 0x0e3,
		},
		"es_ES.utf8": {
			0x008, 0x008, 0x008, 0x008, 0x008, 0x008, 0x008, 0x008, 0x008, 0x20c, 0x208, 0x208, 0x208, 0x208, 0x008, 0x008,
			0x008, 0x008, 0x008, 0x008, 0x008, 0x008, 0x008, 0x008, 0x008, 0x008, 0x008, 0x008, 0x008, 0x008, 0x008, 0x008,
			0x284, 0x1a0, 0x1a0, 0x1a0, 0x1a0, 0x1a0, 0x1a0, 0x1a0, 0x1a0, 0x1a0, 0x1a0, 0x1a0, 0x1a0, 0x1a0, 0x1a0, 0x1a0,
			0x8b1, 0x8b1, 0x8b1, 0x8b1, 0x8b1, 0x8b1, 0x8b1, 0x8b1, 0x8b1, 0x8b1, 0x1a0, 0x1a0, 0x1a0, 0x1a0, 0x1a0, 0x1a0,
			0x1a0, 0xca3, 0xca3, 0xca3, 0xca3, 0xca3, 0xca3, 0x4a3, 0x4a3, 0x4a3, 0x4a3, 0x4a3, 0x4a3, 0x4a3, 0x4a3, 0x4a3,
			0x4a3, 0x4a3, 0x4a3, 0x4a3, 0x4a3, 0x4a3, 0x4a3, 0x4a3, 0x4a3, 0x4a3, 0x4a3, 0x1a0, 0x1a0, 0x1a0, 0x1a0, 0x1a0,
			0x1a0, 0x8e3, 0x8e3, 0x8e3, 0x8e3, 0x8e3, 0x8e3, 0x0e3, 0x0e3, 0x0e3, 0x0e3, 0x0e3, 0x0e3, 0x0e3, 0x0e3, 0x0e3,
			0x0e3, 0x0e3, 0x0e3, 0x0e3, 0x0e3, 0x0e3, 0x0e3, 0x0e3, 0x0e3, 0x0e3, 0x0e3, 0x1a0, 0x1a0, 0x1a0, 0x1a0, 0x008,
			0x000, 0x000, 0x000, 0x000, 0x000, 0x000, 0x000, 0x000, 0x000, 0x000, 0x000, 0x000, 0x000, 0x000, 0x000, 0x000,
			0x000, 0x000, 0x000, 0x000, 0x000, 0x000, 0x000, 0x000, 0x000, 0x000, 0x000, 0x000, 0x000, 0x000, 0x000, 0x000,
			0x000, 0x000, 0x000, 0x000, 0x000, 0x000, 0x000, 0x000, 0x000, 0x000, 0x000, 0x000, 0x000, 0x000, 0x000, 0x000,
			0x000, 0x000, 0x000, 0x000, 0x000, 0x000, 0x000, 0x000, 0x000, 0x000, 0x000, 0x000, 0x000, 0x000, 0x000, 0x000,
			0x000, 0x000, 0x000, 0x000, 0x000, 0x000, 0x000, 0x000, 0x000, 0x000, 0x000, 0x000, 0x000, 0x000, 0x000, 0x000,
			0x000, 0x000, 0x000, 0x000, 0x000, 0x000, 0x000, 0x000, 0x000, 0x000, 0x000, 0x000, 0x000, 0x000, 0x000, 0x000,
			0x000, 0x000, 0x000, 0x000, 0x000, 0x000, 0x000, 0x000, 0x000, 0x000, 0x000, 0x000, 0x000, 0x000, 0x000, 0x000,
			0x000, 0x000, 0x000, 0x000, 0x000, 0x000, 0x000, 0x000, 0x000, 0x000, 0x000, 0x000, 0x000, 0x000, 0x000, 0x000,
		},
		"es_ES@euro": {
			0x008, 0x008, 0x008, 0x008, 0x008, 0x008, 0x008, 0x008, 0x008, 0x20c, 0x208, 0x208, 0x208, 0x208, 0x008, 0x008,
			0x008, 0x008, 0x008, 0x008, 0x008, 0x008, 0x008, 0x008, 0x008, 0x008, 0x008, 0x008, 0x008, 0x008, 0x008, 0x008,
			0x284, 0x1a0, 0x1a0, 0x1a0, 0x1a0, 0x1a0, 0x1a0, 0x1a0, 0x1a0, 0x1a0, 0x1a0, 0x1a0, 0x1a0, 0x1a0, 0x1a0, 0x1a0,
			0x8b1, 0x8b1, 0x8b1, 0x8b1, 0x8b1, 0x8b1, 0x8b1, 0x8b1, 0x8b1, 0x8b1, 0x1a0, 0x1a0, 0x1a0, 0x1a0, 0x1a0, 0x1a0,
			0x1a0, 0xca3, 0xca3, 0xca3, 0xca3, 0xca3, 0xca3, 0x4a3, 0x4a3, 0x4a3, 0x4a3, 0x4a3, 0x4a3, 0x4a3, 0x4a3, 0x4a3,
			0x4a3, 0x4a3, 0x4a3, 0x4a3, 0x4a3, 0x4a3, 0x4a3, 0x4a3, 0x4a3, 0x4a3, 0x4a3, 0x1a0, 0x1a0, 0x1a0, 0x1a0, 0x1a0,
			0x1a0, 0x8e3, 0x8e3, 0x8e3, 0x8e3, 0x8e3, 0x8e3, 0x0e3, 0x0e3, 0x0e3, 0x0e3, 0x0e3, 0x0e3, 0x0e3, 0x0e3, 0x0e3,
			0x0e3, 0x0e3, 0x0e3, 0x0e3, 0x0e3, 0x0e3, 0x0e3, 0x0e3, 0x0e3, 0x0e3, 0x0e3, 0x1a0, 0x1a0, 0x1a0, 0x1a0, 0x008,
			0x008, 0x008, 0x008, 0x008, 0x008, 0x008, 0x008, 0x008, 0x008, 0x008, 0x008, 0x008, 0x008, 0x008, 0x008, 0x008,
			0x008, 0x008, 0x008, 0x008, 0x008, 0x008, 0x008, 0x008, 0x008, 0x008, 0x008, 0x008, 0x008, 0x008, 0x008, 0x008,
			0x1a0, 0x1a0, 0x1a0, 0x1a0, 0x1a0, 0x1a0, 0x4a3, 0x1a0, 0x0e3, 0x1a0, 0x0e3, 0x1a0, 0x1a0, 0x1a0, 0x1a0, 0x1a0,
			0x1a0, 0x1a0, 0x1a0, 0x1a0, 0x4a3, 0x0e3, 0x1a0, 0x1a0, 0x0e3, 0x1a0, 0x0e3, 0x1a0, 0x4a3, 0x0e3, 0x4a3, 0x1a0,
			0x4a3, 0x4a3, 0x4a3, 0x4a3, 0x4a3, 0x4a3, 0x4a3, 0x4a3, 0x4a3, 0x4a3, 0x4a3, 0x4a3, 0x4a3, 0x4a3, 0x4a3, 0x4a3,
			0x4a3, 0x4a3, 0x4a3, 0x4a3, 0x4a3, 0x4a3, 0x4a3, 0x1a0, 0x4a3, 0x4a3, 0x4a3, 0x4a3, 0x4a3, 0x4a3, 0x4a3, 0x0e3,
			0x0e3, 0x0e3, 0x0e3, 0x0e3, 0x0e3, 0x0e3, 0x0e3, 0x0e3, 0x0e3, 0x0e3, 0x0e3, 0x0e3, 0x0e3, 0x0e3, 0x0e3, 0x0e3,
			0x0e3, 0x0e3, 0x0e3, 0x0e3, 0x0e3, 0x0e3, 0x0e3, 0x1a0, 0x0e3, 0x0e3, 0x0e3, 0x0e3, 0x0e3, 0x0e3, 0x0e3, 0x0e3,
		},
		"es_GT": {
			0x008, 0x008, 0x008, 0x008, 0x008, 0x008, 0x008, 0x008, 0x008, 0x20c, 0x208, 0x208, 0x208, 0x208, 0x008, 0x008,
			0x008, 0x008, 0x008, 0x008, 0x008, 0x008, 0x008, 0x008, 0x008, 0x008, 0x008, 0x008, 0x008, 0x008, 0x008, 0x008,
			0x284, 0x1a0, 0x1a0, 0x1a0, 0x1a0, 0x1a0, 0x1a0, 0x1a0, 0x1a0, 0x1a0, 0x1a0, 0x1a0, 0x1a0, 0x1a0, 0x1a0, 0x1a0,
			0x8b1, 0x8b1, 0x8b1, 0x8b1, 0x8b1, 0x8b1, 0x8b1, 0x8b1, 0x8b1, 0x8b1, 0x1a0, 0x1a0, 0x1a0, 0x1a0, 0x1a0, 0x1a0,
			0x1a0, 0xca3, 0xca3, 0xca3, 0xca3, 0xca3, 0xca3, 0x4a3, 0x4a3, 0x4a3, 0x4a3, 0x4a3, 0x4a3, 0x4a3, 0x4a3, 0x4a3,
			0x4a3, 0x4a3, 0x4a3, 0x4a3, 0x4a3, 0x4a3, 0x4a3, 0x4a3, 0x4a3, 0x4a3, 0x4a3, 0x1a0, 0x1a0, 0x1a0, 0x1a0, 0x1a0,
			0x1a0, 0x8e3, 0x8e3, 0x8e3, 0x8e3, 0x8e3, 0x8e3, 0x0e3, 0x0e3, 0x0e3, 0x0e3, 0x0e3, 0x0e3, 0x0e3, 0x0e3, 0x0e3,
			0x0e3, 0x0e3, 0x0e3, 0x0e3, 0x0e3, 0x0e3, 0x0e3, 0x0e3, 0x0e3, 0x0e3, 0x0e3, 0x1a0, 0x1a0, 0x1a0, 0x1a0, 0x008,
			0x008, 0x008, 0x008, 0x008, 0x008, 0x008, 0x008, 0x008, 0x008, 0x008, 0x008, 0x008, 0x008, 0x008, 0x008, 0x008,
			0x008, 0x008, 0x008, 0x008, 0x008, 0x008, 0x008, 0x008, 0x008, 0x008, 0x008, 0x008, 0x008, 0x008, 0x008, 0x008,
			0x1a0, 0x1a0, 0x1a0, 0x1a0, 0x1a0, 0x1a0, 0x1a0, 0x1a0, 0x1a0, 0x1a0, 0x0e3, 0x1a0, 0x1a0, 0x1a0, 0x1a0, 0x1a0,
			0x1a0, 0x1a0, 0x1a0, 0x1a0, 0x1a0, 0x0e3, 0x1a0, 0x1a0, 0x1a0, 0x1a0, 0x0e3, 0x1a0, 0x1a0, 0x1a0, 0x1a0, 0x1a0,
			0x4a3, 0x4a3, 0x4a3, 0x4a3, 0x4a3, 0x4a3, 0x4a3, 0x4a3, 0x4a3, 0x4a3, 0x4a3, 0x4a3, 0x4a3, 0x4a3, 0x4a3, 0x4a3,
			0x4a3, 0x4a3, 0x4a3, 0x4a3, 0x4a3, 0x4a3, 0x4a3, 0x1a0, 0x4a3, 0x4a3, 0x4a3, 0x4a3, 0x4a3, 0x4a3, 0x4a3, 0x0e3,
			0x0e3, 0x0e3, 0x0e3, 0x0e3, 0x0e3, 0x0e3, 0x0e3, 0x0e3, 0x0e3, 0x0e3, 0x0e3, 0x0e3, 0x0e3, 0x0e3, 0x0e3, 0x0e3,
			0x0e3, 0x0e3, 0x0e3, 0x0e3, 0x0e3, 0x0e3, 0x0e3, 0x1a0, 0x0e3, 0x0e3, 0x0e3, 0x0e3, 0x0e3, 0x0e3, 0x0e3, 0x0e3,
		},
		"es_GT.utf8": {
			0x008, 0x008, 0x008, 0x008, 0x008, 0x008, 0x008, 0x008, 0x008, 0x20c, 0x208, 0x208, 0x208, 0x208, 0x008, 0x008,
			0x008, 0x008, 0x008, 0x008, 0x008, 0x008, 0x008, 0x008, 0x008, 0x008, 0x008, 0x008, 0x008, 0x008, 0x008, 0x008,
			0x284, 0x1a0, 0x1a0, 0x1a0, 0x1a0, 0x1a0, 0x1a0, 0x1a0, 0x1a0, 0x1a0, 0x1a0, 0x1a0, 0x1a0, 0x1a0, 0x1a0, 0x1a0,
			0x8b1, 0x8b1, 0x8b1, 0x8b1, 0x8b1, 0x8b1, 0x8b1, 0x8b1, 0x8b1, 0x8b1, 0x1a0, 0x1a0, 0x1a0, 0x1a0, 0x1a0, 0x1a0,
			0x1a0, 0xca3, 0xca3, 0xca3, 0xca3, 0xca3, 0xca3, 0x4a3, 0x4a3, 0x4a3, 0x4a3, 0x4a3, 0x4a3, 0x4a3, 0x4a3, 0x4a3,
			0x4a3, 0x4a3, 0x4a3, 0x4a3, 0x4a3, 0x4a3, 0x4a3, 0x4a3, 0x4a3, 0x4a3, 0x4a3, 0x1a0, 0x1a0, 0x1a0, 0x1a0, 0x1a0,
			0x1a0, 0x8e3, 0x8e3, 0x8e3, 0x8e3, 0x8e3, 0x8e3, 0x0e3, 0x0e3, 0x0e3, 0x0e3, 0x0e3, 0x0e3, 0x0e3, 0x0e3, 0x0e3,
			0x0e3, 0x0e3, 0x0e3, 0x0e3, 0x0e3, 0x0e3, 0x0e3, 0x0e3, 0x0e3, 0x0e3, 0x0e3, 0x1a0, 0x1a0, 0x1a0, 0x1a0, 0x008,
			0x000, 0x000, 0x000, 0x000, 0x000, 0x000, 0x000, 0x000, 0x000, 0x000, 0x000, 0x000, 0x000, 0x000, 0x000, 0x000,
			0x000, 0x000, 0x000, 0x000, 0x000, 0x000, 0x000, 0x000, 0x000, 0x000, 0x000, 0x000, 0x000, 0x000, 0x000, 0x000,
			0x000, 0x000, 0x000, 0x000, 0x000, 0x000, 0x000, 0x000, 0x000, 0x000, 0x000, 0x000, 0x000, 0x000, 0x000, 0x000,
			0x000, 0x000, 0x000, 0x000, 0x000, 0x000, 0x000, 0x000, 0x000, 0x000, 0x000, 0x000, 0x000, 0x000, 0x000, 0x000,
			0x000, 0x000, 0x000, 0x000, 0x000, 0x000, 0x000, 0x000, 0x000, 0x000, 0x000, 0x000, 0x000, 0x000, 0x000, 0x000,
			0x000, 0x000, 0x000, 0x000, 0x000, 0x000, 0x000, 0x000, 0x000, 0x000, 0x000, 0x000, 0x000, 0x000, 0x000, 0x000,
			0x000, 0x000, 0x000, 0x000, 0x000, 0x000, 0x000, 0x000, 0x000, 0x000, 0x000, 0x000, 0x000, 0x000, 0x000, 0x000,
			0x000, 0x000, 0x000, 0x000, 0x000, 0x000, 0x000, 0x000, 0x000, 0x000, 0x000, 0x000, 0x000, 0x000, 0x000, 0x000,
		},
		"es_HN": {
			0x008, 0x008, 0x008, 0x008, 0x008, 0x008, 0x008, 0x008, 0x008, 0x20c, 0x208, 0x208, 0x208, 0x208, 0x008, 0x008,
			0x008, 0x008, 0x008, 0x008, 0x008, 0x008, 0x008, 0x008, 0x008, 0x008, 0x008, 0x008, 0x008, 0x008, 0x008, 0x008,
			0x284, 0x1a0, 0x1a0, 0x1a0, 0x1a0, 0x1a0, 0x1a0, 0x1a0, 0x1a0, 0x1a0, 0x1a0, 0x1a0, 0x1a0, 0x1a0, 0x1a0, 0x1a0,
			0x8b1, 0x8b1, 0x8b1, 0x8b1, 0x8b1, 0x8b1, 0x8b1, 0x8b1, 0x8b1, 0x8b1, 0x1a0, 0x1a0, 0x1a0, 0x1a0, 0x1a0, 0x1a0,
			0x1a0, 0xca3, 0xca3, 0xca3, 0xca3, 0xca3, 0xca3, 0x4a3, 0x4a3, 0x4a3, 0x4a3, 0x4a3, 0x4a3, 0x4a3, 0x4a3, 0x4a3,
			0x4a3, 0x4a3, 0x4a3, 0x4a3, 0x4a3, 0x4a3, 0x4a3, 0x4a3, 0x4a3, 0x4a3, 0x4a3, 0x1a0, 0x1a0, 0x1a0, 0x1a0, 0x1a0,
			0x1a0, 0x8e3, 0x8e3, 0x8e3, 0x8e3, 0x8e3, 0x8e3, 0x0e3, 0x0e3, 0x0e3, 0x0e3, 0x0e3, 0x0e3, 0x0e3, 0x0e3, 0x0e3,
			0x0e3, 0x0e3, 0x0e3, 0x0e3, 0x0e3, 0x0e3, 0x0e3, 0x0e3, 0x0e3, 0x0e3, 0x0e3, 0x1a0, 0x1a0, 0x1a0, 0x1a0, 0x008,
			0x008, 0x008, 0x008, 0x008, 0x008, 0x008, 0x008, 0x008, 0x008, 0x008, 0x008, 0x008, 0x008, 0x008, 0x008, 0x008,
			0x008, 0x008, 0x008, 0x008, 0x008, 0x008, 0x008, 0x008, 0x008, 0x008, 0x008, 0x008, 0x008, 0x008, 0x008, 0x008,
			0x1a0, 0x1a0, 0x1a0, 0x1a0, 0x1a0, 0x1a0, 0x1a0, 0x1a0, 0x1a0, 0x1a0, 0x0e3, 0x1a0, 0x1a0, 0x1a0, 0x1a0, 0x1a0,
			0x1a0, 0x1a0, 0x1a0, 0x1a0, 0x1a0, 0x0e3, 0x1a0, 0x1a0, 0x1a0, 0x1a0, 0x0e3, 0x1a0, 0x1a0, 0x1a0, 0x1a0, 0x1a0,
			0x4a3, 0x4a3, 0x4a3, 0x4a3, 0x4a3, 0x4a3, 0x4a3, 0x4a3, 0x4a3, 0x4a3, 0x4a3, 0x4a3, 0x4a3, 0x4a3, 0x4a3, 0x4a3,
			0x4a3, 0x4a3, 0x4a3, 0x4a3, 0x4a3, 0x4a3, 0x4a3, 0x1a0, 0x4a3, 0x4a3, 0x4a3, 0x4a3, 0x4a3, 0x4a3, 0x4a3, 0x0e3,
			0x0e3, 0x0e3, 0x0e3, 0x0e3, 0x0e3, 0x0e3, 0x0e3, 0x0e3, 0x0e3, 0x0e3, 0x0e3, 0x0e3, 0x0e3, 0x0e3, 0x0e3, 0x0e3,
			0x0e3, 0x0e3, 0x0e3, 0x0e3, 0x0e3, 0x0e3, 0x0e3, 0x1a0, 0x0e3, 0x0e3, 0x0e3, 0x0e3, 0x0e3, 0x0e3, 0x0e3, 0x0e3,
		},
		"es_HN.utf8": {
			0x008, 0x008, 0x008, 0x008, 0x008, 0x008, 0x008, 0x008, 0x008, 0x20c, 0x208, 0x208, 0x208, 0x208, 0x008, 0x008,
			0x008, 0x008, 0x008, 0x008, 0x008, 0x008, 0x008, 0x008, 0x008, 0x008, 0x008, 0x008, 0x008, 0x008, 0x008, 0x008,
			0x284, 0x1a0, 0x1a0, 0x1a0, 0x1a0, 0x1a0, 0x1a0, 0x1a0, 0x1a0, 0x1a0, 0x1a0, 0x1a0, 0x1a0, 0x1a0, 0x1a0, 0x1a0,
			0x8b1, 0x8b1, 0x8b1, 0x8b1, 0x8b1, 0x8b1, 0x8b1, 0x8b1, 0x8b1, 0x8b1, 0x1a0, 0x1a0, 0x1a0, 0x1a0, 0x1a0, 0x1a0,
			0x1a0, 0xca3, 0xca3, 0xca3, 0xca3, 0xca3, 0xca3, 0x4a3, 0x4a3, 0x4a3, 0x4a3, 0x4a3, 0x4a3, 0x4a3, 0x4a3, 0x4a3,
			0x4a3, 0x4a3, 0x4a3, 0x4a3, 0x4a3, 0x4a3, 0x4a3, 0x4a3, 0x4a3, 0x4a3, 0x4a3, 0x1a0, 0x1a0, 0x1a0, 0x1a0, 0x1a0,
			0x1a0, 0x8e3, 0x8e3, 0x8e3, 0x8e3, 0x8e3, 0x8e3, 0x0e3, 0x0e3, 0x0e3, 0x0e3, 0x0e3, 0x0e3, 0x0e3, 0x0e3, 0x0e3,
			0x0e3, 0x0e3, 0x0e3, 0x0e3, 0x0e3, 0x0e3, 0x0e3, 0x0e3, 0x0e3, 0x0e3, 0x0e3, 0x1a0, 0x1a0, 0x1a0, 0x1a0, 0x008,
			0x000, 0x000, 0x000, 0x000, 0x000, 0x000, 0x000, 0x000, 0x000, 0x000, 0x000, 0x000, 0x000, 0x000, 0x000, 0x000,
			0x000, 0x000, 0x000, 0x000, 0x000, 0x000, 0x000, 0x000, 0x000, 0x000, 0x000, 0x000, 0x000, 0x000, 0x000, 0x000,
			0x000, 0x000, 0x000, 0x000, 0x000, 0x000, 0x000, 0x000, 0x000, 0x000, 0x000, 0x000, 0x000, 0x000, 0x000, 0x000,
			0x000, 0x000, 0x000, 0x000, 0x000, 0x000, 0x000, 0x000, 0x000, 0x000, 0x000, 0x000, 0x000, 0x000, 0x000, 0x000,
			0x000, 0x000, 0x000, 0x000, 0x000, 0x000, 0x000, 0x000, 0x000, 0x000, 0x000, 0x000, 0x000, 0x000, 0x000, 0x000,
			0x000, 0x000, 0x000, 0x000, 0x000, 0x000, 0x000, 0x000, 0x000, 0x000, 0x000, 0x000, 0x000, 0x000, 0x000, 0x000,
			0x000, 0x000, 0x000, 0x000, 0x000, 0x000, 0x000, 0x000, 0x000, 0x000, 0x000, 0x000, 0x000, 0x000, 0x000, 0x000,
			0x000, 0x000, 0x000, 0x000, 0x000, 0x000, 0x000, 0x000, 0x000, 0x000, 0x000, 0x000, 0x000, 0x000, 0x000, 0x000,
		},
		"es_MX": {
			0x008, 0x008, 0x008, 0x008, 0x008, 0x008, 0x008, 0x008, 0x008, 0x20c, 0x208, 0x208, 0x208, 0x208, 0x008, 0x008,
			0x008, 0x008, 0x008, 0x008, 0x008, 0x008, 0x008, 0x008, 0x008, 0x008, 0x008, 0x008, 0x008, 0x008, 0x008, 0x008,
			0x284, 0x1a0, 0x1a0, 0x1a0, 0x1a0, 0x1a0, 0x1a0, 0x1a0, 0x1a0, 0x1a0, 0x1a0, 0x1a0, 0x1a0, 0x1a0, 0x1a0, 0x1a0,
			0x8b1, 0x8b1, 0x8b1, 0x8b1, 0x8b1, 0x8b1, 0x8b1, 0x8b1, 0x8b1, 0x8b1, 0x1a0, 0x1a0, 0x1a0, 0x1a0, 0x1a0, 0x1a0,
			0x1a0, 0xca3, 0xca3, 0xca3, 0xca3, 0xca3, 0xca3, 0x4a3, 0x4a3, 0x4a3, 0x4a3, 0x4a3, 0x4a3, 0x4a3, 0x4a3, 0x4a3,
			0x4a3, 0x4a3, 0x4a3, 0x4a3, 0x4a3, 0x4a3, 0x4a3, 0x4a3, 0x4a3, 0x4a3, 0x4a3, 0x1a0, 0x1a0, 0x1a0, 0x1a0, 0x1a0,
			0x1a0, 0x8e3, 0x8e3, 0x8e3, 0x8e3, 0x8e3, 0x8e3, 0x0e3, 0x0e3, 0x0e3, 0x0e3, 0x0e3, 0x0e3, 0x0e3, 0x0e3, 0x0e3,
			0x0e3, 0x0e3, 0x0e3, 0x0e3, 0x0e3, 0x0e3, 0x0e3, 0x0e3, 0x0e3, 0x0e3, 0x0e3, 0x1a0, 0x1a0, 0x1a0, 0x1a0, 0x008,
			0x008, 0x008, 0x008, 0x008, 0x008, 0x008, 0x008, 0x008, 0x008, 0x008, 0x008, 0x008, 0x008, 0x008, 0x008, 0x008,
			0x008, 0x008, 0x008, 0x008, 0x008, 0x008, 0x008, 0x008, 0x008, 0x008, 0x008, 0x008, 0x008, 0x008, 0x008, 0x008,
			0x1a0, 0x1a0, 0x1a0, 0x1a0, 0x1a0, 0x1a0, 0x1a0, 0x1a0, 0x1a0, 0x1a0, 0x0e3, 0x1a0, 0x1a0, 0x1a0, 0x1a0, 0x1a0,
			0x1a0, 0x1a0, 0x1a0, 0x1a0, 0x1a0, 0x0e3, 0x1a0, 0x1a0, 0x1a0, 0x1a0, 0x0e3, 0x1a0, 0x1a0, 0x1a0, 0x1a0, 0x1a0,
			0x4a3, 0x4a3, 0x4a3, 0x4a3, 0x4a3, 0x4a3, 0x4a3, 0x4a3, 0x4a3, 0x4a3, 0x4a3, 0x4a3, 0x4a3, 0x4a3, 0x4a3, 0x4a3,
			0x4a3, 0x4a3, 0x4a3, 0x4a3, 0x4a3, 0x4a3, 0x4a3, 0x1a0, 0x4a3, 0x4a3, 0x4a3, 0x4a3, 0x4a3, 0x4a3, 0x4a3, 0x0e3,
			0x0e3, 0x0e3, 0x0e3, 0x0e3, 0x0e3, 0x0e3, 0x0e3, 0x0e3, 0x0e3, 0x0e3, 0x0e3, 0x0e3, 0x0e3, 0x0e3, 0x0e3, 0x0e3,
			0x0e3, 0x0e3, 0x0e3, 0x0e3, 0x0e3, 0x0e3, 0x0e3, 0x1a0, 0x0e3, 0x0e3, 0x0e3, 0x0e3, 0x0e3, 0x0e3, 0x0e3, 0x0e3,
		},
		"es_MX.utf8": {
			0x008, 0x008, 0x008, 0x008, 0x008, 0x008, 0x008, 0x008, 0x008, 0x20c, 0x208, 0x208, 0x208, 0x208, 0x008, 0x008,
			0x008, 0x008, 0x008, 0x008, 0x008, 0x008, 0x008, 0x008, 0x008, 0x008, 0x008, 0x008, 0x008, 0x008, 0x008, 0x008,
			0x284, 0x1a0, 0x1a0, 0x1a0, 0x1a0, 0x1a0, 0x1a0, 0x1a0, 0x1a0, 0x1a0, 0x1a0, 0x1a0, 0x1a0, 0x1a0, 0x1a0, 0x1a0,
			0x8b1, 0x8b1, 0x8b1, 0x8b1, 0x8b1, 0x8b1, 0x8b1, 0x8b1, 0x8b1, 0x8b1, 0x1a0, 0x1a0, 0x1a0, 0x1a0, 0x1a0, 0x1a0,
			0x1a0, 0xca3, 0xca3, 0xca3, 0xca3, 0xca3, 0xca3, 0x4a3, 0x4a3, 0x4a3, 0x4a3, 0x4a3, 0x4a3, 0x4a3, 0x4a3, 0x4a3,
			0x4a3, 0x4a3, 0x4a3, 0x4a3, 0x4a3, 0x4a3, 0x4a3, 0x4a3, 0x4a3, 0x4a3, 0x4a3, 0x1a0, 0x1a0, 0x1a0, 0x1a0, 0x1a0,
			0x1a0, 0x8e3, 0x8e3, 0x8e3, 0x8e3, 0x8e3, 0x8e3, 0x0e3, 0x0e3, 0x0e3, 0x0e3, 0x0e3, 0x0e3, 0x0e3, 0x0e3, 0x0e3,
			0x0e3, 0x0e3, 0x0e3, 0x0e3, 0x0e3, 0x0e3, 0x0e3, 0x0e3, 0x0e3, 0x0e3, 0x0e3, 0x1a0, 0x1a0, 0x1a0, 0x1a0, 0x008,
			0x000, 0x000, 0x000, 0x000, 0x000, 0x000, 0x000, 0x000, 0x000, 0x000, 0x000, 0x000, 0x000, 0x000, 0x000, 0x000,
			0x000, 0x000, 0x000, 0x000, 0x000, 0x000, 0x000, 0x000, 0x000, 0x000, 0x000, 0x000, 0x000, 0x000, 0x000, 0x000,
			0x000, 0x000, 0x000, 0x000, 0x000, 0x000, 0x000, 0x000, 0x000, 0x000, 0x000, 0x000, 0x000, 0x000, 0x000, 0x000,
			0x000, 0x000, 0x000, 0x000, 0x000, 0x000, 0x000, 0x000, 0x000, 0x000, 0x000, 0x000, 0x000, 0x000, 0x000, 0x000,
			0x000, 0x000, 0x000, 0x000, 0x000, 0x000, 0x000, 0x000, 0x000, 0x000, 0x000, 0x000, 0x000, 0x000, 0x000, 0x000,
			0x000, 0x000, 0x000, 0x000, 0x000, 0x000, 0x000, 0x000, 0x000, 0x000, 0x000, 0x000, 0x000, 0x000, 0x000, 0x000,
			0x000, 0x000, 0x000, 0x000, 0x000, 0x000, 0x000, 0x000, 0x000, 0x000, 0x000, 0x000, 0x000, 0x000, 0x000, 0x000,
			0x000, 0x000, 0x000, 0x000, 0x000, 0x000, 0x000, 0x000, 0x000, 0x000, 0x000, 0x000, 0x000, 0x000, 0x000, 0x000,
		},
		"es_NI": {
			0x008, 0x008, 0x008, 0x008, 0x008, 0x008, 0x008, 0x008, 0x008, 0x20c, 0x208, 0x208, 0x208, 0x208, 0x008, 0x008,
			0x008, 0x008, 0x008, 0x008, 0x008, 0x008, 0x008, 0x008, 0x008, 0x008, 0x008, 0x008, 0x008, 0x008, 0x008, 0x008,
			0x284, 0x1a0, 0x1a0, 0x1a0, 0x1a0, 0x1a0, 0x1a0, 0x1a0, 0x1a0, 0x1a0, 0x1a0, 0x1a0, 0x1a0, 0x1a0, 0x1a0, 0x1a0,
			0x8b1, 0x8b1, 0x8b1, 0x8b1, 0x8b1, 0x8b1, 0x8b1, 0x8b1, 0x8b1, 0x8b1, 0x1a0, 0x1a0, 0x1a0, 0x1a0, 0x1a0, 0x1a0,
			0x1a0, 0xca3, 0xca3, 0xca3, 0xca3, 0xca3, 0xca3, 0x4a3, 0x4a3, 0x4a3, 0x4a3, 0x4a3, 0x4a3, 0x4a3, 0x4a3, 0x4a3,
			0x4a3, 0x4a3, 0x4a3, 0x4a3, 0x4a3, 0x4a3, 0x4a3, 0x4a3, 0x4a3, 0x4a3, 0x4a3, 0x1a0, 0x1a0, 0x1a0, 0x1a0, 0x1a0,
			0x1a0, 0x8e3, 0x8e3, 0x8e3, 0x8e3, 0x8e3, 0x8e3, 0x0e3, 0x0e3, 0x0e3, 0x0e3, 0x0e3, 0x0e3, 0x0e3, 0x0e3, 0x0e3,
			0x0e3, 0x0e3, 0x0e3, 0x0e3, 0x0e3, 0x0e3, 0x0e3, 0x0e3, 0x0e3, 0x0e3, 0x0e3, 0x1a0, 0x1a0, 0x1a0, 0x1a0, 0x008,
			0x008, 0x008, 0x008, 0x008, 0x008, 0x008, 0x008, 0x008, 0x008, 0x008, 0x008, 0x008, 0x008, 0x008, 0x008, 0x008,
			0x008, 0x008, 0x008, 0x008, 0x008, 0x008, 0x008, 0x008, 0x008, 0x008, 0x008, 0x008, 0x008, 0x008, 0x008, 0x008,
			0x1a0, 0x1a0, 0x1a0, 0x1a0, 0x1a0, 0x1a0, 0x1a0, 0x1a0, 0x1a0, 0x1a0, 0x0e3, 0x1a0, 0x1a0, 0x1a0, 0x1a0, 0x1a0,
			0x1a0, 0x1a0, 0x1a0, 0x1a0, 0x1a0, 0x0e3, 0x1a0, 0x1a0, 0x1a0, 0x1a0, 0x0e3, 0x1a0, 0x1a0, 0x1a0, 0x1a0, 0x1a0,
			0x4a3, 0x4a3, 0x4a3, 0x4a3, 0x4a3, 0x4a3, 0x4a3, 0x4a3, 0x4a3, 0x4a3, 0x4a3, 0x4a3, 0x4a3, 0x4a3, 0x4a3, 0x4a3,
			0x4a3, 0x4a3, 0x4a3, 0x4a3, 0x4a3, 0x4a3, 0x4a3, 0x1a0, 0x4a3, 0x4a3, 0x4a3, 0x4a3, 0x4a3, 0x4a3, 0x4a3, 0x0e3,
			0x0e3, 0x0e3, 0x0e3, 0x0e3, 0x0e3, 0x0e3, 0x0e3, 0x0e3, 0x0e3, 0x0e3, 0x0e3, 0x0e3, 0x0e3, 0x0e3, 0x0e3, 0x0e3,
			0x0e3, 0x0e3, 0x0e3, 0x0e3, 0x0e3, 0x0e3, 0x0e3, 0x1a0, 0x0e3, 0x0e3, 0x0e3, 0x0e3, 0x0e3, 0x0e3, 0x0e3, 0x0e3,
		},
		"es_NI.utf8": {
			0x008, 0x008, 0x008, 0x008, 0x008, 0x008, 0x008, 0x008, 0x008, 0x20c, 0x208, 0x208, 0x208, 0x208, 0x008, 0x008,
			0x008, 0x008, 0x008, 0x008, 0x008, 0x008, 0x008, 0x008, 0x008, 0x008, 0x008, 0x008, 0x008, 0x008, 0x008, 0x008,
			0x284, 0x1a0, 0x1a0, 0x1a0, 0x1a0, 0x1a0, 0x1a0, 0x1a0, 0x1a0, 0x1a0, 0x1a0, 0x1a0, 0x1a0, 0x1a0, 0x1a0, 0x1a0,
			0x8b1, 0x8b1, 0x8b1, 0x8b1, 0x8b1, 0x8b1, 0x8b1, 0x8b1, 0x8b1, 0x8b1, 0x1a0, 0x1a0, 0x1a0, 0x1a0, 0x1a0, 0x1a0,
			0x1a0, 0xca3, 0xca3, 0xca3, 0xca3, 0xca3, 0xca3, 0x4a3, 0x4a3, 0x4a3, 0x4a3, 0x4a3, 0x4a3, 0x4a3, 0x4a3, 0x4a3,
			0x4a3, 0x4a3, 0x4a3, 0x4a3, 0x4a3, 0x4a3, 0x4a3, 0x4a3, 0x4a3, 0x4a3, 0x4a3, 0x1a0, 0x1a0, 0x1a0, 0x1a0, 0x1a0,
			0x1a0, 0x8e3, 0x8e3, 0x8e3, 0x8e3, 0x8e3, 0x8e3, 0x0e3, 0x0e3, 0x0e3, 0x0e3, 0x0e3, 0x0e3, 0x0e3, 0x0e3, 0x0e3,
			0x0e3, 0x0e3, 0x0e3, 0x0e3, 0x0e3, 0x0e3, 0x0e3, 0x0e3, 0x0e3, 0x0e3, 0x0e3, 0x1a0, 0x1a0, 0x1a0, 0x1a0, 0x008,
			0x000, 0x000, 0x000, 0x000, 0x000, 0x000, 0x000, 0x000, 0x000, 0x000, 0x000, 0x000, 0x000, 0x000, 0x000, 0x000,
			0x000, 0x000, 0x000, 0x000, 0x000, 0x000, 0x000, 0x000, 0x000, 0x000, 0x000, 0x000, 0x000, 0x000, 0x000, 0x000,
			0x000, 0x000, 0x000, 0x000, 0x000, 0x000, 0x000, 0x000, 0x000, 0x000, 0x000, 0x000, 0x000, 0x000, 0x000, 0x000,
			0x000, 0x000, 0x000, 0x000, 0x000, 0x000, 0x000, 0x000, 0x000, 0x000, 0x000, 0x000, 0x000, 0x000, 0x000, 0x000,
			0x000, 0x000, 0x000, 0x000, 0x000, 0x000, 0x000, 0x000, 0x000, 0x000, 0x000, 0x000, 0x000, 0x000, 0x000, 0x000,
			0x000, 0x000, 0x000, 0x000, 0x000, 0x000, 0x000, 0x000, 0x000, 0x000, 0x000, 0x000, 0x000, 0x000, 0x000, 0x000,
			0x000, 0x000, 0x000, 0x000, 0x000, 0x000, 0x000, 0x000, 0x000, 0x000, 0x000, 0x000, 0x000, 0x000, 0x000, 0x000,
			0x000, 0x000, 0x000, 0x000, 0x000, 0x000, 0x000, 0x000, 0x000, 0x000, 0x000, 0x000, 0x000, 0x000, 0x000, 0x000,
		},
		"es_PA": {
			0x008, 0x008, 0x008, 0x008, 0x008, 0x008, 0x008, 0x008, 0x008, 0x20c, 0x208, 0x208, 0x208, 0x208, 0x008, 0x008,
			0x008, 0x008, 0x008, 0x008, 0x008, 0x008, 0x008, 0x008, 0x008, 0x008, 0x008, 0x008, 0x008, 0x008, 0x008, 0x008,
			0x284, 0x1a0, 0x1a0, 0x1a0, 0x1a0, 0x1a0, 0x1a0, 0x1a0, 0x1a0, 0x1a0, 0x1a0, 0x1a0, 0x1a0, 0x1a0, 0x1a0, 0x1a0,
			0x8b1, 0x8b1, 0x8b1, 0x8b1, 0x8b1, 0x8b1, 0x8b1, 0x8b1, 0x8b1, 0x8b1, 0x1a0, 0x1a0, 0x1a0, 0x1a0, 0x1a0, 0x1a0,
			0x1a0, 0xca3, 0xca3, 0xca3, 0xca3, 0xca3, 0xca3, 0x4a3, 0x4a3, 0x4a3, 0x4a3, 0x4a3, 0x4a3, 0x4a3, 0x4a3, 0x4a3,
			0x4a3, 0x4a3, 0x4a3, 0x4a3, 0x4a3, 0x4a3, 0x4a3, 0x4a3, 0x4a3, 0x4a3, 0x4a3, 0x1a0, 0x1a0, 0x1a0, 0x1a0, 0x1a0,
			0x1a0, 0x8e3, 0x8e3, 0x8e3, 0x8e3, 0x8e3, 0x8e3, 0x0e3, 0x0e3, 0x0e3, 0x0e3, 0x0e3, 0x0e3, 0x0e3, 0x0e3, 0x0e3,
			0x0e3, 0x0e3, 0x0e3, 0x0e3, 0x0e3, 0x0e3, 0x0e3, 0x0e3, 0x0e3, 0x0e3, 0x0e3, 0x1a0, 0x1a0, 0x1a0, 0x1a0, 0x008,
			0x008, 0x008, 0x008, 0x008, 0x008, 0x008, 0x008, 0x008, 0x008, 0x008, 0x008, 0x008, 0x008, 0x008, 0x008, 0x008,
			0x008, 0x008, 0x008, 0x008, 0x008, 0x008, 0x008, 0x008, 0x008, 0x008, 0x008, 0x008, 0x008, 0x008, 0x008, 0x008,
			0x1a0, 0x1a0, 0x1a0, 0x1a0, 0x1a0, 0x1a0, 0x1a0, 0x1a0, 0x1a0, 0x1a0, 0x0e3, 0x1a0, 0x1a0, 0x1a0, 0x1a0, 0x1a0,
			0x1a0, 0x1a0, 0x1a0, 0x1a0, 0x1a0, 0x0e3, 0x1a0, 0x1a0, 0x1a0, 0x1a0, 0x0e3, 0x1a0, 0x1a0, 0x1a0, 0x1a0, 0x1a0,
			0x4a3, 0x4a3, 0x4a3, 0x4a3, 0x4a3, 0x4a3, 0x4a3, 0x4a3, 0x4a3, 0x4a3, 0x4a3, 0x4a3, 0x4a3, 0x4a3, 0x4a3, 0x4a3,
			0x4a3, 0x4a3, 0x4a3, 0x4a3, 0x4a3, 0x4a3, 0x4a3, 0x1a0, 0x4a3, 0x4a3, 0x4a3, 0x4a3, 0x4a3, 0x4a3, 0x4a3, 0x0e3,
			0x0e3, 0x0e3, 0x0e3, 0x0e3, 0x0e3, 0x0e3, 0x0e3, 0x0e3, 0x0e3, 0x0e3, 0x0e3, 0x0e3, 0x0e3, 0x0e3, 0x0e3, 0x0e3,
			0x0e3, 0x0e3, 0x0e3, 0x0e3, 0x0e3, 0x0e3, 0x0e3, 0x1a0, 0x0e3, 0x0e3, 0x0e3, 0x0e3, 0x0e3, 0x0e3, 0x0e3, 0x0e3,
		},
		"es_PA.utf8": {
			0x008, 0x008, 0x008, 0x008, 0x008, 0x008, 0x008, 0x008, 0x008, 0x20c, 0x208, 0x208, 0x208, 0x208, 0x008, 0x008,
			0x008, 0x008, 0x008, 0x008, 0x008, 0x008, 0x008, 0x008, 0x008, 0x008, 0x008, 0x008, 0x008, 0x008, 0x008, 0x008,
			0x284, 0x1a0, 0x1a0, 0x1a0, 0x1a0, 0x1a0, 0x1a0, 0x1a0, 0x1a0, 0x1a0, 0x1a0, 0x1a0, 0x1a0, 0x1a0, 0x1a0, 0x1a0,
			0x8b1, 0x8b1, 0x8b1, 0x8b1, 0x8b1, 0x8b1, 0x8b1, 0x8b1, 0x8b1, 0x8b1, 0x1a0, 0x1a0, 0x1a0, 0x1a0, 0x1a0, 0x1a0,
			0x1a0, 0xca3, 0xca3, 0xca3, 0xca3, 0xca3, 0xca3, 0x4a3, 0x4a3, 0x4a3, 0x4a3, 0x4a3, 0x4a3, 0x4a3, 0x4a3, 0x4a3,
			0x4a3, 0x4a3, 0x4a3, 0x4a3, 0x4a3, 0x4a3, 0x4a3, 0x4a3, 0x4a3, 0x4a3, 0x4a3, 0x1a0, 0x1a0, 0x1a0, 0x1a0, 0x1a0,
			0x1a0, 0x8e3, 0x8e3, 0x8e3, 0x8e3, 0x8e3, 0x8e3, 0x0e3, 0x0e3, 0x0e3, 0x0e3, 0x0e3, 0x0e3, 0x0e3, 0x0e3, 0x0e3,
			0x0e3, 0x0e3, 0x0e3, 0x0e3, 0x0e3, 0x0e3, 0x0e3, 0x0e3, 0x0e3, 0x0e3, 0x0e3, 0x1a0, 0x1a0, 0x1a0, 0x1a0, 0x008,
			0x000, 0x000, 0x000, 0x000, 0x000, 0x000, 0x000, 0x000, 0x000, 0x000, 0x000, 0x000, 0x000, 0x000, 0x000, 0x000,
			0x000, 0x000, 0x000, 0x000, 0x000, 0x000, 0x000, 0x000, 0x000, 0x000, 0x000, 0x000, 0x000, 0x000, 0x000, 0x000,
			0x000, 0x000, 0x000, 0x000, 0x000, 0x000, 0x000, 0x000, 0x000, 0x000, 0x000, 0x000, 0x000, 0x000, 0x000, 0x000,
			0x000, 0x000, 0x000, 0x000, 0x000, 0x000, 0x000, 0x000, 0x000, 0x000, 0x000, 0x000, 0x000, 0x000, 0x000, 0x000,
			0x000, 0x000, 0x000, 0x000, 0x000, 0x000, 0x000, 0x000, 0x000, 0x000, 0x000, 0x000, 0x000, 0x000, 0x000, 0x000,
			0x000, 0x000, 0x000, 0x000, 0x000, 0x000, 0x000, 0x000, 0x000, 0x000, 0x000, 0x000, 0x000, 0x000, 0x000, 0x000,
			0x000, 0x000, 0x000, 0x000, 0x000, 0x000, 0x000, 0x000, 0x000, 0x000, 0x000, 0x000, 0x000, 0x000, 0x000, 0x000,
			0x000, 0x000, 0x000, 0x000, 0x000, 0x000, 0x000, 0x000, 0x000, 0x000, 0x000, 0x000, 0x000, 0x000, 0x000, 0x000,
		},
		"es_PE": {
			0x008, 0x008, 0x008, 0x008, 0x008, 0x008, 0x008, 0x008, 0x008, 0x20c, 0x208, 0x208, 0x208, 0x208, 0x008, 0x008,
			0x008, 0x008, 0x008, 0x008, 0x008, 0x008, 0x008, 0x008, 0x008, 0x008, 0x008, 0x008, 0x008, 0x008, 0x008, 0x008,
			0x284, 0x1a0, 0x1a0, 0x1a0, 0x1a0, 0x1a0, 0x1a0, 0x1a0, 0x1a0, 0x1a0, 0x1a0, 0x1a0, 0x1a0, 0x1a0, 0x1a0, 0x1a0,
			0x8b1, 0x8b1, 0x8b1, 0x8b1, 0x8b1, 0x8b1, 0x8b1, 0x8b1, 0x8b1, 0x8b1, 0x1a0, 0x1a0, 0x1a0, 0x1a0, 0x1a0, 0x1a0,
			0x1a0, 0xca3, 0xca3, 0xca3, 0xca3, 0xca3, 0xca3, 0x4a3, 0x4a3, 0x4a3, 0x4a3, 0x4a3, 0x4a3, 0x4a3, 0x4a3, 0x4a3,
			0x4a3, 0x4a3, 0x4a3, 0x4a3, 0x4a3, 0x4a3, 0x4a3, 0x4a3, 0x4a3, 0x4a3, 0x4a3, 0x1a0, 0x1a0, 0x1a0, 0x1a0, 0x1a0,
			0x1a0, 0x8e3, 0x8e3, 0x8e3, 0x8e3, 0x8e3, 0x8e3, 0x0e3, 0x0e3, 0x0e3, 0x0e3, 0x0e3, 0x0e3, 0x0e3, 0x0e3, 0x0e3,
			0x0e3, 0x0e3, 0x0e3, 0x0e3, 0x0e3, 0x0e3, 0x0e3, 0x0e3, 0x0e3, 0x0e3, 0x0e3, 0x1a0, 0x1a0, 0x1a0, 0x1a0, 0x008,
			0x008, 0x008, 0x008, 0x008, 0x008, 0x008, 0x008, 0x008, 0x008, 0x008, 0x008, 0x008, 0x008, 0x008, 0x008, 0x008,
			0x008, 0x008, 0x008, 0x008, 0x008, 0x008, 0x008, 0x008, 0x008, 0x008, 0x008, 0x008, 0x008, 0x008, 0x008, 0x008,
			0x1a0, 0x1a0, 0x1a0, 0x1a0, 0x1a0, 0x1a0, 0x1a0, 0x1a0, 0x1a0, 0x1a0, 0x0e3, 0x1a0, 0x1a0, 0x1a0, 0x1a0, 0x1a0,
			0x1a0, 0x1a0, 0x1a0, 0x1a0, 0x1a0, 0x0e3, 0x1a0, 0x1a0, 0x1a0, 0x1a0, 0x0e3, 0x1a0, 0x1a0, 0x1a0, 0x1a0, 0x1a0,
			0x4a3, 0x4a3, 0x4a3, 0x4a3, 0x4a3, 0x4a3, 0x4a3, 0x4a3, 0x4a3, 0x4a3, 0x4a3, 0x4a3, 0x4a3, 0x4a3, 0x4a3, 0x4a3,
			0x4a3, 0x4a3, 0x4a3, 0x4a3, 0x4a3, 0x4a3, 0x4a3, 0x1a0, 0x4a3, 0x4a3, 0x4a3, 0x4a3, 0x4a3, 0x4a3, 0x4a3, 0x0e3,
			0x0e3, 0x0e3, 0x0e3, 0x0e3, 0x0e3, 0x0e3, 0x0e3, 0x0e3, 0x0e3, 0x0e3, 0x0e3, 0x0e3, 0x0e3, 0x0e3, 0x0e3, 0x0e3,
			0x0e3, 0x0e3, 0x0e3, 0x0e3, 0x0e3, 0x0e3, 0x0e3, 0x1a0, 0x0e3, 0x0e3, 0x0e3, 0x0e3, 0x0e3, 0x0e3, 0x0e3, 0x0e3,
		},
		"es_PE.utf8": {
			0x008, 0x008, 0x008, 0x008, 0x008, 0x008, 0x008, 0x008, 0x008, 0x20c, 0x208, 0x208, 0x208, 0x208, 0x008, 0x008,
			0x008, 0x008, 0x008, 0x008, 0x008, 0x008, 0x008, 0x008, 0x008, 0x008, 0x008, 0x008, 0x008, 0x008, 0x008, 0x008,
			0x284, 0x1a0, 0x1a0, 0x1a0, 0x1a0, 0x1a0, 0x1a0, 0x1a0, 0x1a0, 0x1a0, 0x1a0, 0x1a0, 0x1a0, 0x1a0, 0x1a0, 0x1a0,
			0x8b1, 0x8b1, 0x8b1, 0x8b1, 0x8b1, 0x8b1, 0x8b1, 0x8b1, 0x8b1, 0x8b1, 0x1a0, 0x1a0, 0x1a0, 0x1a0, 0x1a0, 0x1a0,
			0x1a0, 0xca3, 0xca3, 0xca3, 0xca3, 0xca3, 0xca3, 0x4a3, 0x4a3, 0x4a3, 0x4a3, 0x4a3, 0x4a3, 0x4a3, 0x4a3, 0x4a3,
			0x4a3, 0x4a3, 0x4a3, 0x4a3, 0x4a3, 0x4a3, 0x4a3, 0x4a3, 0x4a3, 0x4a3, 0x4a3, 0x1a0, 0x1a0, 0x1a0, 0x1a0, 0x1a0,
			0x1a0, 0x8e3, 0x8e3, 0x8e3, 0x8e3, 0x8e3, 0x8e3, 0x0e3, 0x0e3, 0x0e3, 0x0e3, 0x0e3, 0x0e3, 0x0e3, 0x0e3, 0x0e3,
			0x0e3, 0x0e3, 0x0e3, 0x0e3, 0x0e3, 0x0e3, 0x0e3, 0x0e3, 0x0e3, 0x0e3, 0x0e3, 0x1a0, 0x1a0, 0x1a0, 0x1a0, 0x008,
			0x000, 0x000, 0x000, 0x000, 0x000, 0x000, 0x000, 0x000, 0x000, 0x000, 0x000, 0x000, 0x000, 0x000, 0x000, 0x000,
			0x000, 0x000, 0x000, 0x000, 0x000, 0x000, 0x000, 0x000, 0x000, 0x000, 0x000, 0x000, 0x000, 0x000, 0x000, 0x000,
			0x000, 0x000, 0x000, 0x000, 0x000, 0x000, 0x000, 0x000, 0x000, 0x000, 0x000, 0x000, 0x000, 0x000, 0x000, 0x000,
			0x000, 0x000, 0x000, 0x000, 0x000, 0x000, 0x000, 0x000, 0x000, 0x000, 0x000, 0x000, 0x000, 0x000, 0x000, 0x000,
			0x000, 0x000, 0x000, 0x000, 0x000, 0x000, 0x000, 0x000, 0x000, 0x000, 0x000, 0x000, 0x000, 0x000, 0x000, 0x000,
			0x000, 0x000, 0x000, 0x000, 0x000, 0x000, 0x000, 0x000, 0x000, 0x000, 0x000, 0x000, 0x000, 0x000, 0x000, 0x000,
			0x000, 0x000, 0x000, 0x000, 0x000, 0x000, 0x000, 0x000, 0x000, 0x000, 0x000, 0x000, 0x000, 0x000, 0x000, 0x000,
			0x000, 0x000, 0x000, 0x000, 0x000, 0x000, 0x000, 0x000, 0x000, 0x000, 0x000, 0x000, 0x000, 0x000, 0x000, 0x000,
		},
		"es_PR": {
			0x008, 0x008, 0x008, 0x008, 0x008, 0x008, 0x008, 0x008, 0x008, 0x20c, 0x208, 0x208, 0x208, 0x208, 0x008, 0x008,
			0x008, 0x008, 0x008, 0x008, 0x008, 0x008, 0x008, 0x008, 0x008, 0x008, 0x008, 0x008, 0x008, 0x008, 0x008, 0x008,
			0x284, 0x1a0, 0x1a0, 0x1a0, 0x1a0, 0x1a0, 0x1a0, 0x1a0, 0x1a0, 0x1a0, 0x1a0, 0x1a0, 0x1a0, 0x1a0, 0x1a0, 0x1a0,
			0x8b1, 0x8b1, 0x8b1, 0x8b1, 0x8b1, 0x8b1, 0x8b1, 0x8b1, 0x8b1, 0x8b1, 0x1a0, 0x1a0, 0x1a0, 0x1a0, 0x1a0, 0x1a0,
			0x1a0, 0xca3, 0xca3, 0xca3, 0xca3, 0xca3, 0xca3, 0x4a3, 0x4a3, 0x4a3, 0x4a3, 0x4a3, 0x4a3, 0x4a3, 0x4a3, 0x4a3,
			0x4a3, 0x4a3, 0x4a3, 0x4a3, 0x4a3, 0x4a3, 0x4a3, 0x4a3, 0x4a3, 0x4a3, 0x4a3, 0x1a0, 0x1a0, 0x1a0, 0x1a0, 0x1a0,
			0x1a0, 0x8e3, 0x8e3, 0x8e3, 0x8e3, 0x8e3, 0x8e3, 0x0e3, 0x0e3, 0x0e3, 0x0e3, 0x0e3, 0x0e3, 0x0e3, 0x0e3, 0x0e3,
			0x0e3, 0x0e3, 0x0e3, 0x0e3, 0x0e3, 0x0e3, 0x0e3, 0x0e3, 0x0e3, 0x0e3, 0x0e3, 0x1a0, 0x1a0, 0x1a0, 0x1a0, 0x008,
			0x008, 0x008, 0x008, 0x008, 0x008, 0x008, 0x008, 0x008, 0x008, 0x008, 0x008, 0x008, 0x008, 0x008, 0x008, 0x008,
			0x008, 0x008, 0x008, 0x008, 0x008, 0x008, 0x008, 0x008, 0x008, 0x008, 0x008, 0x008, 0x008, 0x008, 0x008, 0x008,
			0x1a0, 0x1a0, 0x1a0, 0x1a0, 0x1a0, 0x1a0, 0x1a0, 0x1a0, 0x1a0, 0x1a0, 0x0e3, 0x1a0, 0x1a0, 0x1a0, 0x1a0, 0x1a0,
			0x1a0, 0x1a0, 0x1a0, 0x1a0, 0x1a0, 0x0e3, 0x1a0, 0x1a0, 0x1a0, 0x1a0, 0x0e3, 0x1a0, 0x1a0, 0x1a0, 0x1a0, 0x1a0,
			0x4a3, 0x4a3, 0x4a3, 0x4a3, 0x4a3, 0x4a3, 0x4a3, 0x4a3, 0x4a3, 0x4a3, 0x4a3, 0x4a3, 0x4a3, 0x4a3, 0x4a3, 0x4a3,
			0x4a3, 0x4a3, 0x4a3, 0x4a3, 0x4a3, 0x4a3, 0x4a3, 0x1a0, 0x4a3, 0x4a3, 0x4a3, 0x4a3, 0x4a3, 0x4a3, 0x4a3, 0x0e3,
			0x0e3, 0x0e3, 0x0e3, 0x0e3, 0x0e3, 0x0e3, 0x0e3, 0x0e3, 0x0e3, 0x0e3, 0x0e3, 0x0e3, 0x0e3, 0x0e3, 0x0e3, 0x0e3,
			0x0e3, 0x0e3, 0x0e3, 0x0e3, 0x0e3, 0x0e3, 0x0e3, 0x1a0, 0x0e3, 0x0e3, 0x0e3, 0x0e3, 0x0e3, 0x0e3, 0x0e3, 0x0e3,
		},
		"es_PR.utf8": {
			0x008, 0x008, 0x008, 0x008, 0x008, 0x008, 0x008, 0x008, 0x008, 0x20c, 0x208, 0x208, 0x208, 0x208, 0x008, 0x008,
			0x008, 0x008, 0x008, 0x008, 0x008, 0x008, 0x008, 0x008, 0x008, 0x008, 0x008, 0x008, 0x008, 0x008, 0x008, 0x008,
			0x284, 0x1a0, 0x1a0, 0x1a0, 0x1a0, 0x1a0, 0x1a0, 0x1a0, 0x1a0, 0x1a0, 0x1a0, 0x1a0, 0x1a0, 0x1a0, 0x1a0, 0x1a0,
			0x8b1, 0x8b1, 0x8b1, 0x8b1, 0x8b1, 0x8b1, 0x8b1, 0x8b1, 0x8b1, 0x8b1, 0x1a0, 0x1a0, 0x1a0, 0x1a0, 0x1a0, 0x1a0,
			0x1a0, 0xca3, 0xca3, 0xca3, 0xca3, 0xca3, 0xca3, 0x4a3, 0x4a3, 0x4a3, 0x4a3, 0x4a3, 0x4a3, 0x4a3, 0x4a3, 0x4a3,
			0x4a3, 0x4a3, 0x4a3, 0x4a3, 0x4a3, 0x4a3, 0x4a3, 0x4a3, 0x4a3, 0x4a3, 0x4a3, 0x1a0, 0x1a0, 0x1a0, 0x1a0, 0x1a0,
			0x1a0, 0x8e3, 0x8e3, 0x8e3, 0x8e3, 0x8e3, 0x8e3, 0x0e3, 0x0e3, 0x0e3, 0x0e3, 0x0e3, 0x0e3, 0x0e3, 0x0e3, 0x0e3,
			0x0e3, 0x0e3, 0x0e3, 0x0e3, 0x0e3, 0x0e3, 0x0e3, 0x0e3, 0x0e3, 0x0e3, 0x0e3, 0x1a0, 0x1a0, 0x1a0, 0x1a0, 0x008,
			0x000, 0x000, 0x000, 0x000, 0x000, 0x000, 0x000, 0x000, 0x000, 0x000, 0x000, 0x000, 0x000, 0x000, 0x000, 0x000,
			0x000, 0x000, 0x000, 0x000, 0x000, 0x000, 0x000, 0x000, 0x000, 0x000, 0x000, 0x000, 0x000, 0x000, 0x000, 0x000,
			0x000, 0x000, 0x000, 0x000, 0x000, 0x000, 0x000, 0x000, 0x000, 0x000, 0x000, 0x000, 0x000, 0x000, 0x000, 0x000,
			0x000, 0x000, 0x000, 0x000, 0x000, 0x000, 0x000, 0x000, 0x000, 0x000, 0x000, 0x000, 0x000, 0x000, 0x000, 0x000,
			0x000, 0x000, 0x000, 0x000, 0x000, 0x000, 0x000, 0x000, 0x000, 0x000, 0x000, 0x000, 0x000, 0x000, 0x000, 0x000,
			0x000, 0x000, 0x000, 0x000, 0x000, 0x000, 0x000, 0x000, 0x000, 0x000, 0x000, 0x000, 0x000, 0x000, 0x000, 0x000,
			0x000, 0x000, 0x000, 0x000, 0x000, 0x000, 0x000, 0x000, 0x000, 0x000, 0x000, 0x000, 0x000, 0x000, 0x000, 0x000,
			0x000, 0x000, 0x000, 0x000, 0x000, 0x000, 0x000, 0x000, 0x000, 0x000, 0x000, 0x000, 0x000, 0x000, 0x000, 0x000,
		},
		"es_PY": {
			0x008, 0x008, 0x008, 0x008, 0x008, 0x008, 0x008, 0x008, 0x008, 0x20c, 0x208, 0x208, 0x208, 0x208, 0x008, 0x008,
			0x008, 0x008, 0x008, 0x008, 0x008, 0x008, 0x008, 0x008, 0x008, 0x008, 0x008, 0x008, 0x008, 0x008, 0x008, 0x008,
			0x284, 0x1a0, 0x1a0, 0x1a0, 0x1a0, 0x1a0, 0x1a0, 0x1a0, 0x1a0, 0x1a0, 0x1a0, 0x1a0, 0x1a0, 0x1a0, 0x1a0, 0x1a0,
			0x8b1, 0x8b1, 0x8b1, 0x8b1, 0x8b1, 0x8b1, 0x8b1, 0x8b1, 0x8b1, 0x8b1, 0x1a0, 0x1a0, 0x1a0, 0x1a0, 0x1a0, 0x1a0,
			0x1a0, 0xca3, 0xca3, 0xca3, 0xca3, 0xca3, 0xca3, 0x4a3, 0x4a3, 0x4a3, 0x4a3, 0x4a3, 0x4a3, 0x4a3, 0x4a3, 0x4a3,
			0x4a3, 0x4a3, 0x4a3, 0x4a3, 0x4a3, 0x4a3, 0x4a3, 0x4a3, 0x4a3, 0x4a3, 0x4a3, 0x1a0, 0x1a0, 0x1a0, 0x1a0, 0x1a0,
			0x1a0, 0x8e3, 0x8e3, 0x8e3, 0x8e3, 0x8e3, 0x8e3, 0x0e3, 0x0e3, 0x0e3, 0x0e3, 0x0e3, 0x0e3, 0x0e3, 0x0e3, 0x0e3,
			0x0e3, 0x0e3, 0x0e3, 0x0e3, 0x0e3, 0x0e3, 0x0e3, 0x0e3, 0x0e3, 0x0e3, 0x0e3, 0x1a0, 0x1a0, 0x1a0, 0x1a0, 0x008,
			0x008, 0x008, 0x008, 0x008, 0x008, 0x008, 0x008, 0x008, 0x008, 0x008, 0x008, 0x008, 0x008, 0x008, 0x008, 0x008,
			0x008, 0x008, 0x008, 0x008, 0x008, 0x008, 0x008, 0x008, 0x008, 0x008, 0x008, 0x008, 0x008, 0x008, 0x008, 0x008,
			0x1a0, 0x1a0, 0x1a0, 0x1a0, 0x1a0, 0x1a0, 0x1a0, 0x1a0, 0x1a0, 0x1a0, 0x0e3, 0x1a0, 0x1a0, 0x1a0, 0x1a0, 0x1a0,
			0x1a0, 0x1a0, 0x1a0, 0x1a0, 0x1a0, 0x0e3, 0x1a0, 0x1a0, 0x1a0, 0x1a0, 0x0e3, 0x1a0, 0x1a0, 0x1a0, 0x1a0, 0x1a0,
			0x4a3, 0x4a3, 0x4a3, 0x4a3, 0x4a3, 0x4a3, 0x4a3, 0x4a3, 0x4a3, 0x4a3, 0x4a3, 0x4a3, 0x4a3, 0x4a3, 0x4a3, 0x4a3,
			0x4a3, 0x4a3, 0x4a3, 0x4a3, 0x4a3, 0x4a3, 0x4a3, 0x1a0, 0x4a3, 0x4a3, 0x4a3, 0x4a3, 0x4a3, 0x4a3, 0x4a3, 0x0e3,
			0x0e3, 0x0e3, 0x0e3, 0x0e3, 0x0e3, 0x0e3, 0x0e3, 0x0e3, 0x0e3, 0x0e3, 0x0e3, 0x0e3, 0x0e3, 0x0e3, 0x0e3, 0x0e3,
			0x0e3, 0x0e3, 0x0e3, 0x0e3, 0x0e3, 0x0e3, 0x0e3, 0x1a0, 0x0e3, 0x0e3, 0x0e3, 0x0e3, 0x0e3, 0x0e3, 0x0e3, 0x0e3,
		},
		"es_PY.utf8": {
			0x008, 0x008, 0x008, 0x008, 0x008, 0x008, 0x008, 0x008, 0x008, 0x20c, 0x208, 0x208, 0x208, 0x208, 0x008, 0x008,
			0x008, 0x008, 0x008, 0x008, 0x008, 0x008, 0x008, 0x008, 0x008, 0x008, 0x008, 0x008, 0x008, 0x008, 0x008, 0x008,
			0x284, 0x1a0, 0x1a0, 0x1a0, 0x1a0, 0x1a0, 0x1a0, 0x1a0, 0x1a0, 0x1a0, 0x1a0, 0x1a0, 0x1a0, 0x1a0, 0x1a0, 0x1a0,
			0x8b1, 0x8b1, 0x8b1, 0x8b1, 0x8b1, 0x8b1, 0x8b1, 0x8b1, 0x8b1, 0x8b1, 0x1a0, 0x1a0, 0x1a0, 0x1a0, 0x1a0, 0x1a0,
			0x1a0, 0xca3, 0xca3, 0xca3, 0xca3, 0xca3, 0xca3, 0x4a3, 0x4a3, 0x4a3, 0x4a3, 0x4a3, 0x4a3, 0x4a3, 0x4a3, 0x4a3,
			0x4a3, 0x4a3, 0x4a3, 0x4a3, 0x4a3, 0x4a3, 0x4a3, 0x4a3, 0x4a3, 0x4a3, 0x4a3, 0x1a0, 0x1a0, 0x1a0, 0x1a0, 0x1a0,
			0x1a0, 0x8e3, 0x8e3, 0x8e3, 0x8e3, 0x8e3, 0x8e3, 0x0e3, 0x0e3, 0x0e3, 0x0e3, 0x0e3, 0x0e3, 0x0e3, 0x0e3, 0x0e3,
			0x0e3, 0x0e3, 0x0e3, 0x0e3, 0x0e3, 0x0e3, 0x0e3, 0x0e3, 0x0e3, 0x0e3, 0x0e3, 0x1a0, 0x1a0, 0x1a0, 0x1a0, 0x008,
			0x000, 0x000, 0x000, 0x000, 0x000, 0x000, 0x000, 0x000, 0x000, 0x000, 0x000, 0x000, 0x000, 0x000, 0x000, 0x000,
			0x000, 0x000, 0x000, 0x000, 0x000, 0x000, 0x000, 0x000, 0x000, 0x000, 0x000, 0x000, 0x000, 0x000, 0x000, 0x000,
			0x000, 0x000, 0x000, 0x000, 0x000, 0x000, 0x000, 0x000, 0x000, 0x000, 0x000, 0x000, 0x000, 0x000, 0x000, 0x000,
			0x000, 0x000, 0x000, 0x000, 0x000, 0x000, 0x000, 0x000, 0x000, 0x000, 0x000, 0x000, 0x000, 0x000, 0x000, 0x000,
			0x000, 0x000, 0x000, 0x000, 0x000, 0x000, 0x000, 0x000, 0x000, 0x000, 0x000, 0x000, 0x000, 0x000, 0x000, 0x000,
			0x000, 0x000, 0x000, 0x000, 0x000, 0x000, 0x000, 0x000, 0x000, 0x000, 0x000, 0x000, 0x000, 0x000, 0x000, 0x000,
			0x000, 0x000, 0x000, 0x000, 0x000, 0x000, 0x000, 0x000, 0x000, 0x000, 0x000, 0x000, 0x000, 0x000, 0x000, 0x000,
			0x000, 0x000, 0x000, 0x000, 0x000, 0x000, 0x000, 0x000, 0x000, 0x000, 0x000, 0x000, 0x000, 0x000, 0x000, 0x000,
		},
		"es_SV": {
			0x008, 0x008, 0x008, 0x008, 0x008, 0x008, 0x008, 0x008, 0x008, 0x20c, 0x208, 0x208, 0x208, 0x208, 0x008, 0x008,
			0x008, 0x008, 0x008, 0x008, 0x008, 0x008, 0x008, 0x008, 0x008, 0x008, 0x008, 0x008, 0x008, 0x008, 0x008, 0x008,
			0x284, 0x1a0, 0x1a0, 0x1a0, 0x1a0, 0x1a0, 0x1a0, 0x1a0, 0x1a0, 0x1a0, 0x1a0, 0x1a0, 0x1a0, 0x1a0, 0x1a0, 0x1a0,
			0x8b1, 0x8b1, 0x8b1, 0x8b1, 0x8b1, 0x8b1, 0x8b1, 0x8b1, 0x8b1, 0x8b1, 0x1a0, 0x1a0, 0x1a0, 0x1a0, 0x1a0, 0x1a0,
			0x1a0, 0xca3, 0xca3, 0xca3, 0xca3, 0xca3, 0xca3, 0x4a3, 0x4a3, 0x4a3, 0x4a3, 0x4a3, 0x4a3, 0x4a3, 0x4a3, 0x4a3,
			0x4a3, 0x4a3, 0x4a3, 0x4a3, 0x4a3, 0x4a3, 0x4a3, 0x4a3, 0x4a3, 0x4a3, 0x4a3, 0x1a0, 0x1a0, 0x1a0, 0x1a0, 0x1a0,
			0x1a0, 0x8e3, 0x8e3, 0x8e3, 0x8e3, 0x8e3, 0x8e3, 0x0e3, 0x0e3, 0x0e3, 0x0e3, 0x0e3, 0x0e3, 0x0e3, 0x0e3, 0x0e3,
			0x0e3, 0x0e3, 0x0e3, 0x0e3, 0x0e3, 0x0e3, 0x0e3, 0x0e3, 0x0e3, 0x0e3, 0x0e3, 0x1a0, 0x1a0, 0x1a0, 0x1a0, 0x008,
			0x008, 0x008, 0x008, 0x008, 0x008, 0x008, 0x008, 0x008, 0x008, 0x008, 0x008, 0x008, 0x008, 0x008, 0x008, 0x008,
			0x008, 0x008, 0x008, 0x008, 0x008, 0x008, 0x008, 0x008, 0x008, 0x008, 0x008, 0x008, 0x008, 0x008, 0x008, 0x008,
			0x1a0, 0x1a0, 0x1a0, 0x1a0, 0x1a0, 0x1a0, 0x1a0, 0x1a0, 0x1a0, 0x1a0, 0x0e3, 0x1a0, 0x1a0, 0x1a0, 0x1a0, 0x1a0,
			0x1a0, 0x1a0, 0x1a0, 0x1a0, 0x1a0, 0x0e3, 0x1a0, 0x1a0, 0x1a0, 0x1a0, 0x0e3, 0x1a0, 0x1a0, 0x1a0, 0x1a0, 0x1a0,
			0x4a3, 0x4a3, 0x4a3, 0x4a3, 0x4a3, 0x4a3, 0x4a3, 0x4a3, 0x4a3, 0x4a3, 0x4a3, 0x4a3, 0x4a3, 0x4a3, 0x4a3, 0x4a3,
			0x4a3, 0x4a3, 0x4a3, 0x4a3, 0x4a3, 0x4a3, 0x4a3, 0x1a0, 0x4a3, 0x4a3, 0x4a3, 0x4a3, 0x4a3, 0x4a3, 0x4a3, 0x0e3,
			0x0e3, 0x0e3, 0x0e3, 0x0e3, 0x0e3, 0x0e3, 0x0e3, 0x0e3, 0x0e3, 0x0e3, 0x0e3, 0x0e3, 0x0e3, 0x0e3, 0x0e3, 0x0e3,
			0x0e3, 0x0e3, 0x0e3, 0x0e3, 0x0e3, 0x0e3, 0x0e3, 0x1a0, 0x0e3, 0x0e3, 0x0e3, 0x0e3, 0x0e3, 0x0e3, 0x0e3, 0x0e3,
		},
		"es_SV.utf8": {
			0x008, 0x008, 0x008, 0x008, 0x008, 0x008, 0x008, 0x008, 0x008, 0x20c, 0x208, 0x208, 0x208, 0x208, 0x008, 0x008,
			0x008, 0x008, 0x008, 0x008, 0x008, 0x008, 0x008, 0x008, 0x008, 0x008, 0x008, 0x008, 0x008, 0x008, 0x008, 0x008,
			0x284, 0x1a0, 0x1a0, 0x1a0, 0x1a0, 0x1a0, 0x1a0, 0x1a0, 0x1a0, 0x1a0, 0x1a0, 0x1a0, 0x1a0, 0x1a0, 0x1a0, 0x1a0,
			0x8b1, 0x8b1, 0x8b1, 0x8b1, 0x8b1, 0x8b1, 0x8b1, 0x8b1, 0x8b1, 0x8b1, 0x1a0, 0x1a0, 0x1a0, 0x1a0, 0x1a0, 0x1a0,
			0x1a0, 0xca3, 0xca3, 0xca3, 0xca3, 0xca3, 0xca3, 0x4a3, 0x4a3, 0x4a3, 0x4a3, 0x4a3, 0x4a3, 0x4a3, 0x4a3, 0x4a3,
			0x4a3, 0x4a3, 0x4a3, 0x4a3, 0x4a3, 0x4a3, 0x4a3, 0x4a3, 0x4a3, 0x4a3, 0x4a3, 0x1a0, 0x1a0, 0x1a0, 0x1a0, 0x1a0,
			0x1a0, 0x8e3, 0x8e3, 0x8e3, 0x8e3, 0x8e3, 0x8e3, 0x0e3, 0x0e3, 0x0e3, 0x0e3, 0x0e3, 0x0e3, 0x0e3, 0x0e3, 0x0e3,
			0x0e3, 0x0e3, 0x0e3, 0x0e3, 0x0e3, 0x0e3, 0x0e3, 0x0e3, 0x0e3, 0x0e3, 0x0e3, 0x1a0, 0x1a0, 0x1a0, 0x1a0, 0x008,
			0x000, 0x000, 0x000, 0x000, 0x000, 0x000, 0x000, 0x000, 0x000, 0x000, 0x000, 0x000, 0x000, 0x000, 0x000, 0x000,
			0x000, 0x000, 0x000, 0x000, 0x000, 0x000, 0x000, 0x000, 0x000, 0x000, 0x000, 0x000, 0x000, 0x000, 0x000, 0x000,
			0x000, 0x000, 0x000, 0x000, 0x000, 0x000, 0x000, 0x000, 0x000, 0x000, 0x000, 0x000, 0x000, 0x000, 0x000, 0x000,
			0x000, 0x000, 0x000, 0x000, 0x000, 0x000, 0x000, 0x000, 0x000, 0x000, 0x000, 0x000, 0x000, 0x000, 0x000, 0x000,
			0x000, 0x000, 0x000, 0x000, 0x000, 0x000, 0x000, 0x000, 0x000, 0x000, 0x000, 0x000, 0x000, 0x000, 0x000, 0x000,
			0x000, 0x000, 0x000, 0x000, 0x000, 0x000, 0x000, 0x000, 0x000, 0x000, 0x000, 0x000, 0x000, 0x000, 0x000, 0x000,
			0x000, 0x000, 0x000, 0x000, 0x000, 0x000, 0x000, 0x000, 0x000, 0x000, 0x000, 0x000, 0x000, 0x000, 0x000, 0x000,
			0x000, 0x000, 0x000, 0x000, 0x000, 0x000, 0x000, 0x000, 0x000, 0x000, 0x000, 0x000, 0x000, 0x000, 0x000, 0x000,
		},
		"es_US": {
			0x008, 0x008, 0x008, 0x008, 0x008, 0x008, 0x008, 0x008, 0x008, 0x20c, 0x208, 0x208, 0x208, 0x208, 0x008, 0x008,
			0x008, 0x008, 0x008, 0x008, 0x008, 0x008, 0x008, 0x008, 0x008, 0x008, 0x008, 0x008, 0x008, 0x008, 0x008, 0x008,
			0x284, 0x1a0, 0x1a0, 0x1a0, 0x1a0, 0x1a0, 0x1a0, 0x1a0, 0x1a0, 0x1a0, 0x1a0, 0x1a0, 0x1a0, 0x1a0, 0x1a0, 0x1a0,
			0x8b1, 0x8b1, 0x8b1, 0x8b1, 0x8b1, 0x8b1, 0x8b1, 0x8b1, 0x8b1, 0x8b1, 0x1a0, 0x1a0, 0x1a0, 0x1a0, 0x1a0, 0x1a0,
			0x1a0, 0xca3, 0xca3, 0xca3, 0xca3, 0xca3, 0xca3, 0x4a3, 0x4a3, 0x4a3, 0x4a3, 0x4a3, 0x4a3, 0x4a3, 0x4a3, 0x4a3,
			0x4a3, 0x4a3, 0x4a3, 0x4a3, 0x4a3, 0x4a3, 0x4a3, 0x4a3, 0x4a3, 0x4a3, 0x4a3, 0x1a0, 0x1a0, 0x1a0, 0x1a0, 0x1a0,
			0x1a0, 0x8e3, 0x8e3, 0x8e3, 0x8e3, 0x8e3, 0x8e3, 0x0e3, 0x0e3, 0x0e3, 0x0e3, 0x0e3, 0x0e3, 0x0e3, 0x0e3, 0x0e3,
			0x0e3, 0x0e3, 0x0e3, 0x0e3, 0x0e3, 0x0e3, 0x0e3, 0x0e3, 0x0e3, 0x0e3, 0x0e3, 0x1a0, 0x1a0, 0x1a0, 0x1a0, 0x008,
			0x008, 0x008, 0x008, 0x008, 0x008, 0x008, 0x008, 0x008, 0x008, 0x008, 0x008, 0x008, 0x008, 0x008, 0x008, 0x008,
			0x008, 0x008, 0x008, 0x008, 0x008, 0x008, 0x008, 0x008, 0x008, 0x008, 0x008, 0x008, 0x008, 0x008, 0x008, 0x008,
			0x1a0, 0x1a0, 0x1a0, 0x1a0, 0x1a0, 0x1a0, 0x1a0, 0x1a0, 0x1a0, 0x1a0, 0x0e3, 0x1a0, 0x1a0, 0x1a0, 0x1a0, 0x1a0,
			0x1a0, 0x1a0, 0x1a0, 0x1a0, 0x1a0, 0x0e3, 0x1a0, 0x1a0, 0x1a0, 0x1a0, 0x0e3, 0x1a0, 0x1a0, 0x1a0, 0x1a0, 0x1a0,
			0x4a3, 0x4a3, 0x4a3, 0x4a3, 0x4a3, 0x4a3, 0x4a3, 0x4a3, 0x4a3, 0x4a3, 0x4a3, 0x4a3, 0x4a3, 0x4a3, 0x4a3, 0x4a3,
			0x4a3, 0x4a3, 0x4a3, 0x4a3, 0x4a3, 0x4a3, 0x4a3, 0x1a0, 0x4a3, 0x4a3, 0x4a3, 0x4a3, 0x4a3, 0x4a3, 0x4a3, 0x0e3,
			0x0e3, 0x0e3, 0x0e3, 0x0e3, 0x0e3, 0x0e3, 0x0e3, 0x0e3, 0x0e3, 0x0e3, 0x0e3, 0x0e3, 0x0e3, 0x0e3, 0x0e3, 0x0e3,
			0x0e3, 0x0e3, 0x0e3, 0x0e3, 0x0e3, 0x0e3, 0x0e3, 0x1a0, 0x0e3, 0x0e3, 0x0e3, 0x0e3, 0x0e3, 0x0e3, 0x0e3, 0x0e3,
		},
		"es_US.utf8": {
			0x008, 0x008, 0x008, 0x008, 0x008, 0x008, 0x008, 0x008, 0x008, 0x20c, 0x208, 0x208, 0x208, 0x208, 0x008, 0x008,
			0x008, 0x008, 0x008, 0x008, 0x008, 0x008, 0x008, 0x008, 0x008, 0x008, 0x008, 0x008, 0x008, 0x008, 0x008, 0x008,
			0x284, 0x1a0, 0x1a0, 0x1a0, 0x1a0, 0x1a0, 0x1a0, 0x1a0, 0x1a0, 0x1a0, 0x1a0, 0x1a0, 0x1a0, 0x1a0, 0x1a0, 0x1a0,
			0x8b1, 0x8b1, 0x8b1, 0x8b1, 0x8b1, 0x8b1, 0x8b1, 0x8b1, 0x8b1, 0x8b1, 0x1a0, 0x1a0, 0x1a0, 0x1a0, 0x1a0, 0x1a0,
			0x1a0, 0xca3, 0xca3, 0xca3, 0xca3, 0xca3, 0xca3, 0x4a3, 0x4a3, 0x4a3, 0x4a3, 0x4a3, 0x4a3, 0x4a3, 0x4a3, 0x4a3,
			0x4a3, 0x4a3, 0x4a3, 0x4a3, 0x4a3, 0x4a3, 0x4a3, 0x4a3, 0x4a3, 0x4a3, 0x4a3, 0x1a0, 0x1a0, 0x1a0, 0x1a0, 0x1a0,
			0x1a0, 0x8e3, 0x8e3, 0x8e3, 0x8e3, 0x8e3, 0x8e3, 0x0e3, 0x0e3, 0x0e3, 0x0e3, 0x0e3, 0x0e3, 0x0e3, 0x0e3, 0x0e3,
			0x0e3, 0x0e3, 0x0e3, 0x0e3, 0x0e3, 0x0e3, 0x0e3, 0x0e3, 0x0e3, 0x0e3, 0x0e3, 0x1a0, 0x1a0, 0x1a0, 0x1a0, 0x008,
			0x000, 0x000, 0x000, 0x000, 0x000, 0x000, 0x000, 0x000, 0x000, 0x000, 0x000, 0x000, 0x000, 0x000, 0x000, 0x000,
			0x000, 0x000, 0x000, 0x000, 0x000, 0x000, 0x000, 0x000, 0x000, 0x000, 0x000, 0x000, 0x000, 0x000, 0x000, 0x000,
			0x000, 0x000, 0x000, 0x000, 0x000, 0x000, 0x000, 0x000, 0x000, 0x000, 0x000, 0x000, 0x000, 0x000, 0x000, 0x000,
			0x000, 0x000, 0x000, 0x000, 0x000, 0x000, 0x000, 0x000, 0x000, 0x000, 0x000, 0x000, 0x000, 0x000, 0x000, 0x000,
			0x000, 0x000, 0x000, 0x000, 0x000, 0x000, 0x000, 0x000, 0x000, 0x000, 0x000, 0x000, 0x000, 0x000, 0x000, 0x000,
			0x000, 0x000, 0x000, 0x000, 0x000, 0x000, 0x000, 0x000, 0x000, 0x000, 0x000, 0x000, 0x000, 0x000, 0x000, 0x000,
			0x000, 0x000, 0x000, 0x000, 0x000, 0x000, 0x000, 0x000, 0x000, 0x000, 0x000, 0x000, 0x000, 0x000, 0x000, 0x000,
			0x000, 0x000, 0x000, 0x000, 0x000, 0x000, 0x000, 0x000, 0x000, 0x000, 0x000, 0x000, 0x000, 0x000, 0x000, 0x000,
		},
		"es_UY": {
			0x008, 0x008, 0x008, 0x008, 0x008, 0x008, 0x008, 0x008, 0x008, 0x20c, 0x208, 0x208, 0x208, 0x208, 0x008, 0x008,
			0x008, 0x008, 0x008, 0x008, 0x008, 0x008, 0x008, 0x008, 0x008, 0x008, 0x008, 0x008, 0x008, 0x008, 0x008, 0x008,
			0x284, 0x1a0, 0x1a0, 0x1a0, 0x1a0, 0x1a0, 0x1a0, 0x1a0, 0x1a0, 0x1a0, 0x1a0, 0x1a0, 0x1a0, 0x1a0, 0x1a0, 0x1a0,
			0x8b1, 0x8b1, 0x8b1, 0x8b1, 0x8b1, 0x8b1, 0x8b1, 0x8b1, 0x8b1, 0x8b1, 0x1a0, 0x1a0, 0x1a0, 0x1a0, 0x1a0, 0x1a0,
			0x1a0, 0xca3, 0xca3, 0xca3, 0xca3, 0xca3, 0xca3, 0x4a3, 0x4a3, 0x4a3, 0x4a3, 0x4a3, 0x4a3, 0x4a3, 0x4a3, 0x4a3,
			0x4a3, 0x4a3, 0x4a3, 0x4a3, 0x4a3, 0x4a3, 0x4a3, 0x4a3, 0x4a3, 0x4a3, 0x4a3, 0x1a0, 0x1a0, 0x1a0, 0x1a0, 0x1a0,
			0x1a0, 0x8e3, 0x8e3, 0x8e3, 0x8e3, 0x8e3, 0x8e3, 0x0e3, 0x0e3, 0x0e3, 0x0e3, 0x0e3, 0x0e3, 0x0e3, 0x0e3, 0x0e3,
			0x0e3, 0x0e3, 0x0e3, 0x0e3, 0x0e3, 0x0e3, 0x0e3, 0x0e3, 0x0e3, 0x0e3, 0x0e3, 0x1a0, 0x1a0, 0x1a0, 0x1a0, 0x008,
			0x008, 0x008, 0x008, 0x008, 0x008, 0x008, 0x008, 0x008, 0x008, 0x008, 0x008, 0x008, 0x008, 0x008, 0x008, 0x008,
			0x008, 0x008, 0x008, 0x008, 0x008, 0x008, 0x008, 0x008, 0x008, 0x008, 0x008, 0x008, 0x008, 0x008, 0x008, 0x008,
			0x1a0, 0x1a0, 0x1a0, 0x1a0, 0x1a0, 0x1a0, 0x1a0, 0x1a0, 0x1a0, 0x1a0, 0x0e3, 0x1a0, 0x1a0, 0x1a0, 0x1a0, 0x1a0,
			0x1a0, 0x1a0, 0x1a0, 0x1a0, 0x1a0, 0x0e3, 0x1a0, 0x1a0, 0x1a0, 0x1a0, 0x0e3, 0x1a0, 0x1a0, 0x1a0, 0x1a0, 0x1a0,
			0x4a3, 0x4a3, 0x4a3, 0x4a3, 0x4a3, 0x4a3, 0x4a3, 0x4a3, 0x4a3, 0x4a3, 0x4a3, 0x4a3, 0x4a3, 0x4a3, 0x4a3, 0x4a3,
			0x4a3, 0x4a3, 0x4a3, 0x4a3, 0x4a3, 0x4a3, 0x4a3, 0x1a0, 0x4a3, 0x4a3, 0x4a3, 0x4a3, 0x4a3, 0x4a3, 0x4a3, 0x0e3,
			0x0e3, 0x0e3, 0x0e3, 0x0e3, 0x0e3, 0x0e3, 0x0e3, 0x0e3, 0x0e3, 0x0e3, 0x0e3, 0x0e3, 0x0e3, 0x0e3, 0x0e3, 0x0e3,
			0x0e3, 0x0e3, 0x0e3, 0x0e3, 0x0e3, 0x0e3, 0x0e3, 0x1a0, 0x0e3, 0x0e3, 0x0e3, 0x0e3, 0x0e3, 0x0e3, 0x0e3, 0x0e3,
		},
		"es_UY.utf8": {
			0x008, 0x008, 0x008, 0x008, 0x008, 0x008, 0x008, 0x008, 0x008, 0x20c, 0x208, 0x208, 0x208, 0x208, 0x008, 0x008,
			0x008, 0x008, 0x008, 0x008, 0x008, 0x008, 0x008, 0x008, 0x008, 0x008, 0x008, 0x008, 0x008, 0x008, 0x008, 0x008,
			0x284, 0x1a0, 0x1a0, 0x1a0, 0x1a0, 0x1a0, 0x1a0, 0x1a0, 0x1a0, 0x1a0, 0x1a0, 0x1a0, 0x1a0, 0x1a0, 0x1a0, 0x1a0,
			0x8b1, 0x8b1, 0x8b1, 0x8b1, 0x8b1, 0x8b1, 0x8b1, 0x8b1, 0x8b1, 0x8b1, 0x1a0, 0x1a0, 0x1a0, 0x1a0, 0x1a0, 0x1a0,
			0x1a0, 0xca3, 0xca3, 0xca3, 0xca3, 0xca3, 0xca3, 0x4a3, 0x4a3, 0x4a3, 0x4a3, 0x4a3, 0x4a3, 0x4a3, 0x4a3, 0x4a3,
			0x4a3, 0x4a3, 0x4a3, 0x4a3, 0x4a3, 0x4a3, 0x4a3, 0x4a3, 0x4a3, 0x4a3, 0x4a3, 0x1a0, 0x1a0, 0x1a0, 0x1a0, 0x1a0,
			0x1a0, 0x8e3, 0x8e3, 0x8e3, 0x8e3, 0x8e3, 0x8e3, 0x0e3, 0x0e3, 0x0e3, 0x0e3, 0x0e3, 0x0e3, 0x0e3, 0x0e3, 0x0e3,
			0x0e3, 0x0e3, 0x0e3, 0x0e3, 0x0e3, 0x0e3, 0x0e3, 0x0e3, 0x0e3, 0x0e3, 0x0e3, 0x1a0, 0x1a0, 0x1a0, 0x1a0, 0x008,
			0x000, 0x000, 0x000, 0x000, 0x000, 0x000, 0x000, 0x000, 0x000, 0x000, 0x000, 0x000, 0x000, 0x000, 0x000, 0x000,
			0x000, 0x000, 0x000, 0x000, 0x000, 0x000, 0x000, 0x000, 0x000, 0x000, 0x000, 0x000, 0x000, 0x000, 0x000, 0x000,
			0x000, 0x000, 0x000, 0x000, 0x000, 0x000, 0x000, 0x000, 0x000, 0x000, 0x000, 0x000, 0x000, 0x000, 0x000, 0x000,
			0x000, 0x000, 0x000, 0x000, 0x000, 0x000, 0x000, 0x000, 0x000, 0x000, 0x000, 0x000, 0x000, 0x000, 0x000, 0x000,
			0x000, 0x000, 0x000, 0x000, 0x000, 0x000, 0x000, 0x000, 0x000, 0x000, 0x000, 0x000, 0x000, 0x000, 0x000, 0x000,
			0x000, 0x000, 0x000, 0x000, 0x000, 0x000, 0x000, 0x000, 0x000, 0x000, 0x000, 0x000, 0x000, 0x000, 0x000, 0x000,
			0x000, 0x000, 0x000, 0x000, 0x000, 0x000, 0x000, 0x000, 0x000, 0x000, 0x000, 0x000, 0x000, 0x000, 0x000, 0x000,
			0x000, 0x000, 0x000, 0x000, 0x000, 0x000, 0x000, 0x000, 0x000, 0x000, 0x000, 0x000, 0x000, 0x000, 0x000, 0x000,
		},
		"es_VE": {
			0x008, 0x008, 0x008, 0x008, 0x008, 0x008, 0x008, 0x008, 0x008, 0x20c, 0x208, 0x208, 0x208, 0x208, 0x008, 0x008,
			0x008, 0x008, 0x008, 0x008, 0x008, 0x008, 0x008, 0x008, 0x008, 0x008, 0x008, 0x008, 0x008, 0x008, 0x008, 0x008,
			0x284, 0x1a0, 0x1a0, 0x1a0, 0x1a0, 0x1a0, 0x1a0, 0x1a0, 0x1a0, 0x1a0, 0x1a0, 0x1a0, 0x1a0, 0x1a0, 0x1a0, 0x1a0,
			0x8b1, 0x8b1, 0x8b1, 0x8b1, 0x8b1, 0x8b1, 0x8b1, 0x8b1, 0x8b1, 0x8b1, 0x1a0, 0x1a0, 0x1a0, 0x1a0, 0x1a0, 0x1a0,
			0x1a0, 0xca3, 0xca3, 0xca3, 0xca3, 0xca3, 0xca3, 0x4a3, 0x4a3, 0x4a3, 0x4a3, 0x4a3, 0x4a3, 0x4a3, 0x4a3, 0x4a3,
			0x4a3, 0x4a3, 0x4a3, 0x4a3, 0x4a3, 0x4a3, 0x4a3, 0x4a3, 0x4a3, 0x4a3, 0x4a3, 0x1a0, 0x1a0, 0x1a0, 0x1a0, 0x1a0,
			0x1a0, 0x8e3, 0x8e3, 0x8e3, 0x8e3, 0x8e3, 0x8e3, 0x0e3, 0x0e3, 0x0e3, 0x0e3, 0x0e3, 0x0e3, 0x0e3, 0x0e3, 0x0e3,
			0x0e3, 0x0e3, 0x0e3, 0x0e3, 0x0e3, 0x0e3, 0x0e3, 0x0e3, 0x0e3, 0x0e3, 0x0e3, 0x1a0, 0x1a0, 0x1a0, 0x1a0, 0x008,
			0x008, 0x008, 0x008, 0x008, 0x008, 0x008, 0x008, 0x008, 0x008, 0x008, 0x008, 0x008, 0x008, 0x008, 0x008, 0x008,
			0x008, 0x008, 0x008, 0x008, 0x008, 0x008, 0x008, 0x008, 0x008, 0x008, 0x008, 0x008, 0x008, 0x008, 0x008, 0x008,
			0x1a0, 0x1a0, 0x1a0, 0x1a0, 0x1a0, 0x1a0, 0x1a0, 0x1a0, 0x1a0, 0x1a0, 0x0e3, 0x1a0, 0x1a0, 0x1a0, 0x1a0, 0x1a0,
			0x1a0, 0x1a0, 0x1a0, 0x1a0, 0x1a0, 0x0e3, 0x1a0, 0x1a0, 0x1a0, 0x1a0, 0x0e3, 0x1a0, 0x1a0, 0x1a0, 0x1a0, 0x1a0,
			0x4a3, 0x4a3, 0x4a3, 0x4a3, 0x4a3, 0x4a3, 0x4a3, 0x4a3, 0x4a3, 0x4a3, 0x4a3, 0x4a3, 0x4a3, 0x4a3, 0x4a3, 0x4a3,
			0x4a3, 0x4a3, 0x4a3, 0x4a3, 0x4a3, 0x4a3, 0x4a3, 0x1a0, 0x4a3, 0x4a3, 0x4a3, 0x4a3, 0x4a3, 0x4a3, 0x4a3, 0x0e3,
			0x0e3, 0x0e3, 0x0e3, 0x0e3, 0x0e3, 0x0e3, 0x0e3, 0x0e3, 0x0e3, 0x0e3, 0x0e3, 0x0e3, 0x0e3, 0x0e3, 0x0e3, 0x0e3,
			0x0e3, 0x0e3, 0x0e3, 0x0e3, 0x0e3, 0x0e3, 0x0e3, 0x1a0, 0x0e3, 0x0e3, 0x0e3, 0x0e3, 0x0e3, 0x0e3, 0x0e3, 0x0e3,
		},
		"es_VE.utf8": {
			0x008, 0x008, 0x008, 0x008, 0x008, 0x008, 0x008, 0x008, 0x008, 0x20c, 0x208, 0x208, 0x208, 0x208, 0x008, 0x008,
			0x008, 0x008, 0x008, 0x008, 0x008, 0x008, 0x008, 0x008, 0x008, 0x008, 0x008, 0x008, 0x008, 0x008, 0x008, 0x008,
			0x284, 0x1a0, 0x1a0, 0x1a0, 0x1a0, 0x1a0, 0x1a0, 0x1a0, 0x1a0, 0x1a0, 0x1a0, 0x1a0, 0x1a0, 0x1a0, 0x1a0, 0x1a0,
			0x8b1, 0x8b1, 0x8b1, 0x8b1, 0x8b1, 0x8b1, 0x8b1, 0x8b1, 0x8b1, 0x8b1, 0x1a0, 0x1a0, 0x1a0, 0x1a0, 0x1a0, 0x1a0,
			0x1a0, 0xca3, 0xca3, 0xca3, 0xca3, 0xca3, 0xca3, 0x4a3, 0x4a3, 0x4a3, 0x4a3, 0x4a3, 0x4a3, 0x4a3, 0x4a3, 0x4a3,
			0x4a3, 0x4a3, 0x4a3, 0x4a3, 0x4a3, 0x4a3, 0x4a3, 0x4a3, 0x4a3, 0x4a3, 0x4a3, 0x1a0, 0x1a0, 0x1a0, 0x1a0, 0x1a0,
			0x1a0, 0x8e3, 0x8e3, 0x8e3, 0x8e3, 0x8e3, 0x8e3, 0x0e3, 0x0e3, 0x0e3, 0x0e3, 0x0e3, 0x0e3, 0x0e3, 0x0e3, 0x0e3,
			0x0e3, 0x0e3, 0x0e3, 0x0e3, 0x0e3, 0x0e3, 0x0e3, 0x0e3, 0x0e3, 0x0e3, 0x0e3, 0x1a0, 0x1a0, 0x1a0, 0x1a0, 0x008,
			0x000, 0x000, 0x000, 0x000, 0x000, 0x000, 0x000, 0x000, 0x000, 0x000, 0x000, 0x000, 0x000, 0x000, 0x000, 0x000,
			0x000, 0x000, 0x000, 0x000, 0x000, 0x000, 0x000, 0x000, 0x000, 0x000, 0x000, 0x000, 0x000, 0x000, 0x000, 0x000,
			0x000, 0x000, 0x000, 0x000, 0x000, 0x000, 0x000, 0x000, 0x000, 0x000, 0x000, 0x000, 0x000, 0x000, 0x000, 0x000,
			0x000, 0x000, 0x000, 0x000, 0x000, 0x000, 0x000, 0x000, 0x000, 0x000, 0x000, 0x000, 0x000, 0x000, 0x000, 0x000,
			0x000, 0x000, 0x000, 0x000, 0x000, 0x000, 0x000, 0x000, 0x000, 0x000, 0x000, 0x000, 0x000, 0x000, 0x000, 0x000,
			0x000, 0x000, 0x000, 0x000, 0x000, 0x000, 0x000, 0x000, 0x000, 0x000, 0x000, 0x000, 0x000, 0x000, 0x000, 0x000,
			0x000, 0x000, 0x000, 0x000, 0x000, 0x000, 0x000, 0x000, 0x000, 0x000, 0x000, 0x000, 0x000, 0x000, 0x000, 0x000,
			0x000, 0x000, 0x000, 0x000, 0x000, 0x000, 0x000, 0x000, 0x000, 0x000, 0x000, 0x000, 0x000, 0x000, 0x000, 0x000,
		},
		"et_EE": {
			0x008, 0x008, 0x008, 0x008, 0x008, 0x008, 0x008, 0x008, 0x008, 0x20c, 0x208, 0x208, 0x208, 0x208, 0x008, 0x008,
			0x008, 0x008, 0x008, 0x008, 0x008, 0x008, 0x008, 0x008, 0x008, 0x008, 0x008, 0x008, 0x008, 0x008, 0x008, 0x008,
			0x284, 0x1a0, 0x1a0, 0x1a0, 0x1a0, 0x1a0, 0x1a0, 0x1a0, 0x1a0, 0x1a0, 0x1a0, 0x1a0, 0x1a0, 0x1a0, 0x1a0, 0x1a0,
			0x8b1, 0x8b1, 0x8b1, 0x8b1, 0x8b1, 0x8b1, 0x8b1, 0x8b1, 0x8b1, 0x8b1, 0x1a0, 0x1a0, 0x1a0, 0x1a0, 0x1a0, 0x1a0,
			0x1a0, 0xca3, 0xca3, 0xca3, 0xca3, 0xca3, 0xca3, 0x4a3, 0x4a3, 0x4a3, 0x4a3, 0x4a3, 0x4a3, 0x4a3, 0x4a3, 0x4a3,
			0x4a3, 0x4a3, 0x4a3, 0x4a3, 0x4a3, 0x4a3, 0x4a3, 0x4a3, 0x4a3, 0x4a3, 0x4a3, 0x1a0, 0x1a0, 0x1a0, 0x1a0, 0x1a0,
			0x1a0, 0x8e3, 0x8e3, 0x8e3, 0x8e3, 0x8e3, 0x8e3, 0x0e3, 0x0e3, 0x0e3, 0x0e3, 0x0e3, 0x0e3, 0x0e3, 0x0e3, 0x0e3,
			0x0e3, 0x0e3, 0x0e3, 0x0e3, 0x0e3, 0x0e3, 0x0e3, 0x0e3, 0x0e3, 0x0e3, 0x0e3, 0x1a0, 0x1a0, 0x1a0, 0x1a0, 0x008,
			0x008, 0x008, 0x008, 0x008, 0x008, 0x008, 0x008, 0x008, 0x008, 0x008, 0x008, 0x008, 0x008, 0x008, 0x008, 0x008,
			0x008, 0x008, 0x008, 0x008, 0x008, 0x008, 0x008, 0x008, 0x008, 0x008, 0x008, 0x008, 0x008, 0x008, 0x008, 0x008,
			0x1a0, 0x1a0, 0x1a0, 0x1a0, 0x1a0, 0x1a0, 0x1a0, 0x1a0, 0x1a0, 0x1a0, 0x0e3, 0x1a0, 0x1a0, 0x1a0, 0x1a0, 0x1a0,
			0x1a0, 0x1a0, 0x1a0, 0x1a0, 0x1a0, 0x0e3, 0x1a0, 0x1a0, 0x1a0, 0x1a0, 0x0e3, 0x1a0, 0x1a0, 0x1a0, 0x1a0, 0x1a0,
			0x4a3, 0x4a3, 0x4a3, 0x4a3, 0x4a3, 0x4a3, 0x4a3, 0x4a3, 0x4a3, 0x4a3, 0x4a3, 0x4a3, 0x4a3, 0x4a3, 0x4a3, 0x4a3,
			0x4a3, 0x4a3, 0x4a3, 0x4a3, 0x4a3, 0x4a3, 0x4a3, 0x1a0, 0x4a3, 0x4a3, 0x4a3, 0x4a3, 0x4a3, 0x4a3, 0x4a3, 0x0e3,
			0x0e3, 0x0e3, 0x0e3, 0x0e3, 0x0e3, 0x0e3, 0x0e3, 0x0e3, 0x0e3, 0x0e3, 0x0e3, 0x0e3, 0x0e3, 0x0e3, 0x0e3, 0x0e3,
			0x0e3, 0x0e3, 0x0e3, 0x0e3, 0x0e3, 0x0e3, 0x0e3, 0x1a0, 0x0e3, 0x0e3, 0x0e3, 0x0e3, 0x0e3, 0x0e3, 0x0e3, 0x0e3,
		},
		"et_EE.iso885915": {
			0x008, 0x008, 0x008, 0x008, 0x008, 0x008, 0x008, 0x008, 0x008, 0x20c, 0x208, 0x208, 0x208, 0x208, 0x008, 0x008,
			0x008, 0x008, 0x008, 0x008, 0x008, 0x008, 0x008, 0x008, 0x008, 0x008, 0x008, 0x008, 0x008, 0x008, 0x008, 0x008,
			0x284, 0x1a0, 0x1a0, 0x1a0, 0x1a0, 0x1a0, 0x1a0, 0x1a0, 0x1a0, 0x1a0, 0x1a0, 0x1a0, 0x1a0, 0x1a0, 0x1a0, 0x1a0,
			0x8b1, 0x8b1, 0x8b1, 0x8b1, 0x8b1, 0x8b1, 0x8b1, 0x8b1, 0x8b1, 0x8b1, 0x1a0, 0x1a0, 0x1a0, 0x1a0, 0x1a0, 0x1a0,
			0x1a0, 0xca3, 0xca3, 0xca3, 0xca3, 0xca3, 0xca3, 0x4a3, 0x4a3, 0x4a3, 0x4a3, 0x4a3, 0x4a3, 0x4a3, 0x4a3, 0x4a3,
			0x4a3, 0x4a3, 0x4a3, 0x4a3, 0x4a3, 0x4a3, 0x4a3, 0x4a3, 0x4a3, 0x4a3, 0x4a3, 0x1a0, 0x1a0, 0x1a0, 0x1a0, 0x1a0,
			0x1a0, 0x8e3, 0x8e3, 0x8e3, 0x8e3, 0x8e3, 0x8e3, 0x0e3, 0x0e3, 0x0e3, 0x0e3, 0x0e3, 0x0e3, 0x0e3, 0x0e3, 0x0e3,
			0x0e3, 0x0e3, 0x0e3, 0x0e3, 0x0e3, 0x0e3, 0x0e3, 0x0e3, 0x0e3, 0x0e3, 0x0e3, 0x1a0, 0x1a0, 0x1a0, 0x1a0, 0x008,
			0x008, 0x008, 0x008, 0x008, 0x008, 0x008, 0x008, 0x008, 0x008, 0x008, 0x008, 0x008, 0x008, 0x008, 0x008, 0x008,
			0x008, 0x008, 0x008, 0x008, 0x008, 0x008, 0x008, 0x008, 0x008, 0x008, 0x008, 0x008, 0x008, 0x008, 0x008, 0x008,
			0x1a0, 0x1a0, 0x1a0, 0x1a0, 0x1a0, 0x1a0, 0x4a3, 0x1a0, 0x0e3, 0x1a0, 0x0e3, 0x1a0, 0x1a0, 0x1a0, 0x1a0, 0x1a0,
			0x1a0, 0x1a0, 0x1a0, 0x1a0, 0x4a3, 0x0e3, 0x1a0, 0x1a0, 0x0e3, 0x1a0, 0x0e3, 0x1a0, 0x4a3, 0x0e3, 0x4a3, 0x1a0,
			0x4a3, 0x4a3, 0x4a3, 0x4a3, 0x4a3, 0x4a3, 0x4a3, 0x4a3, 0x4a3, 0x4a3, 0x4a3, 0x4a3, 0x4a3, 0x4a3, 0x4a3, 0x4a3,
			0x4a3, 0x4a3, 0x4a3, 0x4a3, 0x4a3, 0x4a3, 0x4a3, 0x1a0, 0x4a3, 0x4a3, 0x4a3, 0x4a3, 0x4a3, 0x4a3, 0x4a3, 0x0e3,
			0x0e3, 0x0e3, 0x0e3, 0x0e3, 0x0e3, 0x0e3, 0x0e3, 0x0e3, 0x0e3, 0x0e3, 0x0e3, 0x0e3, 0x0e3, 0x0e3, 0x0e3, 0x0e3,
			0x0e3, 0x0e3, 0x0e3, 0x0e3, 0x0e3, 0x0e3, 0x0e3, 0x1a0, 0x0e3, 0x0e3, 0x0e3, 0x0e3, 0x0e3, 0x0e3, 0x0e3, 0x0e3,
		},
		"et_EE.utf8": {
			0x008, 0x008, 0x008, 0x008, 0x008, 0x008, 0x008, 0x008, 0x008, 0x20c, 0x208, 0x208, 0x208, 0x208, 0x008, 0x008,
			0x008, 0x008, 0x008, 0x008, 0x008, 0x008, 0x008, 0x008, 0x008, 0x008, 0x008, 0x008, 0x008, 0x008, 0x008, 0x008,
			0x284, 0x1a0, 0x1a0, 0x1a0, 0x1a0, 0x1a0, 0x1a0, 0x1a0, 0x1a0, 0x1a0, 0x1a0, 0x1a0, 0x1a0, 0x1a0, 0x1a0, 0x1a0,
			0x8b1, 0x8b1, 0x8b1, 0x8b1, 0x8b1, 0x8b1, 0x8b1, 0x8b1, 0x8b1, 0x8b1, 0x1a0, 0x1a0, 0x1a0, 0x1a0, 0x1a0, 0x1a0,
			0x1a0, 0xca3, 0xca3, 0xca3, 0xca3, 0xca3, 0xca3, 0x4a3, 0x4a3, 0x4a3, 0x4a3, 0x4a3, 0x4a3, 0x4a3, 0x4a3, 0x4a3,
			0x4a3, 0x4a3, 0x4a3, 0x4a3, 0x4a3, 0x4a3, 0x4a3, 0x4a3, 0x4a3, 0x4a3, 0x4a3, 0x1a0, 0x1a0, 0x1a0, 0x1a0, 0x1a0,
			0x1a0, 0x8e3, 0x8e3, 0x8e3, 0x8e3, 0x8e3, 0x8e3, 0x0e3, 0x0e3, 0x0e3, 0x0e3, 0x0e3, 0x0e3, 0x0e3, 0x0e3, 0x0e3,
			0x0e3, 0x0e3, 0x0e3, 0x0e3, 0x0e3, 0x0e3, 0x0e3, 0x0e3, 0x0e3, 0x0e3, 0x0e3, 0x1a0, 0x1a0, 0x1a0, 0x1a0, 0x008,
			0x000, 0x000, 0x000, 0x000, 0x000, 0x000, 0x000, 0x000, 0x000, 0x000, 0x000, 0x000, 0x000, 0x000, 0x000, 0x000,
			0x000, 0x000, 0x000, 0x000, 0x000, 0x000, 0x000, 0x000, 0x000, 0x000, 0x000, 0x000, 0x000, 0x000, 0x000, 0x000,
			0x000, 0x000, 0x000, 0x000, 0x000, 0x000, 0x000, 0x000, 0x000, 0x000, 0x000, 0x000, 0x000, 0x000, 0x000, 0x000,
			0x000, 0x000, 0x000, 0x000, 0x000, 0x000, 0x000, 0x000, 0x000, 0x000, 0x000, 0x000, 0x000, 0x000, 0x000, 0x000,
			0x000, 0x000, 0x000, 0x000, 0x000, 0x000, 0x000, 0x000, 0x000, 0x000, 0x000, 0x000, 0x000, 0x000, 0x000, 0x000,
			0x000, 0x000, 0x000, 0x000, 0x000, 0x000, 0x000, 0x000, 0x000, 0x000, 0x000, 0x000, 0x000, 0x000, 0x000, 0x000,
			0x000, 0x000, 0x000, 0x000, 0x000, 0x000, 0x000, 0x000, 0x000, 0x000, 0x000, 0x000, 0x000, 0x000, 0x000, 0x000,
			0x000, 0x000, 0x000, 0x000, 0x000, 0x000, 0x000, 0x000, 0x000, 0x000, 0x000, 0x000, 0x000, 0x000, 0x000, 0x000,
		},
		"eu_ES": {
			0x008, 0x008, 0x008, 0x008, 0x008, 0x008, 0x008, 0x008, 0x008, 0x20c, 0x208, 0x208, 0x208, 0x208, 0x008, 0x008,
			0x008, 0x008, 0x008, 0x008, 0x008, 0x008, 0x008, 0x008, 0x008, 0x008, 0x008, 0x008, 0x008, 0x008, 0x008, 0x008,
			0x284, 0x1a0, 0x1a0, 0x1a0, 0x1a0, 0x1a0, 0x1a0, 0x1a0, 0x1a0, 0x1a0, 0x1a0, 0x1a0, 0x1a0, 0x1a0, 0x1a0, 0x1a0,
			0x8b1, 0x8b1, 0x8b1, 0x8b1, 0x8b1, 0x8b1, 0x8b1, 0x8b1, 0x8b1, 0x8b1, 0x1a0, 0x1a0, 0x1a0, 0x1a0, 0x1a0, 0x1a0,
			0x1a0, 0xca3, 0xca3, 0xca3, 0xca3, 0xca3, 0xca3, 0x4a3, 0x4a3, 0x4a3, 0x4a3, 0x4a3, 0x4a3, 0x4a3, 0x4a3, 0x4a3,
			0x4a3, 0x4a3, 0x4a3, 0x4a3, 0x4a3, 0x4a3, 0x4a3, 0x4a3, 0x4a3, 0x4a3, 0x4a3, 0x1a0, 0x1a0, 0x1a0, 0x1a0, 0x1a0,
			0x1a0, 0x8e3, 0x8e3, 0x8e3, 0x8e3, 0x8e3, 0x8e3, 0x0e3, 0x0e3, 0x0e3, 0x0e3, 0x0e3, 0x0e3, 0x0e3, 0x0e3, 0x0e3,
			0x0e3, 0x0e3, 0x0e3, 0x0e3, 0x0e3, 0x0e3, 0x0e3, 0x0e3, 0x0e3, 0x0e3, 0x0e3, 0x1a0, 0x1a0, 0x1a0, 0x1a0, 0x008,
			0x008, 0x008, 0x008, 0x008, 0x008, 0x008, 0x008, 0x008, 0x008, 0x008, 0x008, 0x008, 0x008, 0x008, 0x008, 0x008,
			0x008, 0x008, 0x008, 0x008, 0x008, 0x008, 0x008, 0x008, 0x008, 0x008, 0x008, 0x008, 0x008, 0x008, 0x008, 0x008,
			0x1a0, 0x1a0, 0x1a0, 0x1a0, 0x1a0, 0x1a0, 0x1a0, 0x1a0, 0x1a0, 0x1a0, 0x0e3, 0x1a0, 0x1a0, 0x1a0, 0x1a0, 0x1a0,
			0x1a0, 0x1a0, 0x1a0, 0x1a0, 0x1a0, 0x0e3, 0x1a0, 0x1a0, 0x1a0, 0x1a0, 0x0e3, 0x1a0, 0x1a0, 0x1a0, 0x1a0, 0x1a0,
			0x4a3, 0x4a3, 0x4a3, 0x4a3, 0x4a3, 0x4a3, 0x4a3, 0x4a3, 0x4a3, 0x4a3, 0x4a3, 0x4a3, 0x4a3, 0x4a3, 0x4a3, 0x4a3,
			0x4a3, 0x4a3, 0x4a3, 0x4a3, 0x4a3, 0x4a3, 0x4a3, 0x1a0, 0x4a3, 0x4a3, 0x4a3, 0x4a3, 0x4a3, 0x4a3, 0x4a3, 0x0e3,
			0x0e3, 0x0e3, 0x0e3, 0x0e3, 0x0e3, 0x0e3, 0x0e3, 0x0e3, 0x0e3, 0x0e3, 0x0e3, 0x0e3, 0x0e3, 0x0e3, 0x0e3, 0x0e3,
			0x0e3, 0x0e3, 0x0e3, 0x0e3, 0x0e3, 0x0e3, 0x0e3, 0x1a0, 0x0e3, 0x0e3, 0x0e3, 0x0e3, 0x0e3, 0x0e3, 0x0e3, 0x0e3,
		},
		"eu_ES.utf8": {
			0x008, 0x008, 0x008, 0x008, 0x008, 0x008, 0x008, 0x008, 0x008, 0x20c, 0x208, 0x208, 0x208, 0x208, 0x008, 0x008,
			0x008, 0x008, 0x008, 0x008, 0x008, 0x008, 0x008, 0x008, 0x008, 0x008, 0x008, 0x008, 0x008, 0x008, 0x008, 0x008,
			0x284, 0x1a0, 0x1a0, 0x1a0, 0x1a0, 0x1a0, 0x1a0, 0x1a0, 0x1a0, 0x1a0, 0x1a0, 0x1a0, 0x1a0, 0x1a0, 0x1a0, 0x1a0,
			0x8b1, 0x8b1, 0x8b1, 0x8b1, 0x8b1, 0x8b1, 0x8b1, 0x8b1, 0x8b1, 0x8b1, 0x1a0, 0x1a0, 0x1a0, 0x1a0, 0x1a0, 0x1a0,
			0x1a0, 0xca3, 0xca3, 0xca3, 0xca3, 0xca3, 0xca3, 0x4a3, 0x4a3, 0x4a3, 0x4a3, 0x4a3, 0x4a3, 0x4a3, 0x4a3, 0x4a3,
			0x4a3, 0x4a3, 0x4a3, 0x4a3, 0x4a3, 0x4a3, 0x4a3, 0x4a3, 0x4a3, 0x4a3, 0x4a3, 0x1a0, 0x1a0, 0x1a0, 0x1a0, 0x1a0,
			0x1a0, 0x8e3, 0x8e3, 0x8e3, 0x8e3, 0x8e3, 0x8e3, 0x0e3, 0x0e3, 0x0e3, 0x0e3, 0x0e3, 0x0e3, 0x0e3, 0x0e3, 0x0e3,
			0x0e3, 0x0e3, 0x0e3, 0x0e3, 0x0e3, 0x0e3, 0x0e3, 0x0e3, 0x0e3, 0x0e3, 0x0e3, 0x1a0, 0x1a0, 0x1a0, 0x1a0, 0x008,
			0x000, 0x000, 0x000, 0x000, 0x000, 0x000, 0x000, 0x000, 0x000, 0x000, 0x000, 0x000, 0x000, 0x000, 0x000, 0x000,
			0x000, 0x000, 0x000, 0x000, 0x000, 0x000, 0x000, 0x000, 0x000, 0x000, 0x000, 0x000, 0x000, 0x000, 0x000, 0x000,
			0x000, 0x000, 0x000, 0x000, 0x000, 0x000, 0x000, 0x000, 0x000, 0x000, 0x000, 0x000, 0x000, 0x000, 0x000, 0x000,
			0x000, 0x000, 0x000, 0x000, 0x000, 0x000, 0x000, 0x000, 0x000, 0x000, 0x000, 0x000, 0x000, 0x000, 0x000, 0x000,
			0x000, 0x000, 0x000, 0x000, 0x000, 0x000, 0x000, 0x000, 0x000, 0x000, 0x000, 0x000, 0x000, 0x000, 0x000, 0x000,
			0x000, 0x000, 0x000, 0x000, 0x000, 0x000, 0x000, 0x000, 0x000, 0x000, 0x000, 0x000, 0x000, 0x000, 0x000, 0x000,
			0x000, 0x000, 0x000, 0x000, 0x000, 0x000, 0x000, 0x000, 0x000, 0x000, 0x000, 0x000, 0x000, 0x000, 0x000, 0x000,
			0x000, 0x000, 0x000, 0x000, 0x000, 0x000, 0x000, 0x000, 0x000, 0x000, 0x000, 0x000, 0x000, 0x000, 0x000, 0x000,
		},
		"eu_ES@euro": {
			0x008, 0x008, 0x008, 0x008, 0x008, 0x008, 0x008, 0x008, 0x008, 0x20c, 0x208, 0x208, 0x208, 0x208, 0x008, 0x008,
			0x008, 0x008, 0x008, 0x008, 0x008, 0x008, 0x008, 0x008, 0x008, 0x008, 0x008, 0x008, 0x008, 0x008, 0x008, 0x008,
			0x284, 0x1a0, 0x1a0, 0x1a0, 0x1a0, 0x1a0, 0x1a0, 0x1a0, 0x1a0, 0x1a0, 0x1a0, 0x1a0, 0x1a0, 0x1a0, 0x1a0, 0x1a0,
			0x8b1, 0x8b1, 0x8b1, 0x8b1, 0x8b1, 0x8b1, 0x8b1, 0x8b1, 0x8b1, 0x8b1, 0x1a0, 0x1a0, 0x1a0, 0x1a0, 0x1a0, 0x1a0,
			0x1a0, 0xca3, 0xca3, 0xca3, 0xca3, 0xca3, 0xca3, 0x4a3, 0x4a3, 0x4a3, 0x4a3, 0x4a3, 0x4a3, 0x4a3, 0x4a3, 0x4a3,
			0x4a3, 0x4a3, 0x4a3, 0x4a3, 0x4a3, 0x4a3, 0x4a3, 0x4a3, 0x4a3, 0x4a3, 0x4a3, 0x1a0, 0x1a0, 0x1a0, 0x1a0, 0x1a0,
			0x1a0, 0x8e3, 0x8e3, 0x8e3, 0x8e3, 0x8e3, 0x8e3, 0x0e3, 0x0e3, 0x0e3, 0x0e3, 0x0e3, 0x0e3, 0x0e3, 0x0e3, 0x0e3,
			0x0e3, 0x0e3, 0x0e3, 0x0e3, 0x0e3, 0x0e3, 0x0e3, 0x0e3, 0x0e3, 0x0e3, 0x0e3, 0x1a0, 0x1a0, 0x1a0, 0x1a0, 0x008,
			0x008, 0x008, 0x008, 0x008, 0x008, 0x008, 0x008, 0x008, 0x008, 0x008, 0x008, 0x008, 0x008, 0x008, 0x008, 0x008,
			0x008, 0x008, 0x008, 0x008, 0x008, 0x008, 0x008, 0x008, 0x008, 0x008, 0x008, 0x008, 0x008, 0x008, 0x008, 0x008,
			0x1a0, 0x1a0, 0x1a0, 0x1a0, 0x1a0, 0x1a0, 0x4a3, 0x1a0, 0x0e3, 0x1a0, 0x0e3, 0x1a0, 0x1a0, 0x1a0, 0x1a0, 0x1a0,
			0x1a0, 0x1a0, 0x1a0, 0x1a0, 0x4a3, 0x0e3, 0x1a0, 0x1a0, 0x0e3, 0x1a0, 0x0e3, 0x1a0, 0x4a3, 0x0e3, 0x4a3, 0x1a0,
			0x4a3, 0x4a3, 0x4a3, 0x4a3, 0x4a3, 0x4a3, 0x4a3, 0x4a3, 0x4a3, 0x4a3, 0x4a3, 0x4a3, 0x4a3, 0x4a3, 0x4a3, 0x4a3,
			0x4a3, 0x4a3, 0x4a3, 0x4a3, 0x4a3, 0x4a3, 0x4a3, 0x1a0, 0x4a3, 0x4a3, 0x4a3, 0x4a3, 0x4a3, 0x4a3, 0x4a3, 0x0e3,
			0x0e3, 0x0e3, 0x0e3, 0x0e3, 0x0e3, 0x0e3, 0x0e3, 0x0e3, 0x0e3, 0x0e3, 0x0e3, 0x0e3, 0x0e3, 0x0e3, 0x0e3, 0x0e3,
			0x0e3, 0x0e3, 0x0e3, 0x0e3, 0x0e3, 0x0e3, 0x0e3, 0x1a0, 0x0e3, 0x0e3, 0x0e3, 0x0e3, 0x0e3, 0x0e3, 0x0e3, 0x0e3,
		},
		"fa_IR": {
			0x008, 0x008, 0x008, 0x008, 0x008, 0x008, 0x008, 0x008, 0x008, 0x20c, 0x208, 0x208, 0x208, 0x208, 0x008, 0x008,
			0x008, 0x008, 0x008, 0x008, 0x008, 0x008, 0x008, 0x008, 0x008, 0x008, 0x008, 0x008, 0x008, 0x008, 0x008, 0x008,
			0x284, 0x1a0, 0x1a0, 0x1a0, 0x1a0, 0x1a0, 0x1a0, 0x1a0, 0x1a0, 0x1a0, 0x1a0, 0x1a0, 0x1a0, 0x1a0, 0x1a0, 0x1a0,
			0x8b1, 0x8b1, 0x8b1, 0x8b1, 0x8b1, 0x8b1, 0x8b1, 0x8b1, 0x8b1, 0x8b1, 0x1a0, 0x1a0, 0x1a0, 0x1a0, 0x1a0, 0x1a0,
			0x1a0, 0xca3, 0xca3, 0xca3, 0xca3, 0xca3, 0xca3, 0x4a3, 0x4a3, 0x4a3, 0x4a3, 0x4a3, 0x4a3, 0x4a3, 0x4a3, 0x4a3,
			0x4a3, 0x4a3, 0x4a3, 0x4a3, 0x4a3, 0x4a3, 0x4a3, 0x4a3, 0x4a3, 0x4a3, 0x4a3, 0x1a0, 0x1a0, 0x1a0, 0x1a0, 0x1a0,
			0x1a0, 0x8e3, 0x8e3, 0x8e3, 0x8e3, 0x8e3, 0x8e3, 0x0e3, 0x0e3, 0x0e3, 0x0e3, 0x0e3, 0x0e3, 0x0e3, 0x0e3, 0x0e3,
			0x0e3, 0x0e3, 0x0e3, 0x0e3, 0x0e3, 0x0e3, 0x0e3, 0x0e3, 0x0e3, 0x0e3, 0x0e3, 0x1a0, 0x1a0, 0x1a0, 0x1a0, 0x008,
			0x000, 0x000, 0x000, 0x000, 0x000, 0x000, 0x000, 0x000, 0x000, 0x000, 0x000, 0x000, 0x000, 0x000, 0x000, 0x000,
			0x000, 0x000, 0x000, 0x000, 0x000, 0x000, 0x000, 0x000, 0x000, 0x000, 0x000, 0x000, 0x000, 0x000, 0x000, 0x000,
			0x000, 0x000, 0x000, 0x000, 0x000, 0x000, 0x000, 0x000, 0x000, 0x000, 0x000, 0x000, 0x000, 0x000, 0x000, 0x000,
			0x000, 0x000, 0x000, 0x000, 0x000, 0x000, 0x000, 0x000, 0x000, 0x000, 0x000, 0x000, 0x000, 0x000, 0x000, 0x000,
			0x000, 0x000, 0x000, 0x000, 0x000, 0x000, 0x000, 0x000, 0x000, 0x000, 0x000, 0x000, 0x000, 0x000, 0x000, 0x000,
			0x000, 0x000, 0x000, 0x000, 0x000, 0x000, 0x000, 0x000, 0x000, 0x000, 0x000, 0x000, 0x000, 0x000, 0x000, 0x000,
			0x000, 0x000, 0x000, 0x000, 0x000, 0x000, 0x000, 0x000, 0x000, 0x000, 0x000, 0x000, 0x000, 0x000, 0x000, 0x000,
			0x000, 0x000, 0x000, 0x000, 0x000, 0x000, 0x000, 0x000, 0x000, 0x000, 0x000, 0x000, 0x000, 0x000, 0x000, 0x000,
		},
		"ff_SN": {
			0x008, 0x008, 0x008, 0x008, 0x008, 0x008, 0x008, 0x008, 0x008, 0x20c, 0x208, 0x208, 0x208, 0x208, 0x008, 0x008,
			0x008, 0x008, 0x008, 0x008, 0x008, 0x008, 0x008, 0x008, 0x008, 0x008, 0x008, 0x008, 0x008, 0x008, 0x008, 0x008,
			0x284, 0x1a0, 0x1a0, 0x1a0, 0x1a0, 0x1a0, 0x1a0, 0x1a0, 0x1a0, 0x1a0, 0x1a0, 0x1a0, 0x1a0, 0x1a0, 0x1a0, 0x1a0,
			0x8b1, 0x8b1, 0x8b1, 0x8b1, 0x8b1, 0x8b1, 0x8b1, 0x8b1, 0x8b1, 0x8b1, 0x1a0, 0x1a0, 0x1a0, 0x1a0, 0x1a0, 0x1a0,
			0x1a0, 0xca3, 0xca3, 0xca3, 0xca3, 0xca3, 0xca3, 0x4a3, 0x4a3, 0x4a3, 0x4a3, 0x4a3, 0x4a3, 0x4a3, 0x4a3, 0x4a3,
			0x4a3, 0x4a3, 0x4a3, 0x4a3, 0x4a3, 0x4a3, 0x4a3, 0x4a3, 0x4a3, 0x4a3, 0x4a3, 0x1a0, 0x1a0, 0x1a0, 0x1a0, 0x1a0,
			0x1a0, 0x8e3, 0x8e3, 0x8e3, 0x8e3, 0x8e3, 0x8e3, 0x0e3, 0x0e3, 0x0e3, 0x0e3, 0x0e3, 0x0e3, 0x0e3, 0x0e3, 0x0e3,
			0x0e3, 0x0e3, 0x0e3, 0x0e3, 0x0e3, 0x0e3, 0x0e3, 0x0e3, 0x0e3, 0x0e3, 0x0e3, 0x1a0, 0x1a0, 0x1a0, 0x1a0, 0x008,
			0x000, 0x000, 0x000, 0x000, 0x000, 0x000, 0x000, 0x000, 0x000, 0x000, 0x000, 0x000, 0x000, 0x000, 0x000, 0x000,
			0x000, 0x000, 0x000, 0x000, 0x000, 0x000, 0x000, 0x000, 0x000, 0x000, 0x000, 0x000, 0x000, 0x000, 0x000, 0x000,
			0x000, 0x000, 0x000, 0x000, 0x000, 0x000, 0x000, 0x000, 0x000, 0x000, 0x000, 0x000, 0x000, 0x000, 0x000, 0x000,
			0x000, 0x000, 0x000, 0x000, 0x000, 0x000, 0x000, 0x000, 0x000, 0x000, 0x000, 0x000, 0x000, 0x000, 0x000, 0x000,
			0x000, 0x000, 0x000, 0x000, 0x000, 0x000, 0x000, 0x000, 0x000, 0x000, 0x000, 0x000, 0x000, 0x000, 0x000, 0x000,
			0x000, 0x000, 0x000, 0x000, 0x000, 0x000, 0x000, 0x000, 0x000, 0x000, 0x000, 0x000, 0x000, 0x000, 0x000, 0x000,
			0x000, 0x000, 0x000, 0x000, 0x000, 0x000, 0x000, 0x000, 0x000, 0x000, 0x000, 0x000, 0x000, 0x000, 0x000, 0x000,
			0x000, 0x000, 0x000, 0x000, 0x000, 0x000, 0x000, 0x000, 0x000, 0x000, 0x000, 0x000, 0x000, 0x000, 0x000, 0x000,
		},
		"fi_FI": {
			0x008, 0x008, 0x008, 0x008, 0x008, 0x008, 0x008, 0x008, 0x008, 0x20c, 0x208, 0x208, 0x208, 0x208, 0x008, 0x008,
			0x008, 0x008, 0x008, 0x008, 0x008, 0x008, 0x008, 0x008, 0x008, 0x008, 0x008, 0x008, 0x008, 0x008, 0x008, 0x008,
			0x284, 0x1a0, 0x1a0, 0x1a0, 0x1a0, 0x1a0, 0x1a0, 0x1a0, 0x1a0, 0x1a0, 0x1a0, 0x1a0, 0x1a0, 0x1a0, 0x1a0, 0x1a0,
			0x8b1, 0x8b1, 0x8b1, 0x8b1, 0x8b1, 0x8b1, 0x8b1, 0x8b1, 0x8b1, 0x8b1, 0x1a0, 0x1a0, 0x1a0, 0x1a0, 0x1a0, 0x1a0,
			0x1a0, 0xca3, 0xca3, 0xca3, 0xca3, 0xca3, 0xca3, 0x4a3, 0x4a3, 0x4a3, 0x4a3, 0x4a3, 0x4a3, 0x4a3, 0x4a3, 0x4a3,
			0x4a3, 0x4a3, 0x4a3, 0x4a3, 0x4a3, 0x4a3, 0x4a3, 0x4a3, 0x4a3, 0x4a3, 0x4a3, 0x1a0, 0x1a0, 0x1a0, 0x1a0, 0x1a0,
			0x1a0, 0x8e3, 0x8e3, 0x8e3, 0x8e3, 0x8e3, 0x8e3, 0x0e3, 0x0e3, 0x0e3, 0x0e3, 0x0e3, 0x0e3, 0x0e3, 0x0e3, 0x0e3,
			0x0e3, 0x0e3, 0x0e3, 0x0e3, 0x0e3, 0x0e3, 0x0e3, 0x0e3, 0x0e3, 0x0e3, 0x0e3, 0x1a0, 0x1a0, 0x1a0, 0x1a0, 0x008,
			0x008, 0x008, 0x008, 0x008, 0x008, 0x008, 0x008, 0x008, 0x008, 0x008, 0x008, 0x008, 0x008, 0x008, 0x008, 0x008,
			0x008, 0x008, 0x008, 0x008, 0x008, 0x008, 0x008, 0x008, 0x008, 0x008, 0x008, 0x008, 0x008, 0x008, 0x008, 0x008,
			0x1a0, 0x1a0, 0x1a0, 0x1a0, 0x1a0, 0x1a0, 0x1a0, 0x1a0, 0x1a0, 0x1a0, 0x0e3, 0x1a0, 0x1a0, 0x1a0, 0x1a0, 0x1a0,
			0x1a0, 0x1a0, 0x1a0, 0x1a0, 0x1a0, 0x0e3, 0x1a0, 0x1a0, 0x1a0, 0x1a0, 0x0e3, 0x1a0, 0x1a0, 0x1a0, 0x1a0, 0x1a0,
			0x4a3, 0x4a3, 0x4a3, 0x4a3, 0x4a3, 0x4a3, 0x4a3, 0x4a3, 0x4a3, 0x4a3, 0x4a3, 0x4a3, 0x4a3, 0x4a3, 0x4a3, 0x4a3,
			0x4a3, 0x4a3, 0x4a3, 0x4a3, 0x4a3, 0x4a3, 0x4a3, 0x1a0, 0x4a3, 0x4a3, 0x4a3, 0x4a3, 0x4a3, 0x4a3, 0x4a3, 0x0e3,
			0x0e3, 0x0e3, 0x0e3, 0x0e3, 0x0e3, 0x0e3, 0x0e3, 0x0e3, 0x0e3, 0x0e3, 0x0e3, 0x0e3, 0x0e3, 0x0e3, 0x0e3, 0x0e3,
			0x0e3, 0x0e3, 0x0e3, 0x0e3, 0x0e3, 0x0e3, 0x0e3, 0x1a0, 0x0e3, 0x0e3, 0x0e3, 0x0e3, 0x0e3, 0x0e3, 0x0e3, 0x0e3,
		},
		"fi_FI.utf8": {
			0x008, 0x008, 0x008, 0x008, 0x008, 0x008, 0x008, 0x008, 0x008, 0x20c, 0x208, 0x208, 0x208, 0x208, 0x008, 0x008,
			0x008, 0x008, 0x008, 0x008, 0x008, 0x008, 0x008, 0x008, 0x008, 0x008, 0x008, 0x008, 0x008, 0x008, 0x008, 0x008,
			0x284, 0x1a0, 0x1a0, 0x1a0, 0x1a0, 0x1a0, 0x1a0, 0x1a0, 0x1a0, 0x1a0, 0x1a0, 0x1a0, 0x1a0, 0x1a0, 0x1a0, 0x1a0,
			0x8b1, 0x8b1, 0x8b1, 0x8b1, 0x8b1, 0x8b1, 0x8b1, 0x8b1, 0x8b1, 0x8b1, 0x1a0, 0x1a0, 0x1a0, 0x1a0, 0x1a0, 0x1a0,
			0x1a0, 0xca3, 0xca3, 0xca3, 0xca3, 0xca3, 0xca3, 0x4a3, 0x4a3, 0x4a3, 0x4a3, 0x4a3, 0x4a3, 0x4a3, 0x4a3, 0x4a3,
			0x4a3, 0x4a3, 0x4a3, 0x4a3, 0x4a3, 0x4a3, 0x4a3, 0x4a3, 0x4a3, 0x4a3, 0x4a3, 0x1a0, 0x1a0, 0x1a0, 0x1a0, 0x1a0,
			0x1a0, 0x8e3, 0x8e3, 0x8e3, 0x8e3, 0x8e3, 0x8e3, 0x0e3, 0x0e3, 0x0e3, 0x0e3, 0x0e3, 0x0e3, 0x0e3, 0x0e3, 0x0e3,
			0x0e3, 0x0e3, 0x0e3, 0x0e3, 0x0e3, 0x0e3, 0x0e3, 0x0e3, 0x0e3, 0x0e3, 0x0e3, 0x1a0, 0x1a0, 0x1a0, 0x1a0, 0x008,
			0x000, 0x000, 0x000, 0x000, 0x000, 0x000, 0x000, 0x000, 0x000, 0x000, 0x000, 0x000, 0x000, 0x000, 0x000, 0x000,
			0x000, 0x000, 0x000, 0x000, 0x000, 0x000, 0x000, 0x000, 0x000, 0x000, 0x000, 0x000, 0x000, 0x000, 0x000, 0x000,
			0x000, 0x000, 0x000, 0x000, 0x000, 0x000, 0x000, 0x000, 0x000, 0x000, 0x000, 0x000, 0x000, 0x000, 0x000, 0x000,
			0x000, 0x000, 0x000, 0x000, 0x000, 0x000, 0x000, 0x000, 0x000, 0x000, 0x000, 0x000, 0x000, 0x000, 0x000, 0x000,
			0x000, 0x000, 0x000, 0x000, 0x000, 0x000, 0x000, 0x000, 0x000, 0x000, 0x000, 0x000, 0x000, 0x000, 0x000, 0x000,
			0x000, 0x000, 0x000, 0x000, 0x000, 0x000, 0x000, 0x000, 0x000, 0x000, 0x000, 0x000, 0x000, 0x000, 0x000, 0x000,
			0x000, 0x000, 0x000, 0x000, 0x000, 0x000, 0x000, 0x000, 0x000, 0x000, 0x000, 0x000, 0x000, 0x000, 0x000, 0x000,
			0x000, 0x000, 0x000, 0x000, 0x000, 0x000, 0x000, 0x000, 0x000, 0x000, 0x000, 0x000, 0x000, 0x000, 0x000, 0x000,
		},
		"fi_FI@euro": {
			0x008, 0x008, 0x008, 0x008, 0x008, 0x008, 0x008, 0x008, 0x008, 0x20c, 0x208, 0x208, 0x208, 0x208, 0x008, 0x008,
			0x008, 0x008, 0x008, 0x008, 0x008, 0x008, 0x008, 0x008, 0x008, 0x008, 0x008, 0x008, 0x008, 0x008, 0x008, 0x008,
			0x284, 0x1a0, 0x1a0, 0x1a0, 0x1a0, 0x1a0, 0x1a0, 0x1a0, 0x1a0, 0x1a0, 0x1a0, 0x1a0, 0x1a0, 0x1a0, 0x1a0, 0x1a0,
			0x8b1, 0x8b1, 0x8b1, 0x8b1, 0x8b1, 0x8b1, 0x8b1, 0x8b1, 0x8b1, 0x8b1, 0x1a0, 0x1a0, 0x1a0, 0x1a0, 0x1a0, 0x1a0,
			0x1a0, 0xca3, 0xca3, 0xca3, 0xca3, 0xca3, 0xca3, 0x4a3, 0x4a3, 0x4a3, 0x4a3, 0x4a3, 0x4a3, 0x4a3, 0x4a3, 0x4a3,
			0x4a3, 0x4a3, 0x4a3, 0x4a3, 0x4a3, 0x4a3, 0x4a3, 0x4a3, 0x4a3, 0x4a3, 0x4a3, 0x1a0, 0x1a0, 0x1a0, 0x1a0, 0x1a0,
			0x1a0, 0x8e3, 0x8e3, 0x8e3, 0x8e3, 0x8e3, 0x8e3, 0x0e3, 0x0e3, 0x0e3, 0x0e3, 0x0e3, 0x0e3, 0x0e3, 0x0e3, 0x0e3,
			0x0e3, 0x0e3, 0x0e3, 0x0e3, 0x0e3, 0x0e3, 0x0e3, 0x0e3, 0x0e3, 0x0e3, 0x0e3, 0x1a0, 0x1a0, 0x1a0, 0x1a0, 0x008,
			0x008, 0x008, 0x008, 0x008, 0x008, 0x008, 0x008, 0x008, 0x008, 0x008, 0x008, 0x008, 0x008, 0x008, 0x008, 0x008,
			0x008, 0x008, 0x008, 0x008, 0x008, 0x008, 0x008, 0x008, 0x008, 0x008, 0x008, 0x008, 0x008, 0x008, 0x008, 0x008,
			0x1a0, 0x1a0, 0x1a0, 0x1a0, 0x1a0, 0x1a0, 0x4a3, 0x1a0, 0x0e3, 0x1a0, 0x0e3, 0x1a0, 0x1a0, 0x1a0, 0x1a0, 0x1a0,
			0x1a0, 0x1a0, 0x1a0, 0x1a0, 0x4a3, 0x0e3, 0x1a0, 0x1a0, 0x0e3, 0x1a0, 0x0e3, 0x1a0, 0x4a3, 0x0e3, 0x4a3, 0x1a0,
			0x4a3, 0x4a3, 0x4a3, 0x4a3, 0x4a3, 0x4a3, 0x4a3, 0x4a3, 0x4a3, 0x4a3, 0x4a3, 0x4a3, 0x4a3, 0x4a3, 0x4a3, 0x4a3,
			0x4a3, 0x4a3, 0x4a3, 0x4a3, 0x4a3, 0x4a3, 0x4a3, 0x1a0, 0x4a3, 0x4a3, 0x4a3, 0x4a3, 0x4a3, 0x4a3, 0x4a3, 0x0e3,
			0x0e3, 0x0e3, 0x0e3, 0x0e3, 0x0e3, 0x0e3, 0x0e3, 0x0e3, 0x0e3, 0x0e3, 0x0e3, 0x0e3, 0x0e3, 0x0e3, 0x0e3, 0x0e3,
			0x0e3, 0x0e3, 0x0e3, 0x0e3, 0x0e3, 0x0e3, 0x0e3, 0x1a0, 0x0e3, 0x0e3, 0x0e3, 0x0e3, 0x0e3, 0x0e3, 0x0e3, 0x0e3,
		},
		"fil_PH": {
			0x008, 0x008, 0x008, 0x008, 0x008, 0x008, 0x008, 0x008, 0x008, 0x20c, 0x208, 0x208, 0x208, 0x208, 0x008, 0x008,
			0x008, 0x008, 0x008, 0x008, 0x008, 0x008, 0x008, 0x008, 0x008, 0x008, 0x008, 0x008, 0x008, 0x008, 0x008, 0x008,
			0x284, 0x1a0, 0x1a0, 0x1a0, 0x1a0, 0x1a0, 0x1a0, 0x1a0, 0x1a0, 0x1a0, 0x1a0, 0x1a0, 0x1a0, 0x1a0, 0x1a0, 0x1a0,
			0x8b1, 0x8b1, 0x8b1, 0x8b1, 0x8b1, 0x8b1, 0x8b1, 0x8b1, 0x8b1, 0x8b1, 0x1a0, 0x1a0, 0x1a0, 0x1a0, 0x1a0, 0x1a0,
			0x1a0, 0xca3, 0xca3, 0xca3, 0xca3, 0xca3, 0xca3, 0x4a3, 0x4a3, 0x4a3, 0x4a3, 0x4a3, 0x4a3, 0x4a3, 0x4a3, 0x4a3,
			0x4a3, 0x4a3, 0x4a3, 0x4a3, 0x4a3, 0x4a3, 0x4a3, 0x4a3, 0x4a3, 0x4a3, 0x4a3, 0x1a0, 0x1a0, 0x1a0, 0x1a0, 0x1a0,
			0x1a0, 0x8e3, 0x8e3, 0x8e3, 0x8e3, 0x8e3, 0x8e3, 0x0e3, 0x0e3, 0x0e3, 0x0e3, 0x0e3, 0x0e3, 0x0e3, 0x0e3, 0x0e3,
			0x0e3, 0x0e3, 0x0e3, 0x0e3, 0x0e3, 0x0e3, 0x0e3, 0x0e3, 0x0e3, 0x0e3, 0x0e3, 0x1a0, 0x1a0, 0x1a0, 0x1a0, 0x008,
			0x000, 0x000, 0x000, 0x000, 0x000, 0x000, 0x000, 0x000, 0x000, 0x000, 0x000, 0x000, 0x000, 0x000, 0x000, 0x000,
			0x000, 0x000, 0x000, 0x000, 0x000, 0x000, 0x000, 0x000, 0x000, 0x000, 0x000, 0x000, 0x000, 0x000, 0x000, 0x000,
			0x000, 0x000, 0x000, 0x000, 0x000, 0x000, 0x000, 0x000, 0x000, 0x000, 0x000, 0x000, 0x000, 0x000, 0x000, 0x000,
			0x000, 0x000, 0x000, 0x000, 0x000, 0x000, 0x000, 0x000, 0x000, 0x000, 0x000, 0x000, 0x000, 0x000, 0x000, 0x000,
			0x000, 0x000, 0x000, 0x000, 0x000, 0x000, 0x000, 0x000, 0x000, 0x000, 0x000, 0x000, 0x000, 0x000, 0x000, 0x000,
			0x000, 0x000, 0x000, 0x000, 0x000, 0x000, 0x000, 0x000, 0x000, 0x000, 0x000, 0x000, 0x000, 0x000, 0x000, 0x000,
			0x000, 0x000, 0x000, 0x000, 0x000, 0x000, 0x000, 0x000, 0x000, 0x000, 0x000, 0x000, 0x000, 0x000, 0x000, 0x000,
			0x000, 0x000, 0x000, 0x000, 0x000, 0x000, 0x000, 0x000, 0x000, 0x000, 0x000, 0x000, 0x000, 0x000, 0x000, 0x000,
		},
		"fo_FO": {
			0x008, 0x008, 0x008, 0x008, 0x008, 0x008, 0x008, 0x008, 0x008, 0x20c, 0x208, 0x208, 0x208, 0x208, 0x008, 0x008,
			0x008, 0x008, 0x008, 0x008, 0x008, 0x008, 0x008, 0x008, 0x008, 0x008, 0x008, 0x008, 0x008, 0x008, 0x008, 0x008,
			0x284, 0x1a0, 0x1a0, 0x1a0, 0x1a0, 0x1a0, 0x1a0, 0x1a0, 0x1a0, 0x1a0, 0x1a0, 0x1a0, 0x1a0, 0x1a0, 0x1a0, 0x1a0,
			0x8b1, 0x8b1, 0x8b1, 0x8b1, 0x8b1, 0x8b1, 0x8b1, 0x8b1, 0x8b1, 0x8b1, 0x1a0, 0x1a0, 0x1a0, 0x1a0, 0x1a0, 0x1a0,
			0x1a0, 0xca3, 0xca3, 0xca3, 0xca3, 0xca3, 0xca3, 0x4a3, 0x4a3, 0x4a3, 0x4a3, 0x4a3, 0x4a3, 0x4a3, 0x4a3, 0x4a3,
			0x4a3, 0x4a3, 0x4a3, 0x4a3, 0x4a3, 0x4a3, 0x4a3, 0x4a3, 0x4a3, 0x4a3, 0x4a3, 0x1a0, 0x1a0, 0x1a0, 0x1a0, 0x1a0,
			0x1a0, 0x8e3, 0x8e3, 0x8e3, 0x8e3, 0x8e3, 0x8e3, 0x0e3, 0x0e3, 0x0e3, 0x0e3, 0x0e3, 0x0e3, 0x0e3, 0x0e3, 0x0e3,
			0x0e3, 0x0e3, 0x0e3, 0x0e3, 0x0e3, 0x0e3, 0x0e3, 0x0e3, 0x0e3, 0x0e3, 0x0e3, 0x1a0, 0x1a0, 0x1a0, 0x1a0, 0x008,
			0x008, 0x008, 0x008, 0x008, 0x008, 0x008, 0x008, 0x008, 0x008, 0x008, 0x008, 0x008, 0x008, 0x008, 0x008, 0x008,
			0x008, 0x008, 0x008, 0x008, 0x008, 0x008, 0x008, 0x008, 0x008, 0x008, 0x008, 0x008, 0x008, 0x008, 0x008, 0x008,
			0x1a0, 0x1a0, 0x1a0, 0x1a0, 0x1a0, 0x1a0, 0x1a0, 0x1a0, 0x1a0, 0x1a0, 0x0e3, 0x1a0, 0x1a0, 0x1a0, 0x1a0, 0x1a0,
			0x1a0, 0x1a0, 0x1a0, 0x1a0, 0x1a0, 0x0e3, 0x1a0, 0x1a0, 0x1a0, 0x1a0, 0x0e3, 0x1a0, 0x1a0, 0x1a0, 0x1a0, 0x1a0,
			0x4a3, 0x4a3, 0x4a3, 0x4a3, 0x4a3, 0x4a3, 0x4a3, 0x4a3, 0x4a3, 0x4a3, 0x4a3, 0x4a3, 0x4a3, 0x4a3, 0x4a3, 0x4a3,
			0x4a3, 0x4a3, 0x4a3, 0x4a3, 0x4a3, 0x4a3, 0x4a3, 0x1a0, 0x4a3, 0x4a3, 0x4a3, 0x4a3, 0x4a3, 0x4a3, 0x4a3, 0x0e3,
			0x0e3, 0x0e3, 0x0e3, 0x0e3, 0x0e3, 0x0e3, 0x0e3, 0x0e3, 0x0e3, 0x0e3, 0x0e3, 0x0e3, 0x0e3, 0x0e3, 0x0e3, 0x0e3,
			0x0e3, 0x0e3, 0x0e3, 0x0e3, 0x0e3, 0x0e3, 0x0e3, 0x1a0, 0x0e3, 0x0e3, 0x0e3, 0x0e3, 0x0e3, 0x0e3, 0x0e3, 0x0e3,
		},
		"fo_FO.utf8": {
			0x008, 0x008, 0x008, 0x008, 0x008, 0x008, 0x008, 0x008, 0x008, 0x20c, 0x208, 0x208, 0x208, 0x208, 0x008, 0x008,
			0x008, 0x008, 0x008, 0x008, 0x008, 0x008, 0x008, 0x008, 0x008, 0x008, 0x008, 0x008, 0x008, 0x008, 0x008, 0x008,
			0x284, 0x1a0, 0x1a0, 0x1a0, 0x1a0, 0x1a0, 0x1a0, 0x1a0, 0x1a0, 0x1a0, 0x1a0, 0x1a0, 0x1a0, 0x1a0, 0x1a0, 0x1a0,
			0x8b1, 0x8b1, 0x8b1, 0x8b1, 0x8b1, 0x8b1, 0x8b1, 0x8b1, 0x8b1, 0x8b1, 0x1a0, 0x1a0, 0x1a0, 0x1a0, 0x1a0, 0x1a0,
			0x1a0, 0xca3, 0xca3, 0xca3, 0xca3, 0xca3, 0xca3, 0x4a3, 0x4a3, 0x4a3, 0x4a3, 0x4a3, 0x4a3, 0x4a3, 0x4a3, 0x4a3,
			0x4a3, 0x4a3, 0x4a3, 0x4a3, 0x4a3, 0x4a3, 0x4a3, 0x4a3, 0x4a3, 0x4a3, 0x4a3, 0x1a0, 0x1a0, 0x1a0, 0x1a0, 0x1a0,
			0x1a0, 0x8e3, 0x8e3, 0x8e3, 0x8e3, 0x8e3, 0x8e3, 0x0e3, 0x0e3, 0x0e3, 0x0e3, 0x0e3, 0x0e3, 0x0e3, 0x0e3, 0x0e3,
			0x0e3, 0x0e3, 0x0e3, 0x0e3, 0x0e3, 0x0e3, 0x0e3, 0x0e3, 0x0e3, 0x0e3, 0x0e3, 0x1a0, 0x1a0, 0x1a0, 0x1a0, 0x008,
			0x000, 0x000, 0x000, 0x000, 0x000, 0x000, 0x000, 0x000, 0x000, 0x000, 0x000, 0x000, 0x000, 0x000, 0x000, 0x000,
			0x000, 0x000, 0x000, 0x000, 0x000, 0x000, 0x000, 0x000, 0x000, 0x000, 0x000, 0x000, 0x000, 0x000, 0x000, 0x000,
			0x000, 0x000, 0x000, 0x000, 0x000, 0x000, 0x000, 0x000, 0x000, 0x000, 0x000, 0x000, 0x000, 0x000, 0x000, 0x000,
			0x000, 0x000, 0x000, 0x000, 0x000, 0x000, 0x000, 0x000, 0x000, 0x000, 0x000, 0x000, 0x000, 0x000, 0x000, 0x000,
			0x000, 0x000, 0x000, 0x000, 0x000, 0x000, 0x000, 0x000, 0x000, 0x000, 0x000, 0x000, 0x000, 0x000, 0x000, 0x000,
			0x000, 0x000, 0x000, 0x000, 0x000, 0x000, 0x000, 0x000, 0x000, 0x000, 0x000, 0x000, 0x000, 0x000, 0x000, 0x000,
			0x000, 0x000, 0x000, 0x000, 0x000, 0x000, 0x000, 0x000, 0x000, 0x000, 0x000, 0x000, 0x000, 0x000, 0x000, 0x000,
			0x000, 0x000, 0x000, 0x000, 0x000, 0x000, 0x000, 0x000, 0x000, 0x000, 0x000, 0x000, 0x000, 0x000, 0x000, 0x000,
		},
		"fr_BE": {
			0x008, 0x008, 0x008, 0x008, 0x008, 0x008, 0x008, 0x008, 0x008, 0x20c, 0x208, 0x208, 0x208, 0x208, 0x008, 0x008,
			0x008, 0x008, 0x008, 0x008, 0x008, 0x008, 0x008, 0x008, 0x008, 0x008, 0x008, 0x008, 0x008, 0x008, 0x008, 0x008,
			0x284, 0x1a0, 0x1a0, 0x1a0, 0x1a0, 0x1a0, 0x1a0, 0x1a0, 0x1a0, 0x1a0, 0x1a0, 0x1a0, 0x1a0, 0x1a0, 0x1a0, 0x1a0,
			0x8b1, 0x8b1, 0x8b1, 0x8b1, 0x8b1, 0x8b1, 0x8b1, 0x8b1, 0x8b1, 0x8b1, 0x1a0, 0x1a0, 0x1a0, 0x1a0, 0x1a0, 0x1a0,
			0x1a0, 0xca3, 0xca3, 0xca3, 0xca3, 0xca3, 0xca3, 0x4a3, 0x4a3, 0x4a3, 0x4a3, 0x4a3, 0x4a3, 0x4a3, 0x4a3, 0x4a3,
			0x4a3, 0x4a3, 0x4a3, 0x4a3, 0x4a3, 0x4a3, 0x4a3, 0x4a3, 0x4a3, 0x4a3, 0x4a3, 0x1a0, 0x1a0, 0x1a0, 0x1a0, 0x1a0,
			0x1a0, 0x8e3, 0x8e3, 0x8e3, 0x8e3, 0x8e3, 0x8e3, 0x0e3, 0x0e3, 0x0e3, 0x0e3, 0x0e3, 0x0e3, 0x0e3, 0x0e3, 0x0e3,
			0x0e3, 0x0e3, 0x0e3, 0x0e3, 0x0e3, 0x0e3, 0x0e3, 0x0e3, 0x0e3, 0x0e3, 0x0e3, 0x1a0, 0x1a0, 0x1a0, 0x1a0, 0x008,
			0x008, 0x008, 0x008, 0x008, 0x008, 0x008, 0x008, 0x008, 0x008, 0x008, 0x008, 0x008, 0x008, 0x008, 0x008, 0x008,
			0x008, 0x008, 0x008, 0x008, 0x008, 0x008, 0x008, 0x008, 0x008, 0x008, 0x008, 0x008, 0x008, 0x008, 0x008, 0x008,
			0x1a0, 0x1a0, 0x1a0, 0x1a0, 0x1a0, 0x1a0, 0x1a0, 0x1a0, 0x1a0, 0x1a0, 0x0e3, 0x1a0, 0x1a0, 0x1a0, 0x1a0, 0x1a0,
			0x1a0, 0x1a0, 0x1a0, 0x1a0, 0x1a0, 0x0e3, 0x1a0, 0x1a0, 0x1a0, 0x1a0, 0x0e3, 0x1a0, 0x1a0, 0x1a0, 0x1a0, 0x1a0,
			0x4a3, 0x4a3, 0x4a3, 0x4a3, 0x4a3, 0x4a3, 0x4a3, 0x4a3, 0x4a3, 0x4a3, 0x4a3, 0x4a3, 0x4a3, 0x4a3, 0x4a3, 0x4a3,
			0x4a3, 0x4a3, 0x4a3, 0x4a3, 0x4a3, 0x4a3, 0x4a3, 0x1a0, 0x4a3, 0x4a3, 0x4a3, 0x4a3, 0x4a3, 0x4a3, 0x4a3, 0x0e3,
			0x0e3, 0x0e3, 0x0e3, 0x0e3, 0x0e3, 0x0e3, 0x0e3, 0x0e3, 0x0e3, 0x0e3, 0x0e3, 0x0e3, 0x0e3, 0x0e3, 0x0e3, 0x0e3,
			0x0e3, 0x0e3, 0x0e3, 0x0e3, 0x0e3, 0x0e3, 0x0e3, 0x1a0, 0x0e3, 0x0e3, 0x0e3, 0x0e3, 0x0e3, 0x0e3, 0x0e3, 0x0e3,
		},
		"fr_BE.utf8": {
			0x008, 0x008, 0x008, 0x008, 0x008, 0x008, 0x008, 0x008, 0x008, 0x20c, 0x208, 0x208, 0x208, 0x208, 0x008, 0x008,
			0x008, 0x008, 0x008, 0x008, 0x008, 0x008, 0x008, 0x008, 0x008, 0x008, 0x008, 0x008, 0x008, 0x008, 0x008, 0x008,
			0x284, 0x1a0, 0x1a0, 0x1a0, 0x1a0, 0x1a0, 0x1a0, 0x1a0, 0x1a0, 0x1a0, 0x1a0, 0x1a0, 0x1a0, 0x1a0, 0x1a0, 0x1a0,
			0x8b1, 0x8b1, 0x8b1, 0x8b1, 0x8b1, 0x8b1, 0x8b1, 0x8b1, 0x8b1, 0x8b1, 0x1a0, 0x1a0, 0x1a0, 0x1a0, 0x1a0, 0x1a0,
			0x1a0, 0xca3, 0xca3, 0xca3, 0xca3, 0xca3, 0xca3, 0x4a3, 0x4a3, 0x4a3, 0x4a3, 0x4a3, 0x4a3, 0x4a3, 0x4a3, 0x4a3,
			0x4a3, 0x4a3, 0x4a3, 0x4a3, 0x4a3, 0x4a3, 0x4a3, 0x4a3, 0x4a3, 0x4a3, 0x4a3, 0x1a0, 0x1a0, 0x1a0, 0x1a0, 0x1a0,
			0x1a0, 0x8e3, 0x8e3, 0x8e3, 0x8e3, 0x8e3, 0x8e3, 0x0e3, 0x0e3, 0x0e3, 0x0e3, 0x0e3, 0x0e3, 0x0e3, 0x0e3, 0x0e3,
			0x0e3, 0x0e3, 0x0e3, 0x0e3, 0x0e3, 0x0e3, 0x0e3, 0x0e3, 0x0e3, 0x0e3, 0x0e3, 0x1a0, 0x1a0, 0x1a0, 0x1a0, 0x008,
			0x000, 0x000, 0x000, 0x000, 0x000, 0x000, 0x000, 0x000, 0x000, 0x000, 0x000, 0x000, 0x000, 0x000, 0x000, 0x000,
			0x000, 0x000, 0x000, 0x000, 0x000, 0x000, 0x000, 0x000, 0x000, 0x000, 0x000, 0x000, 0x000, 0x000, 0x000, 0x000,
			0x000, 0x000, 0x000, 0x000, 0x000, 0x000, 0x000, 0x000, 0x000, 0x000, 0x000, 0x000, 0x000, 0x000, 0x000, 0x000,
			0x000, 0x000, 0x000, 0x000, 0x000, 0x000, 0x000, 0x000, 0x000, 0x000, 0x000, 0x000, 0x000, 0x000, 0x000, 0x000,
			0x000, 0x000, 0x000, 0x000, 0x000, 0x000, 0x000, 0x000, 0x000, 0x000, 0x000, 0x000, 0x000, 0x000, 0x000, 0x000,
			0x000, 0x000, 0x000, 0x000, 0x000, 0x000, 0x000, 0x000, 0x000, 0x000, 0x000, 0x000, 0x000, 0x000, 0x000, 0x000,
			0x000, 0x000, 0x000, 0x000, 0x000, 0x000, 0x000, 0x000, 0x000, 0x000, 0x000, 0x000, 0x000, 0x000, 0x000, 0x000,
			0x000, 0x000, 0x000, 0x000, 0x000, 0x000, 0x000, 0x000, 0x000, 0x000, 0x000, 0x000, 0x000, 0x000, 0x000, 0x000,
		},
		"fr_BE@euro": {
			0x008, 0x008, 0x008, 0x008, 0x008, 0x008, 0x008, 0x008, 0x008, 0x20c, 0x208, 0x208, 0x208, 0x208, 0x008, 0x008,
			0x008, 0x008, 0x008, 0x008, 0x008, 0x008, 0x008, 0x008, 0x008, 0x008, 0x008, 0x008, 0x008, 0x008, 0x008, 0x008,
			0x284, 0x1a0, 0x1a0, 0x1a0, 0x1a0, 0x1a0, 0x1a0, 0x1a0, 0x1a0, 0x1a0, 0x1a0, 0x1a0, 0x1a0, 0x1a0, 0x1a0, 0x1a0,
			0x8b1, 0x8b1, 0x8b1, 0x8b1, 0x8b1, 0x8b1, 0x8b1, 0x8b1, 0x8b1, 0x8b1, 0x1a0, 0x1a0, 0x1a0, 0x1a0, 0x1a0, 0x1a0,
			0x1a0, 0xca3, 0xca3, 0xca3, 0xca3, 0xca3, 0xca3, 0x4a3, 0x4a3, 0x4a3, 0x4a3, 0x4a3, 0x4a3, 0x4a3, 0x4a3, 0x4a3,
			0x4a3, 0x4a3, 0x4a3, 0x4a3, 0x4a3, 0x4a3, 0x4a3, 0x4a3, 0x4a3, 0x4a3, 0x4a3, 0x1a0, 0x1a0, 0x1a0, 0x1a0, 0x1a0,
			0x1a0, 0x8e3, 0x8e3, 0x8e3, 0x8e3, 0x8e3, 0x8e3, 0x0e3, 0x0e3, 0x0e3, 0x0e3, 0x0e3, 0x0e3, 0x0e3, 0x0e3, 0x0e3,
			0x0e3, 0x0e3, 0x0e3, 0x0e3, 0x0e3, 0x0e3, 0x0e3, 0x0e3, 0x0e3, 0x0e3, 0x0e3, 0x1a0, 0x1a0, 0x1a0, 0x1a0, 0x008,
			0x008, 0x008, 0x008, 0x008, 0x008, 0x008, 0x008, 0x008, 0x008, 0x008, 0x008, 0x008, 0x008, 0x008, 0x008, 0x008,
			0x008, 0x008, 0x008, 0x008, 0x008, 0x008, 0x008, 0x008, 0x008, 0x008, 0x008, 0x008, 0x008, 0x008, 0x008, 0x008,
			0x1a0, 0x1a0, 0x1a0, 0x1a0, 0x1a0, 0x1a0, 0x4a3, 0x1a0, 0x0e3, 0x1a0, 0x0e3, 0x1a0, 0x1a0, 0x1a0, 0x1a0, 0x1a0,
			0x1a0, 0x1a0, 0x1a0, 0x1a0, 0x4a3, 0x0e3, 0x1a0, 0x1a0, 0x0e3, 0x1a0, 0x0e3, 0x1a0, 0x4a3, 0x0e3, 0x4a3, 0x1a0,
			0x4a3, 0x4a3, 0x4a3, 0x4a3, 0x4a3, 0x4a3, 0x4a3, 0x4a3, 0x4a3, 0x4a3, 0x4a3, 0x4a3, 0x4a3, 0x4a3, 0x4a3, 0x4a3,
			0x4a3, 0x4a3, 0x4a3, 0x4a3, 0x4a3, 0x4a3, 0x4a3, 0x1a0, 0x4a3, 0x4a3, 0x4a3, 0x4a3, 0x4a3, 0x4a3, 0x4a3, 0x0e3,
			0x0e3, 0x0e3, 0x0e3, 0x0e3, 0x0e3, 0x0e3, 0x0e3, 0x0e3, 0x0e3, 0x0e3, 0x0e3, 0x0e3, 0x0e3, 0x0e3, 0x0e3, 0x0e3,
			0x0e3, 0x0e3, 0x0e3, 0x0e3, 0x0e3, 0x0e3, 0x0e3, 0x1a0, 0x0e3, 0x0e3, 0x0e3, 0x0e3, 0x0e3, 0x0e3, 0x0e3, 0x0e3,
		},
		"fr_CA": {
			0x008, 0x008, 0x008, 0x008, 0x008, 0x008, 0x008, 0x008, 0x008, 0x20c, 0x208, 0x208, 0x208, 0x208, 0x008, 0x008,
			0x008, 0x008, 0x008, 0x008, 0x008, 0x008, 0x008, 0x008, 0x008, 0x008, 0x008, 0x008, 0x008, 0x008, 0x008, 0x008,
			0x284, 0x1a0, 0x1a0, 0x1a0, 0x1a0, 0x1a0, 0x1a0, 0x1a0, 0x1a0, 0x1a0, 0x1a0, 0x1a0, 0x1a0, 0x1a0, 0x1a0, 0x1a0,
			0x8b1, 0x8b1, 0x8b1, 0x8b1, 0x8b1, 0x8b1, 0x8b1, 0x8b1, 0x8b1, 0x8b1, 0x1a0, 0x1a0, 0x1a0, 0x1a0, 0x1a0, 0x1a0,
			0x1a0, 0xca3, 0xca3, 0xca3, 0xca3, 0xca3, 0xca3, 0x4a3, 0x4a3, 0x4a3, 0x4a3, 0x4a3, 0x4a3, 0x4a3, 0x4a3, 0x4a3,
			0x4a3, 0x4a3, 0x4a3, 0x4a3, 0x4a3, 0x4a3, 0x4a3, 0x4a3, 0x4a3, 0x4a3, 0x4a3, 0x1a0, 0x1a0, 0x1a0, 0x1a0, 0x1a0,
			0x1a0, 0x8e3, 0x8e3, 0x8e3, 0x8e3, 0x8e3, 0x8e3, 0x0e3, 0x0e3, 0x0e3, 0x0e3, 0x0e3, 0x0e3, 0x0e3, 0x0e3, 0x0e3,
			0x0e3, 0x0e3, 0x0e3, 0x0e3, 0x0e3, 0x0e3, 0x0e3, 0x0e3, 0x0e3, 0x0e3, 0x0e3, 0x1a0, 0x1a0, 0x1a0, 0x1a0, 0x008,
			0x008, 0x008, 0x008, 0x008, 0x008, 0x008, 0x008, 0x008, 0x008, 0x008, 0x008, 0x008, 0x008, 0x008, 0x008, 0x008,
			0x008, 0x008, 0x008, 0x008, 0x008, 0x008, 0x008, 0x008, 0x008, 0x008, 0x008, 0x008, 0x008, 0x008, 0x008, 0x008,
			0x1a0, 0x1a0, 0x1a0, 0x1a0, 0x1a0, 0x1a0, 0x1a0, 0x1a0, 0x1a0, 0x1a0, 0x0e3, 0x1a0, 0x1a0, 0x1a0, 0x1a0, 0x1a0,
			0x1a0, 0x1a0, 0x1a0, 0x1a0, 0x1a0, 0x0e3, 0x1a0, 0x1a0, 0x1a0, 0x1a0, 0x0e3, 0x1a0, 0x1a0, 0x1a0, 0x1a0, 0x1a0,
			0x4a3, 0x4a3, 0x4a3, 0x4a3, 0x4a3, 0x4a3, 0x4a3, 0x4a3, 0x4a3, 0x4a3, 0x4a3, 0x4a3, 0x4a3, 0x4a3, 0x4a3, 0x4a3,
			0x4a3, 0x4a3, 0x4a3, 0x4a3, 0x4a3, 0x4a3, 0x4a3, 0x1a0, 0x4a3, 0x4a3, 0x4a3, 0x4a3, 0x4a3, 0x4a3, 0x4a3, 0x0e3,
			0x0e3, 0x0e3, 0x0e3, 0x0e3, 0x0e3, 0x0e3, 0x0e3, 0x0e3, 0x0e3, 0x0e3, 0x0e3, 0x0e3, 0x0e3, 0x0e3, 0x0e3, 0x0e3,
			0x0e3, 0x0e3, 0x0e3, 0x0e3, 0x0e3, 0x0e3, 0x0e3, 0x1a0, 0x0e3, 0x0e3, 0x0e3, 0x0e3, 0x0e3, 0x0e3, 0x0e3, 0x0e3,
		},
		"fr_CA.utf8": {
			0x008, 0x008, 0x008, 0x008, 0x008, 0x008, 0x008, 0x008, 0x008, 0x20c, 0x208, 0x208, 0x208, 0x208, 0x008, 0x008,
			0x008, 0x008, 0x008, 0x008, 0x008, 0x008, 0x008, 0x008, 0x008, 0x008, 0x008, 0x008, 0x008, 0x008, 0x008, 0x008,
			0x284, 0x1a0, 0x1a0, 0x1a0, 0x1a0, 0x1a0, 0x1a0, 0x1a0, 0x1a0, 0x1a0, 0x1a0, 0x1a0, 0x1a0, 0x1a0, 0x1a0, 0x1a0,
			0x8b1, 0x8b1, 0x8b1, 0x8b1, 0x8b1, 0x8b1, 0x8b1, 0x8b1, 0x8b1, 0x8b1, 0x1a0, 0x1a0, 0x1a0, 0x1a0, 0x1a0, 0x1a0,
			0x1a0, 0xca3, 0xca3, 0xca3, 0xca3, 0xca3, 0xca3, 0x4a3, 0x4a3, 0x4a3, 0x4a3, 0x4a3, 0x4a3, 0x4a3, 0x4a3, 0x4a3,
			0x4a3, 0x4a3, 0x4a3, 0x4a3, 0x4a3, 0x4a3, 0x4a3, 0x4a3, 0x4a3, 0x4a3, 0x4a3, 0x1a0, 0x1a0, 0x1a0, 0x1a0, 0x1a0,
			0x1a0, 0x8e3, 0x8e3, 0x8e3, 0x8e3, 0x8e3, 0x8e3, 0x0e3, 0x0e3, 0x0e3, 0x0e3, 0x0e3, 0x0e3, 0x0e3, 0x0e3, 0x0e3,
			0x0e3, 0x0e3, 0x0e3, 0x0e3, 0x0e3, 0x0e3, 0x0e3, 0x0e3, 0x0e3, 0x0e3, 0x0e3, 0x1a0, 0x1a0, 0x1a0, 0x1a0, 0x008,
			0x000, 0x000, 0x000, 0x000, 0x000, 0x000, 0x000, 0x000, 0x000, 0x000, 0x000, 0x000, 0x000, 0x000, 0x000, 0x000,
			0x000, 0x000, 0x000, 0x000, 0x000, 0x000, 0x000, 0x000, 0x000, 0x000, 0x000, 0x000, 0x000, 0x000, 0x000, 0x000,
			0x000, 0x000, 0x000, 0x000, 0x000, 0x000, 0x000, 0x000, 0x000, 0x000, 0x000, 0x000, 0x000, 0x000, 0x000, 0x000,
			0x000, 0x000, 0x000, 0x000, 0x000, 0x000, 0x000, 0x000, 0x000, 0x000, 0x000, 0x000, 0x000, 0x000, 0x000, 0x000,
			0x000, 0x000, 0x000, 0x000, 0x000, 0x000, 0x000, 0x000, 0x000, 0x000, 0x000, 0x000, 0x000, 0x000, 0x000, 0x000,
			0x000, 0x000, 0x000, 0x000, 0x000, 0x000, 0x000, 0x000, 0x000, 0x000, 0x000, 0x000, 0x000, 0x000, 0x000, 0x000,
			0x000, 0x000, 0x000, 0x000, 0x000, 0x000, 0x000, 0x000, 0x000, 0x000, 0x000, 0x000, 0x000, 0x000, 0x000, 0x000,
			0x000, 0x000, 0x000, 0x000, 0x000, 0x000, 0x000, 0x000, 0x000, 0x000, 0x000, 0x000, 0x000, 0x000, 0x000, 0x000,
		},
		"fr_CH": {
			0x008, 0x008, 0x008, 0x008, 0x008, 0x008, 0x008, 0x008, 0x008, 0x20c, 0x208, 0x208, 0x208, 0x208, 0x008, 0x008,
			0x008, 0x008, 0x008, 0x008, 0x008, 0x008, 0x008, 0x008, 0x008, 0x008, 0x008, 0x008, 0x008, 0x008, 0x008, 0x008,
			0x284, 0x1a0, 0x1a0, 0x1a0, 0x1a0, 0x1a0, 0x1a0, 0x1a0, 0x1a0, 0x1a0, 0x1a0, 0x1a0, 0x1a0, 0x1a0, 0x1a0, 0x1a0,
			0x8b1, 0x8b1, 0x8b1, 0x8b1, 0x8b1, 0x8b1, 0x8b1, 0x8b1, 0x8b1, 0x8b1, 0x1a0, 0x1a0, 0x1a0, 0x1a0, 0x1a0, 0x1a0,
			0x1a0, 0xca3, 0xca3, 0xca3, 0xca3, 0xca3, 0xca3, 0x4a3, 0x4a3, 0x4a3, 0x4a3, 0x4a3, 0x4a3, 0x4a3, 0x4a3, 0x4a3,
			0x4a3, 0x4a3, 0x4a3, 0x4a3, 0x4a3, 0x4a3, 0x4a3, 0x4a3, 0x4a3, 0x4a3, 0x4a3, 0x1a0, 0x1a0, 0x1a0, 0x1a0, 0x1a0,
			0x1a0, 0x8e3, 0x8e3, 0x8e3, 0x8e3, 0x8e3, 0x8e3, 0x0e3, 0x0e3, 0x0e3, 0x0e3, 0x0e3, 0x0e3, 0x0e3, 0x0e3, 0x0e3,
			0x0e3, 0x0e3, 0x0e3, 0x0e3, 0x0e3, 0x0e3, 0x0e3, 0x0e3, 0x0e3, 0x0e3, 0x0e3, 0x1a0, 0x1a0, 0x1a0, 0x1a0, 0x008,
			0x008, 0x008, 0x008, 0x008, 0x008, 0x008, 0x008, 0x008, 0x008, 0x008, 0x008, 0x008, 0x008, 0x008, 0x008, 0x008,
			0x008, 0x008, 0x008, 0x008, 0x008, 0x008, 0x008, 0x008, 0x008, 0x008, 0x008, 0x008, 0x008, 0x008, 0x008, 0x008,
			0x1a0, 0x1a0, 0x1a0, 0x1a0, 0x1a0, 0x1a0, 0x1a0, 0x1a0, 0x1a0, 0x1a0, 0x0e3, 0x1a0, 0x1a0, 0x1a0, 0x1a0, 0x1a0,
			0x1a0, 0x1a0, 0x1a0, 0x1a0, 0x1a0, 0x0e3, 0x1a0, 0x1a0, 0x1a0, 0x1a0, 0x0e3, 0x1a0, 0x1a0, 0x1a0, 0x1a0, 0x1a0,
			0x4a3, 0x4a3, 0x4a3, 0x4a3, 0x4a3, 0x4a3, 0x4a3, 0x4a3, 0x4a3, 0x4a3, 0x4a3, 0x4a3, 0x4a3, 0x4a3, 0x4a3, 0x4a3,
			0x4a3, 0x4a3, 0x4a3, 0x4a3, 0x4a3, 0x4a3, 0x4a3, 0x1a0, 0x4a3, 0x4a3, 0x4a3, 0x4a3, 0x4a3, 0x4a3, 0x4a3, 0x0e3,
			0x0e3, 0x0e3, 0x0e3, 0x0e3, 0x0e3, 0x0e3, 0x0e3, 0x0e3, 0x0e3, 0x0e3, 0x0e3, 0x0e3, 0x0e3, 0x0e3, 0x0e3, 0x0e3,
			0x0e3, 0x0e3, 0x0e3, 0x0e3, 0x0e3, 0x0e3, 0x0e3, 0x1a0, 0x0e3, 0x0e3, 0x0e3, 0x0e3, 0x0e3, 0x0e3, 0x0e3, 0x0e3,
		},
		"fr_CH.utf8": {
			0x008, 0x008, 0x008, 0x008, 0x008, 0x008, 0x008, 0x008, 0x008, 0x20c, 0x208, 0x208, 0x208, 0x208, 0x008, 0x008,
			0x008, 0x008, 0x008, 0x008, 0x008, 0x008, 0x008, 0x008, 0x008, 0x008, 0x008, 0x008, 0x008, 0x008, 0x008, 0x008,
			0x284, 0x1a0, 0x1a0, 0x1a0, 0x1a0, 0x1a0, 0x1a0, 0x1a0, 0x1a0, 0x1a0, 0x1a0, 0x1a0, 0x1a0, 0x1a0, 0x1a0, 0x1a0,
			0x8b1, 0x8b1, 0x8b1, 0x8b1, 0x8b1, 0x8b1, 0x8b1, 0x8b1, 0x8b1, 0x8b1, 0x1a0, 0x1a0, 0x1a0, 0x1a0, 0x1a0, 0x1a0,
			0x1a0, 0xca3, 0xca3, 0xca3, 0xca3, 0xca3, 0xca3, 0x4a3, 0x4a3, 0x4a3, 0x4a3, 0x4a3, 0x4a3, 0x4a3, 0x4a3, 0x4a3,
			0x4a3, 0x4a3, 0x4a3, 0x4a3, 0x4a3, 0x4a3, 0x4a3, 0x4a3, 0x4a3, 0x4a3, 0x4a3, 0x1a0, 0x1a0, 0x1a0, 0x1a0, 0x1a0,
			0x1a0, 0x8e3, 0x8e3, 0x8e3, 0x8e3, 0x8e3, 0x8e3, 0x0e3, 0x0e3, 0x0e3, 0x0e3, 0x0e3, 0x0e3, 0x0e3, 0x0e3, 0x0e3,
			0x0e3, 0x0e3, 0x0e3, 0x0e3, 0x0e3, 0x0e3, 0x0e3, 0x0e3, 0x0e3, 0x0e3, 0x0e3, 0x1a0, 0x1a0, 0x1a0, 0x1a0, 0x008,
			0x000, 0x000, 0x000, 0x000, 0x000, 0x000, 0x000, 0x000, 0x000, 0x000, 0x000, 0x000, 0x000, 0x000, 0x000, 0x000,
			0x000, 0x000, 0x000, 0x000, 0x000, 0x000, 0x000, 0x000, 0x000, 0x000, 0x000, 0x000, 0x000, 0x000, 0x000, 0x000,
			0x000, 0x000, 0x000, 0x000, 0x000, 0x000, 0x000, 0x000, 0x000, 0x000, 0x000, 0x000, 0x000, 0x000, 0x000, 0x000,
			0x000, 0x000, 0x000, 0x000, 0x000, 0x000, 0x000, 0x000, 0x000, 0x000, 0x000, 0x000, 0x000, 0x000, 0x000, 0x000,
			0x000, 0x000, 0x000, 0x000, 0x000, 0x000, 0x000, 0x000, 0x000, 0x000, 0x000, 0x000, 0x000, 0x000, 0x000, 0x000,
			0x000, 0x000, 0x000, 0x000, 0x000, 0x000, 0x000, 0x000, 0x000, 0x000, 0x000, 0x000, 0x000, 0x000, 0x000, 0x000,
			0x000, 0x000, 0x000, 0x000, 0x000, 0x000, 0x000, 0x000, 0x000, 0x000, 0x000, 0x000, 0x000, 0x000, 0x000, 0x000,
			0x000, 0x000, 0x000, 0x000, 0x000, 0x000, 0x000, 0x000, 0x000, 0x000, 0x000, 0x000, 0x000, 0x000, 0x000, 0x000,
		},
		"fr_FR": {
			0x008, 0x008, 0x008, 0x008, 0x008, 0x008, 0x008, 0x008, 0x008, 0x20c, 0x208, 0x208, 0x208, 0x208, 0x008, 0x008,
			0x008, 0x008, 0x008, 0x008, 0x008, 0x008, 0x008, 0x008, 0x008, 0x008, 0x008, 0x008, 0x008, 0x008, 0x008, 0x008,
			0x284, 0x1a0, 0x1a0, 0x1a0, 0x1a0, 0x1a0, 0x1a0, 0x1a0, 0x1a0, 0x1a0, 0x1a0, 0x1a0, 0x1a0, 0x1a0, 0x1a0, 0x1a0,
			0x8b1, 0x8b1, 0x8b1, 0x8b1, 0x8b1, 0x8b1, 0x8b1, 0x8b1, 0x8b1, 0x8b1, 0x1a0, 0x1a0, 0x1a0, 0x1a0, 0x1a0, 0x1a0,
			0x1a0, 0xca3, 0xca3, 0xca3, 0xca3, 0xca3, 0xca3, 0x4a3, 0x4a3, 0x4a3, 0x4a3, 0x4a3, 0x4a3, 0x4a3, 0x4a3, 0x4a3,
			0x4a3, 0x4a3, 0x4a3, 0x4a3, 0x4a3, 0x4a3, 0x4a3, 0x4a3, 0x4a3, 0x4a3, 0x4a3, 0x1a0, 0x1a0, 0x1a0, 0x1a0, 0x1a0,
			0x1a0, 0x8e3, 0x8e3, 0x8e3, 0x8e3, 0x8e3, 0x8e3, 0x0e3, 0x0e3, 0x0e3, 0x0e3, 0x0e3, 0x0e3, 0x0e3, 0x0e3, 0x0e3,
			0x0e3, 0x0e3, 0x0e3, 0x0e3, 0x0e3, 0x0e3, 0x0e3, 0x0e3, 0x0e3, 0x0e3, 0x0e3, 0x1a0, 0x1a0, 0x1a0, 0x1a0, 0x008,
			0x008, 0x008, 0x008, 0x008, 0x008, 0x008, 0x008, 0x008, 0x008, 0x008, 0x008, 0x008, 0x008, 0x008, 0x008, 0x008,
			0x008, 0x008, 0x008, 0x008, 0x008, 0x008, 0x008, 0x008, 0x008, 0x008, 0x008, 0x008, 0x008, 0x008, 0x008, 0x008,
			0x1a0, 0x1a0, 0x1a0, 0x1a0, 0x1a0, 0x1a0, 0x1a0, 0x1a0, 0x1a0, 0x1a0, 0x0e3, 0x1a0, 0x1a0, 0x1a0, 0x1a0, 0x1a0,
			0x1a0, 0x1a0, 0x1a0, 0x1a0, 0x1a0, 0x0e3, 0x1a0, 0x1a0, 0x1a0, 0x1a0, 0x0e3, 0x1a0, 0x1a0, 0x1a0, 0x1a0, 0x1a0,
			0x4a3, 0x4a3, 0x4a3, 0x4a3, 0x4a3, 0x4a3, 0x4a3, 0x4a3, 0x4a3, 0x4a3, 0x4a3, 0x4a3, 0x4a3, 0x4a3, 0x4a3, 0x4a3,
			0x4a3, 0x4a3, 0x4a3, 0x4a3, 0x4a3, 0x4a3, 0x4a3, 0x1a0, 0x4a3, 0x4a3, 0x4a3, 0x4a3, 0x4a3, 0x4a3, 0x4a3, 0x0e3,
			0x0e3, 0x0e3, 0x0e3, 0x0e3, 0x0e3, 0x0e3, 0x0e3, 0x0e3, 0x0e3, 0x0e3, 0x0e3, 0x0e3, 0x0e3, 0x0e3, 0x0e3, 0x0e3,
			0x0e3, 0x0e3, 0x0e3, 0x0e3, 0x0e3, 0x0e3, 0x0e3, 0x1a0, 0x0e3, 0x0e3, 0x0e3, 0x0e3, 0x0e3, 0x0e3, 0x0e3, 0x0e3,
		},
		"fr_FR.utf8": {
			0x008, 0x008, 0x008, 0x008, 0x008, 0x008, 0x008, 0x008, 0x008, 0x20c, 0x208, 0x208, 0x208, 0x208, 0x008, 0x008,
			0x008, 0x008, 0x008, 0x008, 0x008, 0x008, 0x008, 0x008, 0x008, 0x008, 0x008, 0x008, 0x008, 0x008, 0x008, 0x008,
			0x284, 0x1a0, 0x1a0, 0x1a0, 0x1a0, 0x1a0, 0x1a0, 0x1a0, 0x1a0, 0x1a0, 0x1a0, 0x1a0, 0x1a0, 0x1a0, 0x1a0, 0x1a0,
			0x8b1, 0x8b1, 0x8b1, 0x8b1, 0x8b1, 0x8b1, 0x8b1, 0x8b1, 0x8b1, 0x8b1, 0x1a0, 0x1a0, 0x1a0, 0x1a0, 0x1a0, 0x1a0,
			0x1a0, 0xca3, 0xca3, 0xca3, 0xca3, 0xca3, 0xca3, 0x4a3, 0x4a3, 0x4a3, 0x4a3, 0x4a3, 0x4a3, 0x4a3, 0x4a3, 0x4a3,
			0x4a3, 0x4a3, 0x4a3, 0x4a3, 0x4a3, 0x4a3, 0x4a3, 0x4a3, 0x4a3, 0x4a3, 0x4a3, 0x1a0, 0x1a0, 0x1a0, 0x1a0, 0x1a0,
			0x1a0, 0x8e3, 0x8e3, 0x8e3, 0x8e3, 0x8e3, 0x8e3, 0x0e3, 0x0e3, 0x0e3, 0x0e3, 0x0e3, 0x0e3, 0x0e3, 0x0e3, 0x0e3,
			0x0e3, 0x0e3, 0x0e3, 0x0e3, 0x0e3, 0x0e3, 0x0e3, 0x0e3, 0x0e3, 0x0e3, 0x0e3, 0x1a0, 0x1a0, 0x1a0, 0x1a0, 0x008,
			0x000, 0x000, 0x000, 0x000, 0x000, 0x000, 0x000, 0x000, 0x000, 0x000, 0x000, 0x000, 0x000, 0x000, 0x000, 0x000,
			0x000, 0x000, 0x000, 0x000, 0x000, 0x000, 0x000, 0x000, 0x000, 0x000, 0x000, 0x000, 0x000, 0x000, 0x000, 0x000,
			0x000, 0x000, 0x000, 0x000, 0x000, 0x000, 0x000, 0x000, 0x000, 0x000, 0x000, 0x000, 0x000, 0x000, 0x000, 0x000,
			0x000, 0x000, 0x000, 0x000, 0x000, 0x000, 0x000, 0x000, 0x000, 0x000, 0x000, 0x000, 0x000, 0x000, 0x000, 0x000,
			0x000, 0x000, 0x000, 0x000, 0x000, 0x000, 0x000, 0x000, 0x000, 0x000, 0x000, 0x000, 0x000, 0x000, 0x000, 0x000,
			0x000, 0x000, 0x000, 0x000, 0x000, 0x000, 0x000, 0x000, 0x000, 0x000, 0x000, 0x000, 0x000, 0x000, 0x000, 0x000,
			0x000, 0x000, 0x000, 0x000, 0x000, 0x000, 0x000, 0x000, 0x000, 0x000, 0x000, 0x000, 0x000, 0x000, 0x000, 0x000,
			0x000, 0x000, 0x000, 0x000, 0x000, 0x000, 0x000, 0x000, 0x000, 0x000, 0x000, 0x000, 0x000, 0x000, 0x000, 0x000,
		},
		"fr_FR@euro": {
			0x008, 0x008, 0x008, 0x008, 0x008, 0x008, 0x008, 0x008, 0x008, 0x20c, 0x208, 0x208, 0x208, 0x208, 0x008, 0x008,
			0x008, 0x008, 0x008, 0x008, 0x008, 0x008, 0x008, 0x008, 0x008, 0x008, 0x008, 0x008, 0x008, 0x008, 0x008, 0x008,
			0x284, 0x1a0, 0x1a0, 0x1a0, 0x1a0, 0x1a0, 0x1a0, 0x1a0, 0x1a0, 0x1a0, 0x1a0, 0x1a0, 0x1a0, 0x1a0, 0x1a0, 0x1a0,
			0x8b1, 0x8b1, 0x8b1, 0x8b1, 0x8b1, 0x8b1, 0x8b1, 0x8b1, 0x8b1, 0x8b1, 0x1a0, 0x1a0, 0x1a0, 0x1a0, 0x1a0, 0x1a0,
			0x1a0, 0xca3, 0xca3, 0xca3, 0xca3, 0xca3, 0xca3, 0x4a3, 0x4a3, 0x4a3, 0x4a3, 0x4a3, 0x4a3, 0x4a3, 0x4a3, 0x4a3,
			0x4a3, 0x4a3, 0x4a3, 0x4a3, 0x4a3, 0x4a3, 0x4a3, 0x4a3, 0x4a3, 0x4a3, 0x4a3, 0x1a0, 0x1a0, 0x1a0, 0x1a0, 0x1a0,
			0x1a0, 0x8e3, 0x8e3, 0x8e3, 0x8e3, 0x8e3, 0x8e3, 0x0e3, 0x0e3, 0x0e3, 0x0e3, 0x0e3, 0x0e3, 0x0e3, 0x0e3, 0x0e3,
			0x0e3, 0x0e3, 0x0e3, 0x0e3, 0x0e3, 0x0e3, 0x0e3, 0x0e3, 0x0e3, 0x0e3, 0x0e3, 0x1a0, 0x1a0, 0x1a0, 0x1a0, 0x008,
			0x008, 0x008, 0x008, 0x008, 0x008, 0x008, 0x008, 0x008, 0x008, 0x008, 0x008, 0x008, 0x008, 0x008, 0x008, 0x008,
			0x008, 0x008, 0x008, 0x008, 0x008, 0x008, 0x008, 0x008, 0x008, 0x008, 0x008, 0x008, 0x008, 0x008, 0x008, 0x008,
			0x1a0, 0x1a0, 0x1a0, 0x1a0, 0x1a0, 0x1a0, 0x4a3, 0x1a0, 0x0e3, 0x1a0, 0x0e3, 0x1a0, 0x1a0, 0x1a0, 0x1a0, 0x1a0,
			0x1a0, 0x1a0, 0x1a0, 0x1a0, 0x4a3, 0x0e3, 0x1a0, 0x1a0, 0x0e3, 0x1a0, 0x0e3, 0x1a0, 0x4a3, 0x0e3, 0x4a3, 0x1a0,
			0x4a3, 0x4a3, 0x4a3, 0x4a3, 0x4a3, 0x4a3, 0x4a3, 0x4a3, 0x4a3, 0x4a3, 0x4a3, 0x4a3, 0x4a3, 0x4a3, 0x4a3, 0x4a3,
			0x4a3, 0x4a3, 0x4a3, 0x4a3, 0x4a3, 0x4a3, 0x4a3, 0x1a0, 0x4a3, 0x4a3, 0x4a3, 0x4a3, 0x4a3, 0x4a3, 0x4a3, 0x0e3,
			0x0e3, 0x0e3, 0x0e3, 0x0e3, 0x0e3, 0x0e3, 0x0e3, 0x0e3, 0x0e3, 0x0e3, 0x0e3, 0x0e3, 0x0e3, 0x0e3, 0x0e3, 0x0e3,
			0x0e3, 0x0e3, 0x0e3, 0x0e3, 0x0e3, 0x0e3, 0x0e3, 0x1a0, 0x0e3, 0x0e3, 0x0e3, 0x0e3, 0x0e3, 0x0e3, 0x0e3, 0x0e3,
		},
		"fr_LU": {
			0x008, 0x008, 0x008, 0x008, 0x008, 0x008, 0x008, 0x008, 0x008, 0x20c, 0x208, 0x208, 0x208, 0x208, 0x008, 0x008,
			0x008, 0x008, 0x008, 0x008, 0x008, 0x008, 0x008, 0x008, 0x008, 0x008, 0x008, 0x008, 0x008, 0x008, 0x008, 0x008,
			0x284, 0x1a0, 0x1a0, 0x1a0, 0x1a0, 0x1a0, 0x1a0, 0x1a0, 0x1a0, 0x1a0, 0x1a0, 0x1a0, 0x1a0, 0x1a0, 0x1a0, 0x1a0,
			0x8b1, 0x8b1, 0x8b1, 0x8b1, 0x8b1, 0x8b1, 0x8b1, 0x8b1, 0x8b1, 0x8b1, 0x1a0, 0x1a0, 0x1a0, 0x1a0, 0x1a0, 0x1a0,
			0x1a0, 0xca3, 0xca3, 0xca3, 0xca3, 0xca3, 0xca3, 0x4a3, 0x4a3, 0x4a3, 0x4a3, 0x4a3, 0x4a3, 0x4a3, 0x4a3, 0x4a3,
			0x4a3, 0x4a3, 0x4a3, 0x4a3, 0x4a3, 0x4a3, 0x4a3, 0x4a3, 0x4a3, 0x4a3, 0x4a3, 0x1a0, 0x1a0, 0x1a0, 0x1a0, 0x1a0,
			0x1a0, 0x8e3, 0x8e3, 0x8e3, 0x8e3, 0x8e3, 0x8e3, 0x0e3, 0x0e3, 0x0e3, 0x0e3, 0x0e3, 0x0e3, 0x0e3, 0x0e3, 0x0e3,
			0x0e3, 0x0e3, 0x0e3, 0x0e3, 0x0e3, 0x0e3, 0x0e3, 0x0e3, 0x0e3, 0x0e3, 0x0e3, 0x1a0, 0x1a0, 0x1a0, 0x1a0, 0x008,
			0x008, 0x008, 0x008, 0x008, 0x008, 0x008, 0x008, 0x008, 0x008, 0x008, 0x008, 0x008, 0x008, 0x008, 0x008, 0x008,
			0x008, 0x008, 0x008, 0x008, 0x008, 0x008, 0x008, 0x008, 0x008, 0x008, 0x008, 0x008, 0x008, 0x008, 0x008, 0x008,
			0x1a0, 0x1a0, 0x1a0, 0x1a0, 0x1a0, 0x1a0, 0x1a0, 0x1a0, 0x1a0, 0x1a0, 0x0e3, 0x1a0, 0x1a0, 0x1a0, 0x1a0, 0x1a0,
			0x1a0, 0x1a0, 0x1a0, 0x1a0, 0x1a0, 0x0e3, 0x1a0, 0x1a0, 0x1a0, 0x1a0, 0x0e3, 0x1a0, 0x1a0, 0x1a0, 0x1a0, 0x1a0,
			0x4a3, 0x4a3, 0x4a3, 0x4a3, 0x4a3, 0x4a3, 0x4a3, 0x4a3, 0x4a3, 0x4a3, 0x4a3, 0x4a3, 0x4a3, 0x4a3, 0x4a3, 0x4a3,
			0x4a3, 0x4a3, 0x4a3, 0x4a3, 0x4a3, 0x4a3, 0x4a3, 0x1a0, 0x4a3, 0x4a3, 0x4a3, 0x4a3, 0x4a3, 0x4a3, 0x4a3, 0x0e3,
			0x0e3, 0x0e3, 0x0e3, 0x0e3, 0x0e3, 0x0e3, 0x0e3, 0x0e3, 0x0e3, 0x0e3, 0x0e3, 0x0e3, 0x0e3, 0x0e3, 0x0e3, 0x0e3,
			0x0e3, 0x0e3, 0x0e3, 0x0e3, 0x0e3, 0x0e3, 0x0e3, 0x1a0, 0x0e3, 0x0e3, 0x0e3, 0x0e3, 0x0e3, 0x0e3, 0x0e3, 0x0e3,
		},
		"fr_LU.utf8": {
			0x008, 0x008, 0x008, 0x008, 0x008, 0x008, 0x008, 0x008, 0x008, 0x20c, 0x208, 0x208, 0x208, 0x208, 0x008, 0x008,
			0x008, 0x008, 0x008, 0x008, 0x008, 0x008, 0x008, 0x008, 0x008, 0x008, 0x008, 0x008, 0x008, 0x008, 0x008, 0x008,
			0x284, 0x1a0, 0x1a0, 0x1a0, 0x1a0, 0x1a0, 0x1a0, 0x1a0, 0x1a0, 0x1a0, 0x1a0, 0x1a0, 0x1a0, 0x1a0, 0x1a0, 0x1a0,
			0x8b1, 0x8b1, 0x8b1, 0x8b1, 0x8b1, 0x8b1, 0x8b1, 0x8b1, 0x8b1, 0x8b1, 0x1a0, 0x1a0, 0x1a0, 0x1a0, 0x1a0, 0x1a0,
			0x1a0, 0xca3, 0xca3, 0xca3, 0xca3, 0xca3, 0xca3, 0x4a3, 0x4a3, 0x4a3, 0x4a3, 0x4a3, 0x4a3, 0x4a3, 0x4a3, 0x4a3,
			0x4a3, 0x4a3, 0x4a3, 0x4a3, 0x4a3, 0x4a3, 0x4a3, 0x4a3, 0x4a3, 0x4a3, 0x4a3, 0x1a0, 0x1a0, 0x1a0, 0x1a0, 0x1a0,
			0x1a0, 0x8e3, 0x8e3, 0x8e3, 0x8e3, 0x8e3, 0x8e3, 0x0e3, 0x0e3, 0x0e3, 0x0e3, 0x0e3, 0x0e3, 0x0e3, 0x0e3, 0x0e3,
			0x0e3, 0x0e3, 0x0e3, 0x0e3, 0x0e3, 0x0e3, 0x0e3, 0x0e3, 0x0e3, 0x0e3, 0x0e3, 0x1a0, 0x1a0, 0x1a0, 0x1a0, 0x008,
			0x000, 0x000, 0x000, 0x000, 0x000, 0x000, 0x000, 0x000, 0x000, 0x000, 0x000, 0x000, 0x000, 0x000, 0x000, 0x000,
			0x000, 0x000, 0x000, 0x000, 0x000, 0x000, 0x000, 0x000, 0x000, 0x000, 0x000, 0x000, 0x000, 0x000, 0x000, 0x000,
			0x000, 0x000, 0x000, 0x000, 0x000, 0x000, 0x000, 0x000, 0x000, 0x000, 0x000, 0x000, 0x000, 0x000, 0x000, 0x000,
			0x000, 0x000, 0x000, 0x000, 0x000, 0x000, 0x000, 0x000, 0x000, 0x000, 0x000, 0x000, 0x000, 0x000, 0x000, 0x000,
			0x000, 0x000, 0x000, 0x000, 0x000, 0x000, 0x000, 0x000, 0x000, 0x000, 0x000, 0x000, 0x000, 0x000, 0x000, 0x000,
			0x000, 0x000, 0x000, 0x000, 0x000, 0x000, 0x000, 0x000, 0x000, 0x000, 0x000, 0x000, 0x000, 0x000, 0x000, 0x000,
			0x000, 0x000, 0x000, 0x000, 0x000, 0x000, 0x000, 0x000, 0x000, 0x000, 0x000, 0x000, 0x000, 0x000, 0x000, 0x000,
			0x000, 0x000, 0x000, 0x000, 0x000, 0x000, 0x000, 0x000, 0x000, 0x000, 0x000, 0x000, 0x000, 0x000, 0x000, 0x000,
		},
		"fr_LU@euro": {
			0x008, 0x008, 0x008, 0x008, 0x008, 0x008, 0x008, 0x008, 0x008, 0x20c, 0x208, 0x208, 0x208, 0x208, 0x008, 0x008,
			0x008, 0x008, 0x008, 0x008, 0x008, 0x008, 0x008, 0x008, 0x008, 0x008, 0x008, 0x008, 0x008, 0x008, 0x008, 0x008,
			0x284, 0x1a0, 0x1a0, 0x1a0, 0x1a0, 0x1a0, 0x1a0, 0x1a0, 0x1a0, 0x1a0, 0x1a0, 0x1a0, 0x1a0, 0x1a0, 0x1a0, 0x1a0,
			0x8b1, 0x8b1, 0x8b1, 0x8b1, 0x8b1, 0x8b1, 0x8b1, 0x8b1, 0x8b1, 0x8b1, 0x1a0, 0x1a0, 0x1a0, 0x1a0, 0x1a0, 0x1a0,
			0x1a0, 0xca3, 0xca3, 0xca3, 0xca3, 0xca3, 0xca3, 0x4a3, 0x4a3, 0x4a3, 0x4a3, 0x4a3, 0x4a3, 0x4a3, 0x4a3, 0x4a3,
			0x4a3, 0x4a3, 0x4a3, 0x4a3, 0x4a3, 0x4a3, 0x4a3, 0x4a3, 0x4a3, 0x4a3, 0x4a3, 0x1a0, 0x1a0, 0x1a0, 0x1a0, 0x1a0,
			0x1a0, 0x8e3, 0x8e3, 0x8e3, 0x8e3, 0x8e3, 0x8e3, 0x0e3, 0x0e3, 0x0e3, 0x0e3, 0x0e3, 0x0e3, 0x0e3, 0x0e3, 0x0e3,
			0x0e3, 0x0e3, 0x0e3, 0x0e3, 0x0e3, 0x0e3, 0x0e3, 0x0e3, 0x0e3, 0x0e3, 0x0e3, 0x1a0, 0x1a0, 0x1a0, 0x1a0, 0x008,
			0x008, 0x008, 0x008, 0x008, 0x008, 0x008, 0x008, 0x008, 0x008, 0x008, 0x008, 0x008, 0x008, 0x008, 0x008, 0x008,
			0x008, 0x008, 0x008, 0x008, 0x008, 0x008, 0x008, 0x008, 0x008, 0x008, 0x008, 0x008, 0x008, 0x008, 0x008, 0x008,
			0x1a0, 0x1a0, 0x1a0, 0x1a0, 0x1a0, 0x1a0, 0x4a3, 0x1a0, 0x0e3, 0x1a0, 0x0e3, 0x1a0, 0x1a0, 0x1a0, 0x1a0, 0x1a0,
			0x1a0, 0x1a0, 0x1a0, 0x1a0, 0x4a3, 0x0e3, 0x1a0, 0x1a0, 0x0e3, 0x1a0, 0x0e3, 0x1a0, 0x4a3, 0x0e3, 0x4a3, 0x1a0,
			0x4a3, 0x4a3, 0x4a3, 0x4a3, 0x4a3, 0x4a3, 0x4a3, 0x4a3, 0x4a3, 0x4a3, 0x4a3, 0x4a3, 0x4a3, 0x4a3, 0x4a3, 0x4a3,
			0x4a3, 0x4a3, 0x4a3, 0x4a3, 0x4a3, 0x4a3, 0x4a3, 0x1a0, 0x4a3, 0x4a3, 0x4a3, 0x4a3, 0x4a3, 0x4a3, 0x4a3, 0x0e3,
			0x0e3, 0x0e3, 0x0e3, 0x0e3, 0x0e3, 0x0e3, 0x0e3, 0x0e3, 0x0e3, 0x0e3, 0x0e3, 0x0e3, 0x0e3, 0x0e3, 0x0e3, 0x0e3,
			0x0e3, 0x0e3, 0x0e3, 0x0e3, 0x0e3, 0x0e3, 0x0e3, 0x1a0, 0x0e3, 0x0e3, 0x0e3, 0x0e3, 0x0e3, 0x0e3, 0x0e3, 0x0e3,
		},
		"fur_IT": {
			0x008, 0x008, 0x008, 0x008, 0x008, 0x008, 0x008, 0x008, 0x008, 0x20c, 0x208, 0x208, 0x208, 0x208, 0x008, 0x008,
			0x008, 0x008, 0x008, 0x008, 0x008, 0x008, 0x008, 0x008, 0x008, 0x008, 0x008, 0x008, 0x008, 0x008, 0x008, 0x008,
			0x284, 0x1a0, 0x1a0, 0x1a0, 0x1a0, 0x1a0, 0x1a0, 0x1a0, 0x1a0, 0x1a0, 0x1a0, 0x1a0, 0x1a0, 0x1a0, 0x1a0, 0x1a0,
			0x8b1, 0x8b1, 0x8b1, 0x8b1, 0x8b1, 0x8b1, 0x8b1, 0x8b1, 0x8b1, 0x8b1, 0x1a0, 0x1a0, 0x1a0, 0x1a0, 0x1a0, 0x1a0,
			0x1a0, 0xca3, 0xca3, 0xca3, 0xca3, 0xca3, 0xca3, 0x4a3, 0x4a3, 0x4a3, 0x4a3, 0x4a3, 0x4a3, 0x4a3, 0x4a3, 0x4a3,
			0x4a3, 0x4a3, 0x4a3, 0x4a3, 0x4a3, 0x4a3, 0x4a3, 0x4a3, 0x4a3, 0x4a3, 0x4a3, 0x1a0, 0x1a0, 0x1a0, 0x1a0, 0x1a0,
			0x1a0, 0x8e3, 0x8e3, 0x8e3, 0x8e3, 0x8e3, 0x8e3, 0x0e3, 0x0e3, 0x0e3, 0x0e3, 0x0e3, 0x0e3, 0x0e3, 0x0e3, 0x0e3,
			0x0e3, 0x0e3, 0x0e3, 0x0e3, 0x0e3, 0x0e3, 0x0e3, 0x0e3, 0x0e3, 0x0e3, 0x0e3, 0x1a0, 0x1a0, 0x1a0, 0x1a0, 0x008,
			0x000, 0x000, 0x000, 0x000, 0x000, 0x000, 0x000, 0x000, 0x000, 0x000, 0x000, 0x000, 0x000, 0x000, 0x000, 0x000,
			0x000, 0x000, 0x000, 0x000, 0x000, 0x000, 0x000, 0x000, 0x000, 0x000, 0x000, 0x000, 0x000, 0x000, 0x000, 0x000,
			0x000, 0x000, 0x000, 0x000, 0x000, 0x000, 0x000, 0x000, 0x000, 0x000, 0x000, 0x000, 0x000, 0x000, 0x000, 0x000,
			0x000, 0x000, 0x000, 0x000, 0x000, 0x000, 0x000, 0x000, 0x000, 0x000, 0x000, 0x000, 0x000, 0x000, 0x000, 0x000,
			0x000, 0x000, 0x000, 0x000, 0x000, 0x000, 0x000, 0x000, 0x000, 0x000, 0x000, 0x000, 0x000, 0x000, 0x000, 0x000,
			0x000, 0x000, 0x000, 0x000, 0x000, 0x000, 0x000, 0x000, 0x000, 0x000, 0x000, 0x000, 0x000, 0x000, 0x000, 0x000,
			0x000, 0x000, 0x000, 0x000, 0x000, 0x000, 0x000, 0x000, 0x000, 0x000, 0x000, 0x000, 0x000, 0x000, 0x000, 0x000,
			0x000, 0x000, 0x000, 0x000, 0x000, 0x000, 0x000, 0x000, 0x000, 0x000, 0x000, 0x000, 0x000, 0x000, 0x000, 0x000,
		},
		"fy_DE": {
			0x008, 0x008, 0x008, 0x008, 0x008, 0x008, 0x008, 0x008, 0x008, 0x20c, 0x208, 0x208, 0x208, 0x208, 0x008, 0x008,
			0x008, 0x008, 0x008, 0x008, 0x008, 0x008, 0x008, 0x008, 0x008, 0x008, 0x008, 0x008, 0x008, 0x008, 0x008, 0x008,
			0x284, 0x1a0, 0x1a0, 0x1a0, 0x1a0, 0x1a0, 0x1a0, 0x1a0, 0x1a0, 0x1a0, 0x1a0, 0x1a0, 0x1a0, 0x1a0, 0x1a0, 0x1a0,
			0x8b1, 0x8b1, 0x8b1, 0x8b1, 0x8b1, 0x8b1, 0x8b1, 0x8b1, 0x8b1, 0x8b1, 0x1a0, 0x1a0, 0x1a0, 0x1a0, 0x1a0, 0x1a0,
			0x1a0, 0xca3, 0xca3, 0xca3, 0xca3, 0xca3, 0xca3, 0x4a3, 0x4a3, 0x4a3, 0x4a3, 0x4a3, 0x4a3, 0x4a3, 0x4a3, 0x4a3,
			0x4a3, 0x4a3, 0x4a3, 0x4a3, 0x4a3, 0x4a3, 0x4a3, 0x4a3, 0x4a3, 0x4a3, 0x4a3, 0x1a0, 0x1a0, 0x1a0, 0x1a0, 0x1a0,
			0x1a0, 0x8e3, 0x8e3, 0x8e3, 0x8e3, 0x8e3, 0x8e3, 0x0e3, 0x0e3, 0x0e3, 0x0e3, 0x0e3, 0x0e3, 0x0e3, 0x0e3, 0x0e3,
			0x0e3, 0x0e3, 0x0e3, 0x0e3, 0x0e3, 0x0e3, 0x0e3, 0x0e3, 0x0e3, 0x0e3, 0x0e3, 0x1a0, 0x1a0, 0x1a0, 0x1a0, 0x008,
			0x000, 0x000, 0x000, 0x000, 0x000, 0x000, 0x000, 0x000, 0x000, 0x000, 0x000, 0x000, 0x000, 0x000, 0x000, 0x000,
			0x000, 0x000, 0x000, 0x000, 0x000, 0x000, 0x000, 0x000, 0x000, 0x000, 0x000, 0x000, 0x000, 0x000, 0x000, 0x000,
			0x000, 0x000, 0x000, 0x000, 0x000, 0x000, 0x000, 0x000, 0x000, 0x000, 0x000, 0x000, 0x000, 0x000, 0x000, 0x000,
			0x000, 0x000, 0x000, 0x000, 0x000, 0x000, 0x000, 0x000, 0x000, 0x000, 0x000, 0x000, 0x000, 0x000, 0x000, 0x000,
			0x000, 0x000, 0x000, 0x000, 0x000, 0x000, 0x000, 0x000, 0x000, 0x000, 0x000, 0x000, 0x000, 0x000, 0x000, 0x000,
			0x000, 0x000, 0x000, 0x000, 0x000, 0x000, 0x000, 0x000, 0x000, 0x000, 0x000, 0x000, 0x000, 0x000, 0x000, 0x000,
			0x000, 0x000, 0x000, 0x000, 0x000, 0x000, 0x000, 0x000, 0x000, 0x000, 0x000, 0x000, 0x000, 0x000, 0x000, 0x000,
			0x000, 0x000, 0x000, 0x000, 0x000, 0x000, 0x000, 0x000, 0x000, 0x000, 0x000, 0x000, 0x000, 0x000, 0x000, 0x000,
		},
		"fy_NL": {
			0x008, 0x008, 0x008, 0x008, 0x008, 0x008, 0x008, 0x008, 0x008, 0x20c, 0x208, 0x208, 0x208, 0x208, 0x008, 0x008,
			0x008, 0x008, 0x008, 0x008, 0x008, 0x008, 0x008, 0x008, 0x008, 0x008, 0x008, 0x008, 0x008, 0x008, 0x008, 0x008,
			0x284, 0x1a0, 0x1a0, 0x1a0, 0x1a0, 0x1a0, 0x1a0, 0x1a0, 0x1a0, 0x1a0, 0x1a0, 0x1a0, 0x1a0, 0x1a0, 0x1a0, 0x1a0,
			0x8b1, 0x8b1, 0x8b1, 0x8b1, 0x8b1, 0x8b1, 0x8b1, 0x8b1, 0x8b1, 0x8b1, 0x1a0, 0x1a0, 0x1a0, 0x1a0, 0x1a0, 0x1a0,
			0x1a0, 0xca3, 0xca3, 0xca3, 0xca3, 0xca3, 0xca3, 0x4a3, 0x4a3, 0x4a3, 0x4a3, 0x4a3, 0x4a3, 0x4a3, 0x4a3, 0x4a3,
			0x4a3, 0x4a3, 0x4a3, 0x4a3, 0x4a3, 0x4a3, 0x4a3, 0x4a3, 0x4a3, 0x4a3, 0x4a3, 0x1a0, 0x1a0, 0x1a0, 0x1a0, 0x1a0,
			0x1a0, 0x8e3, 0x8e3, 0x8e3, 0x8e3, 0x8e3, 0x8e3, 0x0e3, 0x0e3, 0x0e3, 0x0e3, 0x0e3, 0x0e3, 0x0e3, 0x0e3, 0x0e3,
			0x0e3, 0x0e3, 0x0e3, 0x0e3, 0x0e3, 0x0e3, 0x0e3, 0x0e3, 0x0e3, 0x0e3, 0x0e3, 0x1a0, 0x1a0, 0x1a0, 0x1a0, 0x008,
			0x000, 0x000, 0x000, 0x000, 0x000, 0x000, 0x000, 0x000, 0x000, 0x000, 0x000, 0x000, 0x000, 0x000, 0x000, 0x000,
			0x000, 0x000, 0x000, 0x000, 0x000, 0x000, 0x000, 0x000, 0x000, 0x000, 0x000, 0x000, 0x000, 0x000, 0x000, 0x000,
			0x000, 0x000, 0x000, 0x000, 0x000, 0x000, 0x000, 0x000, 0x000, 0x000, 0x000, 0x000, 0x000, 0x000, 0x000, 0x000,
			0x000, 0x000, 0x000, 0x000, 0x000, 0x000, 0x000, 0x000, 0x000, 0x000, 0x000, 0x000, 0x000, 0x000, 0x000, 0x000,
			0x000, 0x000, 0x000, 0x000, 0x000, 0x000, 0x000, 0x000, 0x000, 0x000, 0x000, 0x000, 0x000, 0x000, 0x000, 0x000,
			0x000, 0x000, 0x000, 0x000, 0x000, 0x000, 0x000, 0x000, 0x000, 0x000, 0x000, 0x000, 0x000, 0x000, 0x000, 0x000,
			0x000, 0x000, 0x000, 0x000, 0x000, 0x000, 0x000, 0x000, 0x000, 0x000, 0x000, 0x000, 0x000, 0x000, 0x000, 0x000,
			0x000, 0x000, 0x000, 0x000, 0x000, 0x000, 0x000, 0x000, 0x000, 0x000, 0x000, 0x000, 0x000, 0x000, 0x000, 0x000,
		},
		"ga_IE": {
			0x008, 0x008, 0x008, 0x008, 0x008, 0x008, 0x008, 0x008, 0x008, 0x20c, 0x208, 0x208, 0x208, 0x208, 0x008, 0x008,
			0x008, 0x008, 0x008, 0x008, 0x008, 0x008, 0x008, 0x008, 0x008, 0x008, 0x008, 0x008, 0x008, 0x008, 0x008, 0x008,
			0x284, 0x1a0, 0x1a0, 0x1a0, 0x1a0, 0x1a0, 0x1a0, 0x1a0, 0x1a0, 0x1a0, 0x1a0, 0x1a0, 0x1a0, 0x1a0, 0x1a0, 0x1a0,
			0x8b1, 0x8b1, 0x8b1, 0x8b1, 0x8b1, 0x8b1, 0x8b1, 0x8b1, 0x8b1, 0x8b1, 0x1a0, 0x1a0, 0x1a0, 0x1a0, 0x1a0, 0x1a0,
			0x1a0, 0xca3, 0xca3, 0xca3, 0xca3, 0xca3, 0xca3, 0x4a3, 0x4a3, 0x4a3, 0x4a3, 0x4a3, 0x4a3, 0x4a3, 0x4a3, 0x4a3,
			0x4a3, 0x4a3, 0x4a3, 0x4a3, 0x4a3, 0x4a3, 0x4a3, 0x4a3, 0x4a3, 0x4a3, 0x4a3, 0x1a0, 0x1a0, 0x1a0, 0x1a0, 0x1a0,
			0x1a0, 0x8e3, 0x8e3, 0x8e3, 0x8e3, 0x8e3, 0x8e3, 0x0e3, 0x0e3, 0x0e3, 0x0e3, 0x0e3, 0x0e3, 0x0e3, 0x0e3, 0x0e3,
			0x0e3, 0x0e3, 0x0e3, 0x0e3, 0x0e3, 0x0e3, 0x0e3, 0x0e3, 0x0e3, 0x0e3, 0x0e3, 0x1a0, 0x1a0, 0x1a0, 0x1a0, 0x008,
			0x008, 0x008, 0x008, 0x008, 0x008, 0x008, 0x008, 0x008, 0x008, 0x008, 0x008, 0x008, 0x008, 0x008, 0x008, 0x008,
			0x008, 0x008, 0x008, 0x008, 0x008, 0x008, 0x008, 0x008, 0x008, 0x008, 0x008, 0x008, 0x008, 0x008, 0x008, 0x008,
			0x1a0, 0x1a0, 0x1a0, 0x1a0, 0x1a0, 0x1a0, 0x1a0, 0x1a0, 0x1a0, 0x1a0, 0x0e3, 0x1a0, 0x1a0, 0x1a0, 0x1a0, 0x1a0,
			0x1a0, 0x1a0, 0x1a0, 0x1a0, 0x1a0, 0x0e3, 0x1a0, 0x1a0, 0x1a0, 0x1a0, 0x0e3, 0x1a0, 0x1a0, 0x1a0, 0x1a0, 0x1a0,
			0x4a3, 0x4a3, 0x4a3, 0x4a3, 0x4a3, 0x4a3, 0x4a3, 0x4a3, 0x4a3, 0x4a3, 0x4a3, 0x4a3, 0x4a3, 0x4a3, 0x4a3, 0x4a3,
			0x4a3, 0x4a3, 0x4a3, 0x4a3, 0x4a3, 0x4a3, 0x4a3, 0x1a0, 0x4a3, 0x4a3, 0x4a3, 0x4a3, 0x4a3, 0x4a3, 0x4a3, 0x0e3,
			0x0e3, 0x0e3, 0x0e3, 0x0e3, 0x0e3, 0x0e3, 0x0e3, 0x0e3, 0x0e3, 0x0e3, 0x0e3, 0x0e3, 0x0e3, 0x0e3, 0x0e3, 0x0e3,
			0x0e3, 0x0e3, 0x0e3, 0x0e3, 0x0e3, 0x0e3, 0x0e3, 0x1a0, 0x0e3, 0x0e3, 0x0e3, 0x0e3, 0x0e3, 0x0e3, 0x0e3, 0x0e3,
		},
		"ga_IE.utf8": {
			0x008, 0x008, 0x008, 0x008, 0x008, 0x008, 0x008, 0x008, 0x008, 0x20c, 0x208, 0x208, 0x208, 0x208, 0x008, 0x008,
			0x008, 0x008, 0x008, 0x008, 0x008, 0x008, 0x008, 0x008, 0x008, 0x008, 0x008, 0x008, 0x008, 0x008, 0x008, 0x008,
			0x284, 0x1a0, 0x1a0, 0x1a0, 0x1a0, 0x1a0, 0x1a0, 0x1a0, 0x1a0, 0x1a0, 0x1a0, 0x1a0, 0x1a0, 0x1a0, 0x1a0, 0x1a0,
			0x8b1, 0x8b1, 0x8b1, 0x8b1, 0x8b1, 0x8b1, 0x8b1, 0x8b1, 0x8b1, 0x8b1, 0x1a0, 0x1a0, 0x1a0, 0x1a0, 0x1a0, 0x1a0,
			0x1a0, 0xca3, 0xca3, 0xca3, 0xca3, 0xca3, 0xca3, 0x4a3, 0x4a3, 0x4a3, 0x4a3, 0x4a3, 0x4a3, 0x4a3, 0x4a3, 0x4a3,
			0x4a3, 0x4a3, 0x4a3, 0x4a3, 0x4a3, 0x4a3, 0x4a3, 0x4a3, 0x4a3, 0x4a3, 0x4a3, 0x1a0, 0x1a0, 0x1a0, 0x1a0, 0x1a0,
			0x1a0, 0x8e3, 0x8e3, 0x8e3, 0x8e3, 0x8e3, 0x8e3, 0x0e3, 0x0e3, 0x0e3, 0x0e3, 0x0e3, 0x0e3, 0x0e3, 0x0e3, 0x0e3,
			0x0e3, 0x0e3, 0x0e3, 0x0e3, 0x0e3, 0x0e3, 0x0e3, 0x0e3, 0x0e3, 0x0e3, 0x0e3, 0x1a0, 0x1a0, 0x1a0, 0x1a0, 0x008,
			0x000, 0x000, 0x000, 0x000, 0x000, 0x000, 0x000, 0x000, 0x000, 0x000, 0x000, 0x000, 0x000, 0x000, 0x000, 0x000,
			0x000, 0x000, 0x000, 0x000, 0x000, 0x000, 0x000, 0x000, 0x000, 0x000, 0x000, 0x000, 0x000, 0x000, 0x000, 0x000,
			0x000, 0x000, 0x000, 0x000, 0x000, 0x000, 0x000, 0x000, 0x000, 0x000, 0x000, 0x000, 0x000, 0x000, 0x000, 0x000,
			0x000, 0x000, 0x000, 0x000, 0x000, 0x000, 0x000, 0x000, 0x000, 0x000, 0x000, 0x000, 0x000, 0x000, 0x000, 0x000,
			0x000, 0x000, 0x000, 0x000, 0x000, 0x000, 0x000, 0x000, 0x000, 0x000, 0x000, 0x000, 0x000, 0x000, 0x000, 0x000,
			0x000, 0x000, 0x000, 0x000, 0x000, 0x000, 0x000, 0x000, 0x000, 0x000, 0x000, 0x000, 0x000, 0x000, 0x000, 0x000,
			0x000, 0x000, 0x000, 0x000, 0x000, 0x000, 0x000, 0x000, 0x000, 0x000, 0x000, 0x000, 0x000, 0x000, 0x000, 0x000,
			0x000, 0x000, 0x000, 0x000, 0x000, 0x000, 0x000, 0x000, 0x000, 0x000, 0x000, 0x000, 0x000, 0x000, 0x000, 0x000,
		},
		"ga_IE@euro": {
			0x008, 0x008, 0x008, 0x008, 0x008, 0x008, 0x008, 0x008, 0x008, 0x20c, 0x208, 0x208, 0x208, 0x208, 0x008, 0x008,
			0x008, 0x008, 0x008, 0x008, 0x008, 0x008, 0x008, 0x008, 0x008, 0x008, 0x008, 0x008, 0x008, 0x008, 0x008, 0x008,
			0x284, 0x1a0, 0x1a0, 0x1a0, 0x1a0, 0x1a0, 0x1a0, 0x1a0, 0x1a0, 0x1a0, 0x1a0, 0x1a0, 0x1a0, 0x1a0, 0x1a0, 0x1a0,
			0x8b1, 0x8b1, 0x8b1, 0x8b1, 0x8b1, 0x8b1, 0x8b1, 0x8b1, 0x8b1, 0x8b1, 0x1a0, 0x1a0, 0x1a0, 0x1a0, 0x1a0, 0x1a0,
			0x1a0, 0xca3, 0xca3, 0xca3, 0xca3, 0xca3, 0xca3, 0x4a3, 0x4a3, 0x4a3, 0x4a3, 0x4a3, 0x4a3, 0x4a3, 0x4a3, 0x4a3,
			0x4a3, 0x4a3, 0x4a3, 0x4a3, 0x4a3, 0x4a3, 0x4a3, 0x4a3, 0x4a3, 0x4a3, 0x4a3, 0x1a0, 0x1a0, 0x1a0, 0x1a0, 0x1a0,
			0x1a0, 0x8e3, 0x8e3, 0x8e3, 0x8e3, 0x8e3, 0x8e3, 0x0e3, 0x0e3, 0x0e3, 0x0e3, 0x0e3, 0x0e3, 0x0e3, 0x0e3, 0x0e3,
			0x0e3, 0x0e3, 0x0e3, 0x0e3, 0x0e3, 0x0e3, 0x0e3, 0x0e3, 0x0e3, 0x0e3, 0x0e3, 0x1a0, 0x1a0, 0x1a0, 0x1a0, 0x008,
			0x008, 0x008, 0x008, 0x008, 0x008, 0x008, 0x008, 0x008, 0x008, 0x008, 0x008, 0x008, 0x008, 0x008, 0x008, 0x008,
			0x008, 0x008, 0x008, 0x008, 0x008, 0x008, 0x008, 0x008, 0x008, 0x008, 0x008, 0x008, 0x008, 0x008, 0x008, 0x008,
			0x1a0, 0x1a0, 0x1a0, 0x1a0, 0x1a0, 0x1a0, 0x4a3, 0x1a0, 0x0e3, 0x1a0, 0x0e3, 0x1a0, 0x1a0, 0x1a0, 0x1a0, 0x1a0,
			0x1a0, 0x1a0, 0x1a0, 0x1a0, 0x4a3, 0x0e3, 0x1a0, 0x1a0, 0x0e3, 0x1a0, 0x0e3, 0x1a0, 0x4a3, 0x0e3, 0x4a3, 0x1a0,
			0x4a3, 0x4a3, 0x4a3, 0x4a3, 0x4a3, 0x4a3, 0x4a3, 0x4a3, 0x4a3, 0x4a3, 0x4a3, 0x4a3, 0x4a3, 0x4a3, 0x4a3, 0x4a3,
			0x4a3, 0x4a3, 0x4a3, 0x4a3, 0x4a3, 0x4a3, 0x4a3, 0x1a0, 0x4a3, 0x4a3, 0x4a3, 0x4a3, 0x4a3, 0x4a3, 0x4a3, 0x0e3,
			0x0e3, 0x0e3, 0x0e3, 0x0e3, 0x0e3, 0x0e3, 0x0e3, 0x0e3, 0x0e3, 0x0e3, 0x0e3, 0x0e3, 0x0e3, 0x0e3, 0x0e3, 0x0e3,
			0x0e3, 0x0e3, 0x0e3, 0x0e3, 0x0e3, 0x0e3, 0x0e3, 0x1a0, 0x0e3, 0x0e3, 0x0e3, 0x0e3, 0x0e3, 0x0e3, 0x0e3, 0x0e3,
		},
		"gd_GB": {
			0x008, 0x008, 0x008, 0x008, 0x008, 0x008, 0x008, 0x008, 0x008, 0x20c, 0x208, 0x208, 0x208, 0x208, 0x008, 0x008,
			0x008, 0x008, 0x008, 0x008, 0x008, 0x008, 0x008, 0x008, 0x008, 0x008, 0x008, 0x008, 0x008, 0x008, 0x008, 0x008,
			0x284, 0x1a0, 0x1a0, 0x1a0, 0x1a0, 0x1a0, 0x1a0, 0x1a0, 0x1a0, 0x1a0, 0x1a0, 0x1a0, 0x1a0, 0x1a0, 0x1a0, 0x1a0,
			0x8b1, 0x8b1, 0x8b1, 0x8b1, 0x8b1, 0x8b1, 0x8b1, 0x8b1, 0x8b1, 0x8b1, 0x1a0, 0x1a0, 0x1a0, 0x1a0, 0x1a0, 0x1a0,
			0x1a0, 0xca3, 0xca3, 0xca3, 0xca3, 0xca3, 0xca3, 0x4a3, 0x4a3, 0x4a3, 0x4a3, 0x4a3, 0x4a3, 0x4a3, 0x4a3, 0x4a3,
			0x4a3, 0x4a3, 0x4a3, 0x4a3, 0x4a3, 0x4a3, 0x4a3, 0x4a3, 0x4a3, 0x4a3, 0x4a3, 0x1a0, 0x1a0, 0x1a0, 0x1a0, 0x1a0,
			0x1a0, 0x8e3, 0x8e3, 0x8e3, 0x8e3, 0x8e3, 0x8e3, 0x0e3, 0x0e3, 0x0e3, 0x0e3, 0x0e3, 0x0e3, 0x0e3, 0x0e3, 0x0e3,
			0x0e3, 0x0e3, 0x0e3, 0x0e3, 0x0e3, 0x0e3, 0x0e3, 0x0e3, 0x0e3, 0x0e3, 0x0e3, 0x1a0, 0x1a0, 0x1a0, 0x1a0, 0x008,
			0x008, 0x008, 0x008, 0x008, 0x008, 0x008, 0x008, 0x008, 0x008, 0x008, 0x008, 0x008, 0x008, 0x008, 0x008, 0x008,
			0x008, 0x008, 0x008, 0x008, 0x008, 0x008, 0x008, 0x008, 0x008, 0x008, 0x008, 0x008, 0x008, 0x008, 0x008, 0x008,
			0x1a0, 0x1a0, 0x1a0, 0x1a0, 0x1a0, 0x1a0, 0x4a3, 0x1a0, 0x0e3, 0x1a0, 0x0e3, 0x1a0, 0x1a0, 0x1a0, 0x1a0, 0x1a0,
			0x1a0, 0x1a0, 0x1a0, 0x1a0, 0x4a3, 0x0e3, 0x1a0, 0x1a0, 0x0e3, 0x1a0, 0x0e3, 0x1a0, 0x4a3, 0x0e3, 0x4a3, 0x1a0,
			0x4a3, 0x4a3, 0x4a3, 0x4a3, 0x4a3, 0x4a3, 0x4a3, 0x4a3, 0x4a3, 0x4a3, 0x4a3, 0x4a3, 0x4a3, 0x4a3, 0x4a3, 0x4a3,
			0x4a3, 0x4a3, 0x4a3, 0x4a3, 0x4a3, 0x4a3, 0x4a3, 0x1a0, 0x4a3, 0x4a3, 0x4a3, 0x4a3, 0x4a3, 0x4a3, 0x4a3, 0x0e3,
			0x0e3, 0x0e3, 0x0e3, 0x0e3, 0x0e3, 0x0e3, 0x0e3, 0x0e3, 0x0e3, 0x0e3, 0x0e3, 0x0e3, 0x0e3, 0x0e3, 0x0e3, 0x0e3,
			0x0e3, 0x0e3, 0x0e3, 0x0e3, 0x0e3, 0x0e3, 0x0e3, 0x1a0, 0x0e3, 0x0e3, 0x0e3, 0x0e3, 0x0e3, 0x0e3, 0x0e3, 0x0e3,
		},
		"gd_GB.utf8": {
			0x008, 0x008, 0x008, 0x008, 0x008, 0x008, 0x008, 0x008, 0x008, 0x20c, 0x208, 0x208, 0x208, 0x208, 0x008, 0x008,
			0x008, 0x008, 0x008, 0x008, 0x008, 0x008, 0x008, 0x008, 0x008, 0x008, 0x008, 0x008, 0x008, 0x008, 0x008, 0x008,
			0x284, 0x1a0, 0x1a0, 0x1a0, 0x1a0, 0x1a0, 0x1a0, 0x1a0, 0x1a0, 0x1a0, 0x1a0, 0x1a0, 0x1a0, 0x1a0, 0x1a0, 0x1a0,
			0x8b1, 0x8b1, 0x8b1, 0x8b1, 0x8b1, 0x8b1, 0x8b1, 0x8b1, 0x8b1, 0x8b1, 0x1a0, 0x1a0, 0x1a0, 0x1a0, 0x1a0, 0x1a0,
			0x1a0, 0xca3, 0xca3, 0xca3, 0xca3, 0xca3, 0xca3, 0x4a3, 0x4a3, 0x4a3, 0x4a3, 0x4a3, 0x4a3, 0x4a3, 0x4a3, 0x4a3,
			0x4a3, 0x4a3, 0x4a3, 0x4a3, 0x4a3, 0x4a3, 0x4a3, 0x4a3, 0x4a3, 0x4a3, 0x4a3, 0x1a0, 0x1a0, 0x1a0, 0x1a0, 0x1a0,
			0x1a0, 0x8e3, 0x8e3, 0x8e3, 0x8e3, 0x8e3, 0x8e3, 0x0e3, 0x0e3, 0x0e3, 0x0e3, 0x0e3, 0x0e3, 0x0e3, 0x0e3, 0x0e3,
			0x0e3, 0x0e3, 0x0e3, 0x0e3, 0x0e3, 0x0e3, 0x0e3, 0x0e3, 0x0e3, 0x0e3, 0x0e3, 0x1a0, 0x1a0, 0x1a0, 0x1a0, 0x008,
			0x000, 0x000, 0x000, 0x000, 0x000, 0x000, 0x000, 0x000, 0x000, 0x000, 0x000, 0x000, 0x000, 0x000, 0x000, 0x000,
			0x000, 0x000, 0x000, 0x000, 0x000, 0x000, 0x000, 0x000, 0x000, 0x000, 0x000, 0x000, 0x000, 0x000, 0x000, 0x000,
			0x000, 0x000, 0x000, 0x000, 0x000, 0x000, 0x000, 0x000, 0x000, 0x000, 0x000, 0x000, 0x000, 0x000, 0x000, 0x000,
			0x000, 0x000, 0x000, 0x000, 0x000, 0x000, 0x000, 0x000, 0x000, 0x000, 0x000, 0x000, 0x000, 0x000, 0x000, 0x000,
			0x000, 0x000, 0x000, 0x000, 0x000, 0x000, 0x000, 0x000, 0x000, 0x000, 0x000, 0x000, 0x000, 0x000, 0x000, 0x000,
			0x000, 0x000, 0x000, 0x000, 0x000, 0x000, 0x000, 0x000, 0x000, 0x000, 0x000, 0x000, 0x000, 0x000, 0x000, 0x000,
			0x000, 0x000, 0x000, 0x000, 0x000, 0x000, 0x000, 0x000, 0x000, 0x000, 0x000, 0x000, 0x000, 0x000, 0x000, 0x000,
			0x000, 0x000, 0x000, 0x000, 0x000, 0x000, 0x000, 0x000, 0x000, 0x000, 0x000, 0x000, 0x000, 0x000, 0x000, 0x000,
		},
		"gez_ER": {
			0x008, 0x008, 0x008, 0x008, 0x008, 0x008, 0x008, 0x008, 0x008, 0x20c, 0x208, 0x208, 0x208, 0x208, 0x008, 0x008,
			0x008, 0x008, 0x008, 0x008, 0x008, 0x008, 0x008, 0x008, 0x008, 0x008, 0x008, 0x008, 0x008, 0x008, 0x008, 0x008,
			0x284, 0x1a0, 0x1a0, 0x1a0, 0x1a0, 0x1a0, 0x1a0, 0x1a0, 0x1a0, 0x1a0, 0x1a0, 0x1a0, 0x1a0, 0x1a0, 0x1a0, 0x1a0,
			0x8b1, 0x8b1, 0x8b1, 0x8b1, 0x8b1, 0x8b1, 0x8b1, 0x8b1, 0x8b1, 0x8b1, 0x1a0, 0x1a0, 0x1a0, 0x1a0, 0x1a0, 0x1a0,
			0x1a0, 0xca3, 0xca3, 0xca3, 0xca3, 0xca3, 0xca3, 0x4a3, 0x4a3, 0x4a3, 0x4a3, 0x4a3, 0x4a3, 0x4a3, 0x4a3, 0x4a3,
			0x4a3, 0x4a3, 0x4a3, 0x4a3, 0x4a3, 0x4a3, 0x4a3, 0x4a3, 0x4a3, 0x4a3, 0x4a3, 0x1a0, 0x1a0, 0x1a0, 0x1a0, 0x1a0,
			0x1a0, 0x8e3, 0x8e3, 0x8e3, 0x8e3, 0x8e3, 0x8e3, 0x0e3, 0x0e3, 0x0e3, 0x0e3, 0x0e3, 0x0e3, 0x0e3, 0x0e3, 0x0e3,
			0x0e3, 0x0e3, 0x0e3, 0x0e3, 0x0e3, 0x0e3, 0x0e3, 0x0e3, 0x0e3, 0x0e3, 0x0e3, 0x1a0, 0x1a0, 0x1a0, 0x1a0, 0x008,
			0x000, 0x000, 0x000, 0x000, 0x000, 0x000, 0x000, 0x000, 0x000, 0x000, 0x000, 0x000, 0x000, 0x000, 0x000, 0x000,
			0x000, 0x000, 0x000, 0x000, 0x000, 0x000, 0x000, 0x000, 0x000, 0x000, 0x000, 0x000, 0x000, 0x000, 0x000, 0x000,
			0x000, 0x000, 0x000, 0x000, 0x000, 0x000, 0x000, 0x000, 0x000, 0x000, 0x000, 0x000, 0x000, 0x000, 0x000, 0x000,
			0x000, 0x000, 0x000, 0x000, 0x000, 0x000, 0x000, 0x000, 0x000, 0x000, 0x000, 0x000, 0x000, 0x000, 0x000, 0x000,
			0x000, 0x000, 0x000, 0x000, 0x000, 0x000, 0x000, 0x000, 0x000, 0x000, 0x000, 0x000, 0x000, 0x000, 0x000, 0x000,
			0x000, 0x000, 0x000, 0x000, 0x000, 0x000, 0x000, 0x000, 0x000, 0x000, 0x000, 0x000, 0x000, 0x000, 0x000, 0x000,
			0x000, 0x000, 0x000, 0x000, 0x000, 0x000, 0x000, 0x000, 0x000, 0x000, 0x000, 0x000, 0x000, 0x000, 0x000, 0x000,
			0x000, 0x000, 0x000, 0x000, 0x000, 0x000, 0x000, 0x000, 0x000, 0x000, 0x000, 0x000, 0x000, 0x000, 0x000, 0x000,
		},
		"gez_ER@abegede": {
			0x008, 0x008, 0x008, 0x008, 0x008, 0x008, 0x008, 0x008, 0x008, 0x20c, 0x208, 0x208, 0x208, 0x208, 0x008, 0x008,
			0x008, 0x008, 0x008, 0x008, 0x008, 0x008, 0x008, 0x008, 0x008, 0x008, 0x008, 0x008, 0x008, 0x008, 0x008, 0x008,
			0x284, 0x1a0, 0x1a0, 0x1a0, 0x1a0, 0x1a0, 0x1a0, 0x1a0, 0x1a0, 0x1a0, 0x1a0, 0x1a0, 0x1a0, 0x1a0, 0x1a0, 0x1a0,
			0x8b1, 0x8b1, 0x8b1, 0x8b1, 0x8b1, 0x8b1, 0x8b1, 0x8b1, 0x8b1, 0x8b1, 0x1a0, 0x1a0, 0x1a0, 0x1a0, 0x1a0, 0x1a0,
			0x1a0, 0xca3, 0xca3, 0xca3, 0xca3, 0xca3, 0xca3, 0x4a3, 0x4a3, 0x4a3, 0x4a3, 0x4a3, 0x4a3, 0x4a3, 0x4a3, 0x4a3,
			0x4a3, 0x4a3, 0x4a3, 0x4a3, 0x4a3, 0x4a3, 0x4a3, 0x4a3, 0x4a3, 0x4a3, 0x4a3, 0x1a0, 0x1a0, 0x1a0, 0x1a0, 0x1a0,
			0x1a0, 0x8e3, 0x8e3, 0x8e3, 0x8e3, 0x8e3, 0x8e3, 0x0e3, 0x0e3, 0x0e3, 0x0e3, 0x0e3, 0x0e3, 0x0e3, 0x0e3, 0x0e3,
			0x0e3, 0x0e3, 0x0e3, 0x0e3, 0x0e3, 0x0e3, 0x0e3, 0x0e3, 0x0e3, 0x0e3, 0x0e3, 0x1a0, 0x1a0, 0x1a0, 0x1a0, 0x008,
			0x000, 0x000, 0x000, 0x000, 0x000, 0x000, 0x000, 0x000, 0x000, 0x000, 0x000, 0x000, 0x000, 0x000, 0x000, 0x000,
			0x000, 0x000, 0x000, 0x000, 0x000, 0x000, 0x000, 0x000, 0x000, 0x000, 0x000, 0x000, 0x000, 0x000, 0x000, 0x000,
			0x000, 0x000, 0x000, 0x000, 0x000, 0x000, 0x000, 0x000, 0x000, 0x000, 0x000, 0x000, 0x000, 0x000, 0x000, 0x000,
			0x000, 0x000, 0x000, 0x000, 0x000, 0x000, 0x000, 0x000, 0x000, 0x000, 0x000, 0x000, 0x000, 0x000, 0x000, 0x000,
			0x000, 0x000, 0x000, 0x000, 0x000, 0x000, 0x000, 0x000, 0x000, 0x000, 0x000, 0x000, 0x000, 0x000, 0x000, 0x000,
			0x000, 0x000, 0x000, 0x000, 0x000, 0x000, 0x000, 0x000, 0x000, 0x000, 0x000, 0x000, 0x000, 0x000, 0x000, 0x000,
			0x000, 0x000, 0x000, 0x000, 0x000, 0x000, 0x000, 0x000, 0x000, 0x000, 0x000, 0x000, 0x000, 0x000, 0x000, 0x000,
			0x000, 0x000, 0x000, 0x000, 0x000, 0x000, 0x000, 0x000, 0x000, 0x000, 0x000, 0x000, 0x000, 0x000, 0x000, 0x000,
		},
		"gez_ET": {
			0x008, 0x008, 0x008, 0x008, 0x008, 0x008, 0x008, 0x008, 0x008, 0x20c, 0x208, 0x208, 0x208, 0x208, 0x008, 0x008,
			0x008, 0x008, 0x008, 0x008, 0x008, 0x008, 0x008, 0x008, 0x008, 0x008, 0x008, 0x008, 0x008, 0x008, 0x008, 0x008,
			0x284, 0x1a0, 0x1a0, 0x1a0, 0x1a0, 0x1a0, 0x1a0, 0x1a0, 0x1a0, 0x1a0, 0x1a0, 0x1a0, 0x1a0, 0x1a0, 0x1a0, 0x1a0,
			0x8b1, 0x8b1, 0x8b1, 0x8b1, 0x8b1, 0x8b1, 0x8b1, 0x8b1, 0x8b1, 0x8b1, 0x1a0, 0x1a0, 0x1a0, 0x1a0, 0x1a0, 0x1a0,
			0x1a0, 0xca3, 0xca3, 0xca3, 0xca3, 0xca3, 0xca3, 0x4a3, 0x4a3, 0x4a3, 0x4a3, 0x4a3, 0x4a3, 0x4a3, 0x4a3, 0x4a3,
			0x4a3, 0x4a3, 0x4a3, 0x4a3, 0x4a3, 0x4a3, 0x4a3, 0x4a3, 0x4a3, 0x4a3, 0x4a3, 0x1a0, 0x1a0, 0x1a0, 0x1a0, 0x1a0,
			0x1a0, 0x8e3, 0x8e3, 0x8e3, 0x8e3, 0x8e3, 0x8e3, 0x0e3, 0x0e3, 0x0e3, 0x0e3, 0x0e3, 0x0e3, 0x0e3, 0x0e3, 0x0e3,
			0x0e3, 0x0e3, 0x0e3, 0x0e3, 0x0e3, 0x0e3, 0x0e3, 0x0e3, 0x0e3, 0x0e3, 0x0e3, 0x1a0, 0x1a0, 0x1a0, 0x1a0, 0x008,
			0x000, 0x000, 0x000, 0x000, 0x000, 0x000, 0x000, 0x000, 0x000, 0x000, 0x000, 0x000, 0x000, 0x000, 0x000, 0x000,
			0x000, 0x000, 0x000, 0x000, 0x000, 0x000, 0x000, 0x000, 0x000, 0x000, 0x000, 0x000, 0x000, 0x000, 0x000, 0x000,
			0x000, 0x000, 0x000, 0x000, 0x000, 0x000, 0x000, 0x000, 0x000, 0x000, 0x000, 0x000, 0x000, 0x000, 0x000, 0x000,
			0x000, 0x000, 0x000, 0x000, 0x000, 0x000, 0x000, 0x000, 0x000, 0x000, 0x000, 0x000, 0x000, 0x000, 0x000, 0x000,
			0x000, 0x000, 0x000, 0x000, 0x000, 0x000, 0x000, 0x000, 0x000, 0x000, 0x000, 0x000, 0x000, 0x000, 0x000, 0x000,
			0x000, 0x000, 0x000, 0x000, 0x000, 0x000, 0x000, 0x000, 0x000, 0x000, 0x000, 0x000, 0x000, 0x000, 0x000, 0x000,
			0x000, 0x000, 0x000, 0x000, 0x000, 0x000, 0x000, 0x000, 0x000, 0x000, 0x000, 0x000, 0x000, 0x000, 0x000, 0x000,
			0x000, 0x000, 0x000, 0x000, 0x000, 0x000, 0x000, 0x000, 0x000, 0x000, 0x000, 0x000, 0x000, 0x000, 0x000, 0x000,
		},
		"gez_ET@abegede": {
			0x008, 0x008, 0x008, 0x008, 0x008, 0x008, 0x008, 0x008, 0x008, 0x20c, 0x208, 0x208, 0x208, 0x208, 0x008, 0x008,
			0x008, 0x008, 0x008, 0x008, 0x008, 0x008, 0x008, 0x008, 0x008, 0x008, 0x008, 0x008, 0x008, 0x008, 0x008, 0x008,
			0x284, 0x1a0, 0x1a0, 0x1a0, 0x1a0, 0x1a0, 0x1a0, 0x1a0, 0x1a0, 0x1a0, 0x1a0, 0x1a0, 0x1a0, 0x1a0, 0x1a0, 0x1a0,
			0x8b1, 0x8b1, 0x8b1, 0x8b1, 0x8b1, 0x8b1, 0x8b1, 0x8b1, 0x8b1, 0x8b1, 0x1a0, 0x1a0, 0x1a0, 0x1a0, 0x1a0, 0x1a0,
			0x1a0, 0xca3, 0xca3, 0xca3, 0xca3, 0xca3, 0xca3, 0x4a3, 0x4a3, 0x4a3, 0x4a3, 0x4a3, 0x4a3, 0x4a3, 0x4a3, 0x4a3,
			0x4a3, 0x4a3, 0x4a3, 0x4a3, 0x4a3, 0x4a3, 0x4a3, 0x4a3, 0x4a3, 0x4a3, 0x4a3, 0x1a0, 0x1a0, 0x1a0, 0x1a0, 0x1a0,
			0x1a0, 0x8e3, 0x8e3, 0x8e3, 0x8e3, 0x8e3, 0x8e3, 0x0e3, 0x0e3, 0x0e3, 0x0e3, 0x0e3, 0x0e3, 0x0e3, 0x0e3, 0x0e3,
			0x0e3, 0x0e3, 0x0e3, 0x0e3, 0x0e3, 0x0e3, 0x0e3, 0x0e3, 0x0e3, 0x0e3, 0x0e3, 0x1a0, 0x1a0, 0x1a0, 0x1a0, 0x008,
			0x000, 0x000, 0x000, 0x000, 0x000, 0x000, 0x000, 0x000, 0x000, 0x000, 0x000, 0x000, 0x000, 0x000, 0x000, 0x000,
			0x000, 0x000, 0x000, 0x000, 0x000, 0x000, 0x000, 0x000, 0x000, 0x000, 0x000, 0x000, 0x000, 0x000, 0x000, 0x000,
			0x000, 0x000, 0x000, 0x000, 0x000, 0x000, 0x000, 0x000, 0x000, 0x000, 0x000, 0x000, 0x000, 0x000, 0x000, 0x000,
			0x000, 0x000, 0x000, 0x000, 0x000, 0x000, 0x000, 0x000, 0x000, 0x000, 0x000, 0x000, 0x000, 0x000, 0x000, 0x000,
			0x000, 0x000, 0x000, 0x000, 0x000, 0x000, 0x000, 0x000, 0x000, 0x000, 0x000, 0x000, 0x000, 0x000, 0x000, 0x000,
			0x000, 0x000, 0x000, 0x000, 0x000, 0x000, 0x000, 0x000, 0x000, 0x000, 0x000, 0x000, 0x000, 0x000, 0x000, 0x000,
			0x000, 0x000, 0x000, 0x000, 0x000, 0x000, 0x000, 0x000, 0x000, 0x000, 0x000, 0x000, 0x000, 0x000, 0x000, 0x000,
			0x000, 0x000, 0x000, 0x000, 0x000, 0x000, 0x000, 0x000, 0x000, 0x000, 0x000, 0x000, 0x000, 0x000, 0x000, 0x000,
		},
		"gl_ES": {
			0x008, 0x008, 0x008, 0x008, 0x008, 0x008, 0x008, 0x008, 0x008, 0x20c, 0x208, 0x208, 0x208, 0x208, 0x008, 0x008,
			0x008, 0x008, 0x008, 0x008, 0x008, 0x008, 0x008, 0x008, 0x008, 0x008, 0x008, 0x008, 0x008, 0x008, 0x008, 0x008,
			0x284, 0x1a0, 0x1a0, 0x1a0, 0x1a0, 0x1a0, 0x1a0, 0x1a0, 0x1a0, 0x1a0, 0x1a0, 0x1a0, 0x1a0, 0x1a0, 0x1a0, 0x1a0,
			0x8b1, 0x8b1, 0x8b1, 0x8b1, 0x8b1, 0x8b1, 0x8b1, 0x8b1, 0x8b1, 0x8b1, 0x1a0, 0x1a0, 0x1a0, 0x1a0, 0x1a0, 0x1a0,
			0x1a0, 0xca3, 0xca3, 0xca3, 0xca3, 0xca3, 0xca3, 0x4a3, 0x4a3, 0x4a3, 0x4a3, 0x4a3, 0x4a3, 0x4a3, 0x4a3, 0x4a3,
			0x4a3, 0x4a3, 0x4a3, 0x4a3, 0x4a3, 0x4a3, 0x4a3, 0x4a3, 0x4a3, 0x4a3, 0x4a3, 0x1a0, 0x1a0, 0x1a0, 0x1a0, 0x1a0,
			0x1a0, 0x8e3, 0x8e3, 0x8e3, 0x8e3, 0x8e3, 0x8e3, 0x0e3, 0x0e3, 0x0e3, 0x0e3, 0x0e3, 0x0e3, 0x0e3, 0x0e3, 0x0e3,
			0x0e3, 0x0e3, 0x0e3, 0x0e3, 0x0e3, 0x0e3, 0x0e3, 0x0e3, 0x0e3, 0x0e3, 0x0e3, 0x1a0, 0x1a0, 0x1a0, 0x1a0, 0x008,
			0x008, 0x008, 0x008, 0x008, 0x008, 0x008, 0x008, 0x008, 0x008, 0x008, 0x008, 0x008, 0x008, 0x008, 0x008, 0x008,
			0x008, 0x008, 0x008, 0x008, 0x008, 0x008, 0x008, 0x008, 0x008, 0x008, 0x008, 0x008, 0x008, 0x008, 0x008, 0x008,
			0x1a0, 0x1a0, 0x1a0, 0x1a0, 0x1a0, 0x1a0, 0x1a0, 0x1a0, 0x1a0, 0x1a0, 0x0e3, 0x1a0, 0x1a0, 0x1a0, 0x1a0, 0x1a0,
			0x1a0, 0x1a0, 0x1a0, 0x1a0, 0x1a0, 0x0e3, 0x1a0, 0x1a0, 0x1a0, 0x1a0, 0x0e3, 0x1a0, 0x1a0, 0x1a0, 0x1a0, 0x1a0,
			0x4a3, 0x4a3, 0x4a3, 0x4a3, 0x4a3, 0x4a3, 0x4a3, 0x4a3, 0x4a3, 0x4a3, 0x4a3, 0x4a3, 0x4a3, 0x4a3, 0x4a3, 0x4a3,
			0x4a3, 0x4a3, 0x4a3, 0x4a3, 0x4a3, 0x4a3, 0x4a3, 0x1a0, 0x4a3, 0x4a3, 0x4a3, 0x4a3, 0x4a3, 0x4a3, 0x4a3, 0x0e3,
			0x0e3, 0x0e3, 0x0e3, 0x0e3, 0x0e3, 0x0e3, 0x0e3, 0x0e3, 0x0e3, 0x0e3, 0x0e3, 0x0e3, 0x0e3, 0x0e3, 0x0e3, 0x0e3,
			0x0e3, 0x0e3, 0x0e3, 0x0e3, 0x0e3, 0x0e3, 0x0e3, 0x1a0, 0x0e3, 0x0e3, 0x0e3, 0x0e3, 0x0e3, 0x0e3, 0x0e3, 0x0e3,
		},
		"gl_ES.utf8": {
			0x008, 0x008, 0x008, 0x008, 0x008, 0x008, 0x008, 0x008, 0x008, 0x20c, 0x208, 0x208, 0x208, 0x208, 0x008, 0x008,
			0x008, 0x008, 0x008, 0x008, 0x008, 0x008, 0x008, 0x008, 0x008, 0x008, 0x008, 0x008, 0x008, 0x008, 0x008, 0x008,
			0x284, 0x1a0, 0x1a0, 0x1a0, 0x1a0, 0x1a0, 0x1a0, 0x1a0, 0x1a0, 0x1a0, 0x1a0, 0x1a0, 0x1a0, 0x1a0, 0x1a0, 0x1a0,
			0x8b1, 0x8b1, 0x8b1, 0x8b1, 0x8b1, 0x8b1, 0x8b1, 0x8b1, 0x8b1, 0x8b1, 0x1a0, 0x1a0, 0x1a0, 0x1a0, 0x1a0, 0x1a0,
			0x1a0, 0xca3, 0xca3, 0xca3, 0xca3, 0xca3, 0xca3, 0x4a3, 0x4a3, 0x4a3, 0x4a3, 0x4a3, 0x4a3, 0x4a3, 0x4a3, 0x4a3,
			0x4a3, 0x4a3, 0x4a3, 0x4a3, 0x4a3, 0x4a3, 0x4a3, 0x4a3, 0x4a3, 0x4a3, 0x4a3, 0x1a0, 0x1a0, 0x1a0, 0x1a0, 0x1a0,
			0x1a0, 0x8e3, 0x8e3, 0x8e3, 0x8e3, 0x8e3, 0x8e3, 0x0e3, 0x0e3, 0x0e3, 0x0e3, 0x0e3, 0x0e3, 0x0e3, 0x0e3, 0x0e3,
			0x0e3, 0x0e3, 0x0e3, 0x0e3, 0x0e3, 0x0e3, 0x0e3, 0x0e3, 0x0e3, 0x0e3, 0x0e3, 0x1a0, 0x1a0, 0x1a0, 0x1a0, 0x008,
			0x000, 0x000, 0x000, 0x000, 0x000, 0x000, 0x000, 0x000, 0x000, 0x000, 0x000, 0x000, 0x000, 0x000, 0x000, 0x000,
			0x000, 0x000, 0x000, 0x000, 0x000, 0x000, 0x000, 0x000, 0x000, 0x000, 0x000, 0x000, 0x000, 0x000, 0x000, 0x000,
			0x000, 0x000, 0x000, 0x000, 0x000, 0x000, 0x000, 0x000, 0x000, 0x000, 0x000, 0x000, 0x000, 0x000, 0x000, 0x000,
			0x000, 0x000, 0x000, 0x000, 0x000, 0x000, 0x000, 0x000, 0x000, 0x000, 0x000, 0x000, 0x000, 0x000, 0x000, 0x000,
			0x000, 0x000, 0x000, 0x000, 0x000, 0x000, 0x000, 0x000, 0x000, 0x000, 0x000, 0x000, 0x000, 0x000, 0x000, 0x000,
			0x000, 0x000, 0x000, 0x000, 0x000, 0x000, 0x000, 0x000, 0x000, 0x000, 0x000, 0x000, 0x000, 0x000, 0x000, 0x000,
			0x000, 0x000, 0x000, 0x000, 0x000, 0x000, 0x000, 0x000, 0x000, 0x000, 0x000, 0x000, 0x000, 0x000, 0x000, 0x000,
			0x000, 0x000, 0x000, 0x000, 0x000, 0x000, 0x000, 0x000, 0x000, 0x000, 0x000, 0x000, 0x000, 0x000, 0x000, 0x000,
		},
		"gl_ES@euro": {
			0x008, 0x008, 0x008, 0x008, 0x008, 0x008, 0x008, 0x008, 0x008, 0x20c, 0x208, 0x208, 0x208, 0x208, 0x008, 0x008,
			0x008, 0x008, 0x008, 0x008, 0x008, 0x008, 0x008, 0x008, 0x008, 0x008, 0x008, 0x008, 0x008, 0x008, 0x008, 0x008,
			0x284, 0x1a0, 0x1a0, 0x1a0, 0x1a0, 0x1a0, 0x1a0, 0x1a0, 0x1a0, 0x1a0, 0x1a0, 0x1a0, 0x1a0, 0x1a0, 0x1a0, 0x1a0,
			0x8b1, 0x8b1, 0x8b1, 0x8b1, 0x8b1, 0x8b1, 0x8b1, 0x8b1, 0x8b1, 0x8b1, 0x1a0, 0x1a0, 0x1a0, 0x1a0, 0x1a0, 0x1a0,
			0x1a0, 0xca3, 0xca3, 0xca3, 0xca3, 0xca3, 0xca3, 0x4a3, 0x4a3, 0x4a3, 0x4a3, 0x4a3, 0x4a3, 0x4a3, 0x4a3, 0x4a3,
			0x4a3, 0x4a3, 0x4a3, 0x4a3, 0x4a3, 0x4a3, 0x4a3, 0x4a3, 0x4a3, 0x4a3, 0x4a3, 0x1a0, 0x1a0, 0x1a0, 0x1a0, 0x1a0,
			0x1a0, 0x8e3, 0x8e3, 0x8e3, 0x8e3, 0x8e3, 0x8e3, 0x0e3, 0x0e3, 0x0e3, 0x0e3, 0x0e3, 0x0e3, 0x0e3, 0x0e3, 0x0e3,
			0x0e3, 0x0e3, 0x0e3, 0x0e3, 0x0e3, 0x0e3, 0x0e3, 0x0e3, 0x0e3, 0x0e3, 0x0e3, 0x1a0, 0x1a0, 0x1a0, 0x1a0, 0x008,
			0x008, 0x008, 0x008, 0x008, 0x008, 0x008, 0x008, 0x008, 0x008, 0x008, 0x008, 0x008, 0x008, 0x008, 0x008, 0x008,
			0x008, 0x008, 0x008, 0x008, 0x008, 0x008, 0x008, 0x008, 0x008, 0x008, 0x008, 0x008, 0x008, 0x008, 0x008, 0x008,
			0x1a0, 0x1a0, 0x1a0, 0x1a0, 0x1a0, 0x1a0, 0x4a3, 0x1a0, 0x0e3, 0x1a0, 0x0e3, 0x1a0, 0x1a0, 0x1a0, 0x1a0, 0x1a0,
			0x1a0, 0x1a0, 0x1a0, 0x1a0, 0x4a3, 0x0e3, 0x1a0, 0x1a0, 0x0e3, 0x1a0, 0x0e3, 0x1a0, 0x4a3, 0x0e3, 0x4a3, 0x1a0,
			0x4a3, 0x4a3, 0x4a3, 0x4a3, 0x4a3, 0x4a3, 0x4a3, 0x4a3, 0x4a3, 0x4a3, 0x4a3, 0x4a3, 0x4a3, 0x4a3, 0x4a3, 0x4a3,
			0x4a3, 0x4a3, 0x4a3, 0x4a3, 0x4a3, 0x4a3, 0x4a3, 0x1a0, 0x4a3, 0x4a3, 0x4a3, 0x4a3, 0x4a3, 0x4a3, 0x4a3, 0x0e3,
			0x0e3, 0x0e3, 0x0e3, 0x0e3, 0x0e3, 0x0e3, 0x0e3, 0x0e3, 0x0e3, 0x0e3, 0x0e3, 0x0e3, 0x0e3, 0x0e3, 0x0e3, 0x0e3,
			0x0e3, 0x0e3, 0x0e3, 0x0e3, 0x0e3, 0x0e3, 0x0e3, 0x1a0, 0x0e3, 0x0e3, 0x0e3, 0x0e3, 0x0e3, 0x0e3, 0x0e3, 0x0e3,
		},
		"gu_IN": {
			0x008, 0x008, 0x008, 0x008, 0x008, 0x008, 0x008, 0x008, 0x008, 0x20c, 0x208, 0x208, 0x208, 0x208, 0x008, 0x008,
			0x008, 0x008, 0x008, 0x008, 0x008, 0x008, 0x008, 0x008, 0x008, 0x008, 0x008, 0x008, 0x008, 0x008, 0x008, 0x008,
			0x284, 0x1a0, 0x1a0, 0x1a0, 0x1a0, 0x1a0, 0x1a0, 0x1a0, 0x1a0, 0x1a0, 0x1a0, 0x1a0, 0x1a0, 0x1a0, 0x1a0, 0x1a0,
			0x8b1, 0x8b1, 0x8b1, 0x8b1, 0x8b1, 0x8b1, 0x8b1, 0x8b1, 0x8b1, 0x8b1, 0x1a0, 0x1a0, 0x1a0, 0x1a0, 0x1a0, 0x1a0,
			0x1a0, 0xca3, 0xca3, 0xca3, 0xca3, 0xca3, 0xca3, 0x4a3, 0x4a3, 0x4a3, 0x4a3, 0x4a3, 0x4a3, 0x4a3, 0x4a3, 0x4a3,
			0x4a3, 0x4a3, 0x4a3, 0x4a3, 0x4a3, 0x4a3, 0x4a3, 0x4a3, 0x4a3, 0x4a3, 0x4a3, 0x1a0, 0x1a0, 0x1a0, 0x1a0, 0x1a0,
			0x1a0, 0x8e3, 0x8e3, 0x8e3, 0x8e3, 0x8e3, 0x8e3, 0x0e3, 0x0e3, 0x0e3, 0x0e3, 0x0e3, 0x0e3, 0x0e3, 0x0e3, 0x0e3,
			0x0e3, 0x0e3, 0x0e3, 0x0e3, 0x0e3, 0x0e3, 0x0e3, 0x0e3, 0x0e3, 0x0e3, 0x0e3, 0x1a0, 0x1a0, 0x1a0, 0x1a0, 0x008,
			0x000, 0x000, 0x000, 0x000, 0x000, 0x000, 0x000, 0x000, 0x000, 0x000, 0x000, 0x000, 0x000, 0x000, 0x000, 0x000,
			0x000, 0x000, 0x000, 0x000, 0x000, 0x000, 0x000, 0x000, 0x000, 0x000, 0x000, 0x000, 0x000, 0x000, 0x000, 0x000,
			0x000, 0x000, 0x000, 0x000, 0x000, 0x000, 0x000, 0x000, 0x000, 0x000, 0x000, 0x000, 0x000, 0x000, 0x000, 0x000,
			0x000, 0x000, 0x000, 0x000, 0x000, 0x000, 0x000, 0x000, 0x000, 0x000, 0x000, 0x000, 0x000, 0x000, 0x000, 0x000,
			0x000, 0x000, 0x000, 0x000, 0x000, 0x000, 0x000, 0x000, 0x000, 0x000, 0x000, 0x000, 0x000, 0x000, 0x000, 0x000,
			0x000, 0x000, 0x000, 0x000, 0x000, 0x000, 0x000, 0x000, 0x000, 0x000, 0x000, 0x000, 0x000, 0x000, 0x000, 0x000,
			0x000, 0x000, 0x000, 0x000, 0x000, 0x000, 0x000, 0x000, 0x000, 0x000, 0x000, 0x000, 0x000, 0x000, 0x000, 0x000,
			0x000, 0x000, 0x000, 0x000, 0x000, 0x000, 0x000, 0x000, 0x000, 0x000, 0x000, 0x000, 0x000, 0x000, 0x000, 0x000,
		},
		"gv_GB": {
			0x008, 0x008, 0x008, 0x008, 0x008, 0x008, 0x008, 0x008, 0x008, 0x20c, 0x208, 0x208, 0x208, 0x208, 0x008, 0x008,
			0x008, 0x008, 0x008, 0x008, 0x008, 0x008, 0x008, 0x008, 0x008, 0x008, 0x008, 0x008, 0x008, 0x008, 0x008, 0x008,
			0x284, 0x1a0, 0x1a0, 0x1a0, 0x1a0, 0x1a0, 0x1a0, 0x1a0, 0x1a0, 0x1a0, 0x1a0, 0x1a0, 0x1a0, 0x1a0, 0x1a0, 0x1a0,
			0x8b1, 0x8b1, 0x8b1, 0x8b1, 0x8b1, 0x8b1, 0x8b1, 0x8b1, 0x8b1, 0x8b1, 0x1a0, 0x1a0, 0x1a0, 0x1a0, 0x1a0, 0x1a0,
			0x1a0, 0xca3, 0xca3, 0xca3, 0xca3, 0xca3, 0xca3, 0x4a3, 0x4a3, 0x4a3, 0x4a3, 0x4a3, 0x4a3, 0x4a3, 0x4a3, 0x4a3,
			0x4a3, 0x4a3, 0x4a3, 0x4a3, 0x4a3, 0x4a3, 0x4a3, 0x4a3, 0x4a3, 0x4a3, 0x4a3, 0x1a0, 0x1a0, 0x1a0, 0x1a0, 0x1a0,
			0x1a0, 0x8e3, 0x8e3, 0x8e3, 0x8e3, 0x8e3, 0x8e3, 0x0e3, 0x0e3, 0x0e3, 0x0e3, 0x0e3, 0x0e3, 0x0e3, 0x0e3, 0x0e3,
			0x0e3, 0x0e3, 0x0e3, 0x0e3, 0x0e3, 0x0e3, 0x0e3, 0x0e3, 0x0e3, 0x0e3, 0x0e3, 0x1a0, 0x1a0, 0x1a0, 0x1a0, 0x008,
			0x008, 0x008, 0x008, 0x008, 0x008, 0x008, 0x008, 0x008, 0x008, 0x008, 0x008, 0x008, 0x008, 0x008, 0x008, 0x008,
			0x008, 0x008, 0x008, 0x008, 0x008, 0x008, 0x008, 0x008, 0x008, 0x008, 0x008, 0x008, 0x008, 0x008, 0x008, 0x008,
			0x1a0, 0x1a0, 0x1a0, 0x1a0, 0x1a0, 0x1a0, 0x1a0, 0x1a0, 0x1a0, 0x1a0, 0x0e3, 0x1a0, 0x1a0, 0x1a0, 0x1a0, 0x1a0,
			0x1a0, 0x1a0, 0x1a0, 0x1a0, 0x1a0, 0x0e3, 0x1a0, 0x1a0, 0x1a0, 0x1a0, 0x0e3, 0x1a0, 0x1a0, 0x1a0, 0x1a0, 0x1a0,
			0x4a3, 0x4a3, 0x4a3, 0x4a3, 0x4a3, 0x4a3, 0x4a3, 0x4a3, 0x4a3, 0x4a3, 0x4a3, 0x4a3, 0x4a3, 0x4a3, 0x4a3, 0x4a3,
			0x4a3, 0x4a3, 0x4a3, 0x4a3, 0x4a3, 0x4a3, 0x4a3, 0x1a0, 0x4a3, 0x4a3, 0x4a3, 0x4a3, 0x4a3, 0x4a3, 0x4a3, 0x0e3,
			0x0e3, 0x0e3, 0x0e3, 0x0e3, 0x0e3, 0x0e3, 0x0e3, 0x0e3, 0x0e3, 0x0e3, 0x0e3, 0x0e3, 0x0e3, 0x0e3, 0x0e3, 0x0e3,
			0x0e3, 0x0e3, 0x0e3, 0x0e3, 0x0e3, 0x0e3, 0x0e3, 0x1a0, 0x0e3, 0x0e3, 0x0e3, 0x0e3, 0x0e3, 0x0e3, 0x0e3, 0x0e3,
		},
		"gv_GB.utf8": {
			0x008, 0x008, 0x008, 0x008, 0x008, 0x008, 0x008, 0x008, 0x008, 0x20c, 0x208, 0x208, 0x208, 0x208, 0x008, 0x008,
			0x008, 0x008, 0x008, 0x008, 0x008, 0x008, 0x008, 0x008, 0x008, 0x008, 0x008, 0x008, 0x008, 0x008, 0x008, 0x008,
			0x284, 0x1a0, 0x1a0, 0x1a0, 0x1a0, 0x1a0, 0x1a0, 0x1a0, 0x1a0, 0x1a0, 0x1a0, 0x1a0, 0x1a0, 0x1a0, 0x1a0, 0x1a0,
			0x8b1, 0x8b1, 0x8b1, 0x8b1, 0x8b1, 0x8b1, 0x8b1, 0x8b1, 0x8b1, 0x8b1, 0x1a0, 0x1a0, 0x1a0, 0x1a0, 0x1a0, 0x1a0,
			0x1a0, 0xca3, 0xca3, 0xca3, 0xca3, 0xca3, 0xca3, 0x4a3, 0x4a3, 0x4a3, 0x4a3, 0x4a3, 0x4a3, 0x4a3, 0x4a3, 0x4a3,
			0x4a3, 0x4a3, 0x4a3, 0x4a3, 0x4a3, 0x4a3, 0x4a3, 0x4a3, 0x4a3, 0x4a3, 0x4a3, 0x1a0, 0x1a0, 0x1a0, 0x1a0, 0x1a0,
			0x1a0, 0x8e3, 0x8e3, 0x8e3, 0x8e3, 0x8e3, 0x8e3, 0x0e3, 0x0e3, 0x0e3, 0x0e3, 0x0e3, 0x0e3, 0x0e3, 0x0e3, 0x0e3,
			0x0e3, 0x0e3, 0x0e3, 0x0e3, 0x0e3, 0x0e3, 0x0e3, 0x0e3, 0x0e3, 0x0e3, 0x0e3, 0x1a0, 0x1a0, 0x1a0, 0x1a0, 0x008,
			0x000, 0x000, 0x000, 0x000, 0x000, 0x000, 0x000, 0x000, 0x000, 0x000, 0x000, 0x000, 0x000, 0x000, 0x000, 0x000,
			0x000, 0x000, 0x000, 0x000, 0x000, 0x000, 0x000, 0x000, 0x000, 0x000, 0x000, 0x000, 0x000, 0x000, 0x000, 0x000,
			0x000, 0x000, 0x000, 0x000, 0x000, 0x000, 0x000, 0x000, 0x000, 0x000, 0x000, 0x000, 0x000, 0x000, 0x000, 0x000,
			0x000, 0x000, 0x000, 0x000, 0x000, 0x000, 0x000, 0x000, 0x000, 0x000, 0x000, 0x000, 0x000, 0x000, 0x000, 0x000,
			0x000, 0x000, 0x000, 0x000, 0x000, 0x000, 0x000, 0x000, 0x000, 0x000, 0x000, 0x000, 0x000, 0x000, 0x000, 0x000,
			0x000, 0x000, 0x000, 0x000, 0x000, 0x000, 0x000, 0x000, 0x000, 0x000, 0x000, 0x000, 0x000, 0x000, 0x000, 0x000,
			0x000, 0x000, 0x000, 0x000, 0x000, 0x000, 0x000, 0x000, 0x000, 0x000, 0x000, 0x000, 0x000, 0x000, 0x000, 0x000,
			0x000, 0x000, 0x000, 0x000, 0x000, 0x000, 0x000, 0x000, 0x000, 0x000, 0x000, 0x000, 0x000, 0x000, 0x000, 0x000,
		},
		"ha_NG": {
			0x008, 0x008, 0x008, 0x008, 0x008, 0x008, 0x008, 0x008, 0x008, 0x20c, 0x208, 0x208, 0x208, 0x208, 0x008, 0x008,
			0x008, 0x008, 0x008, 0x008, 0x008, 0x008, 0x008, 0x008, 0x008, 0x008, 0x008, 0x008, 0x008, 0x008, 0x008, 0x008,
			0x284, 0x1a0, 0x1a0, 0x1a0, 0x1a0, 0x1a0, 0x1a0, 0x1a0, 0x1a0, 0x1a0, 0x1a0, 0x1a0, 0x1a0, 0x1a0, 0x1a0, 0x1a0,
			0x8b1, 0x8b1, 0x8b1, 0x8b1, 0x8b1, 0x8b1, 0x8b1, 0x8b1, 0x8b1, 0x8b1, 0x1a0, 0x1a0, 0x1a0, 0x1a0, 0x1a0, 0x1a0,
			0x1a0, 0xca3, 0xca3, 0xca3, 0xca3, 0xca3, 0xca3, 0x4a3, 0x4a3, 0x4a3, 0x4a3, 0x4a3, 0x4a3, 0x4a3, 0x4a3, 0x4a3,
			0x4a3, 0x4a3, 0x4a3, 0x4a3, 0x4a3, 0x4a3, 0x4a3, 0x4a3, 0x4a3, 0x4a3, 0x4a3, 0x1a0, 0x1a0, 0x1a0, 0x1a0, 0x1a0,
			0x1a0, 0x8e3, 0x8e3, 0x8e3, 0x8e3, 0x8e3, 0x8e3, 0x0e3, 0x0e3, 0x0e3, 0x0e3, 0x0e3, 0x0e3, 0x0e3, 0x0e3, 0x0e3,
			0x0e3, 0x0e3, 0x0e3, 0x0e3, 0x0e3, 0x0e3, 0x0e3, 0x0e3, 0x0e3, 0x0e3, 0x0e3, 0x1a0, 0x1a0, 0x1a0, 0x1a0, 0x008,
			0x000, 0x000, 0x000, 0x000, 0x000, 0x000, 0x000, 0x000, 0x000, 0x000, 0x000, 0x000, 0x000, 0x000, 0x000, 0x000,
			0x000, 0x000, 0x000, 0x000, 0x000, 0x000, 0x000, 0x000, 0x000, 0x000, 0x000, 0x000, 0x000, 0x000, 0x000, 0x000,
			0x000, 0x000, 0x000, 0x000, 0x000, 0x000, 0x000, 0x000, 0x000, 0x000, 0x000, 0x000, 0x000, 0x000, 0x000, 0x000,
			0x000, 0x000, 0x000, 0x000, 0x000, 0x000, 0x000, 0x000, 0x000, 0x000, 0x000, 0x000, 0x000, 0x000, 0x000, 0x000,
			0x000, 0x000, 0x000, 0x000, 0x000, 0x000, 0x000, 0x000, 0x000, 0x000, 0x000, 0x000, 0x000, 0x000, 0x000, 0x000,
			0x000, 0x000, 0x000, 0x000, 0x000, 0x000, 0x000, 0x000, 0x000, 0x000, 0x000, 0x000, 0x000, 0x000, 0x000, 0x000,
			0x000, 0x000, 0x000, 0x000, 0x000, 0x000, 0x000, 0x000, 0x000, 0x000, 0x000, 0x000, 0x000, 0x000, 0x000, 0x000,
			0x000, 0x000, 0x000, 0x000, 0x000, 0x000, 0x000, 0x000, 0x000, 0x000, 0x000, 0x000, 0x000, 0x000, 0x000, 0x000,
		},
		"hak_TW": {
			0x008, 0x008, 0x008, 0x008, 0x008, 0x008, 0x008, 0x008, 0x008, 0x20c, 0x208, 0x208, 0x208, 0x208, 0x008, 0x008,
			0x008, 0x008, 0x008, 0x008, 0x008, 0x008, 0x008, 0x008, 0x008, 0x008, 0x008, 0x008, 0x008, 0x008, 0x008, 0x008,
			0x284, 0x1a0, 0x1a0, 0x1a0, 0x1a0, 0x1a0, 0x1a0, 0x1a0, 0x1a0, 0x1a0, 0x1a0, 0x1a0, 0x1a0, 0x1a0, 0x1a0, 0x1a0,
			0x8b1, 0x8b1, 0x8b1, 0x8b1, 0x8b1, 0x8b1, 0x8b1, 0x8b1, 0x8b1, 0x8b1, 0x1a0, 0x1a0, 0x1a0, 0x1a0, 0x1a0, 0x1a0,
			0x1a0, 0xca3, 0xca3, 0xca3, 0xca3, 0xca3, 0xca3, 0x4a3, 0x4a3, 0x4a3, 0x4a3, 0x4a3, 0x4a3, 0x4a3, 0x4a3, 0x4a3,
			0x4a3, 0x4a3, 0x4a3, 0x4a3, 0x4a3, 0x4a3, 0x4a3, 0x4a3, 0x4a3, 0x4a3, 0x4a3, 0x1a0, 0x1a0, 0x1a0, 0x1a0, 0x1a0,
			0x1a0, 0x8e3, 0x8e3, 0x8e3, 0x8e3, 0x8e3, 0x8e3, 0x0e3, 0x0e3, 0x0e3, 0x0e3, 0x0e3, 0x0e3, 0x0e3, 0x0e3, 0x0e3,
			0x0e3, 0x0e3, 0x0e3, 0x0e3, 0x0e3, 0x0e3, 0x0e3, 0x0e3, 0x0e3, 0x0e3, 0x0e3, 0x1a0, 0x1a0, 0x1a0, 0x1a0, 0x008,
			0x000, 0x000, 0x000, 0x000, 0x000, 0x000, 0x000, 0x000, 0x000, 0x000, 0x000, 0x000, 0x000, 0x000, 0x000, 0x000,
			0x000, 0x000, 0x000, 0x000, 0x000, 0x000, 0x000, 0x000, 0x000, 0x000, 0x000, 0x000, 0x000, 0x000, 0x000, 0x000,
			0x000, 0x000, 0x000, 0x000, 0x000, 0x000, 0x000, 0x000, 0x000, 0x000, 0x000, 0x000, 0x000, 0x000, 0x000, 0x000,
			0x000, 0x000, 0x000, 0x000, 0x000, 0x000, 0x000, 0x000, 0x000, 0x000, 0x000, 0x000, 0x000, 0x000, 0x000, 0x000,
			0x000, 0x000, 0x000, 0x000, 0x000, 0x000, 0x000, 0x000, 0x000, 0x000, 0x000, 0x000, 0x000, 0x000, 0x000, 0x000,
			0x000, 0x000, 0x000, 0x000, 0x000, 0x000, 0x000, 0x000, 0x000, 0x000, 0x000, 0x000, 0x000, 0x000, 0x000, 0x000,
			0x000, 0x000, 0x000, 0x000, 0x000, 0x000, 0x000, 0x000, 0x000, 0x000, 0x000, 0x000, 0x000, 0x000, 0x000, 0x000,
			0x000, 0x000, 0x000, 0x000, 0x000, 0x000, 0x000, 0x000, 0x000, 0x000, 0x000, 0x000, 0x000, 0x000, 0x000, 0x000,
		},
		"he_IL": {
			0x008, 0x008, 0x008, 0x008, 0x008, 0x008, 0x008, 0x008, 0x008, 0x20c, 0x208, 0x208, 0x208, 0x208, 0x008, 0x008,
			0x008, 0x008, 0x008, 0x008, 0x008, 0x008, 0x008, 0x008, 0x008, 0x008, 0x008, 0x008, 0x008, 0x008, 0x008, 0x008,
			0x284, 0x1a0, 0x1a0, 0x1a0, 0x1a0, 0x1a0, 0x1a0, 0x1a0, 0x1a0, 0x1a0, 0x1a0, 0x1a0, 0x1a0, 0x1a0, 0x1a0, 0x1a0,
			0x8b1, 0x8b1, 0x8b1, 0x8b1, 0x8b1, 0x8b1, 0x8b1, 0x8b1, 0x8b1, 0x8b1, 0x1a0, 0x1a0, 0x1a0, 0x1a0, 0x1a0, 0x1a0,
			0x1a0, 0xca3, 0xca3, 0xca3, 0xca3, 0xca3, 0xca3, 0x4a3, 0x4a3, 0x4a3, 0x4a3, 0x4a3, 0x4a3, 0x4a3, 0x4a3, 0x4a3,
			0x4a3, 0x4a3, 0x4a3, 0x4a3, 0x4a3, 0x4a3, 0x4a3, 0x4a3, 0x4a3, 0x4a3, 0x4a3, 0x1a0, 0x1a0, 0x1a0, 0x1a0, 0x1a0,
			0x1a0, 0x8e3, 0x8e3, 0x8e3, 0x8e3, 0x8e3, 0x8e3, 0x0e3, 0x0e3, 0x0e3, 0x0e3, 0x0e3, 0x0e3, 0x0e3, 0x0e3, 0x0e3,
			0x0e3, 0x0e3, 0x0e3, 0x0e3, 0x0e3, 0x0e3, 0x0e3, 0x0e3, 0x0e3, 0x0e3, 0x0e3, 0x1a0, 0x1a0, 0x1a0, 0x1a0, 0x008,
			0x008, 0x008, 0x008, 0x008, 0x008, 0x008, 0x008, 0x008, 0x008, 0x008, 0x008, 0x008, 0x008, 0x008, 0x008, 0x008,
			0x008, 0x008, 0x008, 0x008, 0x008, 0x008, 0x008, 0x008, 0x008, 0x008, 0x008, 0x008, 0x008, 0x008, 0x008, 0x008,
			0x1a0, 0x000, 0x1a0, 0x1a0, 0x1a0, 0x1a0, 0x1a0, 0x1a0, 0x1a0, 0x1a0, 0x1a0, 0x1a0, 0x1a0, 0x1a0, 0x1a0, 0x1a0,
			0x1a0, 0x1a0, 0x1a0, 0x1a0, 0x1a0, 0x0e3, 0x1a0, 0x1a0, 0x1a0, 0x1a0, 0x1a0, 0x1a0, 0x1a0, 0x1a0, 0x1a0, 0x000,
			0x000, 0x000, 0x000, 0x000, 0x000, 0x000, 0x000, 0x000, 0x000, 0x000, 0x000, 0x000, 0x000, 0x000, 0x000, 0x000,
			0x000, 0x000, 0x000, 0x000, 0x000, 0x000, 0x000, 0x000, 0x000, 0x000, 0x000, 0x000, 0x000, 0x000, 0x000, 0x1a0,
			0x0a3, 0x0a3, 0x0a3, 0x0a3, 0x0a3, 0x0a3, 0x0a3, 0x0a3, 0x0a3, 0x0a3, 0x0a3, 0x0a3, 0x0a3, 0x0a3, 0x0a3, 0x0a3,
			0x0a3, 0x0a3, 0x0a3, 0x0a3, 0x0a3, 0x0a3, 0x0a3, 0x0a3, 0x0a3, 0x0a3, 0x0a3, 0x000, 0x000, 0x1a0, 0x1a0, 0x000,
		},
		"he_IL.utf8": {
			0x008, 0x008, 0x008, 0x008, 0x008, 0x008, 0x008, 0x008, 0x008, 0x20c, 0x208, 0x208, 0x208, 0x208, 0x008, 0x008,
			0x008, 0x008, 0x008, 0x008, 0x008, 0x008, 0x008, 0x008, 0x008, 0x008, 0x008, 0x008, 0x008, 0x008, 0x008, 0x008,
			0x284, 0x1a0, 0x1a0, 0x1a0, 0x1a0, 0x1a0, 0x1a0, 0x1a0, 0x1a0, 0x1a0, 0x1a0, 0x1a0, 0x1a0, 0x1a0, 0x1a0, 0x1a0,
			0x8b1, 0x8b1, 0x8b1, 0x8b1, 0x8b1, 0x8b1, 0x8b1, 0x8b1, 0x8b1, 0x8b1, 0x1a0, 0x1a0, 0x1a0, 0x1a0, 0x1a0, 0x1a0,
			0x1a0, 0xca3, 0xca3, 0xca3, 0xca3, 0xca3, 0xca3, 0x4a3, 0x4a3, 0x4a3, 0x4a3, 0x4a3, 0x4a3, 0x4a3, 0x4a3, 0x4a3,
			0x4a3, 0x4a3, 0x4a3, 0x4a3, 0x4a3, 0x4a3, 0x4a3, 0x4a3, 0x4a3, 0x4a3, 0x4a3, 0x1a0, 0x1a0, 0x1a0, 0x1a0, 0x1a0,
			0x1a0, 0x8e3, 0x8e3, 0x8e3, 0x8e3, 0x8e3, 0x8e3, 0x0e3, 0x0e3, 0x0e3, 0x0e3, 0x0e3, 0x0e3, 0x0e3, 0x0e3, 0x0e3,
			0x0e3, 0x0e3, 0x0e3, 0x0e3, 0x0e3, 0x0e3, 0x0e3, 0x0e3, 0x0e3, 0x0e3, 0x0e3, 0x1a0, 0x1a0, 0x1a0, 0x1a0, 0x008,
			0x000, 0x000, 0x000, 0x000, 0x000, 0x000, 0x000, 0x000, 0x000, 0x000, 0x000, 0x000, 0x000, 0x000, 0x000, 0x000,
			0x000, 0x000, 0x000, 0x000, 0x000, 0x000, 0x000, 0x000, 0x000, 0x000, 0x000, 0x000, 0x000, 0x000, 0x000, 0x000,
			0x000, 0x000, 0x000, 0x000, 0x000, 0x000, 0x000, 0x000, 0x000, 0x000, 0x000, 0x000, 0x000, 0x000, 0x000, 0x000,
			0x000, 0x000, 0x000, 0x000, 0x000, 0x000, 0x000, 0x000, 0x000, 0x000, 0x000, 0x000, 0x000, 0x000, 0x000, 0x000,
			0x000, 0x000, 0x000, 0x000, 0x000, 0x000, 0x000, 0x000, 0x000, 0x000, 0x000, 0x000, 0x000, 0x000, 0x000, 0x000,
			0x000, 0x000, 0x000, 0x000, 0x000, 0x000, 0x000, 0x000, 0x000, 0x000, 0x000, 0x000, 0x000, 0x000, 0x000, 0x000,
			0x000, 0x000, 0x000, 0x000, 0x000, 0x000, 0x000, 0x000, 0x000, 0x000, 0x000, 0x000, 0x000, 0x000, 0x000, 0x000,
			0x000, 0x000, 0x000, 0x000, 0x000, 0x000, 0x000, 0x000, 0x000, 0x000, 0x000, 0x000, 0x000, 0x000, 0x000, 0x000,
		},
		"hi_IN": {
			0x008, 0x008, 0x008, 0x008, 0x008, 0x008, 0x008, 0x008, 0x008, 0x20c, 0x208, 0x208, 0x208, 0x208, 0x008, 0x008,
			0x008, 0x008, 0x008, 0x008, 0x008, 0x008, 0x008, 0x008, 0x008, 0x008, 0x008, 0x008, 0x008, 0x008, 0x008, 0x008,
			0x284, 0x1a0, 0x1a0, 0x1a0, 0x1a0, 0x1a0, 0x1a0, 0x1a0, 0x1a0, 0x1a0, 0x1a0, 0x1a0, 0x1a0, 0x1a0, 0x1a0, 0x1a0,
			0x8b1, 0x8b1, 0x8b1, 0x8b1, 0x8b1, 0x8b1, 0x8b1, 0x8b1, 0x8b1, 0x8b1, 0x1a0, 0x1a0, 0x1a0, 0x1a0, 0x1a0, 0x1a0,
			0x1a0, 0xca3, 0xca3, 0xca3, 0xca3, 0xca3, 0xca3, 0x4a3, 0x4a3, 0x4a3, 0x4a3, 0x4a3, 0x4a3, 0x4a3, 0x4a3, 0x4a3,
			0x4a3, 0x4a3, 0x4a3, 0x4a3, 0x4a3, 0x4a3, 0x4a3, 0x4a3, 0x4a3, 0x4a3, 0x4a3, 0x1a0, 0x1a0, 0x1a0, 0x1a0, 0x1a0,
			0x1a0, 0x8e3, 0x8e3, 0x8e3, 0x8e3, 0x8e3, 0x8e3, 0x0e3, 0x0e3, 0x0e3, 0x0e3, 0x0e3, 0x0e3, 0x0e3, 0x0e3, 0x0e3,
			0x0e3, 0x0e3, 0x0e3, 0x0e3, 0x0e3, 0x0e3, 0x0e3, 0x0e3, 0x0e3, 0x0e3, 0x0e3, 0x1a0, 0x1a0, 0x1a0, 0x1a0, 0x008,
			0x000, 0x000, 0x000, 0x000, 0x000, 0x000, 0x000, 0x000, 0x000, 0x000, 0x000, 0x000, 0x000, 0x000, 0x000, 0x000,
			0x000, 0x000, 0x000, 0x000, 0x000, 0x000, 0x000, 0x000, 0x000, 0x000, 0x000, 0x000, 0x000, 0x000, 0x000, 0x000,
			0x000, 0x000, 0x000, 0x000, 0x000, 0x000, 0x000, 0x000, 0x000, 0x000, 0x000, 0x000, 0x000, 0x000, 0x000, 0x000,
			0x000, 0x000, 0x000, 0x000, 0x000, 0x000, 0x000, 0x000, 0x000, 0x000, 0x000, 0x000, 0x000, 0x000, 0x000, 0x000,
			0x000, 0x000, 0x000, 0x000, 0x000, 0x000, 0x000, 0x000, 0x000, 0x000, 0x000, 0x000, 0x000, 0x000, 0x000, 0x000,
			0x000, 0x000, 0x000, 0x000, 0x000, 0x000, 0x000, 0x000, 0x000, 0x000, 0x000, 0x000, 0x000, 0x000, 0x000, 0x000,
			0x000, 0x000, 0x000, 0x000, 0x000, 0x000, 0x000, 0x000, 0x000, 0x000, 0x000, 0x000, 0x000, 0x000, 0x000, 0x000,
			0x000, 0x000, 0x000, 0x000, 0x000, 0x000, 0x000, 0x000, 0x000, 0x000, 0x000, 0x000, 0x000, 0x000, 0x000, 0x000,
		},
		"hif_FJ": {
			0x008, 0x008, 0x008, 0x008, 0x008, 0x008, 0x008, 0x008, 0x008, 0x20c, 0x208, 0x208, 0x208, 0x208, 0x008, 0x008,
			0x008, 0x008, 0x008, 0x008, 0x008, 0x008, 0x008, 0x008, 0x008, 0x008, 0x008, 0x008, 0x008, 0x008, 0x008, 0x008,
			0x284, 0x1a0, 0x1a0, 0x1a0, 0x1a0, 0x1a0, 0x1a0, 0x1a0, 0x1a0, 0x1a0, 0x1a0, 0x1a0, 0x1a0, 0x1a0, 0x1a0, 0x1a0,
			0x8b1, 0x8b1, 0x8b1, 0x8b1, 0x8b1, 0x8b1, 0x8b1, 0x8b1, 0x8b1, 0x8b1, 0x1a0, 0x1a0, 0x1a0, 0x1a0, 0x1a0, 0x1a0,
			0x1a0, 0xca3, 0xca3, 0xca3, 0xca3, 0xca3, 0xca3, 0x4a3, 0x4a3, 0x4a3, 0x4a3, 0x4a3, 0x4a3, 0x4a3, 0x4a3, 0x4a3,
			0x4a3, 0x4a3, 0x4a3, 0x4a3, 0x4a3, 0x4a3, 0x4a3, 0x4a3, 0x4a3, 0x4a3, 0x4a3, 0x1a0, 0x1a0, 0x1a0, 0x1a0, 0x1a0,
			0x1a0, 0x8e3, 0x8e3, 0x8e3, 0x8e3, 0x8e3, 0x8e3, 0x0e3, 0x0e3, 0x0e3, 0x0e3, 0x0e3, 0x0e3, 0x0e3, 0x0e3, 0x0e3,
			0x0e3, 0x0e3, 0x0e3, 0x0e3, 0x0e3, 0x0e3, 0x0e3, 0x0e3, 0x0e3, 0x0e3, 0x0e3, 0x1a0, 0x1a0, 0x1a0, 0x1a0, 0x008,
			0x000, 0x000, 0x000, 0x000, 0x000, 0x000, 0x000, 0x000, 0x000, 0x000, 0x000, 0x000, 0x000, 0x000, 0x000, 0x000,
			0x000, 0x000, 0x000, 0x000, 0x000, 0x000, 0x000, 0x000, 0x000, 0x000, 0x000, 0x000, 0x000, 0x000, 0x000, 0x000,
			0x000, 0x000, 0x000, 0x000, 0x000, 0x000, 0x000, 0x000, 0x000, 0x000, 0x000, 0x000, 0x000, 0x000, 0x000, 0x000,
			0x000, 0x000, 0x000, 0x000, 0x000, 0x000, 0x000, 0x000, 0x000, 0x000, 0x000, 0x000, 0x000, 0x000, 0x000, 0x000,
			0x000, 0x000, 0x000, 0x000, 0x000, 0x000, 0x000, 0x000, 0x000, 0x000, 0x000, 0x000, 0x000, 0x000, 0x000, 0x000,
			0x000, 0x000, 0x000, 0x000, 0x000, 0x000, 0x000, 0x000, 0x000, 0x000, 0x000, 0x000, 0x000, 0x000, 0x000, 0x000,
			0x000, 0x000, 0x000, 0x000, 0x000, 0x000, 0x000, 0x000, 0x000, 0x000, 0x000, 0x000, 0x000, 0x000, 0x000, 0x000,
			0x000, 0x000, 0x000, 0x000, 0x000, 0x000, 0x000, 0x000, 0x000, 0x000, 0x000, 0x000, 0x000, 0x000, 0x000, 0x000,
		},
		"hne_IN": {
			0x008, 0x008, 0x008, 0x008, 0x008, 0x008, 0x008, 0x008, 0x008, 0x20c, 0x208, 0x208, 0x208, 0x208, 0x008, 0x008,
			0x008, 0x008, 0x008, 0x008, 0x008, 0x008, 0x008, 0x008, 0x008, 0x008, 0x008, 0x008, 0x008, 0x008, 0x008, 0x008,
			0x284, 0x1a0, 0x1a0, 0x1a0, 0x1a0, 0x1a0, 0x1a0, 0x1a0, 0x1a0, 0x1a0, 0x1a0, 0x1a0, 0x1a0, 0x1a0, 0x1a0, 0x1a0,
			0x8b1, 0x8b1, 0x8b1, 0x8b1, 0x8b1, 0x8b1, 0x8b1, 0x8b1, 0x8b1, 0x8b1, 0x1a0, 0x1a0, 0x1a0, 0x1a0, 0x1a0, 0x1a0,
			0x1a0, 0xca3, 0xca3, 0xca3, 0xca3, 0xca3, 0xca3, 0x4a3, 0x4a3, 0x4a3, 0x4a3, 0x4a3, 0x4a3, 0x4a3, 0x4a3, 0x4a3,
			0x4a3, 0x4a3, 0x4a3, 0x4a3, 0x4a3, 0x4a3, 0x4a3, 0x4a3, 0x4a3, 0x4a3, 0x4a3, 0x1a0, 0x1a0, 0x1a0, 0x1a0, 0x1a0,
			0x1a0, 0x8e3, 0x8e3, 0x8e3, 0x8e3, 0x8e3, 0x8e3, 0x0e3, 0x0e3, 0x0e3, 0x0e3, 0x0e3, 0x0e3, 0x0e3, 0x0e3, 0x0e3,
			0x0e3, 0x0e3, 0x0e3, 0x0e3, 0x0e3, 0x0e3, 0x0e3, 0x0e3, 0x0e3, 0x0e3, 0x0e3, 0x1a0, 0x1a0, 0x1a0, 0x1a0, 0x008,
			0x000, 0x000, 0x000, 0x000, 0x000, 0x000, 0x000, 0x000, 0x000, 0x000, 0x000, 0x000, 0x000, 0x000, 0x000, 0x000,
			0x000, 0x000, 0x000, 0x000, 0x000, 0x000, 0x000, 0x000, 0x000, 0x000, 0x000, 0x000, 0x000, 0x000, 0x000, 0x000,
			0x000, 0x000, 0x000, 0x000, 0x000, 0x000, 0x000, 0x000, 0x000, 0x000, 0x000, 0x000, 0x000, 0x000, 0x000, 0x000,
			0x000, 0x000, 0x000, 0x000, 0x000, 0x000, 0x000, 0x000, 0x000, 0x000, 0x000, 0x000, 0x000, 0x000, 0x000, 0x000,
			0x000, 0x000, 0x000, 0x000, 0x000, 0x000, 0x000, 0x000, 0x000, 0x000, 0x000, 0x000, 0x000, 0x000, 0x000, 0x000,
			0x000, 0x000, 0x000, 0x000, 0x000, 0x000, 0x000, 0x000, 0x000, 0x000, 0x000, 0x000, 0x000, 0x000, 0x000, 0x000,
			0x000, 0x000, 0x000, 0x000, 0x000, 0x000, 0x000, 0x000, 0x000, 0x000, 0x000, 0x000, 0x000, 0x000, 0x000, 0x000,
			0x000, 0x000, 0x000, 0x000, 0x000, 0x000, 0x000, 0x000, 0x000, 0x000, 0x000, 0x000, 0x000, 0x000, 0x000, 0x000,
		},
		"hr_HR": {
			0x008, 0x008, 0x008, 0x008, 0x008, 0x008, 0x008, 0x008, 0x008, 0x20c, 0x208, 0x208, 0x208, 0x208, 0x008, 0x008,
			0x008, 0x008, 0x008, 0x008, 0x008, 0x008, 0x008, 0x008, 0x008, 0x008, 0x008, 0x008, 0x008, 0x008, 0x008, 0x008,
			0x284, 0x1a0, 0x1a0, 0x1a0, 0x1a0, 0x1a0, 0x1a0, 0x1a0, 0x1a0, 0x1a0, 0x1a0, 0x1a0, 0x1a0, 0x1a0, 0x1a0, 0x1a0,
			0x8b1, 0x8b1, 0x8b1, 0x8b1, 0x8b1, 0x8b1, 0x8b1, 0x8b1, 0x8b1, 0x8b1, 0x1a0, 0x1a0, 0x1a0, 0x1a0, 0x1a0, 0x1a0,
			0x1a0, 0xca3, 0xca3, 0xca3, 0xca3, 0xca3, 0xca3, 0x4a3, 0x4a3, 0x4a3, 0x4a3, 0x4a3, 0x4a3, 0x4a3, 0x4a3, 0x4a3,
			0x4a3, 0x4a3, 0x4a3, 0x4a3, 0x4a3, 0x4a3, 0x4a3, 0x4a3, 0x4a3, 0x4a3, 0x4a3, 0x1a0, 0x1a0, 0x1a0, 0x1a0, 0x1a0,
			0x1a0, 0x8e3, 0x8e3, 0x8e3, 0x8e3, 0x8e3, 0x8e3, 0x0e3, 0x0e3, 0x0e3, 0x0e3, 0x0e3, 0x0e3, 0x0e3, 0x0e3, 0x0e3,
			0x0e3, 0x0e3, 0x0e3, 0x0e3, 0x0e3, 0x0e3, 0x0e3, 0x0e3, 0x0e3, 0x0e3, 0x0e3, 0x1a0, 0x1a0, 0x1a0, 0x1a0, 0x008,
			0x008, 0x008, 0x008, 0x008, 0x008, 0x008, 0x008, 0x008, 0x008, 0x008, 0x008, 0x008, 0x008, 0x008, 0x008, 0x008,
			0x008, 0x008, 0x008, 0x008, 0x008, 0x008, 0x008, 0x008, 0x008, 0x008, 0x008, 0x008, 0x008, 0x008, 0x008, 0x008,
			0x1a0, 0x4a3, 0x1a0, 0x4a3, 0x1a0, 0x4a3, 0x4a3, 0x1a0, 0x1a0, 0x4a3, 0x4a3, 0x4a3, 0x4a3, 0x1a0, 0x4a3, 0x4a3,
			0x1a0, 0x0e3, 0x1a0, 0x0e3, 0x1a0, 0x0e3, 0x0e3, 0x0a3, 0x1a0, 0x0e3, 0x0e3, 0x0e3, 0x0e3, 0x1a0, 0x0e3, 0x0e3,
			0x4a3, 0x4a3, 0x4a3, 0x4a3, 0x4a3, 0x4a3, 0x4a3, 0x4a3, 0x4a3, 0x4a3, 0x4a3, 0x4a3, 0x4a3, 0x4a3, 0x4a3, 0x4a3,
			0x4a3, 0x4a3, 0x4a3, 0x4a3, 0x4a3, 0x4a3, 0x4a3, 0x1a0, 0x4a3, 0x4a3, 0x4a3, 0x4a3, 0x4a3, 0x4a3, 0x4a3, 0x0e3,
			0x0e3, 0x0e3, 0x0e3, 0x0e3, 0x0e3, 0x0e3, 0x0e3, 0x0e3, 0x0e3, 0x0e3, 0x0e3, 0x0e3, 0x0e3, 0x0e3, 0x0e3, 0x0e3,
			0x0e3, 0x0e3, 0x0e3, 0x0e3, 0x0e3, 0x0e3, 0x0e3, 0x1a0, 0x0e3, 0x0e3, 0x0e3, 0x0e3, 0x0e3, 0x0e3, 0x0e3, 0x1a0,
		},
		"hr_HR.utf8": {
			0x008, 0x008, 0x008, 0x008, 0x008, 0x008, 0x008, 0x008, 0x008, 0x20c, 0x208, 0x208, 0x208, 0x208, 0x008, 0x008,
			0x008, 0x008, 0x008, 0x008, 0x008, 0x008, 0x008, 0x008, 0x008, 0x008, 0x008, 0x008, 0x008, 0x008, 0x008, 0x008,
			0x284, 0x1a0, 0x1a0, 0x1a0, 0x1a0, 0x1a0, 0x1a0, 0x1a0, 0x1a0, 0x1a0, 0x1a0, 0x1a0, 0x1a0, 0x1a0, 0x1a0, 0x1a0,
			0x8b1, 0x8b1, 0x8b1, 0x8b1, 0x8b1, 0x8b1, 0x8b1, 0x8b1, 0x8b1, 0x8b1, 0x1a0, 0x1a0, 0x1a0, 0x1a0, 0x1a0, 0x1a0,
			0x1a0, 0xca3, 0xca3, 0xca3, 0xca3, 0xca3, 0xca3, 0x4a3, 0x4a3, 0x4a3, 0x4a3, 0x4a3, 0x4a3, 0x4a3, 0x4a3, 0x4a3,
			0x4a3, 0x4a3, 0x4a3, 0x4a3, 0x4a3, 0x4a3, 0x4a3, 0x4a3, 0x4a3, 0x4a3, 0x4a3, 0x1a0, 0x1a0, 0x1a0, 0x1a0, 0x1a0,
			0x1a0, 0x8e3, 0x8e3, 0x8e3, 0x8e3, 0x8e3, 0x8e3, 0x0e3, 0x0e3, 0x0e3, 0x0e3, 0x0e3, 0x0e3, 0x0e3, 0x0e3, 0x0e3,
			0x0e3, 0x0e3, 0x0e3, 0x0e3, 0x0e3, 0x0e3, 0x0e3, 0x0e3, 0x0e3, 0x0e3, 0x0e3, 0x1a0, 0x1a0, 0x1a0, 0x1a0, 0x008,
			0x000, 0x000, 0x000, 0x000, 0x000, 0x000, 0x000, 0x000, 0x000, 0x000, 0x000, 0x000, 0x000, 0x000, 0x000, 0x000,
			0x000, 0x000, 0x000, 0x000, 0x000, 0x000, 0x000, 0x000, 0x000, 0x000, 0x000, 0x000, 0x000, 0x000, 0x000, 0x000,
			0x000, 0x000, 0x000, 0x000, 0x000, 0x000, 0x000, 0x000, 0x000, 0x000, 0x000, 0x000, 0x000, 0x000, 0x000, 0x000,
			0x000, 0x000, 0x000, 0x000, 0x000, 0x000, 0x000, 0x000, 0x000, 0x000, 0x000, 0x000, 0x000, 0x000, 0x000, 0x000,
			0x000, 0x000, 0x000, 0x000, 0x000, 0x000, 0x000, 0x000, 0x000, 0x000, 0x000, 0x000, 0x000, 0x000, 0x000, 0x000,
			0x000, 0x000, 0x000, 0x000, 0x000, 0x000, 0x000, 0x000, 0x000, 0x000, 0x000, 0x000, 0x000, 0x000, 0x000, 0x000,
			0x000, 0x000, 0x000, 0x000, 0x000, 0x000, 0x000, 0x000, 0x000, 0x000, 0x000, 0x000, 0x000, 0x000, 0x000, 0x000,
			0x000, 0x000, 0x000, 0x000, 0x000, 0x000, 0x000, 0x000, 0x000, 0x000, 0x000, 0x000, 0x000, 0x000, 0x000, 0x000,
		},
		"hsb_DE": {
			0x008, 0x008, 0x008, 0x008, 0x008, 0x008, 0x008, 0x008, 0x008, 0x20c, 0x208, 0x208, 0x208, 0x208, 0x008, 0x008,
			0x008, 0x008, 0x008, 0x008, 0x008, 0x008, 0x008, 0x008, 0x008, 0x008, 0x008, 0x008, 0x008, 0x008, 0x008, 0x008,
			0x284, 0x1a0, 0x1a0, 0x1a0, 0x1a0, 0x1a0, 0x1a0, 0x1a0, 0x1a0, 0x1a0, 0x1a0, 0x1a0, 0x1a0, 0x1a0, 0x1a0, 0x1a0,
			0x8b1, 0x8b1, 0x8b1, 0x8b1, 0x8b1, 0x8b1, 0x8b1, 0x8b1, 0x8b1, 0x8b1, 0x1a0, 0x1a0, 0x1a0, 0x1a0, 0x1a0, 0x1a0,
			0x1a0, 0xca3, 0xca3, 0xca3, 0xca3, 0xca3, 0xca3, 0x4a3, 0x4a3, 0x4a3, 0x4a3, 0x4a3, 0x4a3, 0x4a3, 0x4a3, 0x4a3,
			0x4a3, 0x4a3, 0x4a3, 0x4a3, 0x4a3, 0x4a3, 0x4a3, 0x4a3, 0x4a3, 0x4a3, 0x4a3, 0x1a0, 0x1a0, 0x1a0, 0x1a0, 0x1a0,
			0x1a0, 0x8e3, 0x8e3, 0x8e3, 0x8e3, 0x8e3, 0x8e3, 0x0e3, 0x0e3, 0x0e3, 0x0e3, 0x0e3, 0x0e3, 0x0e3, 0x0e3, 0x0e3,
			0x0e3, 0x0e3, 0x0e3, 0x0e3, 0x0e3, 0x0e3, 0x0e3, 0x0e3, 0x0e3, 0x0e3, 0x0e3, 0x1a0, 0x1a0, 0x1a0, 0x1a0, 0x008,
			0x008, 0x008, 0x008, 0x008, 0x008, 0x008, 0x008, 0x008, 0x008, 0x008, 0x008, 0x008, 0x008, 0x008, 0x008, 0x008,
			0x008, 0x008, 0x008, 0x008, 0x008, 0x008, 0x008, 0x008, 0x008, 0x008, 0x008, 0x008, 0x008, 0x008, 0x008, 0x008,
			0x1a0, 0x4a3, 0x1a0, 0x4a3, 0x1a0, 0x4a3, 0x4a3, 0x1a0, 0x1a0, 0x4a3, 0x4a3, 0x4a3, 0x4a3, 0x1a0, 0x4a3, 0x4a3,
			0x1a0, 0x0e3, 0x1a0, 0x0e3, 0x1a0, 0x0e3, 0x0e3, 0x0a3, 0x1a0, 0x0e3, 0x0e3, 0x0e3, 0x0e3, 0x1a0, 0x0e3, 0x0e3,
			0x4a3, 0x4a3, 0x4a3, 0x4a3, 0x4a3, 0x4a3, 0x4a3, 0x4a3, 0x4a3, 0x4a3, 0x4a3, 0x4a3, 0x4a3, 0x4a3, 0x4a3, 0x4a3,
			0x4a3, 0x4a3, 0x4a3, 0x4a3, 0x4a3, 0x4a3, 0x4a3, 0x1a0, 0x4a3, 0x4a3, 0x4a3, 0x4a3, 0x4a3, 0x4a3, 0x4a3, 0x0e3,
			0x0e3, 0x0e3, 0x0e3, 0x0e3, 0x0e3, 0x0e3, 0x0e3, 0x0e3, 0x0e3, 0x0e3, 0x0e3, 0x0e3, 0x0e3, 0x0e3, 0x0e3, 0x0e3,
			0x0e3, 0x0e3, 0x0e3, 0x0e3, 0x0e3, 0x0e3, 0x0e3, 0x1a0, 0x0e3, 0x0e3, 0x0e3, 0x0e3, 0x0e3, 0x0e3, 0x0e3, 0x1a0,
		},
		"hsb_DE.utf8": {
			0x008, 0x008, 0x008, 0x008, 0x008, 0x008, 0x008, 0x008, 0x008, 0x20c, 0x208, 0x208, 0x208, 0x208, 0x008, 0x008,
			0x008, 0x008, 0x008, 0x008, 0x008, 0x008, 0x008, 0x008, 0x008, 0x008, 0x008, 0x008, 0x008, 0x008, 0x008, 0x008,
			0x284, 0x1a0, 0x1a0, 0x1a0, 0x1a0, 0x1a0, 0x1a0, 0x1a0, 0x1a0, 0x1a0, 0x1a0, 0x1a0, 0x1a0, 0x1a0, 0x1a0, 0x1a0,
			0x8b1, 0x8b1, 0x8b1, 0x8b1, 0x8b1, 0x8b1, 0x8b1, 0x8b1, 0x8b1, 0x8b1, 0x1a0, 0x1a0, 0x1a0, 0x1a0, 0x1a0, 0x1a0,
			0x1a0, 0xca3, 0xca3, 0xca3, 0xca3, 0xca3, 0xca3, 0x4a3, 0x4a3, 0x4a3, 0x4a3, 0x4a3, 0x4a3, 0x4a3, 0x4a3, 0x4a3,
			0x4a3, 0x4a3, 0x4a3, 0x4a3, 0x4a3, 0x4a3, 0x4a3, 0x4a3, 0x4a3, 0x4a3, 0x4a3, 0x1a0, 0x1a0, 0x1a0, 0x1a0, 0x1a0,
			0x1a0, 0x8e3, 0x8e3, 0x8e3, 0x8e3, 0x8e3, 0x8e3, 0x0e3, 0x0e3, 0x0e3, 0x0e3, 0x0e3, 0x0e3, 0x0e3, 0x0e3, 0x0e3,
			0x0e3, 0x0e3, 0x0e3, 0x0e3, 0x0e3, 0x0e3, 0x0e3, 0x0e3, 0x0e3, 0x0e3, 0x0e3, 0x1a0, 0x1a0, 0x1a0, 0x1a0, 0x008,
			0x000, 0x000, 0x000, 0x000, 0x000, 0x000, 0x000, 0x000, 0x000, 0x000, 0x000, 0x000, 0x000, 0x000, 0x000, 0x000,
			0x000, 0x000, 0x000, 0x000, 0x000, 0x000, 0x000, 0x000, 0x000, 0x000, 0x000, 0x000, 0x000, 0x000, 0x000, 0x000,
			0x000, 0x000, 0x000, 0x000, 0x000, 0x000, 0x000, 0x000, 0x000, 0x000, 0x000, 0x000, 0x000, 0x000, 0x000, 0x000,
			0x000, 0x000, 0x000, 0x000, 0x000, 0x000, 0x000, 0x000, 0x000, 0x000, 0x000, 0x000, 0x000, 0x000, 0x000, 0x000,
			0x000, 0x000, 0x000, 0x000, 0x000, 0x000, 0x000, 0x000, 0x000, 0x000, 0x000, 0x000, 0x000, 0x000, 0x000, 0x000,
			0x000, 0x000, 0x000, 0x000, 0x000, 0x000, 0x000, 0x000, 0x000, 0x000, 0x000, 0x000, 0x000, 0x000, 0x000, 0x000,
			0x000, 0x000, 0x000, 0x000, 0x000, 0x000, 0x000, 0x000, 0x000, 0x000, 0x000, 0x000, 0x000, 0x000, 0x000, 0x000,
			0x000, 0x000, 0x000, 0x000, 0x000, 0x000, 0x000, 0x000, 0x000, 0x000, 0x000, 0x000, 0x000, 0x000, 0x000, 0x000,
		},
		"ht_HT": {
			0x008, 0x008, 0x008, 0x008, 0x008, 0x008, 0x008, 0x008, 0x008, 0x20c, 0x208, 0x208, 0x208, 0x208, 0x008, 0x008,
			0x008, 0x008, 0x008, 0x008, 0x008, 0x008, 0x008, 0x008, 0x008, 0x008, 0x008, 0x008, 0x008, 0x008, 0x008, 0x008,
			0x284, 0x1a0, 0x1a0, 0x1a0, 0x1a0, 0x1a0, 0x1a0, 0x1a0, 0x1a0, 0x1a0, 0x1a0, 0x1a0, 0x1a0, 0x1a0, 0x1a0, 0x1a0,
			0x8b1, 0x8b1, 0x8b1, 0x8b1, 0x8b1, 0x8b1, 0x8b1, 0x8b1, 0x8b1, 0x8b1, 0x1a0, 0x1a0, 0x1a0, 0x1a0, 0x1a0, 0x1a0,
			0x1a0, 0xca3, 0xca3, 0xca3, 0xca3, 0xca3, 0xca3, 0x4a3, 0x4a3, 0x4a3, 0x4a3, 0x4a3, 0x4a3, 0x4a3, 0x4a3, 0x4a3,
			0x4a3, 0x4a3, 0x4a3, 0x4a3, 0x4a3, 0x4a3, 0x4a3, 0x4a3, 0x4a3, 0x4a3, 0x4a3, 0x1a0, 0x1a0, 0x1a0, 0x1a0, 0x1a0,
			0x1a0, 0x8e3, 0x8e3, 0x8e3, 0x8e3, 0x8e3, 0x8e3, 0x0e3, 0x0e3, 0x0e3, 0x0e3, 0x0e3, 0x0e3, 0x0e3, 0x0e3, 0x0e3,
			0x0e3, 0x0e3, 0x0e3, 0x0e3, 0x0e3, 0x0e3, 0x0e3, 0x0e3, 0x0e3, 0x0e3, 0x0e3, 0x1a0, 0x1a0, 0x1a0, 0x1a0, 0x008,
			0x000, 0x000, 0x000, 0x000, 0x000, 0x000, 0x000, 0x000, 0x000, 0x000, 0x000, 0x000, 0x000, 0x000, 0x000, 0x000,
			0x000, 0x000, 0x000, 0x000, 0x000, 0x000, 0x000, 0x000, 0x000, 0x000, 0x000, 0x000, 0x000, 0x000, 0x000, 0x000,
			0x000, 0x000, 0x000, 0x000, 0x000, 0x000, 0x000, 0x000, 0x000, 0x000, 0x000, 0x000, 0x000, 0x000, 0x000, 0x000,
			0x000, 0x000, 0x000, 0x000, 0x000, 0x000, 0x000, 0x000, 0x000, 0x000, 0x000, 0x000, 0x000, 0x000, 0x000, 0x000,
			0x000, 0x000, 0x000, 0x000, 0x000, 0x000, 0x000, 0x000, 0x000, 0x000, 0x000, 0x000, 0x000, 0x000, 0x000, 0x000,
			0x000, 0x000, 0x000, 0x000, 0x000, 0x000, 0x000, 0x000, 0x000, 0x000, 0x000, 0x000, 0x000, 0x000, 0x000, 0x000,
			0x000, 0x000, 0x000, 0x000, 0x000, 0x000, 0x000, 0x000, 0x000, 0x000, 0x000, 0x000, 0x000, 0x000, 0x000, 0x000,
			0x000, 0x000, 0x000, 0x000, 0x000, 0x000, 0x000, 0x000, 0x000, 0x000, 0x000, 0x000, 0x000, 0x000, 0x000, 0x000,
		},
		"hu_HU": {
			0x008, 0x008, 0x008, 0x008, 0x008, 0x008, 0x008, 0x008, 0x008, 0x20c, 0x208, 0x208, 0x208, 0x208, 0x008, 0x008,
			0x008, 0x008, 0x008, 0x008, 0x008, 0x008, 0x008, 0x008, 0x008, 0x008, 0x008, 0x008, 0x008, 0x008, 0x008, 0x008,
			0x284, 0x1a0, 0x1a0, 0x1a0, 0x1a0, 0x1a0, 0x1a0, 0x1a0, 0x1a0, 0x1a0, 0x1a0, 0x1a0, 0x1a0, 0x1a0, 0x1a0, 0x1a0,
			0x8b1, 0x8b1, 0x8b1, 0x8b1, 0x8b1, 0x8b1, 0x8b1, 0x8b1, 0x8b1, 0x8b1, 0x1a0, 0x1a0, 0x1a0, 0x1a0, 0x1a0, 0x1a0,
			0x1a0, 0xca3, 0xca3, 0xca3, 0xca3, 0xca3, 0xca3, 0x4a3, 0x4a3, 0x4a3, 0x4a3, 0x4a3, 0x4a3, 0x4a3, 0x4a3, 0x4a3,
			0x4a3, 0x4a3, 0x4a3, 0x4a3, 0x4a3, 0x4a3, 0x4a3, 0x4a3, 0x4a3, 0x4a3, 0x4a3, 0x1a0, 0x1a0, 0x1a0, 0x1a0, 0x1a0,
			0x1a0, 0x8e3, 0x8e3, 0x8e3, 0x8e3, 0x8e3, 0x8e3, 0x0e3, 0x0e3, 0x0e3, 0x0e3, 0x0e3, 0x0e3, 0x0e3, 0x0e3, 0x0e3,
			0x0e3, 0x0e3, 0x0e3, 0x0e3, 0x0e3, 0x0e3, 0x0e3, 0x0e3, 0x0e3, 0x0e3, 0x0e3, 0x1a0, 0x1a0, 0x1a0, 0x1a0, 0x008,
			0x008, 0x008, 0x008, 0x008, 0x008, 0x008, 0x008, 0x008, 0x008, 0x008, 0x008, 0x008, 0x008, 0x008, 0x008, 0x008,
			0x008, 0x008, 0x008, 0x008, 0x008, 0x008, 0x008, 0x008, 0x008, 0x008, 0x008, 0x008, 0x008, 0x008, 0x008, 0x008,
			0x1a0, 0x4a3, 0x1a0, 0x4a3, 0x1a0, 0x4a3, 0x4a3, 0x1a0, 0x1a0, 0x4a3, 0x4a3, 0x4a3, 0x4a3, 0x1a0, 0x4a3, 0x4a3,
			0x1a0, 0x0e3, 0x1a0, 0x0e3, 0x1a0, 0x0e3, 0x0e3, 0x0a3, 0x1a0, 0x0e3, 0x0e3, 0x0e3, 0x0e3, 0x1a0, 0x0e3, 0x0e3,
			0x4a3, 0x4a3, 0x4a3, 0x4a3, 0x4a3, 0x4a3, 0x4a3, 0x4a3, 0x4a3, 0x4a3, 0x4a3, 0x4a3, 0x4a3, 0x4a3, 0x4a3, 0x4a3,
			0x4a3, 0x4a3, 0x4a3, 0x4a3, 0x4a3, 0x4a3, 0x4a3, 0x1a0, 0x4a3, 0x4a3, 0x4a3, 0x4a3, 0x4a3, 0x4a3, 0x4a3, 0x0e3,
			0x0e3, 0x0e3, 0x0e3, 0x0e3, 0x0e3, 0x0e3, 0x0e3, 0x0e3, 0x0e3, 0x0e3, 0x0e3, 0x0e3, 0x0e3, 0x0e3, 0x0e3, 0x0e3,
			0x0e3, 0x0e3, 0x0e3, 0x0e3, 0x0e3, 0x0e3, 0x0e3, 0x1a0, 0x0e3, 0x0e3, 0x0e3, 0x0e3, 0x0e3, 0x0e3, 0x0e3, 0x1a0,
		},
		"hu_HU.utf8": {
			0x008, 0x008, 0x008, 0x008, 0x008, 0x008, 0x008, 0x008, 0x008, 0x20c, 0x208, 0x208, 0x208, 0x208, 0x008, 0x008,
			0x008, 0x008, 0x008, 0x008, 0x008, 0x008, 0x008, 0x008, 0x008, 0x008, 0x008, 0x008, 0x008, 0x008, 0x008, 0x008,
			0x284, 0x1a0, 0x1a0, 0x1a0, 0x1a0, 0x1a0, 0x1a0, 0x1a0, 0x1a0, 0x1a0, 0x1a0, 0x1a0, 0x1a0, 0x1a0, 0x1a0, 0x1a0,
			0x8b1, 0x8b1, 0x8b1, 0x8b1, 0x8b1, 0x8b1, 0x8b1, 0x8b1, 0x8b1, 0x8b1, 0x1a0, 0x1a0, 0x1a0, 0x1a0, 0x1a0, 0x1a0,
			0x1a0, 0xca3, 0xca3, 0xca3, 0xca3, 0xca3, 0xca3, 0x4a3, 0x4a3, 0x4a3, 0x4a3, 0x4a3, 0x4a3, 0x4a3, 0x4a3, 0x4a3,
			0x4a3, 0x4a3, 0x4a3, 0x4a3, 0x4a3, 0x4a3, 0x4a3, 0x4a3, 0x4a3, 0x4a3, 0x4a3, 0x1a0, 0x1a0, 0x1a0, 0x1a0, 0x1a0,
			0x1a0, 0x8e3, 0x8e3, 0x8e3, 0x8e3, 0x8e3, 0x8e3, 0x0e3, 0x0e3, 0x0e3, 0x0e3, 0x0e3, 0x0e3, 0x0e3, 0x0e3, 0x0e3,
			0x0e3, 0x0e3, 0x0e3, 0x0e3, 0x0e3, 0x0e3, 0x0e3, 0x0e3, 0x0e3, 0x0e3, 0x0e3, 0x1a0, 0x1a0, 0x1a0, 0x1a0, 0x008,
			0x000, 0x000, 0x000, 0x000, 0x000, 0x000, 0x000, 0x000, 0x000, 0x000, 0x000, 0x000, 0x000, 0x000, 0x000, 0x000,
			0x000, 0x000, 0x000, 0x000, 0x000, 0x000, 0x000, 0x000, 0x000, 0x000, 0x000, 0x000, 0x000, 0x000, 0x000, 0x000,
			0x000, 0x000, 0x000, 0x000, 0x000, 0x000, 0x000, 0x000, 0x000, 0x000, 0x000, 0x000, 0x000, 0x000, 0x000, 0x000,
			0x000, 0x000, 0x000, 0x000, 0x000, 0x000, 0x000, 0x000, 0x000, 0x000, 0x000, 0x000, 0x000, 0x000, 0x000, 0x000,
			0x000, 0x000, 0x000, 0x000, 0x000, 0x000, 0x000, 0x000, 0x000, 0x000, 0x000, 0x000, 0x000, 0x000, 0x000, 0x000,
			0x000, 0x000, 0x000, 0x000, 0x000, 0x000, 0x000, 0x000, 0x000, 0x000, 0x000, 0x000, 0x000, 0x000, 0x000, 0x000,
			0x000, 0x000, 0x000, 0x000, 0x000, 0x000, 0x000, 0x000, 0x000, 0x000, 0x000, 0x000, 0x000, 0x000, 0x000, 0x000,
			0x000, 0x000, 0x000, 0x000, 0x000, 0x000, 0x000, 0x000, 0x000, 0x000, 0x000, 0x000, 0x000, 0x000, 0x000, 0x000,
		},
		"hy_AM": {
			0x008, 0x008, 0x008, 0x008, 0x008, 0x008, 0x008, 0x008, 0x008, 0x20c, 0x208, 0x208, 0x208, 0x208, 0x008, 0x008,
			0x008, 0x008, 0x008, 0x008, 0x008, 0x008, 0x008, 0x008, 0x008, 0x008, 0x008, 0x008, 0x008, 0x008, 0x008, 0x008,
			0x284, 0x1a0, 0x1a0, 0x1a0, 0x1a0, 0x1a0, 0x1a0, 0x1a0, 0x1a0, 0x1a0, 0x1a0, 0x1a0, 0x1a0, 0x1a0, 0x1a0, 0x1a0,
			0x8b1, 0x8b1, 0x8b1, 0x8b1, 0x8b1, 0x8b1, 0x8b1, 0x8b1, 0x8b1, 0x8b1, 0x1a0, 0x1a0, 0x1a0, 0x1a0, 0x1a0, 0x1a0,
			0x1a0, 0xca3, 0xca3, 0xca3, 0xca3, 0xca3, 0xca3, 0x4a3, 0x4a3, 0x4a3, 0x4a3, 0x4a3, 0x4a3, 0x4a3, 0x4a3, 0x4a3,
			0x4a3, 0x4a3, 0x4a3, 0x4a3, 0x4a3, 0x4a3, 0x4a3, 0x4a3, 0x4a3, 0x4a3, 0x4a3, 0x1a0, 0x1a0, 0x1a0, 0x1a0, 0x1a0,
			0x1a0, 0x8e3, 0x8e3, 0x8e3, 0x8e3, 0x8e3, 0x8e3, 0x0e3, 0x0e3, 0x0e3, 0x0e3, 0x0e3, 0x0e3, 0x0e3, 0x0e3, 0x0e3,
			0x0e3, 0x0e3, 0x0e3, 0x0e3, 0x0e3, 0x0e3, 0x0e3, 0x0e3, 0x0e3, 0x0e3, 0x0e3, 0x1a0, 0x1a0, 0x1a0, 0x1a0, 0x008,
			0x000, 0x000, 0x000, 0x000, 0x000, 0x000, 0x000, 0x000, 0x000, 0x000, 0x000, 0x000, 0x000, 0x000, 0x000, 0x000,
			0x000, 0x000, 0x000, 0x000, 0x000, 0x000, 0x000, 0x000, 0x000, 0x000, 0x000, 0x000, 0x000, 0x000, 0x000, 0x000,
			0x000, 0x000, 0x000, 0x000, 0x000, 0x000, 0x000, 0x000, 0x000, 0x000, 0x000, 0x000, 0x000, 0x000, 0x000, 0x000,
			0x000, 0x000, 0x000, 0x000, 0x000, 0x000, 0x000, 0x000, 0x000, 0x000, 0x000, 0x000, 0x000, 0x000, 0x000, 0x000,
			0x000, 0x000, 0x000, 0x000, 0x000, 0x000, 0x000, 0x000, 0x000, 0x000, 0x000, 0x000, 0x000, 0x000, 0x000, 0x000,
			0x000, 0x000, 0x000, 0x000, 0x000, 0x000, 0x000, 0x000, 0x000, 0x000, 0x000, 0x000, 0x000, 0x000, 0x000, 0x000,
			0x000, 0x000, 0x000, 0x000, 0x000, 0x000, 0x000, 0x000, 0x000, 0x000, 0x000, 0x000, 0x000, 0x000, 0x000, 0x000,
			0x000, 0x000, 0x000, 0x000, 0x000, 0x000, 0x000, 0x000, 0x000, 0x000, 0x000, 0x000, 0x000, 0x000, 0x000, 0x000,
		},
		"ia_FR": {
			0x008, 0x008, 0x008, 0x008, 0x008, 0x008, 0x008, 0x008, 0x008, 0x20c, 0x208, 0x208, 0x208, 0x208, 0x008, 0x008,
			0x008, 0x008, 0x008, 0x008, 0x008, 0x008, 0x008, 0x008, 0x008, 0x008, 0x008, 0x008, 0x008, 0x008, 0x008, 0x008,
			0x284, 0x1a0, 0x1a0, 0x1a0, 0x1a0, 0x1a0, 0x1a0, 0x1a0, 0x1a0, 0x1a0, 0x1a0, 0x1a0, 0x1a0, 0x1a0, 0x1a0, 0x1a0,
			0x8b1, 0x8b1, 0x8b1, 0x8b1, 0x8b1, 0x8b1, 0x8b1, 0x8b1, 0x8b1, 0x8b1, 0x1a0, 0x1a0, 0x1a0, 0x1a0, 0x1a0, 0x1a0,
			0x1a0, 0xca3, 0xca3, 0xca3, 0xca3, 0xca3, 0xca3, 0x4a3, 0x4a3, 0x4a3, 0x4a3, 0x4a3, 0x4a3, 0x4a3, 0x4a3, 0x4a3,
			0x4a3, 0x4a3, 0x4a3, 0x4a3, 0x4a3, 0x4a3, 0x4a3, 0x4a3, 0x4a3, 0x4a3, 0x4a3, 0x1a0, 0x1a0, 0x1a0, 0x1a0, 0x1a0,
			0x1a0, 0x8e3, 0x8e3, 0x8e3, 0x8e3, 0x8e3, 0x8e3, 0x0e3, 0x0e3, 0x0e3, 0x0e3, 0x0e3, 0x0e3, 0x0e3, 0x0e3, 0x0e3,
			0x0e3, 0x0e3, 0x0e3, 0x0e3, 0x0e3, 0x0e3, 0x0e3, 0x0e3, 0x0e3, 0x0e3, 0x0e3, 0x1a0, 0x1a0, 0x1a0, 0x1a0, 0x008,
			0x000, 0x000, 0x000, 0x000, 0x000, 0x000, 0x000, 0x000, 0x000, 0x000, 0x000, 0x000, 0x000, 0x000, 0x000, 0x000,
			0x000, 0x000, 0x000, 0x000, 0x000, 0x000, 0x000, 0x000, 0x000, 0x000, 0x000, 0x000, 0x000, 0x000, 0x000, 0x000,
			0x000, 0x000, 0x000, 0x000, 0x000, 0x000, 0x000, 0x000, 0x000, 0x000, 0x000, 0x000, 0x000, 0x000, 0x000, 0x000,
			0x000, 0x000, 0x000, 0x000, 0x000, 0x000, 0x000, 0x000, 0x000, 0x000, 0x000, 0x000, 0x000, 0x000, 0x000, 0x000,
			0x000, 0x000, 0x000, 0x000, 0x000, 0x000, 0x000, 0x000, 0x000, 0x000, 0x000, 0x000, 0x000, 0x000, 0x000, 0x000,
			0x000, 0x000, 0x000, 0x000, 0x000, 0x000, 0x000, 0x000, 0x000, 0x000, 0x000, 0x000, 0x000, 0x000, 0x000, 0x000,
			0x000, 0x000, 0x000, 0x000, 0x000, 0x000, 0x000, 0x000, 0x000, 0x000, 0x000, 0x000, 0x000, 0x000, 0x000, 0x000,
			0x000, 0x000, 0x000, 0x000, 0x000, 0x000, 0x000, 0x000, 0x000, 0x000, 0x000, 0x000, 0x000, 0x000, 0x000, 0x000,
		},
		"id_ID": {
			0x008, 0x008, 0x008, 0x008, 0x008, 0x008, 0x008, 0x008, 0x008, 0x20c, 0x208, 0x208, 0x208, 0x208, 0x008, 0x008,
			0x008, 0x008, 0x008, 0x008, 0x008, 0x008, 0x008, 0x008, 0x008, 0x008, 0x008, 0x008, 0x008, 0x008, 0x008, 0x008,
			0x284, 0x1a0, 0x1a0, 0x1a0, 0x1a0, 0x1a0, 0x1a0, 0x1a0, 0x1a0, 0x1a0, 0x1a0, 0x1a0, 0x1a0, 0x1a0, 0x1a0, 0x1a0,
			0x8b1, 0x8b1, 0x8b1, 0x8b1, 0x8b1, 0x8b1, 0x8b1, 0x8b1, 0x8b1, 0x8b1, 0x1a0, 0x1a0, 0x1a0, 0x1a0, 0x1a0, 0x1a0,
			0x1a0, 0xca3, 0xca3, 0xca3, 0xca3, 0xca3, 0xca3, 0x4a3, 0x4a3, 0x4a3, 0x4a3, 0x4a3, 0x4a3, 0x4a3, 0x4a3, 0x4a3,
			0x4a3, 0x4a3, 0x4a3, 0x4a3, 0x4a3, 0x4a3, 0x4a3, 0x4a3, 0x4a3, 0x4a3, 0x4a3, 0x1a0, 0x1a0, 0x1a0, 0x1a0, 0x1a0,
			0x1a0, 0x8e3, 0x8e3, 0x8e3, 0x8e3, 0x8e3, 0x8e3, 0x0e3, 0x0e3, 0x0e3, 0x0e3, 0x0e3, 0x0e3, 0x0e3, 0x0e3, 0x0e3,
			0x0e3, 0x0e3, 0x0e3, 0x0e3, 0x0e3, 0x0e3, 0x0e3, 0x0e3, 0x0e3, 0x0e3, 0x0e3, 0x1a0, 0x1a0, 0x1a0, 0x1a0, 0x008,
			0x008, 0x008, 0x008, 0x008, 0x008, 0x008, 0x008, 0x008, 0x008, 0x008, 0x008, 0x008, 0x008, 0x008, 0x008, 0x008,
			0x008, 0x008, 0x008, 0x008, 0x008, 0x008, 0x008, 0x008, 0x008, 0x008, 0x008, 0x008, 0x008, 0x008, 0x008, 0x008,
			0x1a0, 0x1a0, 0x1a0, 0x1a0, 0x1a0, 0x1a0, 0x1a0, 0x1a0, 0x1a0, 0x1a0, 0x0e3, 0x1a0, 0x1a0, 0x1a0, 0x1a0, 0x1a0,
			0x1a0, 0x1a0, 0x1a0, 0x1a0, 0x1a0, 0x0e3, 0x1a0, 0x1a0, 0x1a0, 0x1a0, 0x0e3, 0x1a0, 0x1a0, 0x1a0, 0x1a0, 0x1a0,
			0x4a3, 0x4a3, 0x4a3, 0x4a3, 0x4a3, 0x4a3, 0x4a3, 0x4a3, 0x4a3, 0x4a3, 0x4a3, 0x4a3, 0x4a3, 0x4a3, 0x4a3, 0x4a3,
			0x4a3, 0x4a3, 0x4a3, 0x4a3, 0x4a3, 0x4a3, 0x4a3, 0x1a0, 0x4a3, 0x4a3, 0x4a3, 0x4a3, 0x4a3, 0x4a3, 0x4a3, 0x0e3,
			0x0e3, 0x0e3, 0x0e3, 0x0e3, 0x0e3, 0x0e3, 0x0e3, 0x0e3, 0x0e3, 0x0e3, 0x0e3, 0x0e3, 0x0e3, 0x0e3, 0x0e3, 0x0e3,
			0x0e3, 0x0e3, 0x0e3, 0x0e3, 0x0e3, 0x0e3, 0x0e3, 0x1a0, 0x0e3, 0x0e3, 0x0e3, 0x0e3, 0x0e3, 0x0e3, 0x0e3, 0x0e3,
		},
		"id_ID.utf8": {
			0x008, 0x008, 0x008, 0x008, 0x008, 0x008, 0x008, 0x008, 0x008, 0x20c, 0x208, 0x208, 0x208, 0x208, 0x008, 0x008,
			0x008, 0x008, 0x008, 0x008, 0x008, 0x008, 0x008, 0x008, 0x008, 0x008, 0x008, 0x008, 0x008, 0x008, 0x008, 0x008,
			0x284, 0x1a0, 0x1a0, 0x1a0, 0x1a0, 0x1a0, 0x1a0, 0x1a0, 0x1a0, 0x1a0, 0x1a0, 0x1a0, 0x1a0, 0x1a0, 0x1a0, 0x1a0,
			0x8b1, 0x8b1, 0x8b1, 0x8b1, 0x8b1, 0x8b1, 0x8b1, 0x8b1, 0x8b1, 0x8b1, 0x1a0, 0x1a0, 0x1a0, 0x1a0, 0x1a0, 0x1a0,
			0x1a0, 0xca3, 0xca3, 0xca3, 0xca3, 0xca3, 0xca3, 0x4a3, 0x4a3, 0x4a3, 0x4a3, 0x4a3, 0x4a3, 0x4a3, 0x4a3, 0x4a3,
			0x4a3, 0x4a3, 0x4a3, 0x4a3, 0x4a3, 0x4a3, 0x4a3, 0x4a3, 0x4a3, 0x4a3, 0x4a3, 0x1a0, 0x1a0, 0x1a0, 0x1a0, 0x1a0,
			0x1a0, 0x8e3, 0x8e3, 0x8e3, 0x8e3, 0x8e3, 0x8e3, 0x0e3, 0x0e3, 0x0e3, 0x0e3, 0x0e3, 0x0e3, 0x0e3, 0x0e3, 0x0e3,
			0x0e3, 0x0e3, 0x0e3, 0x0e3, 0x0e3, 0x0e3, 0x0e3, 0x0e3, 0x0e3, 0x0e3, 0x0e3, 0x1a0, 0x1a0, 0x1a0, 0x1a0, 0x008,
			0x000, 0x000, 0x000, 0x000, 0x000, 0x000, 0x000, 0x000, 0x000, 0x000, 0x000, 0x000, 0x000, 0x000, 0x000, 0x000,
			0x000, 0x000, 0x000, 0x000, 0x000, 0x000, 0x000, 0x000, 0x000, 0x000, 0x000, 0x000, 0x000, 0x000, 0x000, 0x000,
			0x000, 0x000, 0x000, 0x000, 0x000, 0x000, 0x000, 0x000, 0x000, 0x000, 0x000, 0x000, 0x000, 0x000, 0x000, 0x000,
			0x000, 0x000, 0x000, 0x000, 0x000, 0x000, 0x000, 0x000, 0x000, 0x000, 0x000, 0x000, 0x000, 0x000, 0x000, 0x000,
			0x000, 0x000, 0x000, 0x000, 0x000, 0x000, 0x000, 0x000, 0x000, 0x000, 0x000, 0x000, 0x000, 0x000, 0x000, 0x000,
			0x000, 0x000, 0x000, 0x000, 0x000, 0x000, 0x000, 0x000, 0x000, 0x000, 0x000, 0x000, 0x000, 0x000, 0x000, 0x000,
			0x000, 0x000, 0x000, 0x000, 0x000, 0x000, 0x000, 0x000, 0x000, 0x000, 0x000, 0x000, 0x000, 0x000, 0x000, 0x000,
			0x000, 0x000, 0x000, 0x000, 0x000, 0x000, 0x000, 0x000, 0x000, 0x000, 0x000, 0x000, 0x000, 0x000, 0x000, 0x000,
		},
		"ig_NG": {
			0x008, 0x008, 0x008, 0x008, 0x008, 0x008, 0x008, 0x008, 0x008, 0x20c, 0x208, 0x208, 0x208, 0x208, 0x008, 0x008,
			0x008, 0x008, 0x008, 0x008, 0x008, 0x008, 0x008, 0x008, 0x008, 0x008, 0x008, 0x008, 0x008, 0x008, 0x008, 0x008,
			0x284, 0x1a0, 0x1a0, 0x1a0, 0x1a0, 0x1a0, 0x1a0, 0x1a0, 0x1a0, 0x1a0, 0x1a0, 0x1a0, 0x1a0, 0x1a0, 0x1a0, 0x1a0,
			0x8b1, 0x8b1, 0x8b1, 0x8b1, 0x8b1, 0x8b1, 0x8b1, 0x8b1, 0x8b1, 0x8b1, 0x1a0, 0x1a0, 0x1a0, 0x1a0, 0x1a0, 0x1a0,
			0x1a0, 0xca3, 0xca3, 0xca3, 0xca3, 0xca3, 0xca3, 0x4a3, 0x4a3, 0x4a3, 0x4a3, 0x4a3, 0x4a3, 0x4a3, 0x4a3, 0x4a3,
			0x4a3, 0x4a3, 0x4a3, 0x4a3, 0x4a3, 0x4a3, 0x4a3, 0x4a3, 0x4a3, 0x4a3, 0x4a3, 0x1a0, 0x1a0, 0x1a0, 0x1a0, 0x1a0,
			0x1a0, 0x8e3, 0x8e3, 0x8e3, 0x8e3, 0x8e3, 0x8e3, 0x0e3, 0x0e3, 0x0e3, 0x0e3, 0x0e3, 0x0e3, 0x0e3, 0x0e3, 0x0e3,
			0x0e3, 0x0e3, 0x0e3, 0x0e3, 0x0e3, 0x0e3, 0x0e3, 0x0e3, 0x0e3, 0x0e3, 0x0e3, 0x1a0, 0x1a0, 0x1a0, 0x1a0, 0x008,
			0x000, 0x000, 0x000, 0x000, 0x000, 0x000, 0x000, 0x000, 0x000, 0x000, 0x000, 0x000, 0x000, 0x000, 0x000, 0x000,
			0x000, 0x000, 0x000, 0x000, 0x000, 0x000, 0x000, 0x000, 0x000, 0x000, 0x000, 0x000, 0x000, 0x000, 0x000, 0x000,
			0x000, 0x000, 0x000, 0x000, 0x000, 0x000, 0x000, 0x000, 0x000, 0x000, 0x000, 0x000, 0x000, 0x000, 0x000, 0x000,
			0x000, 0x000, 0x000, 0x000, 0x000, 0x000, 0x000, 0x000, 0x000, 0x000, 0x000, 0x000, 0x000, 0x000, 0x000, 0x000,
			0x000, 0x000, 0x000, 0x000, 0x000, 0x000, 0x000, 0x000, 0x000, 0x000, 0x000, 0x000, 0x000, 0x000, 0x000, 0x000,
			0x000, 0x000, 0x000, 0x000, 0x000, 0x000, 0x000, 0x000, 0x000, 0x000, 0x000, 0x000, 0x000, 0x000, 0x000, 0x000,
			0x000, 0x000, 0x000, 0x000, 0x000, 0x000, 0x000, 0x000, 0x000, 0x000, 0x000, 0x000, 0x000, 0x000, 0x000, 0x000,
			0x000, 0x000, 0x000, 0x000, 0x000, 0x000, 0x000, 0x000, 0x000, 0x000, 0x000, 0x000, 0x000, 0x000, 0x000, 0x000,
		},
		"ik_CA": {
			0x008, 0x008, 0x008, 0x008, 0x008, 0x008, 0x008, 0x008, 0x008, 0x20c, 0x208, 0x208, 0x208, 0x208, 0x008, 0x008,
			0x008, 0x008, 0x008, 0x008, 0x008, 0x008, 0x008, 0x008, 0x008, 0x008, 0x008, 0x008, 0x008, 0x008, 0x008, 0x008,
			0x284, 0x1a0, 0x1a0, 0x1a0, 0x1a0, 0x1a0, 0x1a0, 0x1a0, 0x1a0, 0x1a0, 0x1a0, 0x1a0, 0x1a0, 0x1a0, 0x1a0, 0x1a0,
			0x8b1, 0x8b1, 0x8b1, 0x8b1, 0x8b1, 0x8b1, 0x8b1, 0x8b1, 0x8b1, 0x8b1, 0x1a0, 0x1a0, 0x1a0, 0x1a0, 0x1a0, 0x1a0,
			0x1a0, 0xca3, 0xca3, 0xca3, 0xca3, 0xca3, 0xca3, 0x4a3, 0x4a3, 0x4a3, 0x4a3, 0x4a3, 0x4a3, 0x4a3, 0x4a3, 0x4a3,
			0x4a3, 0x4a3, 0x4a3, 0x4a3, 0x4a3, 0x4a3, 0x4a3, 0x4a3, 0x4a3, 0x4a3, 0x4a3, 0x1a0, 0x1a0, 0x1a0, 0x1a0, 0x1a0,
			0x1a0, 0x8e3, 0x8e3, 0x8e3, 0x8e3, 0x8e3, 0x8e3, 0x0e3, 0x0e3, 0x0e3, 0x0e3, 0x0e3, 0x0e3, 0x0e3, 0x0e3, 0x0e3,
			0x0e3, 0x0e3, 0x0e3, 0x0e3, 0x0e3, 0x0e3, 0x0e3, 0x0e3, 0x0e3, 0x0e3, 0x0e3, 0x1a0, 0x1a0, 0x1a0, 0x1a0, 0x008,
			0x000, 0x000, 0x000, 0x000, 0x000, 0x000, 0x000, 0x000, 0x000, 0x000, 0x000, 0x000, 0x000, 0x000, 0x000, 0x000,
			0x000, 0x000, 0x000, 0x000, 0x000, 0x000, 0x000, 0x000, 0x000, 0x000, 0x000, 0x000, 0x000, 0x000, 0x000, 0x000,
			0x000, 0x000, 0x000, 0x000, 0x000, 0x000, 0x000, 0x000, 0x000, 0x000, 0x000, 0x000, 0x000, 0x000, 0x000, 0x000,
			0x000, 0x000, 0x000, 0x000, 0x000, 0x000, 0x000, 0x000, 0x000, 0x000, 0x000, 0x000, 0x000, 0x000, 0x000, 0x000,
			0x000, 0x000, 0x000, 0x000, 0x000, 0x000, 0x000, 0x000, 0x000, 0x000, 0x000, 0x000, 0x000, 0x000, 0x000, 0x000,
			0x000, 0x000, 0x000, 0x000, 0x000, 0x000, 0x000, 0x000, 0x000, 0x000, 0x000, 0x000, 0x000, 0x000, 0x000, 0x000,
			0x000, 0x000, 0x000, 0x000, 0x000, 0x000, 0x000, 0x000, 0x000, 0x000, 0x000, 0x000, 0x000, 0x000, 0x000, 0x000,
			0x000, 0x000, 0x000, 0x000, 0x000, 0x000, 0x000, 0x000, 0x000, 0x000, 0x000, 0x000, 0x000, 0x000, 0x000, 0x000,
		},
		"is_IS": {
			0x008, 0x008, 0x008, 0x008, 0x008, 0x008, 0x008, 0x008, 0x008, 0x20c, 0x208, 0x208, 0x208, 0x208, 0x008, 0x008,
			0x008, 0x008, 0x008, 0x008, 0x008, 0x008, 0x008, 0x008, 0x008, 0x008, 0x008, 0x008, 0x008, 0x008, 0x008, 0x008,
			0x284, 0x1a0, 0x1a0, 0x1a0, 0x1a0, 0x1a0, 0x1a0, 0x1a0, 0x1a0, 0x1a0, 0x1a0, 0x1a0, 0x1a0, 0x1a0, 0x1a0, 0x1a0,
			0x8b1, 0x8b1, 0x8b1, 0x8b1, 0x8b1, 0x8b1, 0x8b1, 0x8b1, 0x8b1, 0x8b1, 0x1a0, 0x1a0, 0x1a0, 0x1a0, 0x1a0, 0x1a0,
			0x1a0, 0xca3, 0xca3, 0xca3, 0xca3, 0xca3, 0xca3, 0x4a3, 0x4a3, 0x4a3, 0x4a3, 0x4a3, 0x4a3, 0x4a3, 0x4a3, 0x4a3,
			0x4a3, 0x4a3, 0x4a3, 0x4a3, 0x4a3, 0x4a3, 0x4a3, 0x4a3, 0x4a3, 0x4a3, 0x4a3, 0x1a0, 0x1a0, 0x1a0, 0x1a0, 0x1a0,
			0x1a0, 0x8e3, 0x8e3, 0x8e3, 0x8e3, 0x8e3, 0x8e3, 0x0e3, 0x0e3, 0x0e3, 0x0e3, 0x0e3, 0x0e3, 0x0e3, 0x0e3, 0x0e3,
			0x0e3, 0x0e3, 0x0e3, 0x0e3, 0x0e3, 0x0e3, 0x0e3, 0x0e3, 0x0e3, 0x0e3, 0x0e3, 0x1a0, 0x1a0, 0x1a0, 0x1a0, 0x008,
			0x008, 0x008, 0x008, 0x008, 0x008, 0x008, 0x008, 0x008, 0x008, 0x008, 0x008, 0x008, 0x008, 0x008, 0x008, 0x008,
			0x008, 0x008, 0x008, 0x008, 0x008, 0x008, 0x008, 0x008, 0x008, 0x008, 0x008, 0x008, 0x008, 0x008, 0x008, 0x008,
			0x1a0, 0x1a0, 0x1a0, 0x1a0, 0x1a0, 0x1a0, 0x1a0, 0x1a0, 0x1a0, 0x1a0, 0x0e3, 0x1a0, 0x1a0, 0x1a0, 0x1a0, 0x1a0,
			0x1a0, 0x1a0, 0x1a0, 0x1a0, 0x1a0, 0x0e3, 0x1a0, 0x1a0, 0x1a0, 0x1a0, 0x0e3, 0x1a0, 0x1a0, 0x1a0, 0x1a0, 0x1a0,
			0x4a3, 0x4a3, 0x4a3, 0x4a3, 0x4a3, 0x4a3, 0x4a3, 0x4a3, 0x4a3, 0x4a3, 0x4a3, 0x4a3, 0x4a3, 0x4a3, 0x4a3, 0x4a3,
			0x4a3, 0x4a3, 0x4a3, 0x4a3, 0x4a3, 0x4a3, 0x4a3, 0x1a0, 0x4a3, 0x4a3, 0x4a3, 0x4a3, 0x4a3, 0x4a3, 0x4a3, 0x0e3,
			0x0e3, 0x0e3, 0x0e3, 0x0e3, 0x0e3, 0x0e3, 0x0e3, 0x0e3, 0x0e3, 0x0e3, 0x0e3, 0x0e3, 0x0e3, 0x0e3, 0x0e3, 0x0e3,
			0x0e3, 0x0e3, 0x0e3, 0x0e3, 0x0e3, 0x0e3, 0x0e3, 0x1a0, 0x0e3, 0x0e3, 0x0e3, 0x0e3, 0x0e3, 0x0e3, 0x0e3, 0x0e3,
		},
		"is_IS.utf8": {
			0x008, 0x008, 0x008, 0x008, 0x008, 0x008, 0x008, 0x008, 0x008, 0x20c, 0x208, 0x208, 0x208, 0x208, 0x008, 0x008,
			0x008, 0x008, 0x008, 0x008, 0x008, 0x008, 0x008, 0x008, 0x008, 0x008, 0x008, 0x008, 0x008, 0x008, 0x008, 0x008,
			0x284, 0x1a0, 0x1a0, 0x1a0, 0x1a0, 0x1a0, 0x1a0, 0x1a0, 0x1a0, 0x1a0, 0x1a0, 0x1a0, 0x1a0, 0x1a0, 0x1a0, 0x1a0,
			0x8b1, 0x8b1, 0x8b1, 0x8b1, 0x8b1, 0x8b1, 0x8b1, 0x8b1, 0x8b1, 0x8b1, 0x1a0, 0x1a0, 0x1a0, 0x1a0, 0x1a0, 0x1a0,
			0x1a0, 0xca3, 0xca3, 0xca3, 0xca3, 0xca3, 0xca3, 0x4a3, 0x4a3, 0x4a3, 0x4a3, 0x4a3, 0x4a3, 0x4a3, 0x4a3, 0x4a3,
			0x4a3, 0x4a3, 0x4a3, 0x4a3, 0x4a3, 0x4a3, 0x4a3, 0x4a3, 0x4a3, 0x4a3, 0x4a3, 0x1a0, 0x1a0, 0x1a0, 0x1a0, 0x1a0,
			0x1a0, 0x8e3, 0x8e3, 0x8e3, 0x8e3, 0x8e3, 0x8e3, 0x0e3, 0x0e3, 0x0e3, 0x0e3, 0x0e3, 0x0e3, 0x0e3, 0x0e3, 0x0e3,
			0x0e3, 0x0e3, 0x0e3, 0x0e3, 0x0e3, 0x0e3, 0x0e3, 0x0e3, 0x0e3, 0x0e3, 0x0e3, 0x1a0, 0x1a0, 0x1a0, 0x1a0, 0x008,
			0x000, 0x000, 0x000, 0x000, 0x000, 0x000, 0x000, 0x000, 0x000, 0x000, 0x000, 0x000, 0x000, 0x000, 0x000, 0x000,
			0x000, 0x000, 0x000, 0x000, 0x000, 0x000, 0x000, 0x000, 0x000, 0x000, 0x000, 0x000, 0x000, 0x000, 0x000, 0x000,
			0x000, 0x000, 0x000, 0x000, 0x000, 0x000, 0x000, 0x000, 0x000, 0x000, 0x000, 0x000, 0x000, 0x000, 0x000, 0x000,
			0x000, 0x000, 0x000, 0x000, 0x000, 0x000, 0x000, 0x000, 0x000, 0x000, 0x000, 0x000, 0x000, 0x000, 0x000, 0x000,
			0x000, 0x000, 0x000, 0x000, 0x000, 0x000, 0x000, 0x000, 0x000, 0x000, 0x000, 0x000, 0x000, 0x000, 0x000, 0x000,
			0x000, 0x000, 0x000, 0x000, 0x000, 0x000, 0x000, 0x000, 0x000, 0x000, 0x000, 0x000, 0x000, 0x000, 0x000, 0x000,
			0x000, 0x000, 0x000, 0x000, 0x000, 0x000, 0x000, 0x000, 0x000, 0x000, 0x000, 0x000, 0x000, 0x000, 0x000, 0x000,
			0x000, 0x000, 0x000, 0x000, 0x000, 0x000, 0x000, 0x000, 0x000, 0x000, 0x000, 0x000, 0x000, 0x000, 0x000, 0x000,
		},
		"it_CH": {
			0x008, 0x008, 0x008, 0x008, 0x008, 0x008, 0x008, 0x008, 0x008, 0x20c, 0x208, 0x208, 0x208, 0x208, 0x008, 0x008,
			0x008, 0x008, 0x008, 0x008, 0x008, 0x008, 0x008, 0x008, 0x008, 0x008, 0x008, 0x008, 0x008, 0x008, 0x008, 0x008,
			0x284, 0x1a0, 0x1a0, 0x1a0, 0x1a0, 0x1a0, 0x1a0, 0x1a0, 0x1a0, 0x1a0, 0x1a0, 0x1a0, 0x1a0, 0x1a0, 0x1a0, 0x1a0,
			0x8b1, 0x8b1, 0x8b1, 0x8b1, 0x8b1, 0x8b1, 0x8b1, 0x8b1, 0x8b1, 0x8b1, 0x1a0, 0x1a0, 0x1a0, 0x1a0, 0x1a0, 0x1a0,
			0x1a0, 0xca3, 0xca3, 0xca3, 0xca3, 0xca3, 0xca3, 0x4a3, 0x4a3, 0x4a3, 0x4a3, 0x4a3, 0x4a3, 0x4a3, 0x4a3, 0x4a3,
			0x4a3, 0x4a3, 0x4a3, 0x4a3, 0x4a3, 0x4a3, 0x4a3, 0x4a3, 0x4a3, 0x4a3, 0x4a3, 0x1a0, 0x1a0, 0x1a0, 0x1a0, 0x1a0,
			0x1a0, 0x8e3, 0x8e3, 0x8e3, 0x8e3, 0x8e3, 0x8e3, 0x0e3, 0x0e3, 0x0e3, 0x0e3, 0x0e3, 0x0e3, 0x0e3, 0x0e3, 0x0e3,
			0x0e3, 0x0e3, 0x0e3, 0x0e3, 0x0e3, 0x0e3, 0x0e3, 0x0e3, 0x0e3, 0x0e3, 0x0e3, 0x1a0, 0x1a0, 0x1a0, 0x1a0, 0x008,
			0x008, 0x008, 0x008, 0x008, 0x008, 0x008, 0x008, 0x008, 0x008, 0x008, 0x008, 0x008, 0x008, 0x008, 0x008, 0x008,
			0x008, 0x008, 0x008, 0x008, 0x008, 0x008, 0x008, 0x008, 0x008, 0x008, 0x008, 0x008, 0x008, 0x008, 0x008, 0x008,
			0x1a0, 0x1a0, 0x1a0, 0x1a0, 0x1a0, 0x1a0, 0x1a0, 0x1a0, 0x1a0, 0x1a0, 0x0e3, 0x1a0, 0x1a0, 0x1a0, 0x1a0, 0x1a0,
			0x1a0, 0x1a0, 0x1a0, 0x1a0, 0x1a0, 0x0e3, 0x1a0, 0x1a0, 0x1a0, 0x1a0, 0x0e3, 0x1a0, 0x1a0, 0x1a0, 0x1a0, 0x1a0,
			0x4a3, 0x4a3, 0x4a3, 0x4a3, 0x4a3, 0x4a3, 0x4a3, 0x4a3, 0x4a3, 0x4a3, 0x4a3, 0x4a3, 0x4a3, 0x4a3, 0x4a3, 0x4a3,
			0x4a3, 0x4a3, 0x4a3, 0x4a3, 0x4a3, 0x4a3, 0x4a3, 0x1a0, 0x4a3, 0x4a3, 0x4a3, 0x4a3, 0x4a3, 0x4a3, 0x4a3, 0x0e3,
			0x0e3, 0x0e3, 0x0e3, 0x0e3, 0x0e3, 0x0e3, 0x0e3, 0x0e3, 0x0e3, 0x0e3, 0x0e3, 0x0e3, 0x0e3, 0x0e3, 0x0e3, 0x0e3,
			0x0e3, 0x0e3, 0x0e3, 0x0e3, 0x0e3, 0x0e3, 0x0e3, 0x1a0, 0x0e3, 0x0e3, 0x0e3, 0x0e3, 0x0e3, 0x0e3, 0x0e3, 0x0e3,
		},
		"it_CH.utf8": {
			0x008, 0x008, 0x008, 0x008, 0x008, 0x008, 0x008, 0x008, 0x008, 0x20c, 0x208, 0x208, 0x208, 0x208, 0x008, 0x008,
			0x008, 0x008, 0x008, 0x008, 0x008, 0x008, 0x008, 0x008, 0x008, 0x008, 0x008, 0x008, 0x008, 0x008, 0x008, 0x008,
			0x284, 0x1a0, 0x1a0, 0x1a0, 0x1a0, 0x1a0, 0x1a0, 0x1a0, 0x1a0, 0x1a0, 0x1a0, 0x1a0, 0x1a0, 0x1a0, 0x1a0, 0x1a0,
			0x8b1, 0x8b1, 0x8b1, 0x8b1, 0x8b1, 0x8b1, 0x8b1, 0x8b1, 0x8b1, 0x8b1, 0x1a0, 0x1a0, 0x1a0, 0x1a0, 0x1a0, 0x1a0,
			0x1a0, 0xca3, 0xca3, 0xca3, 0xca3, 0xca3, 0xca3, 0x4a3, 0x4a3, 0x4a3, 0x4a3, 0x4a3, 0x4a3, 0x4a3, 0x4a3, 0x4a3,
			0x4a3, 0x4a3, 0x4a3, 0x4a3, 0x4a3, 0x4a3, 0x4a3, 0x4a3, 0x4a3, 0x4a3, 0x4a3, 0x1a0, 0x1a0, 0x1a0, 0x1a0, 0x1a0,
			0x1a0, 0x8e3, 0x8e3, 0x8e3, 0x8e3, 0x8e3, 0x8e3, 0x0e3, 0x0e3, 0x0e3, 0x0e3, 0x0e3, 0x0e3, 0x0e3, 0x0e3, 0x0e3,
			0x0e3, 0x0e3, 0x0e3, 0x0e3, 0x0e3, 0x0e3, 0x0e3, 0x0e3, 0x0e3, 0x0e3, 0x0e3, 0x1a0, 0x1a0, 0x1a0, 0x1a0, 0x008,
			0x000, 0x000, 0x000, 0x000, 0x000, 0x000, 0x000, 0x000, 0x000, 0x000, 0x000, 0x000, 0x000, 0x000, 0x000, 0x000,
			0x000, 0x000, 0x000, 0x000, 0x000, 0x000, 0x000, 0x000, 0x000, 0x000, 0x000, 0x000, 0x000, 0x000, 0x000, 0x000,
			0x000, 0x000, 0x000, 0x000, 0x000, 0x000, 0x000, 0x000, 0x000, 0x000, 0x000, 0x000, 0x000, 0x000, 0x000, 0x000,
			0x000, 0x000, 0x000, 0x000, 0x000, 0x000, 0x000, 0x000, 0x000, 0x000, 0x000, 0x000, 0x000, 0x000, 0x000, 0x000,
			0x000, 0x000, 0x000, 0x000, 0x000, 0x000, 0x000, 0x000, 0x000, 0x000, 0x000, 0x000, 0x000, 0x000, 0x000, 0x000,
			0x000, 0x000, 0x000, 0x000, 0x000, 0x000, 0x000, 0x000, 0x000, 0x000, 0x000, 0x000, 0x000, 0x000, 0x000, 0x000,
			0x000, 0x000, 0x000, 0x000, 0x000, 0x000, 0x000, 0x000, 0x000, 0x000, 0x000, 0x000, 0x000, 0x000, 0x000, 0x000,
			0x000, 0x000, 0x000, 0x000, 0x000, 0x000, 0x000, 0x000, 0x000, 0x000, 0x000, 0x000, 0x000, 0x000, 0x000, 0x000,
		},
		"it_IT": {
			0x008, 0x008, 0x008, 0x008, 0x008, 0x008, 0x008, 0x008, 0x008, 0x20c, 0x208, 0x208, 0x208, 0x208, 0x008, 0x008,
			0x008, 0x008, 0x008, 0x008, 0x008, 0x008, 0x008, 0x008, 0x008, 0x008, 0x008, 0x008, 0x008, 0x008, 0x008, 0x008,
			0x284, 0x1a0, 0x1a0, 0x1a0, 0x1a0, 0x1a0, 0x1a0, 0x1a0, 0x1a0, 0x1a0, 0x1a0, 0x1a0, 0x1a0, 0x1a0, 0x1a0, 0x1a0,
			0x8b1, 0x8b1, 0x8b1, 0x8b1, 0x8b1, 0x8b1, 0x8b1, 0x8b1, 0x8b1, 0x8b1, 0x1a0, 0x1a0, 0x1a0, 0x1a0, 0x1a0, 0x1a0,
			0x1a0, 0xca3, 0xca3, 0xca3, 0xca3, 0xca3, 0xca3, 0x4a3, 0x4a3, 0x4a3, 0x4a3, 0x4a3, 0x4a3, 0x4a3, 0x4a3, 0x4a3,
			0x4a3, 0x4a3, 0x4a3, 0x4a3, 0x4a3, 0x4a3, 0x4a3, 0x4a3, 0x4a3, 0x4a3, 0x4a3, 0x1a0, 0x1a0, 0x1a0, 0x1a0, 0x1a0,
			0x1a0, 0x8e3, 0x8e3, 0x8e3, 0x8e3, 0x8e3, 0x8e3, 0x0e3, 0x0e3, 0x0e3, 0x0e3, 0x0e3, 0x0e3, 0x0e3, 0x0e3, 0x0e3,
			0x0e3, 0x0e3, 0x0e3, 0x0e3, 0x0e3, 0x0e3, 0x0e3, 0x0e3, 0x0e3, 0x0e3, 0x0e3, 0x1a0, 0x1a0, 0x1a0, 0x1a0, 0x008,
			0x008, 0x008, 0x008, 0x008, 0x008, 0x008, 0x008, 0x008, 0x008, 0x008, 0x008, 0x008, 0x008, 0x008, 0x008, 0x008,
			0x008, 0x008, 0x008, 0x008, 0x008, 0x008, 0x008, 0x008, 0x008, 0x008, 0x008, 0x008, 0x008, 0x008, 0x008, 0x008,
			0x1a0, 0x1a0, 0x1a0, 0x1a0, 0x1a0, 0x1a0, 0x1a0, 0x1a0, 0x1a0, 0x1a0, 0x0e3, 0x1a0, 0x1a0, 0x1a0, 0x1a0, 0x1a0,
			0x1a0, 0x1a0, 0x1a0, 0x1a0, 0x1a0, 0x0e3, 0x1a0, 0x1a0, 0x1a0, 0x1a0, 0x0e3, 0x1a0, 0x1a0, 0x1a0, 0x1a0, 0x1a0,
			0x4a3, 0x4a3, 0x4a3, 0x4a3, 0x4a3, 0x4a3, 0x4a3, 0x4a3, 0x4a3, 0x4a3, 0x4a3, 0x4a3, 0x4a3, 0x4a3, 0x4a3, 0x4a3,
			0x4a3, 0x4a3, 0x4a3, 0x4a3, 0x4a3, 0x4a3, 0x4a3, 0x1a0, 0x4a3, 0x4a3, 0x4a3, 0x4a3, 0x4a3, 0x4a3, 0x4a3, 0x0e3,
			0x0e3, 0x0e3, 0x0e3, 0x0e3, 0x0e3, 0x0e3, 0x0e3, 0x0e3, 0x0e3, 0x0e3, 0x0e3, 0x0e3, 0x0e3, 0x0e3, 0x0e3, 0x0e3,
			0x0e3, 0x0e3, 0x0e3, 0x0e3, 0x0e3, 0x0e3, 0x0e3, 0x1a0, 0x0e3, 0x0e3, 0x0e3, 0x0e3, 0x0e3, 0x0e3, 0x0e3, 0x0e3,
		},
		"it_IT.utf8": {
			0x008, 0x008, 0x008, 0x008, 0x008, 0x008, 0x008, 0x008, 0x008, 0x20c, 0x208, 0x208, 0x208, 0x208, 0x008, 0x008,
			0x008, 0x008, 0x008, 0x008, 0x008, 0x008, 0x008, 0x008, 0x008, 0x008, 0x008, 0x008, 0x008, 0x008, 0x008, 0x008,
			0x284, 0x1a0, 0x1a0, 0x1a0, 0x1a0, 0x1a0, 0x1a0, 0x1a0, 0x1a0, 0x1a0, 0x1a0, 0x1a0, 0x1a0, 0x1a0, 0x1a0, 0x1a0,
			0x8b1, 0x8b1, 0x8b1, 0x8b1, 0x8b1, 0x8b1, 0x8b1, 0x8b1, 0x8b1, 0x8b1, 0x1a0, 0x1a0, 0x1a0, 0x1a0, 0x1a0, 0x1a0,
			0x1a0, 0xca3, 0xca3, 0xca3, 0xca3, 0xca3, 0xca3, 0x4a3, 0x4a3, 0x4a3, 0x4a3, 0x4a3, 0x4a3, 0x4a3, 0x4a3, 0x4a3,
			0x4a3, 0x4a3, 0x4a3, 0x4a3, 0x4a3, 0x4a3, 0x4a3, 0x4a3, 0x4a3, 0x4a3, 0x4a3, 0x1a0, 0x1a0, 0x1a0, 0x1a0, 0x1a0,
			0x1a0, 0x8e3, 0x8e3, 0x8e3, 0x8e3, 0x8e3, 0x8e3, 0x0e3, 0x0e3, 0x0e3, 0x0e3, 0x0e3, 0x0e3, 0x0e3, 0x0e3, 0x0e3,
			0x0e3, 0x0e3, 0x0e3, 0x0e3, 0x0e3, 0x0e3, 0x0e3, 0x0e3, 0x0e3, 0x0e3, 0x0e3, 0x1a0, 0x1a0, 0x1a0, 0x1a0, 0x008,
			0x000, 0x000, 0x000, 0x000, 0x000, 0x000, 0x000, 0x000, 0x000, 0x000, 0x000, 0x000, 0x000, 0x000, 0x000, 0x000,
			0x000, 0x000, 0x000, 0x000, 0x000, 0x000, 0x000, 0x000, 0x000, 0x000, 0x000, 0x000, 0x000, 0x000, 0x000, 0x000,
			0x000, 0x000, 0x000, 0x000, 0x000, 0x000, 0x000, 0x000, 0x000, 0x000, 0x000, 0x000, 0x000, 0x000, 0x000, 0x000,
			0x000, 0x000, 0x000, 0x000, 0x000, 0x000, 0x000, 0x000, 0x000, 0x000, 0x000, 0x000, 0x000, 0x000, 0x000, 0x000,
			0x000, 0x000, 0x000, 0x000, 0x000, 0x000, 0x000, 0x000, 0x000, 0x000, 0x000, 0x000, 0x000, 0x000, 0x000, 0x000,
			0x000, 0x000, 0x000, 0x000, 0x000, 0x000, 0x000, 0x000, 0x000, 0x000, 0x000, 0x000, 0x000, 0x000, 0x000, 0x000,
			0x000, 0x000, 0x000, 0x000, 0x000, 0x000, 0x000, 0x000, 0x000, 0x000, 0x000, 0x000, 0x000, 0x000, 0x000, 0x000,
			0x000, 0x000, 0x000, 0x000, 0x000, 0x000, 0x000, 0x000, 0x000, 0x000, 0x000, 0x000, 0x000, 0x000, 0x000, 0x000,
		},
		"it_IT@euro": {
			0x008, 0x008, 0x008, 0x008, 0x008, 0x008, 0x008, 0x008, 0x008, 0x20c, 0x208, 0x208, 0x208, 0x208, 0x008, 0x008,
			0x008, 0x008, 0x008, 0x008, 0x008, 0x008, 0x008, 0x008, 0x008, 0x008, 0x008, 0x008, 0x008, 0x008, 0x008, 0x008,
			0x284, 0x1a0, 0x1a0, 0x1a0, 0x1a0, 0x1a0, 0x1a0, 0x1a0, 0x1a0, 0x1a0, 0x1a0, 0x1a0, 0x1a0, 0x1a0, 0x1a0, 0x1a0,
			0x8b1, 0x8b1, 0x8b1, 0x8b1, 0x8b1, 0x8b1, 0x8b1, 0x8b1, 0x8b1, 0x8b1, 0x1a0, 0x1a0, 0x1a0, 0x1a0, 0x1a0, 0x1a0,
			0x1a0, 0xca3, 0xca3, 0xca3, 0xca3, 0xca3, 0xca3, 0x4a3, 0x4a3, 0x4a3, 0x4a3, 0x4a3, 0x4a3, 0x4a3, 0x4a3, 0x4a3,
			0x4a3, 0x4a3, 0x4a3, 0x4a3, 0x4a3, 0x4a3, 0x4a3, 0x4a3, 0x4a3, 0x4a3, 0x4a3, 0x1a0, 0x1a0, 0x1a0, 0x1a0, 0x1a0,
			0x1a0, 0x8e3, 0x8e3, 0x8e3, 0x8e3, 0x8e3, 0x8e3, 0x0e3, 0x0e3, 0x0e3, 0x0e3, 0x0e3, 0x0e3, 0x0e3, 0x0e3, 0x0e3,
			0x0e3, 0x0e3, 0x0e3, 0x0e3, 0x0e3, 0x0e3, 0x0e3, 0x0e3, 0x0e3, 0x0e3, 0x0e3, 0x1a0, 0x1a0, 0x1a0, 0x1a0, 0x008,
			0x008, 0x008, 0x008, 0x008, 0x008, 0x008, 0x008, 0x008, 0x008, 0x008, 0x008, 0x008, 0x008, 0x008, 0x008, 0x008,
			0x008, 0x008, 0x008, 0x008, 0x008, 0x008, 0x008, 0x008, 0x008, 0x008, 0x008, 0x008, 0x008, 0x008, 0x008, 0x008,
			0x1a0, 0x1a0, 0x1a0, 0x1a0, 0x1a0, 0x1a0, 0x4a3, 0x1a0, 0x0e3, 0x1a0, 0x0e3, 0x1a0, 0x1a0, 0x1a0, 0x1a0, 0x1a0,
			0x1a0, 0x1a0, 0x1a0, 0x1a0, 0x4a3, 0x0e3, 0x1a0, 0x1a0, 0x0e3, 0x1a0, 0x0e3, 0x1a0, 0x4a3, 0x0e3, 0x4a3, 0x1a0,
			0x4a3, 0x4a3, 0x4a3, 0x4a3, 0x4a3, 0x4a3, 0x4a3, 0x4a3, 0x4a3, 0x4a3, 0x4a3, 0x4a3, 0x4a3, 0x4a3, 0x4a3, 0x4a3,
			0x4a3, 0x4a3, 0x4a3, 0x4a3, 0x4a3, 0x4a3, 0x4a3, 0x1a0, 0x4a3, 0x4a3, 0x4a3, 0x4a3, 0x4a3, 0x4a3, 0x4a3, 0x0e3,
			0x0e3, 0x0e3, 0x0e3, 0x0e3, 0x0e3, 0x0e3, 0x0e3, 0x0e3, 0x0e3, 0x0e3, 0x0e3, 0x0e3, 0x0e3, 0x0e3, 0x0e3, 0x0e3,
			0x0e3, 0x0e3, 0x0e3, 0x0e3, 0x0e3, 0x0e3, 0x0e3, 0x1a0, 0x0e3, 0x0e3, 0x0e3, 0x0e3, 0x0e3, 0x0e3, 0x0e3, 0x0e3,
		},
		"iu_CA": {
			0x008, 0x008, 0x008, 0x008, 0x008, 0x008, 0x008, 0x008, 0x008, 0x20c, 0x208, 0x208, 0x208, 0x208, 0x008, 0x008,
			0x008, 0x008, 0x008, 0x008, 0x008, 0x008, 0x008, 0x008, 0x008, 0x008, 0x008, 0x008, 0x008, 0x008, 0x008, 0x008,
			0x284, 0x1a0, 0x1a0, 0x1a0, 0x1a0, 0x1a0, 0x1a0, 0x1a0, 0x1a0, 0x1a0, 0x1a0, 0x1a0, 0x1a0, 0x1a0, 0x1a0, 0x1a0,
			0x8b1, 0x8b1, 0x8b1, 0x8b1, 0x8b1, 0x8b1, 0x8b1, 0x8b1, 0x8b1, 0x8b1, 0x1a0, 0x1a0, 0x1a0, 0x1a0, 0x1a0, 0x1a0,
			0x1a0, 0xca3, 0xca3, 0xca3, 0xca3, 0xca3, 0xca3, 0x4a3, 0x4a3, 0x4a3, 0x4a3, 0x4a3, 0x4a3, 0x4a3, 0x4a3, 0x4a3,
			0x4a3, 0x4a3, 0x4a3, 0x4a3, 0x4a3, 0x4a3, 0x4a3, 0x4a3, 0x4a3, 0x4a3, 0x4a3, 0x1a0, 0x1a0, 0x1a0, 0x1a0, 0x1a0,
			0x1a0, 0x8e3, 0x8e3, 0x8e3, 0x8e3, 0x8e3, 0x8e3, 0x0e3, 0x0e3, 0x0e3, 0x0e3, 0x0e3, 0x0e3, 0x0e3, 0x0e3, 0x0e3,
			0x0e3, 0x0e3, 0x0e3, 0x0e3, 0x0e3, 0x0e3, 0x0e3, 0x0e3, 0x0e3, 0x0e3, 0x0e3, 0x1a0, 0x1a0, 0x1a0, 0x1a0, 0x008,
			0x000, 0x000, 0x000, 0x000, 0x000, 0x000, 0x000, 0x000, 0x000, 0x000, 0x000, 0x000, 0x000, 0x000, 0x000, 0x000,
			0x000, 0x000, 0x000, 0x000, 0x000, 0x000, 0x000, 0x000, 0x000, 0x000, 0x000, 0x000, 0x000, 0x000, 0x000, 0x000,
			0x000, 0x000, 0x000, 0x000, 0x000, 0x000, 0x000, 0x000, 0x000, 0x000, 0x000, 0x000, 0x000, 0x000, 0x000, 0x000,
			0x000, 0x000, 0x000, 0x000, 0x000, 0x000, 0x000, 0x000, 0x000, 0x000, 0x000, 0x000, 0x000, 0x000, 0x000, 0x000,
			0x000, 0x000, 0x000, 0x000, 0x000, 0x000, 0x000, 0x000, 0x000, 0x000, 0x000, 0x000, 0x000, 0x000, 0x000, 0x000,
			0x000, 0x000, 0x000, 0x000, 0x000, 0x000, 0x000, 0x000, 0x000, 0x000, 0x000, 0x000, 0x000, 0x000, 0x000, 0x000,
			0x000, 0x000, 0x000, 0x000, 0x000, 0x000, 0x000, 0x000, 0x000, 0x000, 0x000, 0x000, 0x000, 0x000, 0x000, 0x000,
			0x000, 0x000, 0x000, 0x000, 0x000, 0x000, 0x000, 0x000, 0x000, 0x000, 0x000, 0x000, 0x000, 0x000, 0x000, 0x000,
		},
		"ja_JP.eucjp": {
			0x008, 0x008, 0x008, 0x008, 0x008, 0x008, 0x008, 0x008, 0x008, 0x20c, 0x208, 0x208, 0x208, 0x208, 0x008, 0x008,
			0x008, 0x008, 0x008, 0x008, 0x008, 0x008, 0x008, 0x008, 0x008, 0x008, 0x008, 0x008, 0x008, 0x008, 0x008, 0x008,
			0x284, 0x1a0, 0x1a0, 0x1a0, 0x1a0, 0x1a0, 0x1a0, 0x1a0, 0x1a0, 0x1a0, 0x1a0, 0x1a0, 0x1a0, 0x1a0, 0x1a0, 0x1a0,
			0x8b1, 0x8b1, 0x8b1, 0x8b1, 0x8b1, 0x8b1, 0x8b1, 0x8b1, 0x8b1, 0x8b1, 0x1a0, 0x1a0, 0x1a0, 0x1a0, 0x1a0, 0x1a0,
			0x1a0, 0xca3, 0xca3, 0xca3, 0xca3, 0xca3, 0xca3, 0x4a3, 0x4a3, 0x4a3, 0x4a3, 0x4a3, 0x4a3, 0x4a3, 0x4a3, 0x4a3,
			0x4a3, 0x4a3, 0x4a3, 0x4a3, 0x4a3, 0x4a3, 0x4a3, 0x4a3, 0x4a3, 0x4a3, 0x4a3, 0x1a0, 0x1a0, 0x1a0, 0x1a0, 0x1a0,
			0x1a0, 0x8e3, 0x8e3, 0x8e3, 0x8e3, 0x8e3, 0x8e3, 0x0e3, 0x0e3, 0x0e3, 0x0e3, 0x0e3, 0x0e3, 0x0e3, 0x0e3, 0x0e3,
			0x0e3, 0x0e3, 0x0e3, 0x0e3, 0x0e3, 0x0e3, 0x0e3, 0x0e3, 0x0e3, 0x0e3, 0x0e3, 0x1a0, 0x1a0, 0x1a0, 0x1a0, 0x008,
			0x008, 0x008, 0x008, 0x008, 0x008, 0x008, 0x008, 0x008, 0x008, 0x008, 0x008, 0x008, 0x008, 0x008, 0x000, 0x000,
			0x008, 0x008, 0x008, 0x008, 0x008, 0x008, 0x008, 0x008, 0x008, 0x008, 0x008, 0x008, 0x008, 0x008, 0x008, 0x008,
			0x000, 0x000, 0x000, 0x000, 0x000, 0x000, 0x000, 0x000, 0x000, 0x000, 0x000, 0x000, 0x000, 0x000, 0x000, 0x000,
			0x000, 0x000, 0x000, 0x000, 0x000, 0x000, 0x000, 0x000, 0x000, 0x000, 0x000, 0x000, 0x000, 0x000, 0x000, 0x000,
			0x000, 0x000, 0x000, 0x000, 0x000, 0x000, 0x000, 0x000, 0x000, 0x000, 0x000, 0x000, 0x000, 0x000, 0x000, 0x000,
			0x000, 0x000, 0x000, 0x000, 0x000, 0x000, 0x000, 0x000, 0x000, 0x000, 0x000, 0x000, 0x000, 0x000, 0x000, 0x000,
			0x000, 0x000, 0x000, 0x000, 0x000, 0x000, 0x000, 0x000, 0x000, 0x000, 0x000, 0x000, 0x000, 0x000, 0x000, 0x000,
			0x000, 0x000, 0x000, 0x000, 0x000, 0x000, 0x000, 0x000, 0x000, 0x000, 0x000, 0x000, 0x000, 0x000, 0x000, 0x000,
		},
		"ja_JP.sjis": {
			0x008, 0x008, 0x008, 0x008, 0x008, 0x008, 0x008, 0x008, 0x008, 0x20c, 0x208, 0x208, 0x208, 0x208, 0x008, 0x008,
			0x008, 0x008, 0x008, 0x008, 0x008, 0x008, 0x008, 0x008, 0x008, 0x008, 0x008, 0x008, 0x008, 0x008, 0x008, 0x008,
			0x284, 0x1a0, 0x1a0, 0x1a0, 0x1a0, 0x1a0, 0x1a0, 0x1a0, 0x1a0, 0x1a0, 0x1a0, 0x1a0, 0x1a0, 0x1a0, 0x1a0, 0x1a0,
			0x8b1, 0x8b1, 0x8b1, 0x8b1, 0x8b1, 0x8b1, 0x8b1, 0x8b1, 0x8b1, 0x8b1, 0x1a0, 0x1a0, 0x1a0, 0x1a0, 0x1a0, 0x1a0,
			0x1a0, 0xca3, 0xca3, 0xca3, 0xca3, 0xca3, 0xca3, 0x4a3, 0x4a3, 0x4a3, 0x4a3, 0x4a3, 0x4a3, 0x4a3, 0x4a3, 0x4a3,
			0x4a3, 0x4a3, 0x4a3, 0x4a3, 0x4a3, 0x4a3, 0x4a3, 0x4a3, 0x4a3, 0x4a3, 0x4a3, 0x1a0, 0x1a0, 0x1a0, 0x1a0, 0x1a0,
			0x1a0, 0x8e3, 0x8e3, 0x8e3, 0x8e3, 0x8e3, 0x8e3, 0x0e3, 0x0e3, 0x0e3, 0x0e3, 0x0e3, 0x0e3, 0x0e3, 0x0e3, 0x0e3,
			0x0e3, 0x0e3, 0x0e3, 0x0e3, 0x0e3, 0x0e3, 0x0e3, 0x0e3, 0x0e3, 0x0e3, 0x0e3, 0x1a0, 0x1a0, 0x1a0, 0x1a0, 0x008,
			0x000, 0x000, 0x000, 0x000, 0x000, 0x000, 0x000, 0x000, 0x000, 0x000, 0x000, 0x000, 0x000, 0x000, 0x000, 0x000,
			0x000, 0x000, 0x000, 0x000, 0x000, 0x000, 0x000, 0x000, 0x000, 0x000, 0x000, 0x000, 0x000, 0x000, 0x000, 0x000,
			0x000, 0x1a0, 0x1a0, 0x1a0, 0x1a0, 0x1a0, 0x0a3, 0x0a3, 0x0a3, 0x0a3, 0x0a3, 0x0a3, 0x0a3, 0x0a3, 0x0a3, 0x0a3,
			0x0a3, 0x0a3, 0x0a3, 0x0a3, 0x0a3, 0x0a3, 0x0a3, 0x0a3, 0x0a3, 0x0a3, 0x0a3, 0x0a3, 0x0a3, 0x0a3, 0x0a3, 0x0a3,
			0x0a3, 0x0a3, 0x0a3, 0x0a3, 0x0a3, 0x0a3, 0x0a3, 0x0a3, 0x0a3, 0x0a3, 0x0a3, 0x0a3, 0x0a3, 0x0a3, 0x0a3, 0x0a3,
			0x0a3, 0x0a3, 0x0a3, 0x0a3, 0x0a3, 0x0a3, 0x0a3, 0x0a3, 0x0a3, 0x0a3, 0x0a3, 0x0a3, 0x0a3, 0x0a3, 0x0a3, 0x0a3,
			0x000, 0x000, 0x000, 0x000, 0x000, 0x000, 0x000, 0x000, 0x000, 0x000, 0x000, 0x000, 0x000, 0x000, 0x000, 0x000,
			0x000, 0x000, 0x000, 0x000, 0x000, 0x000, 0x000, 0x000, 0x000, 0x000, 0x000, 0x000, 0x000, 0x000, 0x000, 0x000,
		},
		"ja_JP.utf8": {
			0x008, 0x008, 0x008, 0x008, 0x008, 0x008, 0x008, 0x008, 0x008, 0x20c, 0x208, 0x208, 0x208, 0x208, 0x008, 0x008,
			0x008, 0x008, 0x008, 0x008, 0x008, 0x008, 0x008, 0x008, 0x008, 0x008, 0x008, 0x008, 0x008, 0x008, 0x008, 0x008,
			0x284, 0x1a0, 0x1a0, 0x1a0, 0x1a0, 0x1a0, 0x1a0, 0x1a0, 0x1a0, 0x1a0, 0x1a0, 0x1a0, 0x1a0, 0x1a0, 0x1a0, 0x1a0,
			0x8b1, 0x8b1, 0x8b1, 0x8b1, 0x8b1, 0x8b1, 0x8b1, 0x8b1, 0x8b1, 0x8b1, 0x1a0, 0x1a0, 0x1a0, 0x1a0, 0x1a0, 0x1a0,
			0x1a0, 0xca3, 0xca3, 0xca3, 0xca3, 0xca3, 0xca3, 0x4a3, 0x4a3, 0x4a3, 0x4a3, 0x4a3, 0x4a3, 0x4a3, 0x4a3, 0x4a3,
			0x4a3, 0x4a3, 0x4a3, 0x4a3, 0x4a3, 0x4a3, 0x4a3, 0x4a3, 0x4a3, 0x4a3, 0x4a3, 0x1a0, 0x1a0, 0x1a0, 0x1a0, 0x1a0,
			0x1a0, 0x8e3, 0x8e3, 0x8e3, 0x8e3, 0x8e3, 0x8e3, 0x0e3, 0x0e3, 0x0e3, 0x0e3, 0x0e3, 0x0e3, 0x0e3, 0x0e3, 0x0e3,
			0x0e3, 0x0e3, 0x0e3, 0x0e3, 0x0e3, 0x0e3, 0x0e3, 0x0e3, 0x0e3, 0x0e3, 0x0e3, 0x1a0, 0x1a0, 0x1a0, 0x1a0, 0x008,
			0x000, 0x000, 0x000, 0x000, 0x000, 0x000, 0x000, 0x000, 0x000, 0x000, 0x000, 0x000, 0x000, 0x000, 0x000, 0x000,
			0x000, 0x000, 0x000, 0x000, 0x000, 0x000, 0x000, 0x000, 0x000, 0x000, 0x000, 0x000, 0x000, 0x000, 0x000, 0x000,
			0x000, 0x000, 0x000, 0x000, 0x000, 0x000, 0x000, 0x000, 0x000, 0x000, 0x000, 0x000, 0x000, 0x000, 0x000, 0x000,
			0x000, 0x000, 0x000, 0x000, 0x000, 0x000, 0x000, 0x000, 0x000, 0x000, 0x000, 0x000, 0x000, 0x000, 0x000, 0x000,
			0x000, 0x000, 0x000, 0x000, 0x000, 0x000, 0x000, 0x000, 0x000, 0x000, 0x000, 0x000, 0x000, 0x000, 0x000, 0x000,
			0x000, 0x000, 0x000, 0x000, 0x000, 0x000, 0x000, 0x000, 0x000, 0x000, 0x000, 0x000, 0x000, 0x000, 0x000, 0x000,
			0x000, 0x000, 0x000, 0x000, 0x000, 0x000, 0x000, 0x000, 0x000, 0x000, 0x000, 0x000, 0x000, 0x000, 0x000, 0x000,
			0x000, 0x000, 0x000, 0x000, 0x000, 0x000, 0x000, 0x000, 0x000, 0x000, 0x000, 0x000, 0x000, 0x000, 0x000, 0x000,
		},
		"ka_GE": {
			0x008, 0x008, 0x008, 0x008, 0x008, 0x008, 0x008, 0x008, 0x008, 0x20c, 0x208, 0x208, 0x208, 0x208, 0x008, 0x008,
			0x008, 0x008, 0x008, 0x008, 0x008, 0x008, 0x008, 0x008, 0x008, 0x008, 0x008, 0x008, 0x008, 0x008, 0x008, 0x008,
			0x284, 0x1a0, 0x1a0, 0x1a0, 0x1a0, 0x1a0, 0x1a0, 0x1a0, 0x1a0, 0x1a0, 0x1a0, 0x1a0, 0x1a0, 0x1a0, 0x1a0, 0x1a0,
			0x8b1, 0x8b1, 0x8b1, 0x8b1, 0x8b1, 0x8b1, 0x8b1, 0x8b1, 0x8b1, 0x8b1, 0x1a0, 0x1a0, 0x1a0, 0x1a0, 0x1a0, 0x1a0,
			0x1a0, 0xca3, 0xca3, 0xca3, 0xca3, 0xca3, 0xca3, 0x4a3, 0x4a3, 0x4a3, 0x4a3, 0x4a3, 0x4a3, 0x4a3, 0x4a3, 0x4a3,
			0x4a3, 0x4a3, 0x4a3, 0x4a3, 0x4a3, 0x4a3, 0x4a3, 0x4a3, 0x4a3, 0x4a3, 0x4a3, 0x1a0, 0x1a0, 0x1a0, 0x1a0, 0x1a0,
			0x1a0, 0x8e3, 0x8e3, 0x8e3, 0x8e3, 0x8e3, 0x8e3, 0x0e3, 0x0e3, 0x0e3, 0x0e3, 0x0e3, 0x0e3, 0x0e3, 0x0e3, 0x0e3,
			0x0e3, 0x0e3, 0x0e3, 0x0e3, 0x0e3, 0x0e3, 0x0e3, 0x0e3, 0x0e3, 0x0e3, 0x0e3, 0x1a0, 0x1a0, 0x1a0, 0x1a0, 0x008,
			0x008, 0x008, 0x1a0, 0x0e3, 0x1a0, 0x1a0, 0x1a0, 0x1a0, 0x0a3, 0x1a0, 0x4a3, 0x1a0, 0x4a3, 0x008, 0x008, 0x008,
			0x008, 0x1a0, 0x1a0, 0x1a0, 0x1a0, 0x1a0, 0x1a0, 0x1a0, 0x1a0, 0x1a0, 0x0e3, 0x1a0, 0x0e3, 0x008, 0x008, 0x4a3,
			0x1a0, 0x1a0, 0x1a0, 0x1a0, 0x1a0, 0x1a0, 0x1a0, 0x1a0, 0x1a0, 0x1a0, 0x0e3, 0x1a0, 0x1a0, 0x1a0, 0x1a0, 0x1a0,
			0x1a0, 0x1a0, 0x1a0, 0x1a0, 0x1a0, 0x0e3, 0x1a0, 0x1a0, 0x1a0, 0x1a0, 0x0e3, 0x1a0, 0x1a0, 0x1a0, 0x1a0, 0x1a0,
			0x0a3, 0x0a3, 0x0a3, 0x0a3, 0x0a3, 0x0a3, 0x0a3, 0x0a3, 0x0a3, 0x0a3, 0x0a3, 0x0a3, 0x0a3, 0x0a3, 0x0a3, 0x0a3,
			0x0a3, 0x0a3, 0x0a3, 0x0a3, 0x0a3, 0x0a3, 0x0a3, 0x0a3, 0x0a3, 0x0a3, 0x0a3, 0x0a3, 0x0a3, 0x0a3, 0x0a3, 0x0a3,
			0x0a3, 0x0a3, 0x0a3, 0x0a3, 0x0a3, 0x0a3, 0x0e3, 0x0e3, 0x0e3, 0x0e3, 0x0e3, 0x0e3, 0x0e3, 0x0e3, 0x0e3, 0x0e3,
			0x0e3, 0x0e3, 0x0e3, 0x0e3, 0x0e3, 0x0e3, 0x0e3, 0x1a0, 0x0e3, 0x0e3, 0x0e3, 0x0e3, 0x0e3, 0x0e3, 0x0e3, 0x0e3,
		},
		"ka_GE.utf8": {
			0x008, 0x008, 0x008, 0x008, 0x008, 0x008, 0x008, 0x008, 0x008, 0x20c, 0x208, 0x208, 0x208, 0x208, 0x008, 0x008,
			0x008, 0x008, 0x008, 0x008, 0x008, 0x008, 0x008, 0x008, 0x008, 0x008, 0x008, 0x008, 0x008, 0x008, 0x008, 0x008,
			0x284, 0x1a0, 0x1a0, 0x1a0, 0x1a0, 0x1a0, 0x1a0, 0x1a0, 0x1a0, 0x1a0, 0x1a0, 0x1a0, 0x1a0, 0x1a0, 0x1a0, 0x1a0,
			0x8b1, 0x8b1, 0x8b1, 0x8b1, 0x8b1, 0x8b1, 0x8b1, 0x8b1, 0x8b1, 0x8b1, 0x1a0, 0x1a0, 0x1a0, 0x1a0, 0x1a0, 0x1a0,
			0x1a0, 0xca3, 0xca3, 0xca3, 0xca3, 0xca3, 0xca3, 0x4a3, 0x4a3, 0x4a3, 0x4a3, 0x4a3, 0x4a3, 0x4a3, 0x4a3, 0x4a3,
			0x4a3, 0x4a3, 0x4a3, 0x4a3, 0x4a3, 0x4a3, 0x4a3, 0x4a3, 0x4a3, 0x4a3, 0x4a3, 0x1a0, 0x1a0, 0x1a0, 0x1a0, 0x1a0,
			0x1a0, 0x8e3, 0x8e3, 0x8e3, 0x8e3, 0x8e3, 0x8e3, 0x0e3, 0x0e3, 0x0e3, 0x0e3, 0x0e3, 0x0e3, 0x0e3, 0x0e3, 0x0e3,
			0x0e3, 0x0e3, 0x0e3, 0x0e3, 0x0e3, 0x0e3, 0x0e3, 0x0e3, 0x0e3, 0x0e3, 0x0e3, 0x1a0, 0x1a0, 0x1a0, 0x1a0, 0x008,
			0x000, 0x000, 0x000, 0x000, 0x000, 0x000, 0x000, 0x000, 0x000, 0x000, 0x000, 0x000, 0x000, 0x000, 0x000, 0x000,
			0x000, 0x000, 0x000, 0x000, 0x000, 0x000, 0x000, 0x000, 0x000, 0x000, 0x000, 0x000, 0x000, 0x000, 0x000, 0x000,
			0x000, 0x000, 0x000, 0x000, 0x000, 0x000, 0x000, 0x000, 0x000, 0x000, 0x000, 0x000, 0x000, 0x000, 0x000, 0x000,
			0x000, 0x000, 0x000, 0x000, 0x000, 0x000, 0x000, 0x000, 0x000, 0x000, 0x000, 0x000, 0x000, 0x000, 0x000, 0x000,
			0x000, 0x000, 0x000, 0x000, 0x000, 0x000, 0x000, 0x000, 0x000, 0x000, 0x000, 0x000, 0x000, 0x000, 0x000, 0x000,
			0x000, 0x000, 0x000, 0x000, 0x000, 0x000, 0x000, 0x000, 0x000, 0x000, 0x000, 0x000, 0x000, 0x000, 0x000, 0x000,
			0x000, 0x000, 0x000, 0x000, 0x000, 0x000, 0x000, 0x000, 0x000, 0x000, 0x000, 0x000, 0x000, 0x000, 0x000, 0x000,
			0x000, 0x000, 0x000, 0x000, 0x000, 0x000, 0x000, 0x000, 0x000, 0x000, 0x000, 0x000, 0x000, 0x000, 0x000, 0x000,
		},
		"kk_KZ": {
			0x008, 0x008, 0x008, 0x008, 0x008, 0x008, 0x008, 0x008, 0x008, 0x20c, 0x208, 0x208, 0x208, 0x208, 0x008, 0x008,
			0x008, 0x008, 0x008, 0x008, 0x008, 0x008, 0x008, 0x008, 0x008, 0x008, 0x008, 0x008, 0x008, 0x008, 0x008, 0x008,
			0x284, 0x1a0, 0x1a0, 0x1a0, 0x1a0, 0x1a0, 0x1a0, 0x1a0, 0x1a0, 0x1a0, 0x1a0, 0x1a0, 0x1a0, 0x1a0, 0x1a0, 0x1a0,
			0x8b1, 0x8b1, 0x8b1, 0x8b1, 0x8b1, 0x8b1, 0x8b1, 0x8b1, 0x8b1, 0x8b1, 0x1a0, 0x1a0, 0x1a0, 0x1a0, 0x1a0, 0x1a0,
			0x1a0, 0xca3, 0xca3, 0xca3, 0xca3, 0xca3, 0xca3, 0x4a3, 0x4a3, 0x4a3, 0x4a3, 0x4a3, 0x4a3, 0x4a3, 0x4a3, 0x4a3,
			0x4a3, 0x4a3, 0x4a3, 0x4a3, 0x4a3, 0x4a3, 0x4a3, 0x4a3, 0x4a3, 0x4a3, 0x4a3, 0x1a0, 0x1a0, 0x1a0, 0x1a0, 0x1a0,
			0x1a0, 0x8e3, 0x8e3, 0x8e3, 0x8e3, 0x8e3, 0x8e3, 0x0e3, 0x0e3, 0x0e3, 0x0e3, 0x0e3, 0x0e3, 0x0e3, 0x0e3, 0x0e3,
			0x0e3, 0x0e3, 0x0e3, 0x0e3, 0x0e3, 0x0e3, 0x0e3, 0x0e3, 0x0e3, 0x0e3, 0x0e3, 0x1a0, 0x1a0, 0x1a0, 0x1a0, 0x008,
			0x4a3, 0x4a3, 0x4a3, 0x0e3, 0x1a0, 0x1a0, 0x4a3, 0x4a3, 0x4a3, 0x0e3, 0x4a3, 0x4a3, 0x4a3, 0x4a3, 0x4a3, 0x4a3,
			0x0e3, 0x1a0, 0x1a0, 0x1a0, 0x1a0, 0x1a0, 0x1a0, 0x1a0, 0x0e3, 0x0e3, 0x0e3, 0x0e3, 0x0e3, 0x0e3, 0x0e3, 0x0e3,
			0x1a0, 0x4a3, 0x0e3, 0x4a3, 0x4a3, 0x4a3, 0x4a3, 0x1a0, 0x4a3, 0x1a0, 0x4a3, 0x1a0, 0x1a0, 0x0e3, 0x1a0, 0x4a3,
			0x1a0, 0x0e3, 0x4a3, 0x0e3, 0x0e3, 0x0e3, 0x1a0, 0x1a0, 0x0e3, 0x1a0, 0x0e3, 0x1a0, 0x0e3, 0x4a3, 0x0e3, 0x0e3,
			0x4a3, 0x4a3, 0x4a3, 0x4a3, 0x4a3, 0x4a3, 0x4a3, 0x4a3, 0x4a3, 0x4a3, 0x4a3, 0x4a3, 0x4a3, 0x4a3, 0x4a3, 0x4a3,
			0x4a3, 0x4a3, 0x4a3, 0x4a3, 0x4a3, 0x4a3, 0x4a3, 0x4a3, 0x4a3, 0x4a3, 0x4a3, 0x4a3, 0x4a3, 0x4a3, 0x4a3, 0x4a3,
			0x0e3, 0x0e3, 0x0e3, 0x0e3, 0x0e3, 0x0e3, 0x0e3, 0x0e3, 0x0e3, 0x0e3, 0x0e3, 0x0e3, 0x0e3, 0x0e3, 0x0e3, 0x0e3,
			0x0e3, 0x0e3, 0x0e3, 0x0e3, 0x0e3, 0x0e3, 0x0e3, 0x0e3, 0x0e3, 0x0e3, 0x0e3, 0x0e3, 0x0e3, 0x0e3, 0x0e3, 0x0e3,
		},
		"kk_KZ.utf8": {
			0x008, 0x008, 0x008, 0x008, 0x008, 0x008, 0x008, 0x008, 0x008, 0x20c, 0x208, 0x208, 0x208, 0x208, 0x008, 0x008,
			0x008, 0x008, 0x008, 0x008, 0x008, 0x008, 0x008, 0x008, 0x008, 0x008, 0x008, 0x008, 0x008, 0x008, 0x008, 0x008,
			0x284, 0x1a0, 0x1a0, 0x1a0, 0x1a0, 0x1a0, 0x1a0, 0x1a0, 0x1a0, 0x1a0, 0x1a0, 0x1a0, 0x1a0, 0x1a0, 0x1a0, 0x1a0,
			0x8b1, 0x8b1, 0x8b1, 0x8b1, 0x8b1, 0x8b1, 0x8b1, 0x8b1, 0x8b1, 0x8b1, 0x1a0, 0x1a0, 0x1a0, 0x1a0, 0x1a0, 0x1a0,
			0x1a0, 0xca3, 0xca3, 0xca3, 0xca3, 0xca3, 0xca3, 0x4a3, 0x4a3, 0x4a3, 0x4a3, 0x4a3, 0x4a3, 0x4a3, 0x4a3, 0x4a3,
			0x4a3, 0x4a3, 0x4a3, 0x4a3, 0x4a3, 0x4a3, 0x4a3, 0x4a3, 0x4a3, 0x4a3, 0x4a3, 0x1a0, 0x1a0, 0x1a0, 0x1a0, 0x1a0,
			0x1a0, 0x8e3, 0x8e3, 0x8e3, 0x8e3, 0x8e3, 0x8e3, 0x0e3, 0x0e3, 0x0e3, 0x0e3, 0x0e3, 0x0e3, 0x0e3, 0x0e3, 0x0e3,
			0x0e3, 0x0e3, 0x0e3, 0x0e3, 0x0e3, 0x0e3, 0x0e3, 0x0e3, 0x0e3, 0x0e3, 0x0e3, 0x1a0, 0x1a0, 0x1a0, 0x1a0, 0x008,
			0x000, 0x000, 0x000, 0x000, 0x000, 0x000, 0x000, 0x000, 0x000, 0x000, 0x000, 0x000, 0x000, 0x000, 0x000, 0x000,
			0x000, 0x000, 0x000, 0x000, 0x000, 0x000, 0x000, 0x000, 0x000, 0x000, 0x000, 0x000, 0x000, 0x000, 0x000, 0x000,
			0x000, 0x000, 0x000, 0x000, 0x000, 0x000, 0x000, 0x000, 0x000, 0x000, 0x000, 0x000, 0x000, 0x000, 0x000, 0x000,
			0x000, 0x000, 0x000, 0x000, 0x000, 0x000, 0x000, 0x000, 0x000, 0x000, 0x000, 0x000, 0x000, 0x000, 0x000, 0x000,
			0x000, 0x000, 0x000, 0x000, 0x000, 0x000, 0x000, 0x000, 0x000, 0x000, 0x000, 0x000, 0x000, 0x000, 0x000, 0x000,
			0x000, 0x000, 0x000, 0x000, 0x000, 0x000, 0x000, 0x000, 0x000, 0x000, 0x000, 0x000, 0x000, 0x000, 0x000, 0x000,
			0x000, 0x000, 0x000, 0x000, 0x000, 0x000, 0x000, 0x000, 0x000, 0x000, 0x000, 0x000, 0x000, 0x000, 0x000, 0x000,
			0x000, 0x000, 0x000, 0x000, 0x000, 0x000, 0x000, 0x000, 0x000, 0x000, 0x000, 0x000, 0x000, 0x000, 0x000, 0x000,
		},
		"kl_GL": {
			0x008, 0x008, 0x008, 0x008, 0x008, 0x008, 0x008, 0x008, 0x008, 0x20c, 0x208, 0x208, 0x208, 0x208, 0x008, 0x008,
			0x008, 0x008, 0x008, 0x008, 0x008, 0x008, 0x008, 0x008, 0x008, 0x008, 0x008, 0x008, 0x008, 0x008, 0x008, 0x008,
			0x284, 0x1a0, 0x1a0, 0x1a0, 0x1a0, 0x1a0, 0x1a0, 0x1a0, 0x1a0, 0x1a0, 0x1a0, 0x1a0, 0x1a0, 0x1a0, 0x1a0, 0x1a0,
			0x8b1, 0x8b1, 0x8b1, 0x8b1, 0x8b1, 0x8b1, 0x8b1, 0x8b1, 0x8b1, 0x8b1, 0x1a0, 0x1a0, 0x1a0, 0x1a0, 0x1a0, 0x1a0,
			0x1a0, 0xca3, 0xca3, 0xca3, 0xca3, 0xca3, 0xca3, 0x4a3, 0x4a3, 0x4a3, 0x4a3, 0x4a3, 0x4a3, 0x4a3, 0x4a3, 0x4a3,
			0x4a3, 0x4a3, 0x4a3, 0x4a3, 0x4a3, 0x4a3, 0x4a3, 0x4a3, 0x4a3, 0x4a3, 0x4a3, 0x1a0, 0x1a0, 0x1a0, 0x1a0, 0x1a0,
			0x1a0, 0x8e3, 0x8e3, 0x8e3, 0x8e3, 0x8e3, 0x8e3, 0x0e3, 0x0e3, 0x0e3, 0x0e3, 0x0e3, 0x0e3, 0x0e3, 0x0e3, 0x0e3,
			0x0e3, 0x0e3, 0x0e3, 0x0e3, 0x0e3, 0x0e3, 0x0e3, 0x0e3, 0x0e3, 0x0e3, 0x0e3, 0x1a0, 0x1a0, 0x1a0, 0x1a0, 0x008,
			0x008, 0x008, 0x008, 0x008, 0x008, 0x008, 0x008, 0x008, 0x008, 0x008, 0x008, 0x008, 0x008, 0x008, 0x008, 0x008,
			0x008, 0x008, 0x008, 0x008, 0x008, 0x008, 0x008, 0x008, 0x008, 0x008, 0x008, 0x008, 0x008, 0x008, 0x008, 0x008,
			0x1a0, 0x1a0, 0x1a0, 0x1a0, 0x1a0, 0x1a0, 0x1a0, 0x1a0, 0x1a0, 0x1a0, 0x0e3, 0x1a0, 0x1a0, 0x1a0, 0x1a0, 0x1a0,
			0x1a0, 0x1a0, 0x1a0, 0x1a0, 0x1a0, 0x0e3, 0x1a0, 0x1a0, 0x1a0, 0x1a0, 0x0e3, 0x1a0, 0x1a0, 0x1a0, 0x1a0, 0x1a0,
			0x4a3, 0x4a3, 0x4a3, 0x4a3, 0x4a3, 0x4a3, 0x4a3, 0x4a3, 0x4a3, 0x4a3, 0x4a3, 0x4a3, 0x4a3, 0x4a3, 0x4a3, 0x4a3,
			0x4a3, 0x4a3, 0x4a3, 0x4a3, 0x4a3, 0x4a3, 0x4a3, 0x1a0, 0x4a3, 0x4a3, 0x4a3, 0x4a3, 0x4a3, 0x4a3, 0x4a3, 0x0e3,
			0x0e3, 0x0e3, 0x0e3, 0x0e3, 0x0e3, 0x0e3, 0x0e3, 0x0e3, 0x0e3, 0x0e3, 0x0e3, 0x0e3, 0x0e3, 0x0e3, 0x0e3, 0x0e3,
			0x0e3, 0x0e3, 0x0e3, 0x0e3, 0x0e3, 0x0e3, 0x0e3, 0x1a0, 0x0e3, 0x0e3, 0x0e3, 0x0e3, 0x0e3, 0x0e3, 0x0e3, 0x0e3,
		},
		"kl_GL.utf8": {
			0x008, 0x008, 0x008, 0x008, 0x008, 0x008, 0x008, 0x008, 0x008, 0x20c, 0x208, 0x208, 0x208, 0x208, 0x008, 0x008,
			0x008, 0x008, 0x008, 0x008, 0x008, 0x008, 0x008, 0x008, 0x008, 0x008, 0x008, 0x008, 0x008, 0x008, 0x008, 0x008,
			0x284, 0x1a0, 0x1a0, 0x1a0, 0x1a0, 0x1a0, 0x1a0, 0x1a0, 0x1a0, 0x1a0, 0x1a0, 0x1a0, 0x1a0, 0x1a0, 0x1a0, 0x1a0,
			0x8b1, 0x8b1, 0x8b1, 0x8b1, 0x8b1, 0x8b1, 0x8b1, 0x8b1, 0x8b1, 0x8b1, 0x1a0, 0x1a0, 0x1a0, 0x1a0, 0x1a0, 0x1a0,
			0x1a0, 0xca3, 0xca3, 0xca3, 0xca3, 0xca3, 0xca3, 0x4a3, 0x4a3, 0x4a3, 0x4a3, 0x4a3, 0x4a3, 0x4a3, 0x4a3, 0x4a3,
			0x4a3, 0x4a3, 0x4a3, 0x4a3, 0x4a3, 0x4a3, 0x4a3, 0x4a3, 0x4a3, 0x4a3, 0x4a3, 0x1a0, 0x1a0, 0x1a0, 0x1a0, 0x1a0,
			0x1a0, 0x8e3, 0x8e3, 0x8e3, 0x8e3, 0x8e3, 0x8e3, 0x0e3, 0x0e3, 0x0e3, 0x0e3, 0x0e3, 0x0e3, 0x0e3, 0x0e3, 0x0e3,
			0x0e3, 0x0e3, 0x0e3, 0x0e3, 0x0e3, 0x0e3, 0x0e3, 0x0e3, 0x0e3, 0x0e3, 0x0e3, 0x1a0, 0x1a0, 0x1a0, 0x1a0, 0x008,
			0x000, 0x000, 0x000, 0x000, 0x000, 0x000, 0x000, 0x000, 0x000, 0x000, 0x000, 0x000, 0x000, 0x000, 0x000, 0x000,
			0x000, 0x000, 0x000, 0x000, 0x000, 0x000, 0x000, 0x000, 0x000, 0x000, 0x000, 0x000, 0x000, 0x000, 0x000, 0x000,
			0x000, 0x000, 0x000, 0x000, 0x000, 0x000, 0x000, 0x000, 0x000, 0x000, 0x000, 0x000, 0x000, 0x000, 0x000, 0x000,
			0x000, 0x000, 0x000, 0x000, 0x000, 0x000, 0x000, 0x000, 0x000, 0x000, 0x000, 0x000, 0x000, 0x000, 0x000, 0x000,
			0x000, 0x000, 0x000, 0x000, 0x000, 0x000, 0x000, 0x000, 0x000, 0x000, 0x000, 0x000, 0x000, 0x000, 0x000, 0x000,
			0x000, 0x000, 0x000, 0x000, 0x000, 0x000, 0x000, 0x000, 0x000, 0x000, 0x000, 0x000, 0x000, 0x000, 0x000, 0x000,
			0x000, 0x000, 0x000, 0x000, 0x000, 0x000, 0x000, 0x000, 0x000, 0x000, 0x000, 0x000, 0x000, 0x000, 0x000, 0x000,
			0x000, 0x000, 0x000, 0x000, 0x000, 0x000, 0x000, 0x000, 0x000, 0x000, 0x000, 0x000, 0x000, 0x000, 0x000, 0x000,
		},
		"km_KH": {
			0x008, 0x008, 0x008, 0x008, 0x008, 0x008, 0x008, 0x008, 0x008, 0x20c, 0x208, 0x208, 0x208, 0x208, 0x008, 0x008,
			0x008, 0x008, 0x008, 0x008, 0x008, 0x008, 0x008, 0x008, 0x008, 0x008, 0x008, 0x008, 0x008, 0x008, 0x008, 0x008,
			0x284, 0x1a0, 0x1a0, 0x1a0, 0x0a0, 0x1a0, 0x1a0, 0x1a0, 0x1a0, 0x1a0, 0x1a0, 0x0a0, 0x1a0, 0x1a0, 0x1a0, 0x1a0,
			0x8b1, 0x8b1, 0x8b1, 0x8b1, 0x8b1, 0x8b1, 0x8b1, 0x8b1, 0x8b1, 0x8b1, 0x1a0, 0x1a0, 0x0a0, 0x0a0, 0x0a0, 0x1a0,
			0x1a0, 0xca3, 0xca3, 0xca3, 0xca3, 0xca3, 0xca3, 0x4a3, 0x4a3, 0x4a3, 0x4a3, 0x4a3, 0x4a3, 0x4a3, 0x4a3, 0x4a3,
			0x4a3, 0x4a3, 0x4a3, 0x4a3, 0x4a3, 0x4a3, 0x4a3, 0x4a3, 0x4a3, 0x4a3, 0x4a3, 0x1a0, 0x1a0, 0x1a0, 0x0a0, 0x1a0,
			0x0a0, 0x8e3, 0x8e3, 0x8e3, 0x8e3, 0x8e3, 0x8e3, 0x0e3, 0x0e3, 0x0e3, 0x0e3, 0x0e3, 0x0e3, 0x0e3, 0x0e3, 0x0e3,
			0x0e3, 0x0e3, 0x0e3, 0x0e3, 0x0e3, 0x0e3, 0x0e3, 0x0e3, 0x0e3, 0x0e3, 0x0e3, 0x1a0, 0x0a0, 0x1a0, 0x0a0, 0x008,
			0x000, 0x000, 0x000, 0x000, 0x000, 0x000, 0x000, 0x000, 0x000, 0x000, 0x000, 0x000, 0x000, 0x000, 0x000, 0x000,
			0x000, 0x000, 0x000, 0x000, 0x000, 0x000, 0x000, 0x000, 0x000, 0x000, 0x000, 0x000, 0x000, 0x000, 0x000, 0x000,
			0x000, 0x000, 0x000, 0x000, 0x000, 0x000, 0x000, 0x000, 0x000, 0x000, 0x000, 0x000, 0x000, 0x000, 0x000, 0x000,
			0x000, 0x000, 0x000, 0x000, 0x000, 0x000, 0x000, 0x000, 0x000, 0x000, 0x000, 0x000, 0x000, 0x000, 0x000, 0x000,
			0x000, 0x000, 0x000, 0x000, 0x000, 0x000, 0x000, 0x000, 0x000, 0x000, 0x000, 0x000, 0x000, 0x000, 0x000, 0x000,
			0x000, 0x000, 0x000, 0x000, 0x000, 0x000, 0x000, 0x000, 0x000, 0x000, 0x000, 0x000, 0x000, 0x000, 0x000, 0x000,
			0x000, 0x000, 0x000, 0x000, 0x000, 0x000, 0x000, 0x000, 0x000, 0x000, 0x000, 0x000, 0x000, 0x000, 0x000, 0x000,
			0x000, 0x000, 0x000, 0x000, 0x000, 0x000, 0x000, 0x000, 0x000, 0x000, 0x000, 0x000, 0x000, 0x000, 0x000, 0x000,
		},
		"kn_IN": {
			0x008, 0x008, 0x008, 0x008, 0x008, 0x008, 0x008, 0x008, 0x008, 0x20c, 0x208, 0x208, 0x208, 0x208, 0x008, 0x008,
			0x008, 0x008, 0x008, 0x008, 0x008, 0x008, 0x008, 0x008, 0x008, 0x008, 0x008, 0x008, 0x008, 0x008, 0x008, 0x008,
			0x284, 0x1a0, 0x1a0, 0x1a0, 0x1a0, 0x1a0, 0x1a0, 0x1a0, 0x1a0, 0x1a0, 0x1a0, 0x1a0, 0x1a0, 0x1a0, 0x1a0, 0x1a0,
			0x8b1, 0x8b1, 0x8b1, 0x8b1, 0x8b1, 0x8b1, 0x8b1, 0x8b1, 0x8b1, 0x8b1, 0x1a0, 0x1a0, 0x1a0, 0x1a0, 0x1a0, 0x1a0,
			0x1a0, 0xca3, 0xca3, 0xca3, 0xca3, 0xca3, 0xca3, 0x4a3, 0x4a3, 0x4a3, 0x4a3, 0x4a3, 0x4a3, 0x4a3, 0x4a3, 0x4a3,
			0x4a3, 0x4a3, 0x4a3, 0x4a3, 0x4a3, 0x4a3, 0x4a3, 0x4a3, 0x4a3, 0x4a3, 0x4a3, 0x1a0, 0x1a0, 0x1a0, 0x1a0, 0x1a0,
			0x1a0, 0x8e3, 0x8e3, 0x8e3, 0x8e3, 0x8e3, 0x8e3, 0x0e3, 0x0e3, 0x0e3, 0x0e3, 0x0e3, 0x0e3, 0x0e3, 0x0e3, 0x0e3,
			0x0e3, 0x0e3, 0x0e3, 0x0e3, 0x0e3, 0x0e3, 0x0e3, 0x0e3, 0x0e3, 0x0e3, 0x0e3, 0x1a0, 0x1a0, 0x1a0, 0x1a0, 0x008,
			0x000, 0x000, 0x000, 0x000, 0x000, 0x000, 0x000, 0x000, 0x000, 0x000, 0x000, 0x000, 0x000, 0x000, 0x000, 0x000,
			0x000, 0x000, 0x000, 0x000, 0x000, 0x000, 0x000, 0x000, 0x000, 0x000, 0x000, 0x000, 0x000, 0x000, 0x000, 0x000,
			0x000, 0x000, 0x000, 0x000, 0x000, 0x000, 0x000, 0x000, 0x000, 0x000, 0x000, 0x000, 0x000, 0x000, 0x000, 0x000,
			0x000, 0x000, 0x000, 0x000, 0x000, 0x000, 0x000, 0x000, 0x000, 0x000, 0x000, 0x000, 0x000, 0x000, 0x000, 0x000,
			0x000, 0x000, 0x000, 0x000, 0x000, 0x000, 0x000, 0x000, 0x000, 0x000, 0x000, 0x000, 0x000, 0x000, 0x000, 0x000,
			0x000, 0x000, 0x000, 0x000, 0x000, 0x000, 0x000, 0x000, 0x000, 0x000, 0x000, 0x000, 0x000, 0x000, 0x000, 0x000,
			0x000, 0x000, 0x000, 0x000, 0x000, 0x000, 0x000, 0x000, 0x000, 0x000, 0x000, 0x000, 0x000, 0x000, 0x000, 0x000,
			0x000, 0x000, 0x000, 0x000, 0x000, 0x000, 0x000, 0x000, 0x000, 0x000, 0x000, 0x000, 0x000, 0x000, 0x000, 0x000,
		},
		"ko_KR.euckr": {
			0x008, 0x008, 0x008, 0x008, 0x008, 0x008, 0x008, 0x008, 0x008, 0x20c, 0x208, 0x208, 0x208, 0x208, 0x008, 0x008,
			0x008, 0x008, 0x008, 0x008, 0x008, 0x008, 0x008, 0x008, 0x008, 0x008, 0x008, 0x008, 0x008, 0x008, 0x008, 0x008,
			0x284, 0x1a0, 0x1a0, 0x1a0, 0x1a0, 0x1a0, 0x1a0, 0x1a0, 0x1a0, 0x1a0, 0x1a0, 0x1a0, 0x1a0, 0x1a0, 0x1a0, 0x1a0,
			0x8b1, 0x8b1, 0x8b1, 0x8b1, 0x8b1, 0x8b1, 0x8b1, 0x8b1, 0x8b1, 0x8b1, 0x1a0, 0x1a0, 0x1a0, 0x1a0, 0x1a0, 0x1a0,
			0x1a0, 0xca3, 0xca3, 0xca3, 0xca3, 0xca3, 0xca3, 0x4a3, 0x4a3, 0x4a3, 0x4a3, 0x4a3, 0x4a3, 0x4a3, 0x4a3, 0x4a3,
			0x4a3, 0x4a3, 0x4a3, 0x4a3, 0x4a3, 0x4a3, 0x4a3, 0x4a3, 0x4a3, 0x4a3, 0x4a3, 0x1a0, 0x1a0, 0x1a0, 0x1a0, 0x1a0,
			0x1a0, 0x8e3, 0x8e3, 0x8e3, 0x8e3, 0x8e3, 0x8e3, 0x0e3, 0x0e3, 0x0e3, 0x0e3, 0x0e3, 0x0e3, 0x0e3, 0x0e3, 0x0e3,
			0x0e3, 0x0e3, 0x0e3, 0x0e3, 0x0e3, 0x0e3, 0x0e3, 0x0e3, 0x0e3, 0x0e3, 0x0e3, 0x1a0, 0x1a0, 0x1a0, 0x1a0, 0x008,
			0x008, 0x008, 0x008, 0x008, 0x008, 0x008, 0x008, 0x008, 0x008, 0x008, 0x008, 0x008, 0x008, 0x008, 0x008, 0x008,
			0x008, 0x008, 0x008, 0x008, 0x008, 0x008, 0x008, 0x008, 0x008, 0x008, 0x008, 0x008, 0x008, 0x008, 0x008, 0x008,
			0x000, 0x000, 0x000, 0x000, 0x000, 0x000, 0x000, 0x000, 0x000, 0x000, 0x000, 0x000, 0x000, 0x000, 0x000, 0x000,
			0x000, 0x000, 0x000, 0x000, 0x000, 0x000, 0x000, 0x000, 0x000, 0x000, 0x000, 0x000, 0x000, 0x000, 0x000, 0x000,
			0x000, 0x000, 0x000, 0x000, 0x000, 0x000, 0x000, 0x000, 0x000, 0x000, 0x000, 0x000, 0x000, 0x000, 0x000, 0x000,
			0x000, 0x000, 0x000, 0x000, 0x000, 0x000, 0x000, 0x000, 0x000, 0x000, 0x000, 0x000, 0x000, 0x000, 0x000, 0x000,
			0x000, 0x000, 0x000, 0x000, 0x000, 0x000, 0x000, 0x000, 0x000, 0x000, 0x000, 0x000, 0x000, 0x000, 0x000, 0x000,
			0x000, 0x000, 0x000, 0x000, 0x000, 0x000, 0x000, 0x000, 0x000, 0x000, 0x000, 0x000, 0x000, 0x000, 0x000, 0x000,
		},
		"ko_KR.utf8": {
			0x008, 0x008, 0x008, 0x008, 0x008, 0x008, 0x008, 0x008, 0x008, 0x20c, 0x208, 0x208, 0x208, 0x208, 0x008, 0x008,
			0x008, 0x008, 0x008, 0x008, 0x008, 0x008, 0x008, 0x008, 0x008, 0x008, 0x008, 0x008, 0x008, 0x008, 0x008, 0x008,
			0x284, 0x1a0, 0x1a0, 0x1a0, 0x1a0, 0x1a0, 0x1a0, 0x1a0, 0x1a0, 0x1a0, 0x1a0, 0x1a0, 0x1a0, 0x1a0, 0x1a0, 0x1a0,
			0x8b1, 0x8b1, 0x8b1, 0x8b1, 0x8b1, 0x8b1, 0x8b1, 0x8b1, 0x8b1, 0x8b1, 0x1a0, 0x1a0, 0x1a0, 0x1a0, 0x1a0, 0x1a0,
			0x1a0, 0xca3, 0xca3, 0xca3, 0xca3, 0xca3, 0xca3, 0x4a3, 0x4a3, 0x4a3, 0x4a3, 0x4a3, 0x4a3, 0x4a3, 0x4a3, 0x4a3,
			0x4a3, 0x4a3, 0x4a3, 0x4a3, 0x4a3, 0x4a3, 0x4a3, 0x4a3, 0x4a3, 0x4a3, 0x4a3, 0x1a0, 0x1a0, 0x1a0, 0x1a0, 0x1a0,
			0x1a0, 0x8e3, 0x8e3, 0x8e3, 0x8e3, 0x8e3, 0x8e3, 0x0e3, 0x0e3, 0x0e3, 0x0e3, 0x0e3, 0x0e3, 0x0e3, 0x0e3, 0x0e3,
			0x0e3, 0x0e3, 0x0e3, 0x0e3, 0x0e3, 0x0e3, 0x0e3, 0x0e3, 0x0e3, 0x0e3, 0x0e3, 0x1a0, 0x1a0, 0x1a0, 0x1a0, 0x008,
			0x000, 0x000, 0x000, 0x000, 0x000, 0x000, 0x000, 0x000, 0x000, 0x000, 0x000, 0x000, 0x000, 0x000, 0x000, 0x000,
			0x000, 0x000, 0x000, 0x000, 0x000, 0x000, 0x000, 0x000, 0x000, 0x000, 0x000, 0x000, 0x000, 0x000, 0x000, 0x000,
			0x000, 0x000, 0x000, 0x000, 0x000, 0x000, 0x000, 0x000, 0x000, 0x000, 0x000, 0x000, 0x000, 0x000, 0x000, 0x000,
			0x000, 0x000, 0x000, 0x000, 0x000, 0x000, 0x000, 0x000, 0x000, 0x000, 0x000, 0x000, 0x000, 0x000, 0x000, 0x000,
			0x000, 0x000, 0x000, 0x000, 0x000, 0x000, 0x000, 0x000, 0x000, 0x000, 0x000, 0x000, 0x000, 0x000, 0x000, 0x000,
			0x000, 0x000, 0x000, 0x000, 0x000, 0x000, 0x000, 0x000, 0x000, 0x000, 0x000, 0x000, 0x000, 0x000, 0x000, 0x000,
			0x000, 0x000, 0x000, 0x000, 0x000, 0x000, 0x000, 0x000, 0x000, 0x000, 0x000, 0x000, 0x000, 0x000, 0x000, 0x000,
			0x000, 0x000, 0x000, 0x000, 0x000, 0x000, 0x000, 0x000, 0x000, 0x000, 0x000, 0x000, 0x000, 0x000, 0x000, 0x000,
		},
		"kok_IN": {
			0x008, 0x008, 0x008, 0x008, 0x008, 0x008, 0x008, 0x008, 0x008, 0x20c, 0x208, 0x208, 0x208, 0x208, 0x008, 0x008,
			0x008, 0x008, 0x008, 0x008, 0x008, 0x008, 0x008, 0x008, 0x008, 0x008, 0x008, 0x008, 0x008, 0x008, 0x008, 0x008,
			0x284, 0x1a0, 0x1a0, 0x1a0, 0x1a0, 0x1a0, 0x1a0, 0x1a0, 0x1a0, 0x1a0, 0x1a0, 0x1a0, 0x1a0, 0x1a0, 0x1a0, 0x1a0,
			0x8b1, 0x8b1, 0x8b1, 0x8b1, 0x8b1, 0x8b1, 0x8b1, 0x8b1, 0x8b1, 0x8b1, 0x1a0, 0x1a0, 0x1a0, 0x1a0, 0x1a0, 0x1a0,
			0x1a0, 0xca3, 0xca3, 0xca3, 0xca3, 0xca3, 0xca3, 0x4a3, 0x4a3, 0x4a3, 0x4a3, 0x4a3, 0x4a3, 0x4a3, 0x4a3, 0x4a3,
			0x4a3, 0x4a3, 0x4a3, 0x4a3, 0x4a3, 0x4a3, 0x4a3, 0x4a3, 0x4a3, 0x4a3, 0x4a3, 0x1a0, 0x1a0, 0x1a0, 0x1a0, 0x1a0,
			0x1a0, 0x8e3, 0x8e3, 0x8e3, 0x8e3, 0x8e3, 0x8e3, 0x0e3, 0x0e3, 0x0e3, 0x0e3, 0x0e3, 0x0e3, 0x0e3, 0x0e3, 0x0e3,
			0x0e3, 0x0e3, 0x0e3, 0x0e3, 0x0e3, 0x0e3, 0x0e3, 0x0e3, 0x0e3, 0x0e3, 0x0e3, 0x1a0, 0x1a0, 0x1a0, 0x1a0, 0x008,
			0x000, 0x000, 0x000, 0x000, 0x000, 0x000, 0x000, 0x000, 0x000, 0x000, 0x000, 0x000, 0x000, 0x000, 0x000, 0x000,
			0x000, 0x000, 0x000, 0x000, 0x000, 0x000, 0x000, 0x000, 0x000, 0x000, 0x000, 0x000, 0x000, 0x000, 0x000, 0x000,
			0x000, 0x000, 0x000, 0x000, 0x000, 0x000, 0x000, 0x000, 0x000, 0x000, 0x000, 0x000, 0x000, 0x000, 0x000, 0x000,
			0x000, 0x000, 0x000, 0x000, 0x000, 0x000, 0x000, 0x000, 0x000, 0x000, 0x000, 0x000, 0x000, 0x000, 0x000, 0x000,
			0x000, 0x000, 0x000, 0x000, 0x000, 0x000, 0x000, 0x000, 0x000, 0x000, 0x000, 0x000, 0x000, 0x000, 0x000, 0x000,
			0x000, 0x000, 0x000, 0x000, 0x000, 0x000, 0x000, 0x000, 0x000, 0x000, 0x000, 0x000, 0x000, 0x000, 0x000, 0x000,
			0x000, 0x000, 0x000, 0x000, 0x000, 0x000, 0x000, 0x000, 0x000, 0x000, 0x000, 0x000, 0x000, 0x000, 0x000, 0x000,
			0x000, 0x000, 0x000, 0x000, 0x000, 0x000, 0x000, 0x000, 0x000, 0x000, 0x000, 0x000, 0x000, 0x000, 0x000, 0x000,
		},
		"ks_IN": {
			0x008, 0x008, 0x008, 0x008, 0x008, 0x008, 0x008, 0x008, 0x008, 0x20c, 0x208, 0x208, 0x208, 0x208, 0x008, 0x008,
			0x008, 0x008, 0x008, 0x008, 0x008, 0x008, 0x008, 0x008, 0x008, 0x008, 0x008, 0x008, 0x008, 0x008, 0x008, 0x008,
			0x284, 0x1a0, 0x1a0, 0x1a0, 0x1a0, 0x1a0, 0x1a0, 0x1a0, 0x1a0, 0x1a0, 0x1a0, 0x1a0, 0x1a0, 0x1a0, 0x1a0, 0x1a0,
			0x8b1, 0x8b1, 0x8b1, 0x8b1, 0x8b1, 0x8b1, 0x8b1, 0x8b1, 0x8b1, 0x8b1, 0x1a0, 0x1a0, 0x1a0, 0x1a0, 0x1a0, 0x1a0,
			0x1a0, 0xca3, 0xca3, 0xca3, 0xca3, 0xca3, 0xca3, 0x4a3, 0x4a3, 0x4a3, 0x4a3, 0x4a3, 0x4a3, 0x4a3, 0x4a3, 0x4a3,
			0x4a3, 0x4a3, 0x4a3, 0x4a3, 0x4a3, 0x4a3, 0x4a3, 0x4a3, 0x4a3, 0x4a3, 0x4a3, 0x1a0, 0x1a0, 0x1a0, 0x1a0, 0x1a0,
			0x1a0, 0x8e3, 0x8e3, 0x8e3, 0x8e3, 0x8e3, 0x8e3, 0x0e3, 0x0e3, 0x0e3, 0x0e3, 0x0e3, 0x0e3, 0x0e3, 0x0e3, 0x0e3,
			0x0e3, 0x0e3, 0x0e3, 0x0e3, 0x0e3, 0x0e3, 0x0e3, 0x0e3, 0x0e3, 0x0e3, 0x0e3, 0x1a0, 0x1a0, 0x1a0, 0x1a0, 0x008,
			0x000, 0x000, 0x000, 0x000, 0x000, 0x000, 0x000, 0x000, 0x000, 0x000, 0x000, 0x000, 0x000, 0x000, 0x000, 0x000,
			0x000, 0x000, 0x000, 0x000, 0x000, 0x000, 0x000, 0x000, 0x000, 0x000, 0x000, 0x000, 0x000, 0x000, 0x000, 0x000,
			0x000, 0x000, 0x000, 0x000, 0x000, 0x000, 0x000, 0x000, 0x000, 0x000, 0x000, 0x000, 0x000, 0x000, 0x000, 0x000,
			0x000, 0x000, 0x000, 0x000, 0x000, 0x000, 0x000, 0x000, 0x000, 0x000, 0x000, 0x000, 0x000, 0x000, 0x000, 0x000,
			0x000, 0x000, 0x000, 0x000, 0x000, 0x000, 0x000, 0x000, 0x000, 0x000, 0x000, 0x000, 0x000, 0x000, 0x000, 0x000,
			0x000, 0x000, 0x000, 0x000, 0x000, 0x000, 0x000, 0x000, 0x000, 0x000, 0x000, 0x000, 0x000, 0x000, 0x000, 0x000,
			0x000, 0x000, 0x000, 0x000, 0x000, 0x000, 0x000, 0x000, 0x000, 0x000, 0x000, 0x000, 0x000, 0x000, 0x000, 0x000,
			0x000, 0x000, 0x000, 0x000, 0x000, 0x000, 0x000, 0x000, 0x000, 0x000, 0x000, 0x000, 0x000, 0x000, 0x000, 0x000,
		},
		"ks_IN@devanagari": {
			0x008, 0x008, 0x008, 0x008, 0x008, 0x008, 0x008, 0x008, 0x008, 0x20c, 0x208, 0x208, 0x208, 0x208, 0x008, 0x008,
			0x008, 0x008, 0x008, 0x008, 0x008, 0x008, 0x008, 0x008, 0x008, 0x008, 0x008, 0x008, 0x008, 0x008, 0x008, 0x008,
			0x284, 0x1a0, 0x1a0, 0x1a0, 0x1a0, 0x1a0, 0x1a0, 0x1a0, 0x1a0, 0x1a0, 0x1a0, 0x1a0, 0x1a0, 0x1a0, 0x1a0, 0x1a0,
			0x8b1, 0x8b1, 0x8b1, 0x8b1, 0x8b1, 0x8b1, 0x8b1, 0x8b1, 0x8b1, 0x8b1, 0x1a0, 0x1a0, 0x1a0, 0x1a0, 0x1a0, 0x1a0,
			0x1a0, 0xca3, 0xca3, 0xca3, 0xca3, 0xca3, 0xca3, 0x4a3, 0x4a3, 0x4a3, 0x4a3, 0x4a3, 0x4a3, 0x4a3, 0x4a3, 0x4a3,
			0x4a3, 0x4a3, 0x4a3, 0x4a3, 0x4a3, 0x4a3, 0x4a3, 0x4a3, 0x4a3, 0x4a3, 0x4a3, 0x1a0, 0x1a0, 0x1a0, 0x1a0, 0x1a0,
			0x1a0, 0x8e3, 0x8e3, 0x8e3, 0x8e3, 0x8e3, 0x8e3, 0x0e3, 0x0e3, 0x0e3, 0x0e3, 0x0e3, 0x0e3, 0x0e3, 0x0e3, 0x0e3,
			0x0e3, 0x0e3, 0x0e3, 0x0e3, 0x0e3, 0x0e3, 0x0e3, 0x0e3, 0x0e3, 0x0e3, 0x0e3, 0x1a0, 0x1a0, 0x1a0, 0x1a0, 0x008,
			0x000, 0x000, 0x000, 0x000, 0x000, 0x000, 0x000, 0x000, 0x000, 0x000, 0x000, 0x000, 0x000, 0x000, 0x000, 0x000,
			0x000, 0x000, 0x000, 0x000, 0x000, 0x000, 0x000, 0x000, 0x000, 0x000, 0x000, 0x000, 0x000, 0x000, 0x000, 0x000,
			0x000, 0x000, 0x000, 0x000, 0x000, 0x000, 0x000, 0x000, 0x000, 0x000, 0x000, 0x000, 0x000, 0x000, 0x000, 0x000,
			0x000, 0x000, 0x000, 0x000, 0x000, 0x000, 0x000, 0x000, 0x000, 0x000, 0x000, 0x000, 0x000, 0x000, 0x000, 0x000,
			0x000, 0x000, 0x000, 0x000, 0x000, 0x000, 0x000, 0x000, 0x000, 0x000, 0x000, 0x000, 0x000, 0x000, 0x000, 0x000,
			0x000, 0x000, 0x000, 0x000, 0x000, 0x000, 0x000, 0x000, 0x000, 0x000, 0x000, 0x000, 0x000, 0x000, 0x000, 0x000,
			0x000, 0x000, 0x000, 0x000, 0x000, 0x000, 0x000, 0x000, 0x000, 0x000, 0x000, 0x000, 0x000, 0x000, 0x000, 0x000,
			0x000, 0x000, 0x000, 0x000, 0x000, 0x000, 0x000, 0x000, 0x000, 0x000, 0x000, 0x000, 0x000, 0x000, 0x000, 0x000,
		},
		"ku_TR": {
			0x008, 0x008, 0x008, 0x008, 0x008, 0x008, 0x008, 0x008, 0x008, 0x20c, 0x208, 0x208, 0x208, 0x208, 0x008, 0x008,
			0x008, 0x008, 0x008, 0x008, 0x008, 0x008, 0x008, 0x008, 0x008, 0x008, 0x008, 0x008, 0x008, 0x008, 0x008, 0x008,
			0x284, 0x1a0, 0x1a0, 0x1a0, 0x1a0, 0x1a0, 0x1a0, 0x1a0, 0x1a0, 0x1a0, 0x1a0, 0x1a0, 0x1a0, 0x1a0, 0x1a0, 0x1a0,
			0x8b1, 0x8b1, 0x8b1, 0x8b1, 0x8b1, 0x8b1, 0x8b1, 0x8b1, 0x8b1, 0x8b1, 0x1a0, 0x1a0, 0x1a0, 0x1a0, 0x1a0, 0x1a0,
			0x1a0, 0xca3, 0xca3, 0xca3, 0xca3, 0xca3, 0xca3, 0x4a3, 0x4a3, 0x4a3, 0x4a3, 0x4a3, 0x4a3, 0x4a3, 0x4a3, 0x4a3,
			0x4a3, 0x4a3, 0x4a3, 0x4a3, 0x4a3, 0x4a3, 0x4a3, 0x4a3, 0x4a3, 0x4a3, 0x4a3, 0x1a0, 0x1a0, 0x1a0, 0x1a0, 0x1a0,
			0x1a0, 0x8e3, 0x8e3, 0x8e3, 0x8e3, 0x8e3, 0x8e3, 0x0e3, 0x0e3, 0x0e3, 0x0e3, 0x0e3, 0x0e3, 0x0e3, 0x0e3, 0x0e3,
			0x0e3, 0x0e3, 0x0e3, 0x0e3, 0x0e3, 0x0e3, 0x0e3, 0x0e3, 0x0e3, 0x0e3, 0x0e3, 0x1a0, 0x1a0, 0x1a0, 0x1a0, 0x008,
			0x008, 0x008, 0x008, 0x008, 0x008, 0x008, 0x008, 0x008, 0x008, 0x008, 0x008, 0x008, 0x008, 0x008, 0x008, 0x008,
			0x008, 0x008, 0x008, 0x008, 0x008, 0x008, 0x008, 0x008, 0x008, 0x008, 0x008, 0x008, 0x008, 0x008, 0x008, 0x008,
			0x1a0, 0x1a0, 0x1a0, 0x1a0, 0x1a0, 0x1a0, 0x1a0, 0x1a0, 0x1a0, 0x1a0, 0x0e3, 0x1a0, 0x1a0, 0x1a0, 0x1a0, 0x1a0,
			0x1a0, 0x1a0, 0x1a0, 0x1a0, 0x1a0, 0x0e3, 0x1a0, 0x1a0, 0x1a0, 0x1a0, 0x0e3, 0x1a0, 0x1a0, 0x1a0, 0x1a0, 0x1a0,
			0x4a3, 0x4a3, 0x4a3, 0x4a3, 0x4a3, 0x4a3, 0x4a3, 0x4a3, 0x4a3, 0x4a3, 0x4a3, 0x4a3, 0x4a3, 0x4a3, 0x4a3, 0x4a3,
			0x4a3, 0x4a3, 0x4a3, 0x4a3, 0x4a3, 0x4a3, 0x4a3, 0x1a0, 0x4a3, 0x4a3, 0x4a3, 0x4a3, 0x4a3, 0x4a3, 0x4a3, 0x0e3,
			0x0e3, 0x0e3, 0x0e3, 0x0e3, 0x0e3, 0x0e3, 0x0e3, 0x0e3, 0x0e3, 0x0e3, 0x0e3, 0x0e3, 0x0e3, 0x0e3, 0x0e3, 0x0e3,
			0x0e3, 0x0e3, 0x0e3, 0x0e3, 0x0e3, 0x0e3, 0x0e3, 0x1a0, 0x0e3, 0x0e3, 0x0e3, 0x0e3, 0x0e3, 0x0e3, 0x0e3, 0x0e3,
		},
		"ku_TR.utf8": {
			0x008, 0x008, 0x008, 0x008, 0x008, 0x008, 0x008, 0x008, 0x008, 0x20c, 0x208, 0x208, 0x208, 0x208, 0x008, 0x008,
			0x008, 0x008, 0x008, 0x008, 0x008, 0x008, 0x008, 0x008, 0x008, 0x008, 0x008, 0x008, 0x008, 0x008, 0x008, 0x008,
			0x284, 0x1a0, 0x1a0, 0x1a0, 0x1a0, 0x1a0, 0x1a0, 0x1a0, 0x1a0, 0x1a0, 0x1a0, 0x1a0, 0x1a0, 0x1a0, 0x1a0, 0x1a0,
			0x8b1, 0x8b1, 0x8b1, 0x8b1, 0x8b1, 0x8b1, 0x8b1, 0x8b1, 0x8b1, 0x8b1, 0x1a0, 0x1a0, 0x1a0, 0x1a0, 0x1a0, 0x1a0,
			0x1a0, 0xca3, 0xca3, 0xca3, 0xca3, 0xca3, 0xca3, 0x4a3, 0x4a3, 0x4a3, 0x4a3, 0x4a3, 0x4a3, 0x4a3, 0x4a3, 0x4a3,
			0x4a3, 0x4a3, 0x4a3, 0x4a3, 0x4a3, 0x4a3, 0x4a3, 0x4a3, 0x4a3, 0x4a3, 0x4a3, 0x1a0, 0x1a0, 0x1a0, 0x1a0, 0x1a0,
			0x1a0, 0x8e3, 0x8e3, 0x8e3, 0x8e3, 0x8e3, 0x8e3, 0x0e3, 0x0e3, 0x0e3, 0x0e3, 0x0e3, 0x0e3, 0x0e3, 0x0e3, 0x0e3,
			0x0e3, 0x0e3, 0x0e3, 0x0e3, 0x0e3, 0x0e3, 0x0e3, 0x0e3, 0x0e3, 0x0e3, 0x0e3, 0x1a0, 0x1a0, 0x1a0, 0x1a0, 0x008,
			0x000, 0x000, 0x000, 0x000, 0x000, 0x000, 0x000, 0x000, 0x000, 0x000, 0x000, 0x000, 0x000, 0x000, 0x000, 0x000,
			0x000, 0x000, 0x000, 0x000, 0x000, 0x000, 0x000, 0x000, 0x000, 0x000, 0x000, 0x000, 0x000, 0x000, 0x000, 0x000,
			0x000, 0x000, 0x000, 0x000, 0x000, 0x000, 0x000, 0x000, 0x000, 0x000, 0x000, 0x000, 0x000, 0x000, 0x000, 0x000,
			0x000, 0x000, 0x000, 0x000, 0x000, 0x000, 0x000, 0x000, 0x000, 0x000, 0x000, 0x000, 0x000, 0x000, 0x000, 0x000,
			0x000, 0x000, 0x000, 0x000, 0x000, 0x000, 0x000, 0x000, 0x000, 0x000, 0x000, 0x000, 0x000, 0x000, 0x000, 0x000,
			0x000, 0x000, 0x000, 0x000, 0x000, 0x000, 0x000, 0x000, 0x000, 0x000, 0x000, 0x000, 0x000, 0x000, 0x000, 0x000,
			0x000, 0x000, 0x000, 0x000, 0x000, 0x000, 0x000, 0x000, 0x000, 0x000, 0x000, 0x000, 0x000, 0x000, 0x000, 0x000,
			0x000, 0x000, 0x000, 0x000, 0x000, 0x000, 0x000, 0x000, 0x000, 0x000, 0x000, 0x000, 0x000, 0x000, 0x000, 0x000,
		},
		"kw_GB": {
			0x008, 0x008, 0x008, 0x008, 0x008, 0x008, 0x008, 0x008, 0x008, 0x20c, 0x208, 0x208, 0x208, 0x208, 0x008, 0x008,
			0x008, 0x008, 0x008, 0x008, 0x008, 0x008, 0x008, 0x008, 0x008, 0x008, 0x008, 0x008, 0x008, 0x008, 0x008, 0x008,
			0x284, 0x1a0, 0x1a0, 0x1a0, 0x1a0, 0x1a0, 0x1a0, 0x1a0, 0x1a0, 0x1a0, 0x1a0, 0x1a0, 0x1a0, 0x1a0, 0x1a0, 0x1a0,
			0x8b1, 0x8b1, 0x8b1, 0x8b1, 0x8b1, 0x8b1, 0x8b1, 0x8b1, 0x8b1, 0x8b1, 0x1a0, 0x1a0, 0x1a0, 0x1a0, 0x1a0, 0x1a0,
			0x1a0, 0xca3, 0xca3, 0xca3, 0xca3, 0xca3, 0xca3, 0x4a3, 0x4a3, 0x4a3, 0x4a3, 0x4a3, 0x4a3, 0x4a3, 0x4a3, 0x4a3,
			0x4a3, 0x4a3, 0x4a3, 0x4a3, 0x4a3, 0x4a3, 0x4a3, 0x4a3, 0x4a3, 0x4a3, 0x4a3, 0x1a0, 0x1a0, 0x1a0, 0x1a0, 0x1a0,
			0x1a0, 0x8e3, 0x8e3, 0x8e3, 0x8e3, 0x8e3, 0x8e3, 0x0e3, 0x0e3, 0x0e3, 0x0e3, 0x0e3, 0x0e3, 0x0e3, 0x0e3, 0x0e3,
			0x0e3, 0x0e3, 0x0e3, 0x0e3, 0x0e3, 0x0e3, 0x0e3, 0x0e3, 0x0e3, 0x0e3, 0x0e3, 0x1a0, 0x1a0, 0x1a0, 0x1a0, 0x008,
			0x008, 0x008, 0x008, 0x008, 0x008, 0x008, 0x008, 0x008, 0x008, 0x008, 0x008, 0x008, 0x008, 0x008, 0x008, 0x008,
			0x008, 0x008, 0x008, 0x008, 0x008, 0x008, 0x008, 0x008, 0x008, 0x008, 0x008, 0x008, 0x008, 0x008, 0x008, 0x008,
			0x1a0, 0x1a0, 0x1a0, 0x1a0, 0x1a0, 0x1a0, 0x1a0, 0x1a0, 0x1a0, 0x1a0, 0x0e3, 0x1a0, 0x1a0, 0x1a0, 0x1a0, 0x1a0,
			0x1a0, 0x1a0, 0x1a0, 0x1a0, 0x1a0, 0x0e3, 0x1a0, 0x1a0, 0x1a0, 0x1a0, 0x0e3, 0x1a0, 0x1a0, 0x1a0, 0x1a0, 0x1a0,
			0x4a3, 0x4a3, 0x4a3, 0x4a3, 0x4a3, 0x4a3, 0x4a3, 0x4a3, 0x4a3, 0x4a3, 0x4a3, 0x4a3, 0x4a3, 0x4a3, 0x4a3, 0x4a3,
			0x4a3, 0x4a3, 0x4a3, 0x4a3, 0x4a3, 0x4a3, 0x4a3, 0x1a0, 0x4a3, 0x4a3, 0x4a3, 0x4a3, 0x4a3, 0x4a3, 0x4a3, 0x0e3,
			0x0e3, 0x0e3, 0x0e3, 0x0e3, 0x0e3, 0x0e3, 0x0e3, 0x0e3, 0x0e3, 0x0e3, 0x0e3, 0x0e3, 0x0e3, 0x0e3, 0x0e3, 0x0e3,
			0x0e3, 0x0e3, 0x0e3, 0x0e3, 0x0e3, 0x0e3, 0x0e3, 0x1a0, 0x0e3, 0x0e3, 0x0e3, 0x0e3, 0x0e3, 0x0e3, 0x0e3, 0x0e3,
		},
		"kw_GB.utf8": {
			0x008, 0x008, 0x008, 0x008, 0x008, 0x008, 0x008, 0x008, 0x008, 0x20c, 0x208, 0x208, 0x208, 0x208, 0x008, 0x008,
			0x008, 0x008, 0x008, 0x008, 0x008, 0x008, 0x008, 0x008, 0x008, 0x008, 0x008, 0x008, 0x008, 0x008, 0x008, 0x008,
			0x284, 0x1a0, 0x1a0, 0x1a0, 0x1a0, 0x1a0, 0x1a0, 0x1a0, 0x1a0, 0x1a0, 0x1a0, 0x1a0, 0x1a0, 0x1a0, 0x1a0, 0x1a0,
			0x8b1, 0x8b1, 0x8b1, 0x8b1, 0x8b1, 0x8b1, 0x8b1, 0x8b1, 0x8b1, 0x8b1, 0x1a0, 0x1a0, 0x1a0, 0x1a0, 0x1a0, 0x1a0,
			0x1a0, 0xca3, 0xca3, 0xca3, 0xca3, 0xca3, 0xca3, 0x4a3, 0x4a3, 0x4a3, 0x4a3, 0x4a3, 0x4a3, 0x4a3, 0x4a3, 0x4a3,
			0x4a3, 0x4a3, 0x4a3, 0x4a3, 0x4a3, 0x4a3, 0x4a3, 0x4a3, 0x4a3, 0x4a3, 0x4a3, 0x1a0, 0x1a0, 0x1a0, 0x1a0, 0x1a0,
			0x1a0, 0x8e3, 0x8e3, 0x8e3, 0x8e3, 0x8e3, 0x8e3, 0x0e3, 0x0e3, 0x0e3, 0x0e3, 0x0e3, 0x0e3, 0x0e3, 0x0e3, 0x0e3,
			0x0e3, 0x0e3, 0x0e3, 0x0e3, 0x0e3, 0x0e3, 0x0e3, 0x0e3, 0x0e3, 0x0e3, 0x0e3, 0x1a0, 0x1a0, 0x1a0, 0x1a0, 0x008,
			0x000, 0x000, 0x000, 0x000, 0x000, 0x000, 0x000, 0x000, 0x000, 0x000, 0x000, 0x000, 0x000, 0x000, 0x000, 0x000,
			0x000, 0x000, 0x000, 0x000, 0x000, 0x000, 0x000, 0x000, 0x000, 0x000, 0x000, 0x000, 0x000, 0x000, 0x000, 0x000,
			0x000, 0x000, 0x000, 0x000, 0x000, 0x000, 0x000, 0x000, 0x000, 0x000, 0x000, 0x000, 0x000, 0x000, 0x000, 0x000,
			0x000, 0x000, 0x000, 0x000, 0x000, 0x000, 0x000, 0x000, 0x000, 0x000, 0x000, 0x000, 0x000, 0x000, 0x000, 0x000,
			0x000, 0x000, 0x000, 0x000, 0x000, 0x000, 0x000, 0x000, 0x000, 0x000, 0x000, 0x000, 0x000, 0x000, 0x000, 0x000,
			0x000, 0x000, 0x000, 0x000, 0x000, 0x000, 0x000, 0x000, 0x000, 0x000, 0x000, 0x000, 0x000, 0x000, 0x000, 0x000,
			0x000, 0x000, 0x000, 0x000, 0x000, 0x000, 0x000, 0x000, 0x000, 0x000, 0x000, 0x000, 0x000, 0x000, 0x000, 0x000,
			0x000, 0x000, 0x000, 0x000, 0x000, 0x000, 0x000, 0x000, 0x000, 0x000, 0x000, 0x000, 0x000, 0x000, 0x000, 0x000,
		},
		"ky_KG": {
			0x008, 0x008, 0x008, 0x008, 0x008, 0x008, 0x008, 0x008, 0x008, 0x20c, 0x208, 0x208, 0x208, 0x208, 0x008, 0x008,
			0x008, 0x008, 0x008, 0x008, 0x008, 0x008, 0x008, 0x008, 0x008, 0x008, 0x008, 0x008, 0x008, 0x008, 0x008, 0x008,
			0x284, 0x1a0, 0x1a0, 0x1a0, 0x1a0, 0x1a0, 0x1a0, 0x1a0, 0x1a0, 0x1a0, 0x1a0, 0x1a0, 0x1a0, 0x1a0, 0x1a0, 0x1a0,
			0x8b1, 0x8b1, 0x8b1, 0x8b1, 0x8b1, 0x8b1, 0x8b1, 0x8b1, 0x8b1, 0x8b1, 0x1a0, 0x1a0, 0x1a0, 0x1a0, 0x1a0, 0x1a0,
			0x1a0, 0xca3, 0xca3, 0xca3, 0xca3, 0xca3, 0xca3, 0x4a3, 0x4a3, 0x4a3, 0x4a3, 0x4a3, 0x4a3, 0x4a3, 0x4a3, 0x4a3,
			0x4a3, 0x4a3, 0x4a3, 0x4a3, 0x4a3, 0x4a3, 0x4a3, 0x4a3, 0x4a3, 0x4a3, 0x4a3, 0x1a0, 0x1a0, 0x1a0, 0x1a0, 0x1a0,
			0x1a0, 0x8e3, 0x8e3, 0x8e3, 0x8e3, 0x8e3, 0x8e3, 0x0e3, 0x0e3, 0x0e3, 0x0e3, 0x0e3, 0x0e3, 0x0e3, 0x0e3, 0x0e3,
			0x0e3, 0x0e3, 0x0e3, 0x0e3, 0x0e3, 0x0e3, 0x0e3, 0x0e3, 0x0e3, 0x0e3, 0x0e3, 0x1a0, 0x1a0, 0x1a0, 0x1a0, 0x008,
			0x000, 0x000, 0x000, 0x000, 0x000, 0x000, 0x000, 0x000, 0x000, 0x000, 0x000, 0x000, 0x000, 0x000, 0x000, 0x000,
			0x000, 0x000, 0x000, 0x000, 0x000, 0x000, 0x000, 0x000, 0x000, 0x000, 0x000, 0x000, 0x000, 0x000, 0x000, 0x000,
			0x000, 0x000, 0x000, 0x000, 0x000, 0x000, 0x000, 0x000, 0x000, 0x000, 0x000, 0x000, 0x000, 0x000, 0x000, 0x000,
			0x000, 0x000, 0x000, 0x000, 0x000, 0x000, 0x000, 0x000, 0x000, 0x000, 0x000, 0x000, 0x000, 0x000, 0x000, 0x000,
			0x000, 0x000, 0x000, 0x000, 0x000, 0x000, 0x000, 0x000, 0x000, 0x000, 0x000, 0x000, 0x000, 0x000, 0x000, 0x000,
			0x000, 0x000, 0x000, 0x000, 0x000, 0x000, 0x000, 0x000, 0x000, 0x000, 0x000, 0x000, 0x000, 0x000, 0x000, 0x000,
			0x000, 0x000, 0x000, 0x000, 0x000, 0x000, 0x000, 0x000, 0x000, 0x000, 0x000, 0x000, 0x000, 0x000, 0x000, 0x000,
			0x000, 0x000, 0x000, 0x000, 0x000, 0x000, 0x000, 0x000, 0x000, 0x000, 0x000, 0x000, 0x000, 0x000, 0x000, 0x000,
		},
		"lb_LU": {
			0x008, 0x008, 0x008, 0x008, 0x008, 0x008, 0x008, 0x008, 0x008, 0x20c, 0x208, 0x208, 0x208, 0x208, 0x008, 0x008,
			0x008, 0x008, 0x008, 0x008, 0x008, 0x008, 0x008, 0x008, 0x008, 0x008, 0x008, 0x008, 0x008, 0x008, 0x008, 0x008,
			0x284, 0x1a0, 0x1a0, 0x1a0, 0x1a0, 0x1a0, 0x1a0, 0x1a0, 0x1a0, 0x1a0, 0x1a0, 0x1a0, 0x1a0, 0x1a0, 0x1a0, 0x1a0,
			0x8b1, 0x8b1, 0x8b1, 0x8b1, 0x8b1, 0x8b1, 0x8b1, 0x8b1, 0x8b1, 0x8b1, 0x1a0, 0x1a0, 0x1a0, 0x1a0, 0x1a0, 0x1a0,
			0x1a0, 0xca3, 0xca3, 0xca3, 0xca3, 0xca3, 0xca3, 0x4a3, 0x4a3, 0x4a3, 0x4a3, 0x4a3, 0x4a3, 0x4a3, 0x4a3, 0x4a3,
			0x4a3, 0x4a3, 0x4a3, 0x4a3, 0x4a3, 0x4a3, 0x4a3, 0x4a3, 0x4a3, 0x4a3, 0x4a3, 0x1a0, 0x1a0, 0x1a0, 0x1a0, 0x1a0,
			0x1a0, 0x8e3, 0x8e3, 0x8e3, 0x8e3, 0x8e3, 0x8e3, 0x0e3, 0x0e3, 0x0e3, 0x0e3, 0x0e3, 0x0e3, 0x0e3, 0x0e3, 0x0e3,
			0x0e3, 0x0e3, 0x0e3, 0x0e3, 0x0e3, 0x0e3, 0x0e3, 0x0e3, 0x0e3, 0x0e3, 0x0e3, 0x1a0, 0x1a0, 0x1a0, 0x1a0, 0x008,
			0x000, 0x000, 0x000, 0x000, 0x000, 0x000, 0x000, 0x000, 0x000, 0x000, 0x000, 0x000, 0x000, 0x000, 0x000, 0x000,
			0x000, 0x000, 0x000, 0x000, 0x000, 0x000, 0x000, 0x000, 0x000, 0x000, 0x000, 0x000, 0x000, 0x000, 0x000, 0x000,
			0x000, 0x000, 0x000, 0x000, 0x000, 0x000, 0x000, 0x000, 0x000, 0x000, 0x000, 0x000, 0x000, 0x000, 0x000, 0x000,
			0x000, 0x000, 0x000, 0x000, 0x000, 0x000, 0x000, 0x000, 0x000, 0x000, 0x000, 0x000, 0x000, 0x000, 0x000, 0x000,
			0x000, 0x000, 0x000, 0x000, 0x000, 0x000, 0x000, 0x000, 0x000, 0x000, 0x000, 0x000, 0x000, 0x000, 0x000, 0x000,
			0x000, 0x000, 0x000, 0x000, 0x000, 0x000, 0x000, 0x000, 0x000, 0x000, 0x000, 0x000, 0x000, 0x000, 0x000, 0x000,
			0x000, 0x000, 0x000, 0x000, 0x000, 0x000, 0x000, 0x000, 0x000, 0x000, 0x000, 0x000, 0x000, 0x000, 0x000, 0x000,
			0x000, 0x000, 0x000, 0x000, 0x000, 0x000, 0x000, 0x000, 0x000, 0x000, 0x000, 0x000, 0x000, 0x000, 0x000, 0x000,
		},
		"lg_UG": {
			0x008, 0x008, 0x008, 0x008, 0x008, 0x008, 0x008, 0x008, 0x008, 0x20c, 0x208, 0x208, 0x208, 0x208, 0x008, 0x008,
			0x008, 0x008, 0x008, 0x008, 0x008, 0x008, 0x008, 0x008, 0x008, 0x008, 0x008, 0x008, 0x008, 0x008, 0x008, 0x008,
			0x284, 0x1a0, 0x1a0, 0x1a0, 0x1a0, 0x1a0, 0x1a0, 0x1a0, 0x1a0, 0x1a0, 0x1a0, 0x1a0, 0x1a0, 0x1a0, 0x1a0, 0x1a0,
			0x8b1, 0x8b1, 0x8b1, 0x8b1, 0x8b1, 0x8b1, 0x8b1, 0x8b1, 0x8b1, 0x8b1, 0x1a0, 0x1a0, 0x1a0, 0x1a0, 0x1a0, 0x1a0,
			0x1a0, 0xca3, 0xca3, 0xca3, 0xca3, 0xca3, 0xca3, 0x4a3, 0x4a3, 0x4a3, 0x4a3, 0x4a3, 0x4a3, 0x4a3, 0x4a3, 0x4a3,
			0x4a3, 0x4a3, 0x4a3, 0x4a3, 0x4a3, 0x4a3, 0x4a3, 0x4a3, 0x4a3, 0x4a3, 0x4a3, 0x1a0, 0x1a0, 0x1a0, 0x1a0, 0x1a0,
			0x1a0, 0x8e3, 0x8e3, 0x8e3, 0x8e3, 0x8e3, 0x8e3, 0x0e3, 0x0e3, 0x0e3, 0x0e3, 0x0e3, 0x0e3, 0x0e3, 0x0e3, 0x0e3,
			0x0e3, 0x0e3, 0x0e3, 0x0e3, 0x0e3, 0x0e3, 0x0e3, 0x0e3, 0x0e3, 0x0e3, 0x0e3, 0x1a0, 0x1a0, 0x1a0, 0x1a0, 0x008,
			0x008, 0x008, 0x008, 0x008, 0x008, 0x008, 0x008, 0x008, 0x008, 0x008, 0x008, 0x008, 0x008, 0x008, 0x008, 0x008,
			0x008, 0x008, 0x008, 0x008, 0x008, 0x008, 0x008, 0x008, 0x008, 0x008, 0x008, 0x008, 0x008, 0x008, 0x008, 0x008,
			0x1a0, 0x4a3, 0x4a3, 0x4a3, 0x4a3, 0x4a3, 0x4a3, 0x1a0, 0x4a3, 0x4a3, 0x4a3, 0x4a3, 0x4a3, 0x1a0, 0x4a3, 0x4a3,
			0x1a0, 0x0e3, 0x0e3, 0x0e3, 0x0e3, 0x0e3, 0x0e3, 0x1a0, 0x0e3, 0x0e3, 0x0e3, 0x0e3, 0x0e3, 0x1a0, 0x0e3, 0x0e3,
			0x4a3, 0x4a3, 0x4a3, 0x4a3, 0x4a3, 0x4a3, 0x4a3, 0x4a3, 0x4a3, 0x4a3, 0x4a3, 0x4a3, 0x4a3, 0x4a3, 0x4a3, 0x4a3,
			0x4a3, 0x4a3, 0x4a3, 0x4a3, 0x4a3, 0x4a3, 0x4a3, 0x4a3, 0x4a3, 0x4a3, 0x4a3, 0x4a3, 0x4a3, 0x4a3, 0x4a3, 0x0e3,
			0x0e3, 0x0e3, 0x0e3, 0x0e3, 0x0e3, 0x0e3, 0x0e3, 0x0e3, 0x0e3, 0x0e3, 0x0e3, 0x0e3, 0x0e3, 0x0e3, 0x0e3, 0x0e3,
			0x0e3, 0x0e3, 0x0e3, 0x0e3, 0x0e3, 0x0e3, 0x0e3, 0x0e3, 0x0e3, 0x0e3, 0x0e3, 0x0e3, 0x0e3, 0x0e3, 0x0e3, 0x0e3,
		},
		"lg_UG.utf8": {
			0x008, 0x008, 0x008, 0x008, 0x008, 0x008, 0x008, 0x008, 0x008, 0x20c, 0x208, 0x208, 0x208, 0x208, 0x008, 0x008,
			0x008, 0x008, 0x008, 0x008, 0x008, 0x008, 0x008, 0x008, 0x008, 0x008, 0x008, 0x008, 0x008, 0x008, 0x008, 0x008,
			0x284, 0x1a0, 0x1a0, 0x1a0, 0x1a0, 0x1a0, 0x1a0, 0x1a0, 0x1a0, 0x1a0, 0x1a0, 0x1a0, 0x1a0, 0x1a0, 0x1a0, 0x1a0,
			0x8b1, 0x8b1, 0x8b1, 0x8b1, 0x8b1, 0x8b1, 0x8b1, 0x8b1, 0x8b1, 0x8b1, 0x1a0, 0x1a0, 0x1a0, 0x1a0, 0x1a0, 0x1a0,
			0x1a0, 0xca3, 0xca3, 0xca3, 0xca3, 0xca3, 0xca3, 0x4a3, 0x4a3, 0x4a3, 0x4a3, 0x4a3, 0x4a3, 0x4a3, 0x4a3, 0x4a3,
			0x4a3, 0x4a3, 0x4a3, 0x4a3, 0x4a3, 0x4a3, 0x4a3, 0x4a3, 0x4a3, 0x4a3, 0x4a3, 0x1a0, 0x1a0, 0x1a0, 0x1a0, 0x1a0,
			0x1a0, 0x8e3, 0x8e3, 0x8e3, 0x8e3, 0x8e3, 0x8e3, 0x0e3, 0x0e3, 0x0e3, 0x0e3, 0x0e3, 0x0e3, 0x0e3, 0x0e3, 0x0e3,
			0x0e3, 0x0e3, 0x0e3, 0x0e3, 0x0e3, 0x0e3, 0x0e3, 0x0e3, 0x0e3, 0x0e3, 0x0e3, 0x1a0, 0x1a0, 0x1a0, 0x1a0, 0x008,
			0x000, 0x000, 0x000, 0x000, 0x000, 0x000, 0x000, 0x000, 0x000, 0x000, 0x000, 0x000, 0x000, 0x000, 0x000, 0x000,
			0x000, 0x000, 0x000, 0x000, 0x000, 0x000, 0x000, 0x000, 0x000, 0x000, 0x000, 0x000, 0x000, 0x000, 0x000, 0x000,
			0x000, 0x000, 0x000, 0x000, 0x000, 0x000, 0x000, 0x000, 0x000, 0x000, 0x000, 0x000, 0x000, 0x000, 0x000, 0x000,
			0x000, 0x000, 0x000, 0x000, 0x000, 0x000, 0x000, 0x000, 0x000, 0x000, 0x000, 0x000, 0x000, 0x000, 0x000, 0x000,
			0x000, 0x000, 0x000, 0x000, 0x000, 0x000, 0x000, 0x000, 0x000, 0x000, 0x000, 0x000, 0x000, 0x000, 0x000, 0x000,
			0x000, 0x000, 0x000, 0x000, 0x000, 0x000, 0x000, 0x000, 0x000, 0x000, 0x000, 0x000, 0x000, 0x000, 0x000, 0x000,
			0x000, 0x000, 0x000, 0x000, 0x000, 0x000, 0x000, 0x000, 0x000, 0x000, 0x000, 0x000, 0x000, 0x000, 0x000, 0x000,
			0x000, 0x000, 0x000, 0x000, 0x000, 0x000, 0x000, 0x000, 0x000, 0x000, 0x000, 0x000, 0x000, 0x000, 0x000, 0x000,
		},
		"li_BE": {
			0x008, 0x008, 0x008, 0x008, 0x008, 0x008, 0x008, 0x008, 0x008, 0x20c, 0x208, 0x208, 0x208, 0x208, 0x008, 0x008,
			0x008, 0x008, 0x008, 0x008, 0x008, 0x008, 0x008, 0x008, 0x008, 0x008, 0x008, 0x008, 0x008, 0x008, 0x008, 0x008,
			0x284, 0x1a0, 0x1a0, 0x1a0, 0x1a0, 0x1a0, 0x1a0, 0x1a0, 0x1a0, 0x1a0, 0x1a0, 0x1a0, 0x1a0, 0x1a0, 0x1a0, 0x1a0,
			0x8b1, 0x8b1, 0x8b1, 0x8b1, 0x8b1, 0x8b1, 0x8b1, 0x8b1, 0x8b1, 0x8b1, 0x1a0, 0x1a0, 0x1a0, 0x1a0, 0x1a0, 0x1a0,
			0x1a0, 0xca3, 0xca3, 0xca3, 0xca3, 0xca3, 0xca3, 0x4a3, 0x4a3, 0x4a3, 0x4a3, 0x4a3, 0x4a3, 0x4a3, 0x4a3, 0x4a3,
			0x4a3, 0x4a3, 0x4a3, 0x4a3, 0x4a3, 0x4a3, 0x4a3, 0x4a3, 0x4a3, 0x4a3, 0x4a3, 0x1a0, 0x1a0, 0x1a0, 0x1a0, 0x1a0,
			0x1a0, 0x8e3, 0x8e3, 0x8e3, 0x8e3, 0x8e3, 0x8e3, 0x0e3, 0x0e3, 0x0e3, 0x0e3, 0x0e3, 0x0e3, 0x0e3, 0x0e3, 0x0e3,
			0x0e3, 0x0e3, 0x0e3, 0x0e3, 0x0e3, 0x0e3, 0x0e3, 0x0e3, 0x0e3, 0x0e3, 0x0e3, 0x1a0, 0x1a0, 0x1a0, 0x1a0, 0x008,
			0x000, 0x000, 0x000, 0x000, 0x000, 0x000, 0x000, 0x000, 0x000, 0x000, 0x000, 0x000, 0x000, 0x000, 0x000, 0x000,
			0x000, 0x000, 0x000, 0x000, 0x000, 0x000, 0x000, 0x000, 0x000, 0x000, 0x000, 0x000, 0x000, 0x000, 0x000, 0x000,
			0x000, 0x000, 0x000, 0x000, 0x000, 0x000, 0x000, 0x000, 0x000, 0x000, 0x000, 0x000, 0x000, 0x000, 0x000, 0x000,
			0x000, 0x000, 0x000, 0x000, 0x000, 0x000, 0x000, 0x000, 0x000, 0x000, 0x000, 0x000, 0x000, 0x000, 0x000, 0x000,
			0x000, 0x000, 0x000, 0x000, 0x000, 0x000, 0x000, 0x000, 0x000, 0x000, 0x000, 0x000, 0x000, 0x000, 0x000, 0x000,
			0x000, 0x000, 0x000, 0x000, 0x000, 0x000, 0x000, 0x000, 0x000, 0x000, 0x000, 0x000, 0x000, 0x000, 0x000, 0x000,
			0x000, 0x000, 0x000, 0x000, 0x000, 0x000, 0x000, 0x000, 0x000, 0x000, 0x000, 0x000, 0x000, 0x000, 0x000, 0x000,
			0x000, 0x000, 0x000, 0x000, 0x000, 0x000, 0x000, 0x000, 0x000, 0x000, 0x000, 0x000, 0x000, 0x000, 0x000, 0x000,
		},
		"li_NL": {
			0x008, 0x008, 0x008, 0x008, 0x008, 0x008, 0x008, 0x008, 0x008, 0x20c, 0x208, 0x208, 0x208, 0x208, 0x008, 0x008,
			0x008, 0x008, 0x008, 0x008, 0x008, 0x008, 0x008, 0x008, 0x008, 0x008, 0x008, 0x008, 0x008, 0x008, 0x008, 0x008,
			0x284, 0x1a0, 0x1a0, 0x1a0, 0x1a0, 0x1a0, 0x1a0, 0x1a0, 0x1a0, 0x1a0, 0x1a0, 0x1a0, 0x1a0, 0x1a0, 0x1a0, 0x1a0,
			0x8b1, 0x8b1, 0x8b1, 0x8b1, 0x8b1, 0x8b1, 0x8b1, 0x8b1, 0x8b1, 0x8b1, 0x1a0, 0x1a0, 0x1a0, 0x1a0, 0x1a0, 0x1a0,
			0x1a0, 0xca3, 0xca3, 0xca3, 0xca3, 0xca3, 0xca3, 0x4a3, 0x4a3, 0x4a3, 0x4a3, 0x4a3, 0x4a3, 0x4a3, 0x4a3, 0x4a3,
			0x4a3, 0x4a3, 0x4a3, 0x4a3, 0x4a3, 0x4a3, 0x4a3, 0x4a3, 0x4a3, 0x4a3, 0x4a3, 0x1a0, 0x1a0, 0x1a0, 0x1a0, 0x1a0,
			0x1a0, 0x8e3, 0x8e3, 0x8e3, 0x8e3, 0x8e3, 0x8e3, 0x0e3, 0x0e3, 0x0e3, 0x0e3, 0x0e3, 0x0e3, 0x0e3, 0x0e3, 0x0e3,
			0x0e3, 0x0e3, 0x0e3, 0x0e3, 0x0e3, 0x0e3, 0x0e3, 0x0e3, 0x0e3, 0x0e3, 0x0e3, 0x1a0, 0x1a0, 0x1a0, 0x1a0, 0x008,
			0x000, 0x000, 0x000, 0x000, 0x000, 0x000, 0x000, 0x000, 0x000, 0x000, 0x000, 0x000, 0x000, 0x000, 0x000, 0x000,
			0x000, 0x000, 0x000, 0x000, 0x000, 0x000, 0x000, 0x000, 0x000, 0x000, 0x000, 0x000, 0x000, 0x000, 0x000, 0x000,
			0x000, 0x000, 0x000, 0x000, 0x000, 0x000, 0x000, 0x000, 0x000, 0x000, 0x000, 0x000, 0x000, 0x000, 0x000, 0x000,
			0x000, 0x000, 0x000, 0x000, 0x000, 0x000, 0x000, 0x000, 0x000, 0x000, 0x000, 0x000, 0x000, 0x000, 0x000, 0x000,
			0x000, 0x000, 0x000, 0x000, 0x000, 0x000, 0x000, 0x000, 0x000, 0x000, 0x000, 0x000, 0x000, 0x000, 0x000, 0x000,
			0x000, 0x000, 0x000, 0x000, 0x000, 0x000, 0x000, 0x000, 0x000, 0x000, 0x000, 0x000, 0x000, 0x000, 0x000, 0x000,
			0x000, 0x000, 0x000, 0x000, 0x000, 0x000, 0x000, 0x000, 0x000, 0x000, 0x000, 0x000, 0x000, 0x000, 0x000, 0x000,
			0x000, 0x000, 0x000, 0x000, 0x000, 0x000, 0x000, 0x000, 0x000, 0x000, 0x000, 0x000, 0x000, 0x000, 0x000, 0x000,
		},
		"lij_IT": {
			0x008, 0x008, 0x008, 0x008, 0x008, 0x008, 0x008, 0x008, 0x008, 0x20c, 0x208, 0x208, 0x208, 0x208, 0x008, 0x008,
			0x008, 0x008, 0x008, 0x008, 0x008, 0x008, 0x008, 0x008, 0x008, 0x008, 0x008, 0x008, 0x008, 0x008, 0x008, 0x008,
			0x284, 0x1a0, 0x1a0, 0x1a0, 0x1a0, 0x1a0, 0x1a0, 0x1a0, 0x1a0, 0x1a0, 0x1a0, 0x1a0, 0x1a0, 0x1a0, 0x1a0, 0x1a0,
			0x8b1, 0x8b1, 0x8b1, 0x8b1, 0x8b1, 0x8b1, 0x8b1, 0x8b1, 0x8b1, 0x8b1, 0x1a0, 0x1a0, 0x1a0, 0x1a0, 0x1a0, 0x1a0,
			0x1a0, 0xca3, 0xca3, 0xca3, 0xca3, 0xca3, 0xca3, 0x4a3, 0x4a3, 0x4a3, 0x4a3, 0x4a3, 0x4a3, 0x4a3, 0x4a3, 0x4a3,
			0x4a3, 0x4a3, 0x4a3, 0x4a3, 0x4a3, 0x4a3, 0x4a3, 0x4a3, 0x4a3, 0x4a3, 0x4a3, 0x1a0, 0x1a0, 0x1a0, 0x1a0, 0x1a0,
			0x1a0, 0x8e3, 0x8e3, 0x8e3, 0x8e3, 0x8e3, 0x8e3, 0x0e3, 0x0e3, 0x0e3, 0x0e3, 0x0e3, 0x0e3, 0x0e3, 0x0e3, 0x0e3,
			0x0e3, 0x0e3, 0x0e3, 0x0e3, 0x0e3, 0x0e3, 0x0e3, 0x0e3, 0x0e3, 0x0e3, 0x0e3, 0x1a0, 0x1a0, 0x1a0, 0x1a0, 0x008,
			0x000, 0x000, 0x000, 0x000, 0x000, 0x000, 0x000, 0x000, 0x000, 0x000, 0x000, 0x000, 0x000, 0x000, 0x000, 0x000,
			0x000, 0x000, 0x000, 0x000, 0x000, 0x000, 0x000, 0x000, 0x000, 0x000, 0x000, 0x000, 0x000, 0x000, 0x000, 0x000,
			0x000, 0x000, 0x000, 0x000, 0x000, 0x000, 0x000, 0x000, 0x000, 0x000, 0x000, 0x000, 0x000, 0x000, 0x000, 0x000,
			0x000, 0x000, 0x000, 0x000, 0x000, 0x000, 0x000, 0x000, 0x000, 0x000, 0x000, 0x000, 0x000, 0x000, 0x000, 0x000,
			0x000, 0x000, 0x000, 0x000, 0x000, 0x000, 0x000, 0x000, 0x000, 0x000, 0x000, 0x000, 0x000, 0x000, 0x000, 0x000,
			0x000, 0x000, 0x000, 0x000, 0x000, 0x000, 0x000, 0x000, 0x000, 0x000, 0x000, 0x000, 0x000, 0x000, 0x000, 0x000,
			0x000, 0x000, 0x000, 0x000, 0x000, 0x000, 0x000, 0x000, 0x000, 0x000, 0x000, 0x000, 0x000, 0x000, 0x000, 0x000,
			0x000, 0x000, 0x000, 0x000, 0x000, 0x000, 0x000, 0x000, 0x000, 0x000, 0x000, 0x000, 0x000, 0x000, 0x000, 0x000,
		},
		"ln_CD": {
			0x008, 0x008, 0x008, 0x008, 0x008, 0x008, 0x008, 0x008, 0x008, 0x20c, 0x208, 0x208, 0x208, 0x208, 0x008, 0x008,
			0x008, 0x008, 0x008, 0x008, 0x008, 0x008, 0x008, 0x008, 0x008, 0x008, 0x008, 0x008, 0x008, 0x008, 0x008, 0x008,
			0x284, 0x1a0, 0x1a0, 0x1a0, 0x1a0, 0x1a0, 0x1a0, 0x1a0, 0x1a0, 0x1a0, 0x1a0, 0x1a0, 0x1a0, 0x1a0, 0x1a0, 0x1a0,
			0x8b1, 0x8b1, 0x8b1, 0x8b1, 0x8b1, 0x8b1, 0x8b1, 0x8b1, 0x8b1, 0x8b1, 0x1a0, 0x1a0, 0x1a0, 0x1a0, 0x1a0, 0x1a0,
			0x1a0, 0xca3, 0xca3, 0xca3, 0xca3, 0xca3, 0xca3, 0x4a3, 0x4a3, 0x4a3, 0x4a3, 0x4a3, 0x4a3, 0x4a3, 0x4a3, 0x4a3,
			0x4a3, 0x4a3, 0x4a3, 0x4a3, 0x4a3, 0x4a3, 0x4a3, 0x4a3, 0x4a3, 0x4a3, 0x4a3, 0x1a0, 0x1a0, 0x1a0, 0x1a0, 0x1a0,
			0x1a0, 0x8e3, 0x8e3, 0x8e3, 0x8e3, 0x8e3, 0x8e3, 0x0e3, 0x0e3, 0x0e3, 0x0e3, 0x0e3, 0x0e3, 0x0e3, 0x0e3, 0x0e3,
			0x0e3, 0x0e3, 0x0e3, 0x0e3, 0x0e3, 0x0e3, 0x0e3, 0x0e3, 0x0e3, 0x0e3, 0x0e3, 0x1a0, 0x1a0, 0x1a0, 0x1a0, 0x008,
			0x000, 0x000, 0x000, 0x000, 0x000, 0x000, 0x000, 0x000, 0x000, 0x000, 0x000, 0x000, 0x000, 0x000, 0x000, 0x000,
			0x000, 0x000, 0x000, 0x000, 0x000, 0x000, 0x000, 0x000, 0x000, 0x000, 0x000, 0x000, 0x000, 0x000, 0x000, 0x000,
			0x000, 0x000, 0x000, 0x000, 0x000, 0x000, 0x000, 0x000, 0x000, 0x000, 0x000, 0x000, 0x000, 0x000, 0x000, 0x000,
			0x000, 0x000, 0x000, 0x000, 0x000, 0x000, 0x000, 0x000, 0x000, 0x000, 0x000, 0x000, 0x000, 0x000, 0x000, 0x000,
			0x000, 0x000, 0x000, 0x000, 0x000, 0x000, 0x000, 0x000, 0x000, 0x000, 0x000, 0x000, 0x000, 0x000, 0x000, 0x000,
			0x000, 0x000, 0x000, 0x000, 0x000, 0x000, 0x000, 0x000, 0x000, 0x000, 0x000, 0x000, 0x000, 0x000, 0x000, 0x000,
			0x000, 0x000, 0x000, 0x000, 0x000, 0x000, 0x000, 0x000, 0x000, 0x000, 0x000, 0x000, 0x000, 0x000, 0x000, 0x000,
			0x000, 0x000, 0x000, 0x000, 0x000, 0x000, 0x000, 0x000, 0x000, 0x000, 0x000, 0x000, 0x000, 0x000, 0x000, 0x000,
		},
		"lo_LA": {
			0x008, 0x008, 0x008, 0x008, 0x008, 0x008, 0x008, 0x008, 0x008, 0x20c, 0x208, 0x208, 0x208, 0x208, 0x008, 0x008,
			0x008, 0x008, 0x008, 0x008, 0x008, 0x008, 0x008, 0x008, 0x008, 0x008, 0x008, 0x008, 0x008, 0x008, 0x008, 0x008,
			0x284, 0x1a0, 0x1a0, 0x1a0, 0x1a0, 0x1a0, 0x1a0, 0x1a0, 0x1a0, 0x1a0, 0x1a0, 0x1a0, 0x1a0, 0x1a0, 0x1a0, 0x1a0,
			0x8b1, 0x8b1, 0x8b1, 0x8b1, 0x8b1, 0x8b1, 0x8b1, 0x8b1, 0x8b1, 0x8b1, 0x1a0, 0x1a0, 0x1a0, 0x1a0, 0x1a0, 0x1a0,
			0x1a0, 0xca3, 0xca3, 0xca3, 0xca3, 0xca3, 0xca3, 0x4a3, 0x4a3, 0x4a3, 0x4a3, 0x4a3, 0x4a3, 0x4a3, 0x4a3, 0x4a3,
			0x4a3, 0x4a3, 0x4a3, 0x4a3, 0x4a3, 0x4a3, 0x4a3, 0x4a3, 0x4a3, 0x4a3, 0x4a3, 0x1a0, 0x1a0, 0x1a0, 0x1a0, 0x1a0,
			0x1a0, 0x8e3, 0x8e3, 0x8e3, 0x8e3, 0x8e3, 0x8e3, 0x0e3, 0x0e3, 0x0e3, 0x0e3, 0x0e3, 0x0e3, 0x0e3, 0x0e3, 0x0e3,
			0x0e3, 0x0e3, 0x0e3, 0x0e3, 0x0e3, 0x0e3, 0x0e3, 0x0e3, 0x0e3, 0x0e3, 0x0e3, 0x1a0, 0x1a0, 0x1a0, 0x1a0, 0x008,
			0x000, 0x000, 0x000, 0x000, 0x000, 0x000, 0x000, 0x000, 0x000, 0x000, 0x000, 0x000, 0x000, 0x000, 0x000, 0x000,
			0x000, 0x000, 0x000, 0x000, 0x000, 0x000, 0x000, 0x000, 0x000, 0x000, 0x000, 0x000, 0x000, 0x000, 0x000, 0x000,
			0x000, 0x000, 0x000, 0x000, 0x000, 0x000, 0x000, 0x000, 0x000, 0x000, 0x000, 0x000, 0x000, 0x000, 0x000, 0x000,
			0x000, 0x000, 0x000, 0x000, 0x000, 0x000, 0x000, 0x000, 0x000, 0x000, 0x000, 0x000, 0x000, 0x000, 0x000, 0x000,
			0x000, 0x000, 0x000, 0x000, 0x000, 0x000, 0x000, 0x000, 0x000, 0x000, 0x000, 0x000, 0x000, 0x000, 0x000, 0x000,
			0x000, 0x000, 0x000, 0x000, 0x000, 0x000, 0x000, 0x000, 0x000, 0x000, 0x000, 0x000, 0x000, 0x000, 0x000, 0x000,
			0x000, 0x000, 0x000, 0x000, 0x000, 0x000, 0x000, 0x000, 0x000, 0x000, 0x000, 0x000, 0x000, 0x000, 0x000, 0x000,
			0x000, 0x000, 0x000, 0x000, 0x000, 0x000, 0x000, 0x000, 0x000, 0x000, 0x000, 0x000, 0x000, 0x000, 0x000, 0x000,
		},
		"lt_LT": {
			0x008, 0x008, 0x008, 0x008, 0x008, 0x008, 0x008, 0x008, 0x008, 0x20c, 0x208, 0x208, 0x208, 0x208, 0x008, 0x008,
			0x008, 0x008, 0x008, 0x008, 0x008, 0x008, 0x008, 0x008, 0x008, 0x008, 0x008, 0x008, 0x008, 0x008, 0x008, 0x008,
			0x284, 0x1a0, 0x1a0, 0x1a0, 0x1a0, 0x1a0, 0x1a0, 0x1a0, 0x1a0, 0x1a0, 0x1a0, 0x1a0, 0x1a0, 0x1a0, 0x1a0, 0x1a0,
			0x8b1, 0x8b1, 0x8b1, 0x8b1, 0x8b1, 0x8b1, 0x8b1, 0x8b1, 0x8b1, 0x8b1, 0x1a0, 0x1a0, 0x1a0, 0x1a0, 0x1a0, 0x1a0,
			0x1a0, 0xca3, 0xca3, 0xca3, 0xca3, 0xca3, 0xca3, 0x4a3, 0x4a3, 0x4a3, 0x4a3, 0x4a3, 0x4a3, 0x4a3, 0x4a3, 0x4a3,
			0x4a3, 0x4a3, 0x4a3, 0x4a3, 0x4a3, 0x4a3, 0x4a3, 0x4a3, 0x4a3, 0x4a3, 0x4a3, 0x1a0, 0x1a0, 0x1a0, 0x1a0, 0x1a0,
			0x1a0, 0x8e3, 0x8e3, 0x8e3, 0x8e3, 0x8e3, 0x8e3, 0x0e3, 0x0e3, 0x0e3, 0x0e3, 0x0e3, 0x0e3, 0x0e3, 0x0e3, 0x0e3,
			0x0e3, 0x0e3, 0x0e3, 0x0e3, 0x0e3, 0x0e3, 0x0e3, 0x0e3, 0x0e3, 0x0e3, 0x0e3, 0x1a0, 0x1a0, 0x1a0, 0x1a0, 0x008,
			0x008, 0x008, 0x008, 0x008, 0x008, 0x008, 0x008, 0x008, 0x008, 0x008, 0x008, 0x008, 0x008, 0x008, 0x008, 0x008,
			0x008, 0x008, 0x008, 0x008, 0x008, 0x008, 0x008, 0x008, 0x008, 0x008, 0x008, 0x008, 0x008, 0x008, 0x008, 0x008,
			0x1a0, 0x1a0, 0x1a0, 0x1a0, 0x1a0, 0x1a0, 0x1a0, 0x1a0, 0x4a3, 0x1a0, 0x4a3, 0x1a0, 0x1a0, 0x1a0, 0x1a0, 0x4a3,
			0x1a0, 0x1a0, 0x1a0, 0x1a0, 0x1a0, 0x0e3, 0x1a0, 0x1a0, 0x0e3, 0x1a0, 0x0e3, 0x1a0, 0x1a0, 0x1a0, 0x1a0, 0x0e3,
			0x4a3, 0x4a3, 0x4a3, 0x4a3, 0x4a3, 0x4a3, 0x4a3, 0x4a3, 0x4a3, 0x4a3, 0x4a3, 0x4a3, 0x4a3, 0x4a3, 0x4a3, 0x4a3,
			0x4a3, 0x4a3, 0x4a3, 0x4a3, 0x4a3, 0x4a3, 0x4a3, 0x1a0, 0x4a3, 0x4a3, 0x4a3, 0x4a3, 0x4a3, 0x4a3, 0x4a3, 0x0e3,
			0x0e3, 0x0e3, 0x0e3, 0x0e3, 0x0e3, 0x0e3, 0x0e3, 0x0e3, 0x0e3, 0x0e3, 0x0e3, 0x0e3, 0x0e3, 0x0e3, 0x0e3, 0x0e3,
			0x0e3, 0x0e3, 0x0e3, 0x0e3, 0x0e3, 0x0e3, 0x0e3, 0x1a0, 0x0e3, 0x0e3, 0x0e3, 0x0e3, 0x0e3, 0x0e3, 0x0e3, 0x1a0,
		},
		"lt_LT.utf8": {
			0x008, 0x008, 0x008, 0x008, 0x008, 0x008, 0x008, 0x008, 0x008, 0x20c, 0x208, 0x208, 0x208, 0x208, 0x008, 0x008,
			0x008, 0x008, 0x008, 0x008, 0x008, 0x008, 0x008, 0x008, 0x008, 0x008, 0x008, 0x008, 0x008, 0x008, 0x008, 0x008,
			0x284, 0x1a0, 0x1a0, 0x1a0, 0x1a0, 0x1a0, 0x1a0, 0x1a0, 0x1a0, 0x1a0, 0x1a0, 0x1a0, 0x1a0, 0x1a0, 0x1a0, 0x1a0,
			0x8b1, 0x8b1, 0x8b1, 0x8b1, 0x8b1, 0x8b1, 0x8b1, 0x8b1, 0x8b1, 0x8b1, 0x1a0, 0x1a0, 0x1a0, 0x1a0, 0x1a0, 0x1a0,
			0x1a0, 0xca3, 0xca3, 0xca3, 0xca3, 0xca3, 0xca3, 0x4a3, 0x4a3, 0x4a3, 0x4a3, 0x4a3, 0x4a3, 0x4a3, 0x4a3, 0x4a3,
			0x4a3, 0x4a3, 0x4a3, 0x4a3, 0x4a3, 0x4a3, 0x4a3, 0x4a3, 0x4a3, 0x4a3, 0x4a3, 0x1a0, 0x1a0, 0x1a0, 0x1a0, 0x1a0,
			0x1a0, 0x8e3, 0x8e3, 0x8e3, 0x8e3, 0x8e3, 0x8e3, 0x0e3, 0x0e3, 0x0e3, 0x0e3, 0x0e3, 0x0e3, 0x0e3, 0x0e3, 0x0e3,
			0x0e3, 0x0e3, 0x0e3, 0x0e3, 0x0e3, 0x0e3, 0x0e3, 0x0e3, 0x0e3, 0x0e3, 0x0e3, 0x1a0, 0x1a0, 0x1a0, 0x1a0, 0x008,
			0x000, 0x000, 0x000, 0x000, 0x000, 0x000, 0x000, 0x000, 0x000, 0x000, 0x000, 0x000, 0x000, 0x000, 0x000, 0x000,
			0x000, 0x000, 0x000, 0x000, 0x000, 0x000, 0x000, 0x000, 0x000, 0x000, 0x000, 0x000, 0x000, 0x000, 0x000, 0x000,
			0x000, 0x000, 0x000, 0x000, 0x000, 0x000, 0x000, 0x000, 0x000, 0x000, 0x000, 0x000, 0x000, 0x000, 0x000, 0x000,
			0x000, 0x000, 0x000, 0x000, 0x000, 0x000, 0x000, 0x000, 0x000, 0x000, 0x000, 0x000, 0x000, 0x000, 0x000, 0x000,
			0x000, 0x000, 0x000, 0x000, 0x000, 0x000, 0x000, 0x000, 0x000, 0x000, 0x000, 0x000, 0x000, 0x000, 0x000, 0x000,
			0x000, 0x000, 0x000, 0x000, 0x000, 0x000, 0x000, 0x000, 0x000, 0x000, 0x000, 0x000, 0x000, 0x000, 0x000, 0x000,
			0x000, 0x000, 0x000, 0x000, 0x000, 0x000, 0x000, 0x000, 0x000, 0x000, 0x000, 0x000, 0x000, 0x000, 0x000, 0x000,
			0x000, 0x000, 0x000, 0x000, 0x000, 0x000, 0x000, 0x000, 0x000, 0x000, 0x000, 0x000, 0x000, 0x000, 0x000, 0x000,
		},
		"lv_LV": {
			0x008, 0x008, 0x008, 0x008, 0x008, 0x008, 0x008, 0x008, 0x008, 0x20c, 0x208, 0x208, 0x208, 0x208, 0x008, 0x008,
			0x008, 0x008, 0x008, 0x008, 0x008, 0x008, 0x008, 0x008, 0x008, 0x008, 0x008, 0x008, 0x008, 0x008, 0x008, 0x008,
			0x284, 0x1a0, 0x1a0, 0x1a0, 0x1a0, 0x1a0, 0x1a0, 0x1a0, 0x1a0, 0x1a0, 0x1a0, 0x1a0, 0x1a0, 0x1a0, 0x1a0, 0x1a0,
			0x8b1, 0x8b1, 0x8b1, 0x8b1, 0x8b1, 0x8b1, 0x8b1, 0x8b1, 0x8b1, 0x8b1, 0x1a0, 0x1a0, 0x1a0, 0x1a0, 0x1a0, 0x1a0,
			0x1a0, 0xca3, 0xca3, 0xca3, 0xca3, 0xca3, 0xca3, 0x4a3, 0x4a3, 0x4a3, 0x4a3, 0x4a3, 0x4a3, 0x4a3, 0x4a3, 0x4a3,
			0x4a3, 0x4a3, 0x4a3, 0x4a3, 0x4a3, 0x4a3, 0x4a3, 0x4a3, 0x4a3, 0x4a3, 0x4a3, 0x1a0, 0x1a0, 0x1a0, 0x1a0, 0x1a0,
			0x1a0, 0x8e3, 0x8e3, 0x8e3, 0x8e3, 0x8e3, 0x8e3, 0x0e3, 0x0e3, 0x0e3, 0x0e3, 0x0e3, 0x0e3, 0x0e3, 0x0e3, 0x0e3,
			0x0e3, 0x0e3, 0x0e3, 0x0e3, 0x0e3, 0x0e3, 0x0e3, 0x0e3, 0x0e3, 0x0e3, 0x0e3, 0x1a0, 0x1a0, 0x1a0, 0x1a0, 0x008,
			0x008, 0x008, 0x008, 0x008, 0x008, 0x008, 0x008, 0x008, 0x008, 0x008, 0x008, 0x008, 0x008, 0x008, 0x008, 0x008,
			0x008, 0x008, 0x008, 0x008, 0x008, 0x008, 0x008, 0x008, 0x008, 0x008, 0x008, 0x008, 0x008, 0x008, 0x008, 0x008,
			0x1a0, 0x1a0, 0x1a0, 0x1a0, 0x1a0, 0x1a0, 0x1a0, 0x1a0, 0x4a3, 0x1a0, 0x4a3, 0x1a0, 0x1a0, 0x1a0, 0x1a0, 0x4a3,
			0x1a0, 0x1a0, 0x1a0, 0x1a0, 0x1a0, 0x0e3, 0x1a0, 0x1a0, 0x0e3, 0x1a0, 0x0e3, 0x1a0, 0x1a0, 0x1a0, 0x1a0, 0x0e3,
			0x4a3, 0x4a3, 0x4a3, 0x4a3, 0x4a3, 0x4a3, 0x4a3, 0x4a3, 0x4a3, 0x4a3, 0x4a3, 0x4a3, 0x4a3, 0x4a3, 0x4a3, 0x4a3,
			0x4a3, 0x4a3, 0x4a3, 0x4a3, 0x4a3, 0x4a3, 0x4a3, 0x1a0, 0x4a3, 0x4a3, 0x4a3, 0x4a3, 0x4a3, 0x4a3, 0x4a3, 0x0e3,
			0x0e3, 0x0e3, 0x0e3, 0x0e3, 0x0e3, 0x0e3, 0x0e3, 0x0e3, 0x0e3, 0x0e3, 0x0e3, 0x0e3, 0x0e3, 0x0e3, 0x0e3, 0x0e3,
			0x0e3, 0x0e3, 0x0e3, 0x0e3, 0x0e3, 0x0e3, 0x0e3, 0x1a0, 0x0e3, 0x0e3, 0x0e3, 0x0e3, 0x0e3, 0x0e3, 0x0e3, 0x1a0,
		},
		"lv_LV.utf8": {
			0x008, 0x008, 0x008, 0x008, 0x008, 0x008, 0x008, 0x008, 0x008, 0x20c, 0x208, 0x208, 0x208, 0x208, 0x008, 0x008,
			0x008, 0x008, 0x008, 0x008, 0x008, 0x008, 0x008, 0x008, 0x008, 0x008, 0x008, 0x008, 0x008, 0x008, 0x008, 0x008,
			0x284, 0x1a0, 0x1a0, 0x1a0, 0x1a0, 0x1a0, 0x1a0, 0x1a0, 0x1a0, 0x1a0, 0x1a0, 0x1a0, 0x1a0, 0x1a0, 0x1a0, 0x1a0,
			0x8b1, 0x8b1, 0x8b1, 0x8b1, 0x8b1, 0x8b1, 0x8b1, 0x8b1, 0x8b1, 0x8b1, 0x1a0, 0x1a0, 0x1a0, 0x1a0, 0x1a0, 0x1a0,
			0x1a0, 0xca3, 0xca3, 0xca3, 0xca3, 0xca3, 0xca3, 0x4a3, 0x4a3, 0x4a3, 0x4a3, 0x4a3, 0x4a3, 0x4a3, 0x4a3, 0x4a3,
			0x4a3, 0x4a3, 0x4a3, 0x4a3, 0x4a3, 0x4a3, 0x4a3, 0x4a3, 0x4a3, 0x4a3, 0x4a3, 0x1a0, 0x1a0, 0x1a0, 0x1a0, 0x1a0,
			0x1a0, 0x8e3, 0x8e3, 0x8e3, 0x8e3, 0x8e3, 0x8e3, 0x0e3, 0x0e3, 0x0e3, 0x0e3, 0x0e3, 0x0e3, 0x0e3, 0x0e3, 0x0e3,
			0x0e3, 0x0e3, 0x0e3, 0x0e3, 0x0e3, 0x0e3, 0x0e3, 0x0e3, 0x0e3, 0x0e3, 0x0e3, 0x1a0, 0x1a0, 0x1a0, 0x1a0, 0x008,
			0x000, 0x000, 0x000, 0x000, 0x000, 0x000, 0x000, 0x000, 0x000, 0x000, 0x000, 0x000, 0x000, 0x000, 0x000, 0x000,
			0x000, 0x000, 0x000, 0x000, 0x000, 0x000, 0x000, 0x000, 0x000, 0x000, 0x000, 0x000, 0x000, 0x000, 0x000, 0x000,
			0x000, 0x000, 0x000, 0x000, 0x000, 0x000, 0x000, 0x000, 0x000, 0x000, 0x000, 0x000, 0x000, 0x000, 0x000, 0x000,
			0x000, 0x000, 0x000, 0x000, 0x000, 0x000, 0x000, 0x000, 0x000, 0x000, 0x000, 0x000, 0x000, 0x000, 0x000, 0x000,
			0x000, 0x000, 0x000, 0x000, 0x000, 0x000, 0x000, 0x000, 0x000, 0x000, 0x000, 0x000, 0x000, 0x000, 0x000, 0x000,
			0x000, 0x000, 0x000, 0x000, 0x000, 0x000, 0x000, 0x000, 0x000, 0x000, 0x000, 0x000, 0x000, 0x000, 0x000, 0x000,
			0x000, 0x000, 0x000, 0x000, 0x000, 0x000, 0x000, 0x000, 0x000, 0x000, 0x000, 0x000, 0x000, 0x000, 0x000, 0x000,
			0x000, 0x000, 0x000, 0x000, 0x000, 0x000, 0x000, 0x000, 0x000, 0x000, 0x000, 0x000, 0x000, 0x000, 0x000, 0x000,
		},
		"lzh_TW": {
			0x008, 0x008, 0x008, 0x008, 0x008, 0x008, 0x008, 0x008, 0x008, 0x20c, 0x208, 0x208, 0x208, 0x208, 0x008, 0x008,
			0x008, 0x008, 0x008, 0x008, 0x008, 0x008, 0x008, 0x008, 0x008, 0x008, 0x008, 0x008, 0x008, 0x008, 0x008, 0x008,
			0x284, 0x1a0, 0x1a0, 0x1a0, 0x1a0, 0x1a0, 0x1a0, 0x1a0, 0x1a0, 0x1a0, 0x1a0, 0x1a0, 0x1a0, 0x1a0, 0x1a0, 0x1a0,
			0x8b1, 0x8b1, 0x8b1, 0x8b1, 0x8b1, 0x8b1, 0x8b1, 0x8b1, 0x8b1, 0x8b1, 0x1a0, 0x1a0, 0x1a0, 0x1a0, 0x1a0, 0x1a0,
			0x1a0, 0xca3, 0xca3, 0xca3, 0xca3, 0xca3, 0xca3, 0x4a3, 0x4a3, 0x4a3, 0x4a3, 0x4a3, 0x4a3, 0x4a3, 0x4a3, 0x4a3,
			0x4a3, 0x4a3, 0x4a3, 0x4a3, 0x4a3, 0x4a3, 0x4a3, 0x4a3, 0x4a3, 0x4a3, 0x4a3, 0x1a0, 0x1a0, 0x1a0, 0x1a0, 0x1a0,
			0x1a0, 0x8e3, 0x8e3, 0x8e3, 0x8e3, 0x8e3, 0x8e3, 0x0e3, 0x0e3, 0x0e3, 0x0e3, 0x0e3, 0x0e3, 0x0e3, 0x0e3, 0x0e3,
			0x0e3, 0x0e3, 0x0e3, 0x0e3, 0x0e3, 0x0e3, 0x0e3, 0x0e3, 0x0e3, 0x0e3, 0x0e3, 0x1a0, 0x1a0, 0x1a0, 0x1a0, 0x008,
			0x000, 0x000, 0x000, 0x000, 0x000, 0x000, 0x000, 0x000, 0x000, 0x000, 0x000, 0x000, 0x000, 0x000, 0x000, 0x000,
			0x000, 0x000, 0x000, 0x000, 0x000, 0x000, 0x000, 0x000, 0x000, 0x000, 0x000, 0x000, 0x000, 0x000, 0x000, 0x000,
			0x000, 0x000, 0x000, 0x000, 0x000, 0x000, 0x000, 0x000, 0x000, 0x000, 0x000, 0x000, 0x000, 0x000, 0x000, 0x000,
			0x000, 0x000, 0x000, 0x000, 0x000, 0x000, 0x000, 0x000, 0x000, 0x000, 0x000, 0x000, 0x000, 0x000, 0x000, 0x000,
			0x000, 0x000, 0x000, 0x000, 0x000, 0x000, 0x000, 0x000, 0x000, 0x000, 0x000, 0x000, 0x000, 0x000, 0x000, 0x000,
			0x000, 0x000, 0x000, 0x000, 0x000, 0x000, 0x000, 0x000, 0x000, 0x000, 0x000, 0x000, 0x000, 0x000, 0x000, 0x000,
			0x000, 0x000, 0x000, 0x000, 0x000, 0x000, 0x000, 0x000, 0x000, 0x000, 0x000, 0x000, 0x000, 0x000, 0x000, 0x000,
			0x000, 0x000, 0x000, 0x000, 0x000, 0x000, 0x000, 0x000, 0x000, 0x000, 0x000, 0x000, 0x000, 0x000, 0x000, 0x000,
		},
		"mag_IN": {
			0x008, 0x008, 0x008, 0x008, 0x008, 0x008, 0x008, 0x008, 0x008, 0x20c, 0x208, 0x208, 0x208, 0x208, 0x008, 0x008,
			0x008, 0x008, 0x008, 0x008, 0x008, 0x008, 0x008, 0x008, 0x008, 0x008, 0x008, 0x008, 0x008, 0x008, 0x008, 0x008,
			0x284, 0x1a0, 0x1a0, 0x1a0, 0x1a0, 0x1a0, 0x1a0, 0x1a0, 0x1a0, 0x1a0, 0x1a0, 0x1a0, 0x1a0, 0x1a0, 0x1a0, 0x1a0,
			0x8b1, 0x8b1, 0x8b1, 0x8b1, 0x8b1, 0x8b1, 0x8b1, 0x8b1, 0x8b1, 0x8b1, 0x1a0, 0x1a0, 0x1a0, 0x1a0, 0x1a0, 0x1a0,
			0x1a0, 0xca3, 0xca3, 0xca3, 0xca3, 0xca3, 0xca3, 0x4a3, 0x4a3, 0x4a3, 0x4a3, 0x4a3, 0x4a3, 0x4a3, 0x4a3, 0x4a3,
			0x4a3, 0x4a3, 0x4a3, 0x4a3, 0x4a3, 0x4a3, 0x4a3, 0x4a3, 0x4a3, 0x4a3, 0x4a3, 0x1a0, 0x1a0, 0x1a0, 0x1a0, 0x1a0,
			0x1a0, 0x8e3, 0x8e3, 0x8e3, 0x8e3, 0x8e3, 0x8e3, 0x0e3, 0x0e3, 0x0e3, 0x0e3, 0x0e3, 0x0e3, 0x0e3, 0x0e3, 0x0e3,
			0x0e3, 0x0e3, 0x0e3, 0x0e3, 0x0e3, 0x0e3, 0x0e3, 0x0e3, 0x0e3, 0x0e3, 0x0e3, 0x1a0, 0x1a0, 0x1a0, 0x1a0, 0x008,
			0x000, 0x000, 0x000, 0x000, 0x000, 0x000, 0x000, 0x000, 0x000, 0x000, 0x000, 0x000, 0x000, 0x000, 0x000, 0x000,
			0x000, 0x000, 0x000, 0x000, 0x000, 0x000, 0x000, 0x000, 0x000, 0x000, 0x000, 0x000, 0x000, 0x000, 0x000, 0x000,
			0x000, 0x000, 0x000, 0x000, 0x000, 0x000, 0x000, 0x000, 0x000, 0x000, 0x000, 0x000, 0x000, 0x000, 0x000, 0x000,
			0x000, 0x000, 0x000, 0x000, 0x000, 0x000, 0x000, 0x000, 0x000, 0x000, 0x000, 0x000, 0x000, 0x000, 0x000, 0x000,
			0x000, 0x000, 0x000, 0x000, 0x000, 0x000, 0x000, 0x000, 0x000, 0x000, 0x000, 0x000, 0x000, 0x000, 0x000, 0x000,
			0x000, 0x000, 0x000, 0x000, 0x000, 0x000, 0x000, 0x000, 0x000, 0x000, 0x000, 0x000, 0x000, 0x000, 0x000, 0x000,
			0x000, 0x000, 0x000, 0x000, 0x000, 0x000, 0x000, 0x000, 0x000, 0x000, 0x000, 0x000, 0x000, 0x000, 0x000, 0x000,
			0x000, 0x000, 0x000, 0x000, 0x000, 0x000, 0x000, 0x000, 0x000, 0x000, 0x000, 0x000, 0x000, 0x000, 0x000, 0x000,
		},
		"mai_IN": {
			0x008, 0x008, 0x008, 0x008, 0x008, 0x008, 0x008, 0x008, 0x008, 0x20c, 0x208, 0x208, 0x208, 0x208, 0x008, 0x008,
			0x008, 0x008, 0x008, 0x008, 0x008, 0x008, 0x008, 0x008, 0x008, 0x008, 0x008, 0x008, 0x008, 0x008, 0x008, 0x008,
			0x284, 0x1a0, 0x1a0, 0x1a0, 0x1a0, 0x1a0, 0x1a0, 0x1a0, 0x1a0, 0x1a0, 0x1a0, 0x1a0, 0x1a0, 0x1a0, 0x1a0, 0x1a0,
			0x8b1, 0x8b1, 0x8b1, 0x8b1, 0x8b1, 0x8b1, 0x8b1, 0x8b1, 0x8b1, 0x8b1, 0x1a0, 0x1a0, 0x1a0, 0x1a0, 0x1a0, 0x1a0,
			0x1a0, 0xca3, 0xca3, 0xca3, 0xca3, 0xca3, 0xca3, 0x4a3, 0x4a3, 0x4a3, 0x4a3, 0x4a3, 0x4a3, 0x4a3, 0x4a3, 0x4a3,
			0x4a3, 0x4a3, 0x4a3, 0x4a3, 0x4a3, 0x4a3, 0x4a3, 0x4a3, 0x4a3, 0x4a3, 0x4a3, 0x1a0, 0x1a0, 0x1a0, 0x1a0, 0x1a0,
			0x1a0, 0x8e3, 0x8e3, 0x8e3, 0x8e3, 0x8e3, 0x8e3, 0x0e3, 0x0e3, 0x0e3, 0x0e3, 0x0e3, 0x0e3, 0x0e3, 0x0e3, 0x0e3,
			0x0e3, 0x0e3, 0x0e3, 0x0e3, 0x0e3, 0x0e3, 0x0e3, 0x0e3, 0x0e3, 0x0e3, 0x0e3, 0x1a0, 0x1a0, 0x1a0, 0x1a0, 0x008,
			0x000, 0x000, 0x000, 0x000, 0x000, 0x000, 0x000, 0x000, 0x000, 0x000, 0x000, 0x000, 0x000, 0x000, 0x000, 0x000,
			0x000, 0x000, 0x000, 0x000, 0x000, 0x000, 0x000, 0x000, 0x000, 0x000, 0x000, 0x000, 0x000, 0x000, 0x000, 0x000,
			0x000, 0x000, 0x000, 0x000, 0x000, 0x000, 0x000, 0x000, 0x000, 0x000, 0x000, 0x000, 0x000, 0x000, 0x000, 0x000,
			0x000, 0x000, 0x000, 0x000, 0x000, 0x000, 0x000, 0x000, 0x000, 0x000, 0x000, 0x000, 0x000, 0x000, 0x000, 0x000,
			0x000, 0x000, 0x000, 0x000, 0x000, 0x000, 0x000, 0x000, 0x000, 0x000, 0x000, 0x000, 0x000, 0x000, 0x000, 0x000,
			0x000, 0x000, 0x000, 0x000, 0x000, 0x000, 0x000, 0x000, 0x000, 0x000, 0x000, 0x000, 0x000, 0x000, 0x000, 0x000,
			0x000, 0x000, 0x000, 0x000, 0x000, 0x000, 0x000, 0x000, 0x000, 0x000, 0x000, 0x000, 0x000, 0x000, 0x000, 0x000,
			0x000, 0x000, 0x000, 0x000, 0x000, 0x000, 0x000, 0x000, 0x000, 0x000, 0x000, 0x000, 0x000, 0x000, 0x000, 0x000,
		},
		"mai_NP": {
			0x008, 0x008, 0x008, 0x008, 0x008, 0x008, 0x008, 0x008, 0x008, 0x20c, 0x208, 0x208, 0x208, 0x208, 0x008, 0x008,
			0x008, 0x008, 0x008, 0x008, 0x008, 0x008, 0x008, 0x008, 0x008, 0x008, 0x008, 0x008, 0x008, 0x008, 0x008, 0x008,
			0x284, 0x1a0, 0x1a0, 0x1a0, 0x1a0, 0x1a0, 0x1a0, 0x1a0, 0x1a0, 0x1a0, 0x1a0, 0x1a0, 0x1a0, 0x1a0, 0x1a0, 0x1a0,
			0x8b1, 0x8b1, 0x8b1, 0x8b1, 0x8b1, 0x8b1, 0x8b1, 0x8b1, 0x8b1, 0x8b1, 0x1a0, 0x1a0, 0x1a0, 0x1a0, 0x1a0, 0x1a0,
			0x1a0, 0xca3, 0xca3, 0xca3, 0xca3, 0xca3, 0xca3, 0x4a3, 0x4a3, 0x4a3, 0x4a3, 0x4a3, 0x4a3, 0x4a3, 0x4a3, 0x4a3,
			0x4a3, 0x4a3, 0x4a3, 0x4a3, 0x4a3, 0x4a3, 0x4a3, 0x4a3, 0x4a3, 0x4a3, 0x4a3, 0x1a0, 0x1a0, 0x1a0, 0x1a0, 0x1a0,
			0x1a0, 0x8e3, 0x8e3, 0x8e3, 0x8e3, 0x8e3, 0x8e3, 0x0e3, 0x0e3, 0x0e3, 0x0e3, 0x0e3, 0x0e3, 0x0e3, 0x0e3, 0x0e3,
			0x0e3, 0x0e3, 0x0e3, 0x0e3, 0x0e3, 0x0e3, 0x0e3, 0x0e3, 0x0e3, 0x0e3, 0x0e3, 0x1a0, 0x1a0, 0x1a0, 0x1a0, 0x008,
			0x000, 0x000, 0x000, 0x000, 0x000, 0x000, 0x000, 0x000, 0x000, 0x000, 0x000, 0x000, 0x000, 0x000, 0x000, 0x000,
			0x000, 0x000, 0x000, 0x000, 0x000, 0x000, 0x000, 0x000, 0x000, 0x000, 0x000, 0x000, 0x000, 0x000, 0x000, 0x000,
			0x000, 0x000, 0x000, 0x000, 0x000, 0x000, 0x000, 0x000, 0x000, 0x000, 0x000, 0x000, 0x000, 0x000, 0x000, 0x000,
			0x000, 0x000, 0x000, 0x000, 0x000, 0x000, 0x000, 0x000, 0x000, 0x000, 0x000, 0x000, 0x000, 0x000, 0x000, 0x000,
			0x000, 0x000, 0x000, 0x000, 0x000, 0x000, 0x000, 0x000, 0x000, 0x000, 0x000, 0x000, 0x000, 0x000, 0x000, 0x000,
			0x000, 0x000, 0x000, 0x000, 0x000, 0x000, 0x000, 0x000, 0x000, 0x000, 0x000, 0x000, 0x000, 0x000, 0x000, 0x000,
			0x000, 0x000, 0x000, 0x000, 0x000, 0x000, 0x000, 0x000, 0x000, 0x000, 0x000, 0x000, 0x000, 0x000, 0x000, 0x000,
			0x000, 0x000, 0x000, 0x000, 0x000, 0x000, 0x000, 0x000, 0x000, 0x000, 0x000, 0x000, 0x000, 0x000, 0x000, 0x000,
		},
		"mg_MG": {
			0x008, 0x008, 0x008, 0x008, 0x008, 0x008, 0x008, 0x008, 0x008, 0x20c, 0x208, 0x208, 0x208, 0x208, 0x008, 0x008,
			0x008, 0x008, 0x008, 0x008, 0x008, 0x008, 0x008, 0x008, 0x008, 0x008, 0x008, 0x008, 0x008, 0x008, 0x008, 0x008,
			0x284, 0x1a0, 0x1a0, 0x1a0, 0x1a0, 0x1a0, 0x1a0, 0x1a0, 0x1a0, 0x1a0, 0x1a0, 0x1a0, 0x1a0, 0x1a0, 0x1a0, 0x1a0,
			0x8b1, 0x8b1, 0x8b1, 0x8b1, 0x8b1, 0x8b1, 0x8b1, 0x8b1, 0x8b1, 0x8b1, 0x1a0, 0x1a0, 0x1a0, 0x1a0, 0x1a0, 0x1a0,
			0x1a0, 0xca3, 0xca3, 0xca3, 0xca3, 0xca3, 0xca3, 0x4a3, 0x4a3, 0x4a3, 0x4a3, 0x4a3, 0x4a3, 0x4a3, 0x4a3, 0x4a3,
			0x4a3, 0x4a3, 0x4a3, 0x4a3, 0x4a3, 0x4a3, 0x4a3, 0x4a3, 0x4a3, 0x4a3, 0x4a3, 0x1a0, 0x1a0, 0x1a0, 0x1a0, 0x1a0,
			0x1a0, 0x8e3, 0x8e3, 0x8e3, 0x8e3, 0x8e3, 0x8e3, 0x0e3, 0x0e3, 0x0e3, 0x0e3, 0x0e3, 0x0e3, 0x0e3, 0x0e3, 0x0e3,
			0x0e3, 0x0e3, 0x0e3, 0x0e3, 0x0e3, 0x0e3, 0x0e3, 0x0e3, 0x0e3, 0x0e3, 0x0e3, 0x1a0, 0x1a0, 0x1a0, 0x1a0, 0x008,
			0x008, 0x008, 0x008, 0x008, 0x008, 0x008, 0x008, 0x008, 0x008, 0x008, 0x008, 0x008, 0x008, 0x008, 0x008, 0x008,
			0x008, 0x008, 0x008, 0x008, 0x008, 0x008, 0x008, 0x008, 0x008, 0x008, 0x008, 0x008, 0x008, 0x008, 0x008, 0x008,
			0x1a0, 0x1a0, 0x1a0, 0x1a0, 0x1a0, 0x1a0, 0x4a3, 0x1a0, 0x0e3, 0x1a0, 0x0e3, 0x1a0, 0x1a0, 0x1a0, 0x1a0, 0x1a0,
			0x1a0, 0x1a0, 0x1a0, 0x1a0, 0x4a3, 0x0e3, 0x1a0, 0x1a0, 0x0e3, 0x1a0, 0x0e3, 0x1a0, 0x4a3, 0x0e3, 0x4a3, 0x1a0,
			0x4a3, 0x4a3, 0x4a3, 0x4a3, 0x4a3, 0x4a3, 0x4a3, 0x4a3, 0x4a3, 0x4a3, 0x4a3, 0x4a3, 0x4a3, 0x4a3, 0x4a3, 0x4a3,
			0x4a3, 0x4a3, 0x4a3, 0x4a3, 0x4a3, 0x4a3, 0x4a3, 0x1a0, 0x4a3, 0x4a3, 0x4a3, 0x4a3, 0x4a3, 0x4a3, 0x4a3, 0x0e3,
			0x0e3, 0x0e3, 0x0e3, 0x0e3, 0x0e3, 0x0e3, 0x0e3, 0x0e3, 0x0e3, 0x0e3, 0x0e3, 0x0e3, 0x0e3, 0x0e3, 0x0e3, 0x0e3,
			0x0e3, 0x0e3, 0x0e3, 0x0e3, 0x0e3, 0x0e3, 0x0e3, 0x1a0, 0x0e3, 0x0e3, 0x0e3, 0x0e3, 0x0e3, 0x0e3, 0x0e3, 0x0e3,
		},
		"mg_MG.utf8": {
			0x008, 0x008, 0x008, 0x008, 0x008, 0x008, 0x008, 0x008, 0x008, 0x20c, 0x208, 0x208, 0x208, 0x208, 0x008, 0x008,
			0x008, 0x008, 0x008, 0x008, 0x008, 0x008, 0x008, 0x008, 0x008, 0x008, 0x008, 0x008, 0x008, 0x008, 0x008, 0x008,
			0x284, 0x1a0, 0x1a0, 0x1a0, 0x1a0, 0x1a0, 0x1a0, 0x1a0, 0x1a0, 0x1a0, 0x1a0, 0x1a0, 0x1a0, 0x1a0, 0x1a0, 0x1a0,
			0x8b1, 0x8b1, 0x8b1, 0x8b1, 0x8b1, 0x8b1, 0x8b1, 0x8b1, 0x8b1, 0x8b1, 0x1a0, 0x1a0, 0x1a0, 0x1a0, 0x1a0, 0x1a0,
			0x1a0, 0xca3, 0xca3, 0xca3, 0xca3, 0xca3, 0xca3, 0x4a3, 0x4a3, 0x4a3, 0x4a3, 0x4a3, 0x4a3, 0x4a3, 0x4a3, 0x4a3,
			0x4a3, 0x4a3, 0x4a3, 0x4a3, 0x4a3, 0x4a3, 0x4a3, 0x4a3, 0x4a3, 0x4a3, 0x4a3, 0x1a0, 0x1a0, 0x1a0, 0x1a0, 0x1a0,
			0x1a0, 0x8e3, 0x8e3, 0x8e3, 0x8e3, 0x8e3, 0x8e3, 0x0e3, 0x0e3, 0x0e3, 0x0e3, 0x0e3, 0x0e3, 0x0e3, 0x0e3, 0x0e3,
			0x0e3, 0x0e3, 0x0e3, 0x0e3, 0x0e3, 0x0e3, 0x0e3, 0x0e3, 0x0e3, 0x0e3, 0x0e3, 0x1a0, 0x1a0, 0x1a0, 0x1a0, 0x008,
			0x000, 0x000, 0x000, 0x000, 0x000, 0x000, 0x000, 0x000, 0x000, 0x000, 0x000, 0x000, 0x000, 0x000, 0x000, 0x000,
			0x000, 0x000, 0x000, 0x000, 0x000, 0x000, 0x000, 0x000, 0x000, 0x000, 0x000, 0x000, 0x000, 0x000, 0x000, 0x000,
			0x000, 0x000, 0x000, 0x000, 0x000, 0x000, 0x000, 0x000, 0x000, 0x000, 0x000, 0x000, 0x000, 0x000, 0x000, 0x000,
			0x000, 0x000, 0x000, 0x000, 0x000, 0x000, 0x000, 0x000, 0x000, 0x000, 0x000, 0x000, 0x000, 0x000, 0x000, 0x000,
			0x000, 0x000, 0x000, 0x000, 0x000, 0x000, 0x000, 0x000, 0x000, 0x000, 0x000, 0x000, 0x000, 0x000, 0x000, 0x000,
			0x000, 0x000, 0x000, 0x000, 0x000, 0x000, 0x000, 0x000, 0x000, 0x000, 0x000, 0x000, 0x000, 0x000, 0x000, 0x000,
			0x000, 0x000, 0x000, 0x000, 0x000, 0x000, 0x000, 0x000, 0x000, 0x000, 0x000, 0x000, 0x000, 0x000, 0x000, 0x000,
			0x000, 0x000, 0x000, 0x000, 0x000, 0x000, 0x000, 0x000, 0x000, 0x000, 0x000, 0x000, 0x000, 0x000, 0x000, 0x000,
		},
		"mhr_RU": {
			0x008, 0x008, 0x008, 0x008, 0x008, 0x008, 0x008, 0x008, 0x008, 0x20c, 0x208, 0x208, 0x208, 0x208, 0x008, 0x008,
			0x008, 0x008, 0x008, 0x008, 0x008, 0x008, 0x008, 0x008, 0x008, 0x008, 0x008, 0x008, 0x008, 0x008, 0x008, 0x008,
			0x284, 0x1a0, 0x1a0, 0x1a0, 0x1a0, 0x1a0, 0x1a0, 0x1a0, 0x1a0, 0x1a0, 0x1a0, 0x1a0, 0x1a0, 0x1a0, 0x1a0, 0x1a0,
			0x8b1, 0x8b1, 0x8b1, 0x8b1, 0x8b1, 0x8b1, 0x8b1, 0x8b1, 0x8b1, 0x8b1, 0x1a0, 0x1a0, 0x1a0, 0x1a0, 0x1a0, 0x1a0,
			0x1a0, 0xca3, 0xca3, 0xca3, 0xca3, 0xca3, 0xca3, 0x4a3, 0x4a3, 0x4a3, 0x4a3, 0x4a3, 0x4a3, 0x4a3, 0x4a3, 0x4a3,
			0x4a3, 0x4a3, 0x4a3, 0x4a3, 0x4a3, 0x4a3, 0x4a3, 0x4a3, 0x4a3, 0x4a3, 0x4a3, 0x1a0, 0x1a0, 0x1a0, 0x1a0, 0x1a0,
			0x1a0, 0x8e3, 0x8e3, 0x8e3, 0x8e3, 0x8e3, 0x8e3, 0x0e3, 0x0e3, 0x0e3, 0x0e3, 0x0e3, 0x0e3, 0x0e3, 0x0e3, 0x0e3,
			0x0e3, 0x0e3, 0x0e3, 0x0e3, 0x0e3, 0x0e3, 0x0e3, 0x0e3, 0x0e3, 0x0e3, 0x0e3, 0x1a0, 0x1a0, 0x1a0, 0x1a0, 0x008,
			0x000, 0x000, 0x000, 0x000, 0x000, 0x000, 0x000, 0x000, 0x000, 0x000, 0x000, 0x000, 0x000, 0x000, 0x000, 0x000,
			0x000, 0x000, 0x000, 0x000, 0x000, 0x000, 0x000, 0x000, 0x000, 0x000, 0x000, 0x000, 0x000, 0x000, 0x000, 0x000,
			0x000, 0x000, 0x000, 0x000, 0x000, 0x000, 0x000, 0x000, 0x000, 0x000, 0x000, 0x000, 0x000, 0x000, 0x000, 0x000,
			0x000, 0x000, 0x000, 0x000, 0x000, 0x000, 0x000, 0x000, 0x000, 0x000, 0x000, 0x000, 0x000, 0x000, 0x000, 0x000,
			0x000, 0x000, 0x000, 0x000, 0x000, 0x000, 0x000, 0x000, 0x000, 0x000, 0x000, 0x000, 0x000, 0x000, 0x000, 0x000,
			0x000, 0x000, 0x000, 0x000, 0x000, 0x000, 0x000, 0x000, 0x000, 0x000, 0x000, 0x000, 0x000, 0x000, 0x000, 0x000,
			0x000, 0x000, 0x000, 0x000, 0x000, 0x000, 0x000, 0x000, 0x000, 0x000, 0x000, 0x000, 0x000, 0x000, 0x000, 0x000,
			0x000, 0x000, 0x000, 0x000, 0x000, 0x000, 0x000, 0x000, 0x000, 0x000, 0x000, 0x000, 0x000, 0x000, 0x000, 0x000,
		},
		"mi_NZ": {
			0x008, 0x008, 0x008, 0x008, 0x008, 0x008, 0x008, 0x008, 0x008, 0x20c, 0x208, 0x208, 0x208, 0x208, 0x008, 0x008,
			0x008, 0x008, 0x008, 0x008, 0x008, 0x008, 0x008, 0x008, 0x008, 0x008, 0x008, 0x008, 0x008, 0x008, 0x008, 0x008,
			0x284, 0x1a0, 0x1a0, 0x1a0, 0x1a0, 0x1a0, 0x1a0, 0x1a0, 0x1a0, 0x1a0, 0x1a0, 0x1a0, 0x1a0, 0x1a0, 0x1a0, 0x1a0,
			0x8b1, 0x8b1, 0x8b1, 0x8b1, 0x8b1, 0x8b1, 0x8b1, 0x8b1, 0x8b1, 0x8b1, 0x1a0, 0x1a0, 0x1a0, 0x1a0, 0x1a0, 0x1a0,
			0x1a0, 0xca3, 0xca3, 0xca3, 0xca3, 0xca3, 0xca3, 0x4a3, 0x4a3, 0x4a3, 0x4a3, 0x4a3, 0x4a3, 0x4a3, 0x4a3, 0x4a3,
			0x4a3, 0x4a3, 0x4a3, 0x4a3, 0x4a3, 0x4a3, 0x4a3, 0x4a3, 0x4a3, 0x4a3, 0x4a3, 0x1a0, 0x1a0, 0x1a0, 0x1a0, 0x1a0,
			0x1a0, 0x8e3, 0x8e3, 0x8e3, 0x8e3, 0x8e3, 0x8e3, 0x0e3, 0x0e3, 0x0e3, 0x0e3, 0x0e3, 0x0e3, 0x0e3, 0x0e3, 0x0e3,
			0x0e3, 0x0e3, 0x0e3, 0x0e3, 0x0e3, 0x0e3, 0x0e3, 0x0e3, 0x0e3, 0x0e3, 0x0e3, 0x1a0, 0x1a0, 0x1a0, 0x1a0, 0x008,
			0x008, 0x008, 0x008, 0x008, 0x008, 0x008, 0x008, 0x008, 0x008, 0x008, 0x008, 0x008, 0x008, 0x008, 0x008, 0x008,
			0x008, 0x008, 0x008, 0x008, 0x008, 0x008, 0x008, 0x008, 0x008, 0x008, 0x008, 0x008, 0x008, 0x008, 0x008, 0x008,
			0x1a0, 0x1a0, 0x1a0, 0x1a0, 0x1a0, 0x1a0, 0x1a0, 0x1a0, 0x4a3, 0x1a0, 0x4a3, 0x1a0, 0x1a0, 0x1a0, 0x1a0, 0x4a3,
			0x1a0, 0x1a0, 0x1a0, 0x1a0, 0x1a0, 0x0e3, 0x1a0, 0x1a0, 0x0e3, 0x1a0, 0x0e3, 0x1a0, 0x1a0, 0x1a0, 0x1a0, 0x0e3,
			0x4a3, 0x4a3, 0x4a3, 0x4a3, 0x4a3, 0x4a3, 0x4a3, 0x4a3, 0x4a3, 0x4a3, 0x4a3, 0x4a3, 0x4a3, 0x4a3, 0x4a3, 0x4a3,
			0x4a3, 0x4a3, 0x4a3, 0x4a3, 0x4a3, 0x4a3, 0x4a3, 0x1a0, 0x4a3, 0x4a3, 0x4a3, 0x4a3, 0x4a3, 0x4a3, 0x4a3, 0x0e3,
			0x0e3, 0x0e3, 0x0e3, 0x0e3, 0x0e3, 0x0e3, 0x0e3, 0x0e3, 0x0e3, 0x0e3, 0x0e3, 0x0e3, 0x0e3, 0x0e3, 0x0e3, 0x0e3,
			0x0e3, 0x0e3, 0x0e3, 0x0e3, 0x0e3, 0x0e3, 0x0e3, 0x1a0, 0x0e3, 0x0e3, 0x0e3, 0x0e3, 0x0e3, 0x0e3, 0x0e3, 0x1a0,
		},
		"mi_NZ.utf8": {
			0x008, 0x008, 0x008, 0x008, 0x008, 0x008, 0x008, 0x008, 0x008, 0x20c, 0x208, 0x208, 0x208, 0x208, 0x008, 0x008,
			0x008, 0x008, 0x008, 0x008, 0x008, 0x008, 0x008, 0x008, 0x008, 0x008, 0x008, 0x008, 0x008, 0x008, 0x008, 0x008,
			0x284, 0x1a0, 0x1a0, 0x1a0, 0x1a0, 0x1a0, 0x1a0, 0x1a0, 0x1a0, 0x1a0, 0x1a0, 0x1a0, 0x1a0, 0x1a0, 0x1a0, 0x1a0,
			0x8b1, 0x8b1, 0x8b1, 0x8b1, 0x8b1, 0x8b1, 0x8b1, 0x8b1, 0x8b1, 0x8b1, 0x1a0, 0x1a0, 0x1a0, 0x1a0, 0x1a0, 0x1a0,
			0x1a0, 0xca3, 0xca3, 0xca3, 0xca3, 0xca3, 0xca3, 0x4a3, 0x4a3, 0x4a3, 0x4a3, 0x4a3, 0x4a3, 0x4a3, 0x4a3, 0x4a3,
			0x4a3, 0x4a3, 0x4a3, 0x4a3, 0x4a3, 0x4a3, 0x4a3, 0x4a3, 0x4a3, 0x4a3, 0x4a3, 0x1a0, 0x1a0, 0x1a0, 0x1a0, 0x1a0,
			0x1a0, 0x8e3, 0x8e3, 0x8e3, 0x8e3, 0x8e3, 0x8e3, 0x0e3, 0x0e3, 0x0e3, 0x0e3, 0x0e3, 0x0e3, 0x0e3, 0x0e3, 0x0e3,
			0x0e3, 0x0e3, 0x0e3, 0x0e3, 0x0e3, 0x0e3, 0x0e3, 0x0e3, 0x0e3, 0x0e3, 0x0e3, 0x1a0, 0x1a0, 0x1a0, 0x1a0, 0x008,
			0x000, 0x000, 0x000, 0x000, 0x000, 0x000, 0x000, 0x000, 0x000, 0x000, 0x000, 0x000, 0x000, 0x000, 0x000, 0x000,
			0x000, 0x000, 0x000, 0x000, 0x000, 0x000, 0x000, 0x000, 0x000, 0x000, 0x000, 0x000, 0x000, 0x000, 0x000, 0x000,
			0x000, 0x000, 0x000, 0x000, 0x000, 0x000, 0x000, 0x000, 0x000, 0x000, 0x000, 0x000, 0x000, 0x000, 0x000, 0x000,
			0x000, 0x000, 0x000, 0x000, 0x000, 0x000, 0x000, 0x000, 0x000, 0x000, 0x000, 0x000, 0x000, 0x000, 0x000, 0x000,
			0x000, 0x000, 0x000, 0x000, 0x000, 0x000, 0x000, 0x000, 0x000, 0x000, 0x000, 0x000, 0x000, 0x000, 0x000, 0x000,
			0x000, 0x000, 0x000, 0x000, 0x000, 0x000, 0x000, 0x000, 0x000, 0x000, 0x000, 0x000, 0x000, 0x000, 0x000, 0x000,
			0x000, 0x000, 0x000, 0x000, 0x000, 0x000, 0x000, 0x000, 0x000, 0x000, 0x000, 0x000, 0x000, 0x000, 0x000, 0x000,
			0x000, 0x000, 0x000, 0x000, 0x000, 0x000, 0x000, 0x000, 0x000, 0x000, 0x000, 0x000, 0x000, 0x000, 0x000, 0x000,
		},
		"mk_MK": {
			0x008, 0x008, 0x008, 0x008, 0x008, 0x008, 0x008, 0x008, 0x008, 0x20c, 0x208, 0x208, 0x208, 0x208, 0x008, 0x008,
			0x008, 0x008, 0x008, 0x008, 0x008, 0x008, 0x008, 0x008, 0x008, 0x008, 0x008, 0x008, 0x008, 0x008, 0x008, 0x008,
			0x284, 0x1a0, 0x1a0, 0x1a0, 0x1a0, 0x1a0, 0x1a0, 0x1a0, 0x1a0, 0x1a0, 0x1a0, 0x1a0, 0x1a0, 0x1a0, 0x1a0, 0x1a0,
			0x8b1, 0x8b1, 0x8b1, 0x8b1, 0x8b1, 0x8b1, 0x8b1, 0x8b1, 0x8b1, 0x8b1, 0x1a0, 0x1a0, 0x1a0, 0x1a0, 0x1a0, 0x1a0,
			0x1a0, 0xca3, 0xca3, 0xca3, 0xca3, 0xca3, 0xca3, 0x4a3, 0x4a3, 0x4a3, 0x4a3, 0x4a3, 0x4a3, 0x4a3, 0x4a3, 0x4a3,
			0x4a3, 0x4a3, 0x4a3, 0x4a3, 0x4a3, 0x4a3, 0x4a3, 0x4a3, 0x4a3, 0x4a3, 0x4a3, 0x1a0, 0x1a0, 0x1a0, 0x1a0, 0x1a0,
			0x1a0, 0x8e3, 0x8e3, 0x8e3, 0x8e3, 0x8e3, 0x8e3, 0x0e3, 0x0e3, 0x0e3, 0x0e3, 0x0e3, 0x0e3, 0x0e3, 0x0e3, 0x0e3,
			0x0e3, 0x0e3, 0x0e3, 0x0e3, 0x0e3, 0x0e3, 0x0e3, 0x0e3, 0x0e3, 0x0e3, 0x0e3, 0x1a0, 0x1a0, 0x1a0, 0x1a0, 0x008,
			0x008, 0x008, 0x008, 0x008, 0x008, 0x008, 0x008, 0x008, 0x008, 0x008, 0x008, 0x008, 0x008, 0x008, 0x008, 0x008,
			0x008, 0x008, 0x008, 0x008, 0x008, 0x008, 0x008, 0x008, 0x008, 0x008, 0x008, 0x008, 0x008, 0x008, 0x008, 0x008,
			0x1a0, 0x4a3, 0x4a3, 0x4a3, 0x4a3, 0x4a3, 0x4a3, 0x4a3, 0x4a3, 0x4a3, 0x4a3, 0x4a3, 0x4a3, 0x1a0, 0x4a3, 0x4a3,
			0x4a3, 0x4a3, 0x4a3, 0x4a3, 0x4a3, 0x4a3, 0x4a3, 0x4a3, 0x4a3, 0x4a3, 0x4a3, 0x4a3, 0x4a3, 0x4a3, 0x4a3, 0x4a3,
			0x4a3, 0x4a3, 0x4a3, 0x4a3, 0x4a3, 0x4a3, 0x4a3, 0x4a3, 0x4a3, 0x4a3, 0x4a3, 0x4a3, 0x4a3, 0x4a3, 0x4a3, 0x4a3,
			0x0e3, 0x0e3, 0x0e3, 0x0e3, 0x0e3, 0x0e3, 0x0e3, 0x0e3, 0x0e3, 0x0e3, 0x0e3, 0x0e3, 0x0e3, 0x0e3, 0x0e3, 0x0e3,
			0x0e3, 0x0e3, 0x0e3, 0x0e3, 0x0e3, 0x0e3, 0x0e3, 0x0e3, 0x0e3, 0x0e3, 0x0e3, 0x0e3, 0x0e3, 0x0e3, 0x0e3, 0x0e3,
			0x1a0, 0x0e3, 0x0e3, 0x0e3, 0x0e3, 0x0e3, 0x0e3, 0x0e3, 0x0e3, 0x0e3, 0x0e3, 0x0e3, 0x0e3, 0x1a0, 0x0e3, 0x0e3,
		},
		"mk_MK.utf8": {
			0x008, 0x008, 0x008, 0x008, 0x008, 0x008, 0x008, 0x008, 0x008, 0x20c, 0x208, 0x208, 0x208, 0x208, 0x008, 0x008,
			0x008, 0x008, 0x008, 0x008, 0x008, 0x008, 0x008, 0x008, 0x008, 0x008, 0x008, 0x008, 0x008, 0x008, 0x008, 0x008,
			0x284, 0x1a0, 0x1a0, 0x1a0, 0x1a0, 0x1a0, 0x1a0, 0x1a0, 0x1a0, 0x1a0, 0x1a0, 0x1a0, 0x1a0, 0x1a0, 0x1a0, 0x1a0,
			0x8b1, 0x8b1, 0x8b1, 0x8b1, 0x8b1, 0x8b1, 0x8b1, 0x8b1, 0x8b1, 0x8b1, 0x1a0, 0x1a0, 0x1a0, 0x1a0, 0x1a0, 0x1a0,
			0x1a0, 0xca3, 0xca3, 0xca3, 0xca3, 0xca3, 0xca3, 0x4a3, 0x4a3, 0x4a3, 0x4a3, 0x4a3, 0x4a3, 0x4a3, 0x4a3, 0x4a3,
			0x4a3, 0x4a3, 0x4a3, 0x4a3, 0x4a3, 0x4a3, 0x4a3, 0x4a3, 0x4a3, 0x4a3, 0x4a3, 0x1a0, 0x1a0, 0x1a0, 0x1a0, 0x1a0,
			0x1a0, 0x8e3, 0x8e3, 0x8e3, 0x8e3, 0x8e3, 0x8e3, 0x0e3, 0x0e3, 0x0e3, 0x0e3, 0x0e3, 0x0e3, 0x0e3, 0x0e3, 0x0e3,
			0x0e3, 0x0e3, 0x0e3, 0x0e3, 0x0e3, 0x0e3, 0x0e3, 0x0e3, 0x0e3, 0x0e3, 0x0e3, 0x1a0, 0x1a0, 0x1a0, 0x1a0, 0x008,
			0x000, 0x000, 0x000, 0x000, 0x000, 0x000, 0x000, 0x000, 0x000, 0x000, 0x000, 0x000, 0x000, 0x000, 0x000, 0x000,
			0x000, 0x000, 0x000, 0x000, 0x000, 0x000, 0x000, 0x000, 0x000, 0x000, 0x000, 0x000, 0x000, 0x000, 0x000, 0x000,
			0x000, 0x000, 0x000, 0x000, 0x000, 0x000, 0x000, 0x000, 0x000, 0x000, 0x000, 0x000, 0x000, 0x000, 0x000, 0x000,
			0x000, 0x000, 0x000, 0x000, 0x000, 0x000, 0x000, 0x000, 0x000, 0x000, 0x000, 0x000, 0x000, 0x000, 0x000, 0x000,
			0x000, 0x000, 0x000, 0x000, 0x000, 0x000, 0x000, 0x000, 0x000, 0x000, 0x000, 0x000, 0x000, 0x000, 0x000, 0x000,
			0x000, 0x000, 0x000, 0x000, 0x000, 0x000, 0x000, 0x000, 0x000, 0x000, 0x000, 0x000, 0x000, 0x000, 0x000, 0x000,
			0x000, 0x000, 0x000, 0x000, 0x000, 0x000, 0x000, 0x000, 0x000, 0x000, 0x000, 0x000, 0x000, 0x000, 0x000, 0x000,
			0x000, 0x000, 0x000, 0x000, 0x000, 0x000, 0x000, 0x000, 0x000, 0x000, 0x000, 0x000, 0x000, 0x000, 0x000, 0x000,
		},
		"ml_IN": {
			0x008, 0x008, 0x008, 0x008, 0x008, 0x008, 0x008, 0x008, 0x008, 0x20c, 0x208, 0x208, 0x208, 0x208, 0x008, 0x008,
			0x008, 0x008, 0x008, 0x008, 0x008, 0x008, 0x008, 0x008, 0x008, 0x008, 0x008, 0x008, 0x008, 0x008, 0x008, 0x008,
			0x284, 0x1a0, 0x1a0, 0x1a0, 0x1a0, 0x1a0, 0x1a0, 0x1a0, 0x1a0, 0x1a0, 0x1a0, 0x1a0, 0x1a0, 0x1a0, 0x1a0, 0x1a0,
			0x8b1, 0x8b1, 0x8b1, 0x8b1, 0x8b1, 0x8b1, 0x8b1, 0x8b1, 0x8b1, 0x8b1, 0x1a0, 0x1a0, 0x1a0, 0x1a0, 0x1a0, 0x1a0,
			0x1a0, 0xca3, 0xca3, 0xca3, 0xca3, 0xca3, 0xca3, 0x4a3, 0x4a3, 0x4a3, 0x4a3, 0x4a3, 0x4a3, 0x4a3, 0x4a3, 0x4a3,
			0x4a3, 0x4a3, 0x4a3, 0x4a3, 0x4a3, 0x4a3, 0x4a3, 0x4a3, 0x4a3, 0x4a3, 0x4a3, 0x1a0, 0x1a0, 0x1a0, 0x1a0, 0x1a0,
			0x1a0, 0x8e3, 0x8e3, 0x8e3, 0x8e3, 0x8e3, 0x8e3, 0x0e3, 0x0e3, 0x0e3, 0x0e3, 0x0e3, 0x0e3, 0x0e3, 0x0e3, 0x0e3,
			0x0e3, 0x0e3, 0x0e3, 0x0e3, 0x0e3, 0x0e3, 0x0e3, 0x0e3, 0x0e3, 0x0e3, 0x0e3, 0x1a0, 0x1a0, 0x1a0, 0x1a0, 0x008,
			0x000, 0x000, 0x000, 0x000, 0x000, 0x000, 0x000, 0x000, 0x000, 0x000, 0x000, 0x000, 0x000, 0x000, 0x000, 0x000,
			0x000, 0x000, 0x000, 0x000, 0x000, 0x000, 0x000, 0x000, 0x000, 0x000, 0x000, 0x000, 0x000, 0x000, 0x000, 0x000,
			0x000, 0x000, 0x000, 0x000, 0x000, 0x000, 0x000, 0x000, 0x000, 0x000, 0x000, 0x000, 0x000, 0x000, 0x000, 0x000,
			0x000, 0x000, 0x000, 0x000, 0x000, 0x000, 0x000, 0x000, 0x000, 0x000, 0x000, 0x000, 0x000, 0x000, 0x000, 0x000,
			0x000, 0x000, 0x000, 0x000, 0x000, 0x000, 0x000, 0x000, 0x000, 0x000, 0x000, 0x000, 0x000, 0x000, 0x000, 0x000,
			0x000, 0x000, 0x000, 0x000, 0x000, 0x000, 0x000, 0x000, 0x000, 0x000, 0x000, 0x000, 0x000, 0x000, 0x000, 0x000,
			0x000, 0x000, 0x000, 0x000, 0x000, 0x000, 0x000, 0x000, 0x000, 0x000, 0x000, 0x000, 0x000, 0x000, 0x000, 0x000,
			0x000, 0x000, 0x000, 0x000, 0x000, 0x000, 0x000, 0x000, 0x000, 0x000, 0x000, 0x000, 0x000, 0x000, 0x000, 0x000,
		},
		"mn_MN": {
			0x008, 0x008, 0x008, 0x008, 0x008, 0x008, 0x008, 0x008, 0x008, 0x20c, 0x208, 0x208, 0x208, 0x208, 0x008, 0x008,
			0x008, 0x008, 0x008, 0x008, 0x008, 0x008, 0x008, 0x008, 0x008, 0x008, 0x008, 0x008, 0x008, 0x008, 0x008, 0x008,
			0x284, 0x1a0, 0x1a0, 0x1a0, 0x1a0, 0x1a0, 0x1a0, 0x1a0, 0x1a0, 0x1a0, 0x1a0, 0x1a0, 0x1a0, 0x1a0, 0x1a0, 0x1a0,
			0x8b1, 0x8b1, 0x8b1, 0x8b1, 0x8b1, 0x8b1, 0x8b1, 0x8b1, 0x8b1, 0x8b1, 0x1a0, 0x1a0, 0x1a0, 0x1a0, 0x1a0, 0x1a0,
			0x1a0, 0xca3, 0xca3, 0xca3, 0xca3, 0xca3, 0xca3, 0x4a3, 0x4a3, 0x4a3, 0x4a3, 0x4a3, 0x4a3, 0x4a3, 0x4a3, 0x4a3,
			0x4a3, 0x4a3, 0x4a3, 0x4a3, 0x4a3, 0x4a3, 0x4a3, 0x4a3, 0x4a3, 0x4a3, 0x4a3, 0x1a0, 0x1a0, 0x1a0, 0x1a0, 0x1a0,
			0x1a0, 0x8e3, 0x8e3, 0x8e3, 0x8e3, 0x8e3, 0x8e3, 0x0e3, 0x0e3, 0x0e3, 0x0e3, 0x0e3, 0x0e3, 0x0e3, 0x0e3, 0x0e3,
			0x0e3, 0x0e3, 0x0e3, 0x0e3, 0x0e3, 0x0e3, 0x0e3, 0x0e3, 0x0e3, 0x0e3, 0x0e3, 0x1a0, 0x1a0, 0x1a0, 0x1a0, 0x008,
			0x000, 0x000, 0x000, 0x000, 0x000, 0x000, 0x000, 0x000, 0x000, 0x000, 0x000, 0x000, 0x000, 0x000, 0x000, 0x000,
			0x000, 0x000, 0x000, 0x000, 0x000, 0x000, 0x000, 0x000, 0x000, 0x000, 0x000, 0x000, 0x000, 0x000, 0x000, 0x000,
			0x000, 0x000, 0x000, 0x000, 0x000, 0x000, 0x000, 0x000, 0x000, 0x000, 0x000, 0x000, 0x000, 0x000, 0x000, 0x000,
			0x000, 0x000, 0x000, 0x000, 0x000, 0x000, 0x000, 0x000, 0x000, 0x000, 0x000, 0x000, 0x000, 0x000, 0x000, 0x000,
			0x000, 0x000, 0x000, 0x000, 0x000, 0x000, 0x000, 0x000, 0x000, 0x000, 0x000, 0x000, 0x000, 0x000, 0x000, 0x000,
			0x000, 0x000, 0x000, 0x000, 0x000, 0x000, 0x000, 0x000, 0x000, 0x000, 0x000, 0x000, 0x000, 0x000, 0x000, 0x000,
			0x000, 0x000, 0x000, 0x000, 0x000, 0x000, 0x000, 0x000, 0x000, 0x000, 0x000, 0x000, 0x000, 0x000, 0x000, 0x000,
			0x000, 0x000, 0x000, 0x000, 0x000, 0x000, 0x000, 0x000, 0x000, 0x000, 0x000, 0x000, 0x000, 0x000, 0x000, 0x000,
		},
		"mni_IN": {
			0x008, 0x008, 0x008, 0x008, 0x008, 0x008, 0x008, 0x008, 0x008, 0x20c, 0x208, 0x208, 0x208, 0x208, 0x008, 0x008,
			0x008, 0x008, 0x008, 0x008, 0x008, 0x008, 0x008, 0x008, 0x008, 0x008, 0x008, 0x008, 0x008, 0x008, 0x008, 0x008,
			0x284, 0x1a0, 0x1a0, 0x1a0, 0x1a0, 0x1a0, 0x1a0, 0x1a0, 0x1a0, 0x1a0, 0x1a0, 0x1a0, 0x1a0, 0x1a0, 0x1a0, 0x1a0,
			0x8b1, 0x8b1, 0x8b1, 0x8b1, 0x8b1, 0x8b1, 0x8b1, 0x8b1, 0x8b1, 0x8b1, 0x1a0, 0x1a0, 0x1a0, 0x1a0, 0x1a0, 0x1a0,
			0x1a0, 0xca3, 0xca3, 0xca3, 0xca3, 0xca3, 0xca3, 0x4a3, 0x4a3, 0x4a3, 0x4a3, 0x4a3, 0x4a3, 0x4a3, 0x4a3, 0x4a3,
			0x4a3, 0x4a3, 0x4a3, 0x4a3, 0x4a3, 0x4a3, 0x4a3, 0x4a3, 0x4a3, 0x4a3, 0x4a3, 0x1a0, 0x1a0, 0x1a0, 0x1a0, 0x1a0,
			0x1a0, 0x8e3, 0x8e3, 0x8e3, 0x8e3, 0x8e3, 0x8e3, 0x0e3, 0x0e3, 0x0e3, 0x0e3, 0x0e3, 0x0e3, 0x0e3, 0x0e3, 0x0e3,
			0x0e3, 0x0e3, 0x0e3, 0x0e3, 0x0e3, 0x0e3, 0x0e3, 0x0e3, 0x0e3, 0x0e3, 0x0e3, 0x1a0, 0x1a0, 0x1a0, 0x1a0, 0x008,
			0x000, 0x000, 0x000, 0x000, 0x000, 0x000, 0x000, 0x000, 0x000, 0x000, 0x000, 0x000, 0x000, 0x000, 0x000, 0x000,
			0x000, 0x000, 0x000, 0x000, 0x000, 0x000, 0x000, 0x000, 0x000, 0x000, 0x000, 0x000, 0x000, 0x000, 0x000, 0x000,
			0x000, 0x000, 0x000, 0x000, 0x000, 0x000, 0x000, 0x000, 0x000, 0x000, 0x000, 0x000, 0x000, 0x000, 0x000, 0x000,
			0x000, 0x000, 0x000, 0x000, 0x000, 0x000, 0x000, 0x000, 0x000, 0x000, 0x000, 0x000, 0x000, 0x000, 0x000, 0x000,
			0x000, 0x000, 0x000, 0x000, 0x000, 0x000, 0x000, 0x000, 0x000, 0x000, 0x000, 0x000, 0x000, 0x000, 0x000, 0x000,
			0x000, 0x000, 0x000, 0x000, 0x000, 0x000, 0x000, 0x000, 0x000, 0x000, 0x000, 0x000, 0x000, 0x000, 0x000, 0x000,
			0x000, 0x000, 0x000, 0x000, 0x000, 0x000, 0x000, 0x000, 0x000, 0x000, 0x000, 0x000, 0x000, 0x000, 0x000, 0x000,
			0x000, 0x000, 0x000, 0x000, 0x000, 0x000, 0x000, 0x000, 0x000, 0x000, 0x000, 0x000, 0x000, 0x000, 0x000, 0x000,
		},
		"mr_IN": {
			0x008, 0x008, 0x008, 0x008, 0x008, 0x008, 0x008, 0x008, 0x008, 0x20c, 0x208, 0x208, 0x208, 0x208, 0x008, 0x008,
			0x008, 0x008, 0x008, 0x008, 0x008, 0x008, 0x008, 0x008, 0x008, 0x008, 0x008, 0x008, 0x008, 0x008, 0x008, 0x008,
			0x284, 0x1a0, 0x1a0, 0x1a0, 0x1a0, 0x1a0, 0x1a0, 0x1a0, 0x1a0, 0x1a0, 0x1a0, 0x1a0, 0x1a0, 0x1a0, 0x1a0, 0x1a0,
			0x8b1, 0x8b1, 0x8b1, 0x8b1, 0x8b1, 0x8b1, 0x8b1, 0x8b1, 0x8b1, 0x8b1, 0x1a0, 0x1a0, 0x1a0, 0x1a0, 0x1a0, 0x1a0,
			0x1a0, 0xca3, 0xca3, 0xca3, 0xca3, 0xca3, 0xca3, 0x4a3, 0x4a3, 0x4a3, 0x4a3, 0x4a3, 0x4a3, 0x4a3, 0x4a3, 0x4a3,
			0x4a3, 0x4a3, 0x4a3, 0x4a3, 0x4a3, 0x4a3, 0x4a3, 0x4a3, 0x4a3, 0x4a3, 0x4a3, 0x1a0, 0x1a0, 0x1a0, 0x1a0, 0x1a0,
			0x1a0, 0x8e3, 0x8e3, 0x8e3, 0x8e3, 0x8e3, 0x8e3, 0x0e3, 0x0e3, 0x0e3, 0x0e3, 0x0e3, 0x0e3, 0x0e3, 0x0e3, 0x0e3,
			0x0e3, 0x0e3, 0x0e3, 0x0e3, 0x0e3, 0x0e3, 0x0e3, 0x0e3, 0x0e3, 0x0e3, 0x0e3, 0x1a0, 0x1a0, 0x1a0, 0x1a0, 0x008,
			0x000, 0x000, 0x000, 0x000, 0x000, 0x000, 0x000, 0x000, 0x000, 0x000, 0x000, 0x000, 0x000, 0x000, 0x000, 0x000,
			0x000, 0x000, 0x000, 0x000, 0x000, 0x000, 0x000, 0x000, 0x000, 0x000, 0x000, 0x000, 0x000, 0x000, 0x000, 0x000,
			0x000, 0x000, 0x000, 0x000, 0x000, 0x000, 0x000, 0x000, 0x000, 0x000, 0x000, 0x000, 0x000, 0x000, 0x000, 0x000,
			0x000, 0x000, 0x000, 0x000, 0x000, 0x000, 0x000, 0x000, 0x000, 0x000, 0x000, 0x000, 0x000, 0x000, 0x000, 0x000,
			0x000, 0x000, 0x000, 0x000, 0x000, 0x000, 0x000, 0x000, 0x000, 0x000, 0x000, 0x000, 0x000, 0x000, 0x000, 0x000,
			0x000, 0x000, 0x000, 0x000, 0x000, 0x000, 0x000, 0x000, 0x000, 0x000, 0x000, 0x000, 0x000, 0x000, 0x000, 0x000,
			0x000, 0x000, 0x000, 0x000, 0x000, 0x000, 0x000, 0x000, 0x000, 0x000, 0x000, 0x000, 0x000, 0x000, 0x000, 0x000,
			0x000, 0x000, 0x000, 0x000, 0x000, 0x000, 0x000, 0x000, 0x000, 0x000, 0x000, 0x000, 0x000, 0x000, 0x000, 0x000,
		},
		"ms_MY": {
			0x008, 0x008, 0x008, 0x008, 0x008, 0x008, 0x008, 0x008, 0x008, 0x20c, 0x208, 0x208, 0x208, 0x208, 0x008, 0x008,
			0x008, 0x008, 0x008, 0x008, 0x008, 0x008, 0x008, 0x008, 0x008, 0x008, 0x008, 0x008, 0x008, 0x008, 0x008, 0x008,
			0x284, 0x1a0, 0x1a0, 0x1a0, 0x1a0, 0x1a0, 0x1a0, 0x1a0, 0x1a0, 0x1a0, 0x1a0, 0x1a0, 0x1a0, 0x1a0, 0x1a0, 0x1a0,
			0x8b1, 0x8b1, 0x8b1, 0x8b1, 0x8b1, 0x8b1, 0x8b1, 0x8b1, 0x8b1, 0x8b1, 0x1a0, 0x1a0, 0x1a0, 0x1a0, 0x1a0, 0x1a0,
			0x1a0, 0xca3, 0xca3, 0xca3, 0xca3, 0xca3, 0xca3, 0x4a3, 0x4a3, 0x4a3, 0x4a3, 0x4a3, 0x4a3, 0x4a3, 0x4a3, 0x4a3,
			0x4a3, 0x4a3, 0x4a3, 0x4a3, 0x4a3, 0x4a3, 0x4a3, 0x4a3, 0x4a3, 0x4a3, 0x4a3, 0x1a0, 0x1a0, 0x1a0, 0x1a0, 0x1a0,
			0x1a0, 0x8e3, 0x8e3, 0x8e3, 0x8e3, 0x8e3, 0x8e3, 0x0e3, 0x0e3, 0x0e3, 0x0e3, 0x0e3, 0x0e3, 0x0e3, 0x0e3, 0x0e3,
			0x0e3, 0x0e3, 0x0e3, 0x0e3, 0x0e3, 0x0e3, 0x0e3, 0x0e3, 0x0e3, 0x0e3, 0x0e3, 0x1a0, 0x1a0, 0x1a0, 0x1a0, 0x008,
			0x008, 0x008, 0x008, 0x008, 0x008, 0x008, 0x008, 0x008, 0x008, 0x008, 0x008, 0x008, 0x008, 0x008, 0x008, 0x008,
			0x008, 0x008, 0x008, 0x008, 0x008, 0x008, 0x008, 0x008, 0x008, 0x008, 0x008, 0x008, 0x008, 0x008, 0x008, 0x008,
			0x1a0, 0x1a0, 0x1a0, 0x1a0, 0x1a0, 0x1a0, 0x1a0, 0x1a0, 0x1a0, 0x1a0, 0x0e3, 0x1a0, 0x1a0, 0x1a0, 0x1a0, 0x1a0,
			0x1a0, 0x1a0, 0x1a0, 0x1a0, 0x1a0, 0x0e3, 0x1a0, 0x1a0, 0x1a0, 0x1a0, 0x0e3, 0x1a0, 0x1a0, 0x1a0, 0x1a0, 0x1a0,
			0x4a3, 0x4a3, 0x4a3, 0x4a3, 0x4a3, 0x4a3, 0x4a3, 0x4a3, 0x4a3, 0x4a3, 0x4a3, 0x4a3, 0x4a3, 0x4a3, 0x4a3, 0x4a3,
			0x4a3, 0x4a3, 0x4a3, 0x4a3, 0x4a3, 0x4a3, 0x4a3, 0x1a0, 0x4a3, 0x4a3, 0x4a3, 0x4a3, 0x4a3, 0x4a3, 0x4a3, 0x0e3,
			0x0e3, 0x0e3, 0x0e3, 0x0e3, 0x0e3, 0x0e3, 0x0e3, 0x0e3, 0x0e3, 0x0e3, 0x0e3, 0x0e3, 0x0e3, 0x0e3, 0x0e3, 0x0e3,
			0x0e3, 0x0e3, 0x0e3, 0x0e3, 0x0e3, 0x0e3, 0x0e3, 0x1a0, 0x0e3, 0x0e3, 0x0e3, 0x0e3, 0x0e3, 0x0e3, 0x0e3, 0x0e3,
		},
		"ms_MY.utf8": {
			0x008, 0x008, 0x008, 0x008, 0x008, 0x008, 0x008, 0x008, 0x008, 0x20c, 0x208, 0x208, 0x208, 0x208, 0x008, 0x008,
			0x008, 0x008, 0x008, 0x008, 0x008, 0x008, 0x008, 0x008, 0x008, 0x008, 0x008, 0x008, 0x008, 0x008, 0x008, 0x008,
			0x284, 0x1a0, 0x1a0, 0x1a0, 0x1a0, 0x1a0, 0x1a0, 0x1a0, 0x1a0, 0x1a0, 0x1a0, 0x1a0, 0x1a0, 0x1a0, 0x1a0, 0x1a0,
			0x8b1, 0x8b1, 0x8b1, 0x8b1, 0x8b1, 0x8b1, 0x8b1, 0x8b1, 0x8b1, 0x8b1, 0x1a0, 0x1a0, 0x1a0, 0x1a0, 0x1a0, 0x1a0,
			0x1a0, 0xca3, 0xca3, 0xca3, 0xca3, 0xca3, 0xca3, 0x4a3, 0x4a3, 0x4a3, 0x4a3, 0x4a3, 0x4a3, 0x4a3, 0x4a3, 0x4a3,
			0x4a3, 0x4a3, 0x4a3, 0x4a3, 0x4a3, 0x4a3, 0x4a3, 0x4a3, 0x4a3, 0x4a3, 0x4a3, 0x1a0, 0x1a0, 0x1a0, 0x1a0, 0x1a0,
			0x1a0, 0x8e3, 0x8e3, 0x8e3, 0x8e3, 0x8e3, 0x8e3, 0x0e3, 0x0e3, 0x0e3, 0x0e3, 0x0e3, 0x0e3, 0x0e3, 0x0e3, 0x0e3,
			0x0e3, 0x0e3, 0x0e3, 0x0e3, 0x0e3, 0x0e3, 0x0e3, 0x0e3, 0x0e3, 0x0e3, 0x0e3, 0x1a0, 0x1a0, 0x1a0, 0x1a0, 0x008,
			0x000, 0x000, 0x000, 0x000, 0x000, 0x000, 0x000, 0x000, 0x000, 0x000, 0x000, 0x000, 0x000, 0x000, 0x000, 0x000,
			0x000, 0x000, 0x000, 0x000, 0x000, 0x000, 0x000, 0x000, 0x000, 0x000, 0x000, 0x000, 0x000, 0x000, 0x000, 0x000,
			0x000, 0x000, 0x000, 0x000, 0x000, 0x000, 0x000, 0x000, 0x000, 0x000, 0x000, 0x000, 0x000, 0x000, 0x000, 0x000,
			0x000, 0x000, 0x000, 0x000, 0x000, 0x000, 0x000, 0x000, 0x000, 0x000, 0x000, 0x000, 0x000, 0x000, 0x000, 0x000,
			0x000, 0x000, 0x000, 0x000, 0x000, 0x000, 0x000, 0x000, 0x000, 0x000, 0x000, 0x000, 0x000, 0x000, 0x000, 0x000,
			0x000, 0x000, 0x000, 0x000, 0x000, 0x000, 0x000, 0x000, 0x000, 0x000, 0x000, 0x000, 0x000, 0x000, 0x000, 0x000,
			0x000, 0x000, 0x000, 0x000, 0x000, 0x000, 0x000, 0x000, 0x000, 0x000, 0x000, 0x000, 0x000, 0x000, 0x000, 0x000,
			0x000, 0x000, 0x000, 0x000, 0x000, 0x000, 0x000, 0x000, 0x000, 0x000, 0x000, 0x000, 0x000, 0x000, 0x000, 0x000,
		},
		"mt_MT": {
			0x008, 0x008, 0x008, 0x008, 0x008, 0x008, 0x008, 0x008, 0x008, 0x20c, 0x208, 0x208, 0x208, 0x208, 0x008, 0x008,
			0x008, 0x008, 0x008, 0x008, 0x008, 0x008, 0x008, 0x008, 0x008, 0x008, 0x008, 0x008, 0x008, 0x008, 0x008, 0x008,
			0x284, 0x1a0, 0x1a0, 0x1a0, 0x1a0, 0x1a0, 0x1a0, 0x1a0, 0x1a0, 0x1a0, 0x1a0, 0x1a0, 0x1a0, 0x1a0, 0x1a0, 0x1a0,
			0x8b1, 0x8b1, 0x8b1, 0x8b1, 0x8b1, 0x8b1, 0x8b1, 0x8b1, 0x8b1, 0x8b1, 0x1a0, 0x1a0, 0x1a0, 0x1a0, 0x1a0, 0x1a0,
			0x1a0, 0xca3, 0xca3, 0xca3, 0xca3, 0xca3, 0xca3, 0x4a3, 0x4a3, 0x4a3, 0x4a3, 0x4a3, 0x4a3, 0x4a3, 0x4a3, 0x4a3,
			0x4a3, 0x4a3, 0x4a3, 0x4a3, 0x4a3, 0x4a3, 0x4a3, 0x4a3, 0x4a3, 0x4a3, 0x4a3, 0x1a0, 0x1a0, 0x1a0, 0x1a0, 0x1a0,
			0x1a0, 0x8e3, 0x8e3, 0x8e3, 0x8e3, 0x8e3, 0x8e3, 0x0e3, 0x0e3, 0x0e3, 0x0e3, 0x0e3, 0x0e3, 0x0e3, 0x0e3, 0x0e3,
			0x0e3, 0x0e3, 0x0e3, 0x0e3, 0x0e3, 0x0e3, 0x0e3, 0x0e3, 0x0e3, 0x0e3, 0x0e3, 0x1a0, 0x1a0, 0x1a0, 0x1a0, 0x008,
			0x008, 0x008, 0x008, 0x008, 0x008, 0x008, 0x008, 0x008, 0x008, 0x008, 0x008, 0x008, 0x008, 0x008, 0x008, 0x008,
			0x008, 0x008, 0x008, 0x008, 0x008, 0x008, 0x008, 0x008, 0x008, 0x008, 0x008, 0x008, 0x008, 0x008, 0x008, 0x008,
			0x1a0, 0x4a3, 0x1a0, 0x1a0, 0x1a0, 0x000, 0x4a3, 0x1a0, 0x1a0, 0x4a3, 0x4a3, 0x4a3, 0x4a3, 0x1a0, 0x000, 0x4a3,
			0x1a0, 0x0e3, 0x1a0, 0x1a0, 0x1a0, 0x0e3, 0x0e3, 0x1a0, 0x1a0, 0x0e3, 0x0e3, 0x0e3, 0x0e3, 0x1a0, 0x000, 0x0e3,
			0x4a3, 0x4a3, 0x4a3, 0x000, 0x4a3, 0x4a3, 0x4a3, 0x4a3, 0x4a3, 0x4a3, 0x4a3, 0x4a3, 0x4a3, 0x4a3, 0x4a3, 0x4a3,
			0x000, 0x4a3, 0x4a3, 0x4a3, 0x4a3, 0x4a3, 0x4a3, 0x1a0, 0x4a3, 0x4a3, 0x4a3, 0x4a3, 0x4a3, 0x4a3, 0x4a3, 0x0e3,
			0x0e3, 0x0e3, 0x0e3, 0x000, 0x0e3, 0x0e3, 0x0e3, 0x0e3, 0x0e3, 0x0e3, 0x0e3, 0x0e3, 0x0e3, 0x0e3, 0x0e3, 0x0e3,
			0x000, 0x0e3, 0x0e3, 0x0e3, 0x0e3, 0x0e3, 0x0e3, 0x1a0, 0x0e3, 0x0e3, 0x0e3, 0x0e3, 0x0e3, 0x0e3, 0x0e3, 0x1a0,
		},
		"mt_MT.utf8": {
			0x008, 0x008, 0x008, 0x008, 0x008, 0x008, 0x008, 0x008, 0x008, 0x20c, 0x208, 0x208, 0x208, 0x208, 0x008, 0x008,
			0x008, 0x008, 0x008, 0x008, 0x008, 0x008, 0x008, 0x008, 0x008, 0x008, 0x008, 0x008, 0x008, 0x008, 0x008, 0x008,
			0x284, 0x1a0, 0x1a0, 0x1a0, 0x1a0, 0x1a0, 0x1a0, 0x1a0, 0x1a0, 0x1a0, 0x1a0, 0x1a0, 0x1a0, 0x1a0, 0x1a0, 0x1a0,
			0x8b1, 0x8b1, 0x8b1, 0x8b1, 0x8b1, 0x8b1, 0x8b1, 0x8b1, 0x8b1, 0x8b1, 0x1a0, 0x1a0, 0x1a0, 0x1a0, 0x1a0, 0x1a0,
			0x1a0, 0xca3, 0xca3, 0xca3, 0xca3, 0xca3, 0xca3, 0x4a3, 0x4a3, 0x4a3, 0x4a3, 0x4a3, 0x4a3, 0x4a3, 0x4a3, 0x4a3,
			0x4a3, 0x4a3, 0x4a3, 0x4a3, 0x4a3, 0x4a3, 0x4a3, 0x4a3, 0x4a3, 0x4a3, 0x4a3, 0x1a0, 0x1a0, 0x1a0, 0x1a0, 0x1a0,
			0x1a0, 0x8e3, 0x8e3, 0x8e3, 0x8e3, 0x8e3, 0x8e3, 0x0e3, 0x0e3, 0x0e3, 0x0e3, 0x0e3, 0x0e3, 0x0e3, 0x0e3, 0x0e3,
			0x0e3, 0x0e3, 0x0e3, 0x0e3, 0x0e3, 0x0e3, 0x0e3, 0x0e3, 0x0e3, 0x0e3, 0x0e3, 0x1a0, 0x1a0, 0x1a0, 0x1a0, 0x008,
			0x000, 0x000, 0x000, 0x000, 0x000, 0x000, 0x000, 0x000, 0x000, 0x000, 0x000, 0x000, 0x000, 0x000, 0x000, 0x000,
			0x000, 0x000, 0x000, 0x000, 0x000, 0x000, 0x000, 0x000, 0x000, 0x000, 0x000, 0x000, 0x000, 0x000, 0x000, 0x000,
			0x000, 0x000, 0x000, 0x000, 0x000, 0x000, 0x000, 0x000, 0x000, 0x000, 0x000, 0x000, 0x000, 0x000, 0x000, 0x000,
			0x000, 0x000, 0x000, 0x000, 0x000, 0x000, 0x000, 0x000, 0x000, 0x000, 0x000, 0x000, 0x000, 0x000, 0x000, 0x000,
			0x000, 0x000, 0x000, 0x000, 0x000, 0x000, 0x000, 0x000, 0x000, 0x000, 0x000, 0x000, 0x000, 0x000, 0x000, 0x000,
			0x000, 0x000, 0x000, 0x000, 0x000, 0x000, 0x000, 0x000, 0x000, 0x000, 0x000, 0x000, 0x000, 0x000, 0x000, 0x000,
			0x000, 0x000, 0x000, 0x000, 0x000, 0x000, 0x000, 0x000, 0x000, 0x000, 0x000, 0x000, 0x000, 0x000, 0x000, 0x000,
			0x000, 0x000, 0x000, 0x000, 0x000, 0x000, 0x000, 0x000, 0x000, 0x000, 0x000, 0x000, 0x000, 0x000, 0x000, 0x000,
		},
		"my_MM": {
			0x008, 0x008, 0x008, 0x008, 0x008, 0x008, 0x008, 0x008, 0x008, 0x20c, 0x208, 0x208, 0x208, 0x208, 0x008, 0x008,
			0x008, 0x008, 0x008, 0x008, 0x008, 0x008, 0x008, 0x008, 0x008, 0x008, 0x008, 0x008, 0x008, 0x008, 0x008, 0x008,
			0x284, 0x1a0, 0x1a0, 0x1a0, 0x1a0, 0x1a0, 0x1a0, 0x1a0, 0x1a0, 0x1a0, 0x1a0, 0x1a0, 0x1a0, 0x1a0, 0x1a0, 0x1a0,
			0x8b1, 0x8b1, 0x8b1, 0x8b1, 0x8b1, 0x8b1, 0x8b1, 0x8b1, 0x8b1, 0x8b1, 0x1a0, 0x1a0, 0x1a0, 0x1a0, 0x1a0, 0x1a0,
			0x1a0, 0xca3, 0xca3, 0xca3, 0xca3, 0xca3, 0xca3, 0x4a3, 0x4a3, 0x4a3, 0x4a3, 0x4a3, 0x4a3, 0x4a3, 0x4a3, 0x4a3,
			0x4a3, 0x4a3, 0x4a3, 0x4a3, 0x4a3, 0x4a3, 0x4a3, 0x4a3, 0x4a3, 0x4a3, 0x4a3, 0x1a0, 0x1a0, 0x1a0, 0x1a0, 0x1a0,
			0x1a0, 0x8e3, 0x8e3, 0x8e3, 0x8e3, 0x8e3, 0x8e3, 0x0e3, 0x0e3, 0x0e3, 0x0e3, 0x0e3, 0x0e3, 0x0e3, 0x0e3, 0x0e3,
			0x0e3, 0x0e3, 0x0e3, 0x0e3, 0x0e3, 0x0e3, 0x0e3, 0x0e3, 0x0e3, 0x0e3, 0x0e3, 0x1a0, 0x1a0, 0x1a0, 0x1a0, 0x008,
			0x000, 0x000, 0x000, 0x000, 0x000, 0x000, 0x000, 0x000, 0x000, 0x000, 0x000, 0x000, 0x000, 0x000, 0x000, 0x000,
			0x000, 0x000, 0x000, 0x000, 0x000, 0x000, 0x000, 0x000, 0x000, 0x000, 0x000, 0x000, 0x000, 0x000, 0x000, 0x000,
			0x000, 0x000, 0x000, 0x000, 0x000, 0x000, 0x000, 0x000, 0x000, 0x000, 0x000, 0x000, 0x000, 0x000, 0x000, 0x000,
			0x000, 0x000, 0x000, 0x000, 0x000, 0x000, 0x000, 0x000, 0x000, 0x000, 0x000, 0x000, 0x000, 0x000, 0x000, 0x000,
			0x000, 0x000, 0x000, 0x000, 0x000, 0x000, 0x000, 0x000, 0x000, 0x000, 0x000, 0x000, 0x000, 0x000, 0x000, 0x000,
			0x000, 0x000, 0x000, 0x000, 0x000, 0x000, 0x000, 0x000, 0x000, 0x000, 0x000, 0x000, 0x000, 0x000, 0x000, 0x000,
			0x000, 0x000, 0x000, 0x000, 0x000, 0x000, 0x000, 0x000, 0x000, 0x000, 0x000, 0x000, 0x000, 0x000, 0x000, 0x000,
			0x000, 0x000, 0x000, 0x000, 0x000, 0x000, 0x000, 0x000, 0x000, 0x000, 0x000, 0x000, 0x000, 0x000, 0x000, 0x000,
		},
		"nan_TW": {
			0x008, 0x008, 0x008, 0x008, 0x008, 0x008, 0x008, 0x008, 0x008, 0x20c, 0x208, 0x208, 0x208, 0x208, 0x008, 0x008,
			0x008, 0x008, 0x008, 0x008, 0x008, 0x008, 0x008, 0x008, 0x008, 0x008, 0x008, 0x008, 0x008, 0x008, 0x008, 0x008,
			0x284, 0x1a0, 0x1a0, 0x1a0, 0x1a0, 0x1a0, 0x1a0, 0x1a0, 0x1a0, 0x1a0, 0x1a0, 0x1a0, 0x1a0, 0x1a0, 0x1a0, 0x1a0,
			0x8b1, 0x8b1, 0x8b1, 0x8b1, 0x8b1, 0x8b1, 0x8b1, 0x8b1, 0x8b1, 0x8b1, 0x1a0, 0x1a0, 0x1a0, 0x1a0, 0x1a0, 0x1a0,
			0x1a0, 0xca3, 0xca3, 0xca3, 0xca3, 0xca3, 0xca3, 0x4a3, 0x4a3, 0x4a3, 0x4a3, 0x4a3, 0x4a3, 0x4a3, 0x4a3, 0x4a3,
			0x4a3, 0x4a3, 0x4a3, 0x4a3, 0x4a3, 0x4a3, 0x4a3, 0x4a3, 0x4a3, 0x4a3, 0x4a3, 0x1a0, 0x1a0, 0x1a0, 0x1a0, 0x1a0,
			0x1a0, 0x8e3, 0x8e3, 0x8e3, 0x8e3, 0x8e3, 0x8e3, 0x0e3, 0x0e3, 0x0e3, 0x0e3, 0x0e3, 0x0e3, 0x0e3, 0x0e3, 0x0e3,
			0x0e3, 0x0e3, 0x0e3, 0x0e3, 0x0e3, 0x0e3, 0x0e3, 0x0e3, 0x0e3, 0x0e3, 0x0e3, 0x1a0, 0x1a0, 0x1a0, 0x1a0, 0x008,
			0x000, 0x000, 0x000, 0x000, 0x000, 0x000, 0x000, 0x000, 0x000, 0x000, 0x000, 0x000, 0x000, 0x000, 0x000, 0x000,
			0x000, 0x000, 0x000, 0x000, 0x000, 0x000, 0x000, 0x000, 0x000, 0x000, 0x000, 0x000, 0x000, 0x000, 0x000, 0x000,
			0x000, 0x000, 0x000, 0x000, 0x000, 0x000, 0x000, 0x000, 0x000, 0x000, 0x000, 0x000, 0x000, 0x000, 0x000, 0x000,
			0x000, 0x000, 0x000, 0x000, 0x000, 0x000, 0x000, 0x000, 0x000, 0x000, 0x000, 0x000, 0x000, 0x000, 0x000, 0x000,
			0x000, 0x000, 0x000, 0x000, 0x000, 0x000, 0x000, 0x000, 0x000, 0x000, 0x000, 0x000, 0x000, 0x000, 0x000, 0x000,
			0x000, 0x000, 0x000, 0x000, 0x000, 0x000, 0x000, 0x000, 0x000, 0x000, 0x000, 0x000, 0x000, 0x000, 0x000, 0x000,
			0x000, 0x000, 0x000, 0x000, 0x000, 0x000, 0x000, 0x000, 0x000, 0x000, 0x000, 0x000, 0x000, 0x000, 0x000, 0x000,
			0x000, 0x000, 0x000, 0x000, 0x000, 0x000, 0x000, 0x000, 0x000, 0x000, 0x000, 0x000, 0x000, 0x000, 0x000, 0x000,
		},
		"nan_TW@latin": {
			0x008, 0x008, 0x008, 0x008, 0x008, 0x008, 0x008, 0x008, 0x008, 0x20c, 0x208, 0x208, 0x208, 0x208, 0x008, 0x008,
			0x008, 0x008, 0x008, 0x008, 0x008, 0x008, 0x008, 0x008, 0x008, 0x008, 0x008, 0x008, 0x008, 0x008, 0x008, 0x008,
			0x284, 0x1a0, 0x1a0, 0x1a0, 0x1a0, 0x1a0, 0x1a0, 0x1a0, 0x1a0, 0x1a0, 0x1a0, 0x1a0, 0x1a0, 0x1a0, 0x1a0, 0x1a0,
			0x8b1, 0x8b1, 0x8b1, 0x8b1, 0x8b1, 0x8b1, 0x8b1, 0x8b1, 0x8b1, 0x8b1, 0x1a0, 0x1a0, 0x1a0, 0x1a0, 0x1a0, 0x1a0,
			0x1a0, 0xca3, 0xca3, 0xca3, 0xca3, 0xca3, 0xca3, 0x4a3, 0x4a3, 0x4a3, 0x4a3, 0x4a3, 0x4a3, 0x4a3, 0x4a3, 0x4a3,
			0x4a3, 0x4a3, 0x4a3, 0x4a3, 0x4a3, 0x4a3, 0x4a3, 0x4a3, 0x4a3, 0x4a3, 0x4a3, 0x1a0, 0x1a0, 0x1a0, 0x1a0, 0x1a0,
			0x1a0, 0x8e3, 0x8e3, 0x8e3, 0x8e3, 0x8e3, 0x8e3, 0x0e3, 0x0e3, 0x0e3, 0x0e3, 0x0e3, 0x0e3, 0x0e3, 0x0e3, 0x0e3,
			0x0e3, 0x0e3, 0x0e3, 0x0e3, 0x0e3, 0x0e3, 0x0e3, 0x0e3, 0x0e3, 0x0e3, 0x0e3, 0x1a0, 0x1a0, 0x1a0, 0x1a0, 0x008,
			0x000, 0x000, 0x000, 0x000, 0x000, 0x000, 0x000, 0x000, 0x000, 0x000, 0x000, 0x000, 0x000, 0x000, 0x000, 0x000,
			0x000, 0x000, 0x000, 0x000, 0x000, 0x000, 0x000, 0x000, 0x000, 0x000, 0x000, 0x000, 0x000, 0x000, 0x000, 0x000,
			0x000, 0x000, 0x000, 0x000, 0x000, 0x000, 0x000, 0x000, 0x000, 0x000, 0x000, 0x000, 0x000, 0x000, 0x000, 0x000,
			0x000, 0x000, 0x000, 0x000, 0x000, 0x000, 0x000, 0x000, 0x000, 0x000, 0x000, 0x000, 0x000, 0x000, 0x000, 0x000,
			0x000, 0x000, 0x000, 0x000, 0x000, 0x000, 0x000, 0x000, 0x000, 0x000, 0x000, 0x000, 0x000, 0x000, 0x000, 0x000,
			0x000, 0x000, 0x000, 0x000, 0x000, 0x000, 0x000, 0x000, 0x000, 0x000, 0x000, 0x000, 0x000, 0x000, 0x000, 0x000,
			0x000, 0x000, 0x000, 0x000, 0x000, 0x000, 0x000, 0x000, 0x000, 0x000, 0x000, 0x000, 0x000, 0x000, 0x000, 0x000,
			0x000, 0x000, 0x000, 0x000, 0x000, 0x000, 0x000, 0x000, 0x000, 0x000, 0x000, 0x000, 0x000, 0x000, 0x000, 0x000,
		},
		"nb_NO": {
			0x008, 0x008, 0x008, 0x008, 0x008, 0x008, 0x008, 0x008, 0x008, 0x20c, 0x208, 0x208, 0x208, 0x208, 0x008, 0x008,
			0x008, 0x008, 0x008, 0x008, 0x008, 0x008, 0x008, 0x008, 0x008, 0x008, 0x008, 0x008, 0x008, 0x008, 0x008, 0x008,
			0x284, 0x1a0, 0x1a0, 0x1a0, 0x1a0, 0x1a0, 0x1a0, 0x1a0, 0x1a0, 0x1a0, 0x1a0, 0x1a0, 0x1a0, 0x1a0, 0x1a0, 0x1a0,
			0x8b1, 0x8b1, 0x8b1, 0x8b1, 0x8b1, 0x8b1, 0x8b1, 0x8b1, 0x8b1, 0x8b1, 0x1a0, 0x1a0, 0x1a0, 0x1a0, 0x1a0, 0x1a0,
			0x1a0, 0xca3, 0xca3, 0xca3, 0xca3, 0xca3, 0xca3, 0x4a3, 0x4a3, 0x4a3, 0x4a3, 0x4a3, 0x4a3, 0x4a3, 0x4a3, 0x4a3,
			0x4a3, 0x4a3, 0x4a3, 0x4a3, 0x4a3, 0x4a3, 0x4a3, 0x4a3, 0x4a3, 0x4a3, 0x4a3, 0x1a0, 0x1a0, 0x1a0, 0x1a0, 0x1a0,
			0x1a0, 0x8e3, 0x8e3, 0x8e3, 0x8e3, 0x8e3, 0x8e3, 0x0e3, 0x0e3, 0x0e3, 0x0e3, 0x0e3, 0x0e3, 0x0e3, 0x0e3, 0x0e3,
			0x0e3, 0x0e3, 0x0e3, 0x0e3, 0x0e3, 0x0e3, 0x0e3, 0x0e3, 0x0e3, 0x0e3, 0x0e3, 0x1a0, 0x1a0, 0x1a0, 0x1a0, 0x008,
			0x008, 0x008, 0x008, 0x008, 0x008, 0x008, 0x008, 0x008, 0x008, 0x008, 0x008, 0x008, 0x008, 0x008, 0x008, 0x008,
			0x008, 0x008, 0x008, 0x008, 0x008, 0x008, 0x008, 0x008, 0x008, 0x008, 0x008, 0x008, 0x008, 0x008, 0x008, 0x008,
			0x1a0, 0x1a0, 0x1a0, 0x1a0, 0x1a0, 0x1a0, 0x1a0, 0x1a0, 0x1a0, 0x1a0, 0x0e3, 0x1a0, 0x1a0, 0x1a0, 0x1a0, 0x1a0,
			0x1a0, 0x1a0, 0x1a0, 0x1a0, 0x1a0, 0x0e3, 0x1a0, 0x1a0, 0x1a0, 0x1a0, 0x0e3, 0x1a0, 0x1a0, 0x1a0, 0x1a0, 0x1a0,
			0x4a3, 0x4a3, 0x4a3, 0x4a3, 0x4a3, 0x4a3, 0x4a3, 0x4a3, 0x4a3, 0x4a3, 0x4a3, 0x4a3, 0x4a3, 0x4a3, 0x4a3, 0x4a3,
			0x4a3, 0x4a3, 0x4a3, 0x4a3, 0x4a3, 0x4a3, 0x4a3, 0x1a0, 0x4a3, 0x4a3, 0x4a3, 0x4a3, 0x4a3, 0x4a3, 0x4a3, 0x0e3,
			0x0e3, 0x0e3, 0x0e3, 0x0e3, 0x0e3, 0x0e3, 0x0e3, 0x0e3, 0x0e3, 0x0e3, 0x0e3, 0x0e3, 0x0e3, 0x0e3, 0x0e3, 0x0e3,
			0x0e3, 0x0e3, 0x0e3, 0x0e3, 0x0e3, 0x0e3, 0x0e3, 0x1a0, 0x0e3, 0x0e3, 0x0e3, 0x0e3, 0x0e3, 0x0e3, 0x0e3, 0x0e3,
		},
		"nb_NO.utf8": {
			0x008, 0x008, 0x008, 0x008, 0x008, 0x008, 0x008, 0x008, 0x008, 0x20c, 0x208, 0x208, 0x208, 0x208, 0x008, 0x008,
			0x008, 0x008, 0x008, 0x008, 0x008, 0x008, 0x008, 0x008, 0x008, 0x008, 0x008, 0x008, 0x008, 0x008, 0x008, 0x008,
			0x284, 0x1a0, 0x1a0, 0x1a0, 0x1a0, 0x1a0, 0x1a0, 0x1a0, 0x1a0, 0x1a0, 0x1a0, 0x1a0, 0x1a0, 0x1a0, 0x1a0, 0x1a0,
			0x8b1, 0x8b1, 0x8b1, 0x8b1, 0x8b1, 0x8b1, 0x8b1, 0x8b1, 0x8b1, 0x8b1, 0x1a0, 0x1a0, 0x1a0, 0x1a0, 0x1a0, 0x1a0,
			0x1a0, 0xca3, 0xca3, 0xca3, 0xca3, 0xca3, 0xca3, 0x4a3, 0x4a3, 0x4a3, 0x4a3, 0x4a3, 0x4a3, 0x4a3, 0x4a3, 0x4a3,
			0x4a3, 0x4a3, 0x4a3, 0x4a3, 0x4a3, 0x4a3, 0x4a3, 0x4a3, 0x4a3, 0x4a3, 0x4a3, 0x1a0, 0x1a0, 0x1a0, 0x1a0, 0x1a0,
			0x1a0, 0x8e3, 0x8e3, 0x8e3, 0x8e3, 0x8e3, 0x8e3, 0x0e3, 0x0e3, 0x0e3, 0x0e3, 0x0e3, 0x0e3, 0x0e3, 0x0e3, 0x0e3,
			0x0e3, 0x0e3, 0x0e3, 0x0e3, 0x0e3, 0x0e3, 0x0e3, 0x0e3, 0x0e3, 0x0e3, 0x0e3, 0x1a0, 0x1a0, 0x1a0, 0x1a0, 0x008,
			0x000, 0x000, 0x000, 0x000, 0x000, 0x000, 0x000, 0x000, 0x000, 0x000, 0x000, 0x000, 0x000, 0x000, 0x000, 0x000,
			0x000, 0x000, 0x000, 0x000, 0x000, 0x000, 0x000, 0x000, 0x000, 0x000, 0x000, 0x000, 0x000, 0x000, 0x000, 0x000,
			0x000, 0x000, 0x000, 0x000, 0x000, 0x000, 0x000, 0x000, 0x000, 0x000, 0x000, 0x000, 0x000, 0x000, 0x000, 0x000,
			0x000, 0x000, 0x000, 0x000, 0x000, 0x000, 0x000, 0x000, 0x000, 0x000, 0x000, 0x000, 0x000, 0x000, 0x000, 0x000,
			0x000, 0x000, 0x000, 0x000, 0x000, 0x000, 0x000, 0x000, 0x000, 0x000, 0x000, 0x000, 0x000, 0x000, 0x000, 0x000,
			0x000, 0x000, 0x000, 0x000, 0x000, 0x000, 0x000, 0x000, 0x000, 0x000, 0x000, 0x000, 0x000, 0x000, 0x000, 0x000,
			0x000, 0x000, 0x000, 0x000, 0x000, 0x000, 0x000, 0x000, 0x000, 0x000, 0x000, 0x000, 0x000, 0x000, 0x000, 0x000,
			0x000, 0x000, 0x000, 0x000, 0x000, 0x000, 0x000, 0x000, 0x000, 0x000, 0x000, 0x000, 0x000, 0x000, 0x000, 0x000,
		},
		"nds_DE": {
			0x008, 0x008, 0x008, 0x008, 0x008, 0x008, 0x008, 0x008, 0x008, 0x20c, 0x208, 0x208, 0x208, 0x208, 0x008, 0x008,
			0x008, 0x008, 0x008, 0x008, 0x008, 0x008, 0x008, 0x008, 0x008, 0x008, 0x008, 0x008, 0x008, 0x008, 0x008, 0x008,
			0x284, 0x1a0, 0x1a0, 0x1a0, 0x1a0, 0x1a0, 0x1a0, 0x1a0, 0x1a0, 0x1a0, 0x1a0, 0x1a0, 0x1a0, 0x1a0, 0x1a0, 0x1a0,
			0x8b1, 0x8b1, 0x8b1, 0x8b1, 0x8b1, 0x8b1, 0x8b1, 0x8b1, 0x8b1, 0x8b1, 0x1a0, 0x1a0, 0x1a0, 0x1a0, 0x1a0, 0x1a0,
			0x1a0, 0xca3, 0xca3, 0xca3, 0xca3, 0xca3, 0xca3, 0x4a3, 0x4a3, 0x4a3, 0x4a3, 0x4a3, 0x4a3, 0x4a3, 0x4a3, 0x4a3,
			0x4a3, 0x4a3, 0x4a3, 0x4a3, 0x4a3, 0x4a3, 0x4a3, 0x4a3, 0x4a3, 0x4a3, 0x4a3, 0x1a0, 0x1a0, 0x1a0, 0x1a0, 0x1a0,
			0x1a0, 0x8e3, 0x8e3, 0x8e3, 0x8e3, 0x8e3, 0x8e3, 0x0e3, 0x0e3, 0x0e3, 0x0e3, 0x0e3, 0x0e3, 0x0e3, 0x0e3, 0x0e3,
			0x0e3, 0x0e3, 0x0e3, 0x0e3, 0x0e3, 0x0e3, 0x0e3, 0x0e3, 0x0e3, 0x0e3, 0x0e3, 0x1a0, 0x1a0, 0x1a0, 0x1a0, 0x008,
			0x000, 0x000, 0x000, 0x000, 0x000, 0x000, 0x000, 0x000, 0x000, 0x000, 0x000, 0x000, 0x000, 0x000, 0x000, 0x000,
			0x000, 0x000, 0x000, 0x000, 0x000, 0x000, 0x000, 0x000, 0x000, 0x000, 0x000, 0x000, 0x000, 0x000, 0x000, 0x000,
			0x000, 0x000, 0x000, 0x000, 0x000, 0x000, 0x000, 0x000, 0x000, 0x000, 0x000, 0x000, 0x000, 0x000, 0x000, 0x000,
			0x000, 0x000, 0x000, 0x000, 0x000, 0x000, 0x000, 0x000, 0x000, 0x000, 0x000, 0x000, 0x000, 0x000, 0x000, 0x000,
			0x000, 0x000, 0x000, 0x000, 0x000, 0x000, 0x000, 0x000, 0x000, 0x000, 0x000, 0x000, 0x000, 0x000, 0x000, 0x000,
			0x000, 0x000, 0x000, 0x000, 0x000, 0x000, 0x000, 0x000, 0x000, 0x000, 0x000, 0x000, 0x000, 0x000, 0x000, 0x000,
			0x000, 0x000, 0x000, 0x000, 0x000, 0x000, 0x000, 0x000, 0x000, 0x000, 0x000, 0x000, 0x000, 0x000, 0x000, 0x000,
			0x000, 0x000, 0x000, 0x000, 0x000, 0x000, 0x000, 0x000, 0x000, 0x000, 0x000, 0x000, 0x000, 0x000, 0x000, 0x000,
		},
		"nds_NL": {
			0x008, 0x008, 0x008, 0x008, 0x008, 0x008, 0x008, 0x008, 0x008, 0x20c, 0x208, 0x208, 0x208, 0x208, 0x008, 0x008,
			0x008, 0x008, 0x008, 0x008, 0x008, 0x008, 0x008, 0x008, 0x008, 0x008, 0x008, 0x008, 0x008, 0x008, 0x008, 0x008,
			0x284, 0x1a0, 0x1a0, 0x1a0, 0x1a0, 0x1a0, 0x1a0, 0x1a0, 0x1a0, 0x1a0, 0x1a0, 0x1a0, 0x1a0, 0x1a0, 0x1a0, 0x1a0,
			0x8b1, 0x8b1, 0x8b1, 0x8b1, 0x8b1, 0x8b1, 0x8b1, 0x8b1, 0x8b1, 0x8b1, 0x1a0, 0x1a0, 0x1a0, 0x1a0, 0x1a0, 0x1a0,
			0x1a0, 0xca3, 0xca3, 0xca3, 0xca3, 0xca3, 0xca3, 0x4a3, 0x4a3, 0x4a3, 0x4a3, 0x4a3, 0x4a3, 0x4a3, 0x4a3, 0x4a3,
			0x4a3, 0x4a3, 0x4a3, 0x4a3, 0x4a3, 0x4a3, 0x4a3, 0x4a3, 0x4a3, 0x4a3, 0x4a3, 0x1a0, 0x1a0, 0x1a0, 0x1a0, 0x1a0,
			0x1a0, 0x8e3, 0x8e3, 0x8e3, 0x8e3, 0x8e3, 0x8e3, 0x0e3, 0x0e3, 0x0e3, 0x0e3, 0x0e3, 0x0e3, 0x0e3, 0x0e3, 0x0e3,
			0x0e3, 0x0e3, 0x0e3, 0x0e3, 0x0e3, 0x0e3, 0x0e3, 0x0e3, 0x0e3, 0x0e3, 0x0e3, 0x1a0, 0x1a0, 0x1a0, 0x1a0, 0x008,
			0x000, 0x000, 0x000, 0x000, 0x000, 0x000, 0x000, 0x000, 0x000, 0x000, 0x000, 0x000, 0x000, 0x000, 0x000, 0x000,
			0x000, 0x000, 0x000, 0x000, 0x000, 0x000, 0x000, 0x000, 0x000, 0x000, 0x000, 0x000, 0x000, 0x000, 0x000, 0x000,
			0x000, 0x000, 0x000, 0x000, 0x000, 0x000, 0x000, 0x000, 0x000, 0x000, 0x000, 0x000, 0x000, 0x000, 0x000, 0x000,
			0x000, 0x000, 0x000, 0x000, 0x000, 0x000, 0x000, 0x000, 0x000, 0x000, 0x000, 0x000, 0x000, 0x000, 0x000, 0x000,
			0x000, 0x000, 0x000, 0x000, 0x000, 0x000, 0x000, 0x000, 0x000, 0x000, 0x000, 0x000, 0x000, 0x000, 0x000, 0x000,
			0x000, 0x000, 0x000, 0x000, 0x000, 0x000, 0x000, 0x000, 0x000, 0x000, 0x000, 0x000, 0x000, 0x000, 0x000, 0x000,
			0x000, 0x000, 0x000, 0x000, 0x000, 0x000, 0x000, 0x000, 0x000, 0x000, 0x000, 0x000, 0x000, 0x000, 0x000, 0x000,
			0x000, 0x000, 0x000, 0x000, 0x000, 0x000, 0x000, 0x000, 0x000, 0x000, 0x000, 0x000, 0x000, 0x000, 0x000, 0x000,
		},
		"ne_NP": {
			0x008, 0x008, 0x008, 0x008, 0x008, 0x008, 0x008, 0x008, 0x008, 0x20c, 0x208, 0x208, 0x208, 0x208, 0x008, 0x008,
			0x008, 0x008, 0x008, 0x008, 0x008, 0x008, 0x008, 0x008, 0x008, 0x008, 0x008, 0x008, 0x008, 0x008, 0x008, 0x008,
			0x284, 0x1a0, 0x1a0, 0x1a0, 0x1a0, 0x1a0, 0x1a0, 0x1a0, 0x1a0, 0x1a0, 0x1a0, 0x1a0, 0x1a0, 0x1a0, 0x1a0, 0x1a0,
			0x8b1, 0x8b1, 0x8b1, 0x8b1, 0x8b1, 0x8b1, 0x8b1, 0x8b1, 0x8b1, 0x8b1, 0x1a0, 0x1a0, 0x1a0, 0x1a0, 0x1a0, 0x1a0,
			0x1a0, 0xca3, 0xca3, 0xca3, 0xca3, 0xca3, 0xca3, 0x4a3, 0x4a3, 0x4a3, 0x4a3, 0x4a3, 0x4a3, 0x4a3, 0x4a3, 0x4a3,
			0x4a3, 0x4a3, 0x4a3, 0x4a3, 0x4a3, 0x4a3, 0x4a3, 0x4a3, 0x4a3, 0x4a3, 0x4a3, 0x1a0, 0x1a0, 0x1a0, 0x1a0, 0x1a0,
			0x1a0, 0x8e3, 0x8e3, 0x8e3, 0x8e3, 0x8e3, 0x8e3, 0x0e3, 0x0e3, 0x0e3, 0x0e3, 0x0e3, 0x0e3, 0x0e3, 0x0e3, 0x0e3,
			0x0e3, 0x0e3, 0x0e3, 0x0e3, 0x0e3, 0x0e3, 0x0e3, 0x0e3, 0x0e3, 0x0e3, 0x0e3, 0x1a0, 0x1a0, 0x1a0, 0x1a0, 0x008,
			0x000, 0x000, 0x000, 0x000, 0x000, 0x000, 0x000, 0x000, 0x000, 0x000, 0x000, 0x000, 0x000, 0x000, 0x000, 0x000,
			0x000, 0x000, 0x000, 0x000, 0x000, 0x000, 0x000, 0x000, 0x000, 0x000, 0x000, 0x000, 0x000, 0x000, 0x000, 0x000,
			0x000, 0x000, 0x000, 0x000, 0x000, 0x000, 0x000, 0x000, 0x000, 0x000, 0x000, 0x000, 0x000, 0x000, 0x000, 0x000,
			0x000, 0x000, 0x000, 0x000, 0x000, 0x000, 0x000, 0x000, 0x000, 0x000, 0x000, 0x000, 0x000, 0x000, 0x000, 0x000,
			0x000, 0x000, 0x000, 0x000, 0x000, 0x000, 0x000, 0x000, 0x000, 0x000, 0x000, 0x000, 0x000, 0x000, 0x000, 0x000,
			0x000, 0x000, 0x000, 0x000, 0x000, 0x000, 0x000, 0x000, 0x000, 0x000, 0x000, 0x000, 0x000, 0x000, 0x000, 0x000,
			0x000, 0x000, 0x000, 0x000, 0x000, 0x000, 0x000, 0x000, 0x000, 0x000, 0x000, 0x000, 0x000, 0x000, 0x000, 0x000,
			0x000, 0x000, 0x000, 0x000, 0x000, 0x000, 0x000, 0x000, 0x000, 0x000, 0x000, 0x000, 0x000, 0x000, 0x000, 0x000,
		},
		"nhn_MX": {
			0x008, 0x008, 0x008, 0x008, 0x008, 0x008, 0x008, 0x008, 0x008, 0x20c, 0x208, 0x208, 0x208, 0x208, 0x008, 0x008,
			0x008, 0x008, 0x008, 0x008, 0x008, 0x008, 0x008, 0x008, 0x008, 0x008, 0x008, 0x008, 0x008, 0x008, 0x008, 0x008,
			0x284, 0x1a0, 0x1a0, 0x1a0, 0x1a0, 0x1a0, 0x1a0, 0x1a0, 0x1a0, 0x1a0, 0x1a0, 0x1a0, 0x1a0, 0x1a0, 0x1a0, 0x1a0,
			0x8b1, 0x8b1, 0x8b1, 0x8b1, 0x8b1, 0x8b1, 0x8b1, 0x8b1, 0x8b1, 0x8b1, 0x1a0, 0x1a0, 0x1a0, 0x1a0, 0x1a0, 0x1a0,
			0x1a0, 0xca3, 0xca3, 0xca3, 0xca3, 0xca3, 0xca3, 0x4a3, 0x4a3, 0x4a3, 0x4a3, 0x4a3, 0x4a3, 0x4a3, 0x4a3, 0x4a3,
			0x4a3, 0x4a3, 0x4a3, 0x4a3, 0x4a3, 0x4a3, 0x4a3, 0x4a3, 0x4a3, 0x4a3, 0x4a3, 0x1a0, 0x1a0, 0x1a0, 0x1a0, 0x1a0,
			0x1a0, 0x8e3, 0x8e3, 0x8e3, 0x8e3, 0x8e3, 0x8e3, 0x0e3, 0x0e3, 0x0e3, 0x0e3, 0x0e3, 0x0e3, 0x0e3, 0x0e3, 0x0e3,
			0x0e3, 0x0e3, 0x0e3, 0x0e3, 0x0e3, 0x0e3, 0x0e3, 0x0e3, 0x0e3, 0x0e3, 0x0e3, 0x1a0, 0x1a0, 0x1a0, 0x1a0, 0x008,
			0x000, 0x000, 0x000, 0x000, 0x000, 0x000, 0x000, 0x000, 0x000, 0x000, 0x000, 0x000, 0x000, 0x000, 0x000, 0x000,
			0x000, 0x000, 0x000, 0x000, 0x000, 0x000, 0x000, 0x000, 0x000, 0x000, 0x000, 0x000, 0x000, 0x000, 0x000, 0x000,
			0x000, 0x000, 0x000, 0x000, 0x000, 0x000, 0x000, 0x000, 0x000, 0x000, 0x000, 0x000, 0x000, 0x000, 0x000, 0x000,
			0x000, 0x000, 0x000, 0x000, 0x000, 0x000, 0x000, 0x000, 0x000, 0x000, 0x000, 0x000, 0x000, 0x000, 0x000, 0x000,
			0x000, 0x000, 0x000, 0x000, 0x000, 0x000, 0x000, 0x000, 0x000, 0x000, 0x000, 0x000, 0x000, 0x000, 0x000, 0x000,
			0x000, 0x000, 0x000, 0x000, 0x000, 0x000, 0x000, 0x000, 0x000, 0x000, 0x000, 0x000, 0x000, 0x000, 0x000, 0x000,
			0x000, 0x000, 0x000, 0x000, 0x000, 0x000, 0x000, 0x000, 0x000, 0x000, 0x000, 0x000, 0x000, 0x000, 0x000, 0x000,
			0x000, 0x000, 0x000, 0x000, 0x000, 0x000, 0x000, 0x000, 0x000, 0x000, 0x000, 0x000, 0x000, 0x000, 0x000, 0x000,
		},
		"niu_NU": {
			0x008, 0x008, 0x008, 0x008, 0x008, 0x008, 0x008, 0x008, 0x008, 0x20c, 0x208, 0x208, 0x208, 0x208, 0x008, 0x008,
			0x008, 0x008, 0x008, 0x008, 0x008, 0x008, 0x008, 0x008, 0x008, 0x008, 0x008, 0x008, 0x008, 0x008, 0x008, 0x008,
			0x284, 0x1a0, 0x1a0, 0x1a0, 0x1a0, 0x1a0, 0x1a0, 0x1a0, 0x1a0, 0x1a0, 0x1a0, 0x1a0, 0x1a0, 0x1a0, 0x1a0, 0x1a0,
			0x8b1, 0x8b1, 0x8b1, 0x8b1, 0x8b1, 0x8b1, 0x8b1, 0x8b1, 0x8b1, 0x8b1, 0x1a0, 0x1a0, 0x1a0, 0x1a0, 0x1a0, 0x1a0,
			0x1a0, 0xca3, 0xca3, 0xca3, 0xca3, 0xca3, 0xca3, 0x4a3, 0x4a3, 0x4a3, 0x4a3, 0x4a3, 0x4a3, 0x4a3, 0x4a3, 0x4a3,
			0x4a3, 0x4a3, 0x4a3, 0x4a3, 0x4a3, 0x4a3, 0x4a3, 0x4a3, 0x4a3, 0x4a3, 0x4a3, 0x1a0, 0x1a0, 0x1a0, 0x1a0, 0x1a0,
			0x1a0, 0x8e3, 0x8e3, 0x8e3, 0x8e3, 0x8e3, 0x8e3, 0x0e3, 0x0e3, 0x0e3, 0x0e3, 0x0e3, 0x0e3, 0x0e3, 0x0e3, 0x0e3,
			0x0e3, 0x0e3, 0x0e3, 0x0e3, 0x0e3, 0x0e3, 0x0e3, 0x0e3, 0x0e3, 0x0e3, 0x0e3, 0x1a0, 0x1a0, 0x1a0, 0x1a0, 0x008,
			0x000, 0x000, 0x000, 0x000, 0x000, 0x000, 0x000, 0x000, 0x000, 0x000, 0x000, 0x000, 0x000, 0x000, 0x000, 0x000,
			0x000, 0x000, 0x000, 0x000, 0x000, 0x000, 0x000, 0x000, 0x000, 0x000, 0x000, 0x000, 0x000, 0x000, 0x000, 0x000,
			0x000, 0x000, 0x000, 0x000, 0x000, 0x000, 0x000, 0x000, 0x000, 0x000, 0x000, 0x000, 0x000, 0x000, 0x000, 0x000,
			0x000, 0x000, 0x000, 0x000, 0x000, 0x000, 0x000, 0x000, 0x000, 0x000, 0x000, 0x000, 0x000, 0x000, 0x000, 0x000,
			0x000, 0x000, 0x000, 0x000, 0x000, 0x000, 0x000, 0x000, 0x000, 0x000, 0x000, 0x000, 0x000, 0x000, 0x000, 0x000,
			0x000, 0x000, 0x000, 0x000, 0x000, 0x000, 0x000, 0x000, 0x000, 0x000, 0x000, 0x000, 0x000, 0x000, 0x000, 0x000,
			0x000, 0x000, 0x000, 0x000, 0x000, 0x000, 0x000, 0x000, 0x000, 0x000, 0x000, 0x000, 0x000, 0x000, 0x000, 0x000,
			0x000, 0x000, 0x000, 0x000, 0x000, 0x000, 0x000, 0x000, 0x000, 0x000, 0x000, 0x000, 0x000, 0x000, 0x000, 0x000,
		},
		"niu_NZ": {
			0x008, 0x008, 0x008, 0x008, 0x008, 0x008, 0x008, 0x008, 0x008, 0x20c, 0x208, 0x208, 0x208, 0x208, 0x008, 0x008,
			0x008, 0x008, 0x008, 0x008, 0x008, 0x008, 0x008, 0x008, 0x008, 0x008, 0x008, 0x008, 0x008, 0x008, 0x008, 0x008,
			0x284, 0x1a0, 0x1a0, 0x1a0, 0x1a0, 0x1a0, 0x1a0, 0x1a0, 0x1a0, 0x1a0, 0x1a0, 0x1a0, 0x1a0, 0x1a0, 0x1a0, 0x1a0,
			0x8b1, 0x8b1, 0x8b1, 0x8b1, 0x8b1, 0x8b1, 0x8b1, 0x8b1, 0x8b1, 0x8b1, 0x1a0, 0x1a0, 0x1a0, 0x1a0, 0x1a0, 0x1a0,
			0x1a0, 0xca3, 0xca3, 0xca3, 0xca3, 0xca3, 0xca3, 0x4a3, 0x4a3, 0x4a3, 0x4a3, 0x4a3, 0x4a3, 0x4a3, 0x4a3, 0x4a3,
			0x4a3, 0x4a3, 0x4a3, 0x4a3, 0x4a3, 0x4a3, 0x4a3, 0x4a3, 0x4a3, 0x4a3, 0x4a3, 0x1a0, 0x1a0, 0x1a0, 0x1a0, 0x1a0,
			0x1a0, 0x8e3, 0x8e3, 0x8e3, 0x8e3, 0x8e3, 0x8e3, 0x0e3, 0x0e3, 0x0e3, 0x0e3, 0x0e3, 0x0e3, 0x0e3, 0x0e3, 0x0e3,
			0x0e3, 0x0e3, 0x0e3, 0x0e3, 0x0e3, 0x0e3, 0x0e3, 0x0e3, 0x0e3, 0x0e3, 0x0e3, 0x1a0, 0x1a0, 0x1a0, 0x1a0, 0x008,
			0x000, 0x000, 0x000, 0x000, 0x000, 0x000, 0x000, 0x000, 0x000, 0x000, 0x000, 0x000, 0x000, 0x000, 0x000, 0x000,
			0x000, 0x000, 0x000, 0x000, 0x000, 0x000, 0x000, 0x000, 0x000, 0x000, 0x000, 0x000, 0x000, 0x000, 0x000, 0x000,
			0x000, 0x000, 0x000, 0x000, 0x000, 0x000, 0x000, 0x000, 0x000, 0x000, 0x000, 0x000, 0x000, 0x000, 0x000, 0x000,
			0x000, 0x000, 0x000, 0x000, 0x000, 0x000, 0x000, 0x000, 0x000, 0x000, 0x000, 0x000, 0x000, 0x000, 0x000, 0x000,
			0x000, 0x000, 0x000, 0x000, 0x000, 0x000, 0x000, 0x000, 0x000, 0x000, 0x000, 0x000, 0x000, 0x000, 0x000, 0x000,
			0x000, 0x000, 0x000, 0x000, 0x000, 0x000, 0x000, 0x000, 0x000, 0x000, 0x000, 0x000, 0x000, 0x000, 0x000, 0x000,
			0x000, 0x000, 0x000, 0x000, 0x000, 0x000, 0x000, 0x000, 0x000, 0x000, 0x000, 0x000, 0x000, 0x000, 0x000, 0x000,
			0x000, 0x000, 0x000, 0x000, 0x000, 0x000, 0x000, 0x000, 0x000, 0x000, 0x000, 0x000, 0x000, 0x000, 0x000, 0x000,
		},
		"nl_AW": {
			0x008, 0x008, 0x008, 0x008, 0x008, 0x008, 0x008, 0x008, 0x008, 0x20c, 0x208, 0x208, 0x208, 0x208, 0x008, 0x008,
			0x008, 0x008, 0x008, 0x008, 0x008, 0x008, 0x008, 0x008, 0x008, 0x008, 0x008, 0x008, 0x008, 0x008, 0x008, 0x008,
			0x284, 0x1a0, 0x1a0, 0x1a0, 0x1a0, 0x1a0, 0x1a0, 0x1a0, 0x1a0, 0x1a0, 0x1a0, 0x1a0, 0x1a0, 0x1a0, 0x1a0, 0x1a0,
			0x8b1, 0x8b1, 0x8b1, 0x8b1, 0x8b1, 0x8b1, 0x8b1, 0x8b1, 0x8b1, 0x8b1, 0x1a0, 0x1a0, 0x1a0, 0x1a0, 0x1a0, 0x1a0,
			0x1a0, 0xca3, 0xca3, 0xca3, 0xca3, 0xca3, 0xca3, 0x4a3, 0x4a3, 0x4a3, 0x4a3, 0x4a3, 0x4a3, 0x4a3, 0x4a3, 0x4a3,
			0x4a3, 0x4a3, 0x4a3, 0x4a3, 0x4a3, 0x4a3, 0x4a3, 0x4a3, 0x4a3, 0x4a3, 0x4a3, 0x1a0, 0x1a0, 0x1a0, 0x1a0, 0x1a0,
			0x1a0, 0x8e3, 0x8e3, 0x8e3, 0x8e3, 0x8e3, 0x8e3, 0x0e3, 0x0e3, 0x0e3, 0x0e3, 0x0e3, 0x0e3, 0x0e3, 0x0e3, 0x0e3,
			0x0e3, 0x0e3, 0x0e3, 0x0e3, 0x0e3, 0x0e3, 0x0e3, 0x0e3, 0x0e3, 0x0e3, 0x0e3, 0x1a0, 0x1a0, 0x1a0, 0x1a0, 0x008,
			0x000, 0x000, 0x000, 0x000, 0x000, 0x000, 0x000, 0x000, 0x000, 0x000, 0x000, 0x000, 0x000, 0x000, 0x000, 0x000,
			0x000, 0x000, 0x000, 0x000, 0x000, 0x000, 0x000, 0x000, 0x000, 0x000, 0x000, 0x000, 0x000, 0x000, 0x000, 0x000,
			0x000, 0x000, 0x000, 0x000, 0x000, 0x000, 0x000, 0x000, 0x000, 0x000, 0x000, 0x000, 0x000, 0x000, 0x000, 0x000,
			0x000, 0x000, 0x000, 0x000, 0x000, 0x000, 0x000, 0x000, 0x000, 0x000, 0x000, 0x000, 0x000, 0x000, 0x000, 0x000,
			0x000, 0x000, 0x000, 0x000, 0x000, 0x000, 0x000, 0x000, 0x000, 0x000, 0x000, 0x000, 0x000, 0x000, 0x000, 0x000,
			0x000, 0x000, 0x000, 0x000, 0x000, 0x000, 0x000, 0x000, 0x000, 0x000, 0x000, 0x000, 0x000, 0x000, 0x000, 0x000,
			0x000, 0x000, 0x000, 0x000, 0x000, 0x000, 0x000, 0x000, 0x000, 0x000, 0x000, 0x000, 0x000, 0x000, 0x000, 0x000,
			0x000, 0x000, 0x000, 0x000, 0x000, 0x000, 0x000, 0x000, 0x000, 0x000, 0x000, 0x000, 0x000, 0x000, 0x000, 0x000,
		},
		"nl_BE": {
			0x008, 0x008, 0x008, 0x008, 0x008, 0x008, 0x008, 0x008, 0x008, 0x20c, 0x208, 0x208, 0x208, 0x208, 0x008, 0x008,
			0x008, 0x008, 0x008, 0x008, 0x008, 0x008, 0x008, 0x008, 0x008, 0x008, 0x008, 0x008, 0x008, 0x008, 0x008, 0x008,
			0x284, 0x1a0, 0x1a0, 0x1a0, 0x1a0, 0x1a0, 0x1a0, 0x1a0, 0x1a0, 0x1a0, 0x1a0, 0x1a0, 0x1a0, 0x1a0, 0x1a0, 0x1a0,
			0x8b1, 0x8b1, 0x8b1, 0x8b1, 0x8b1, 0x8b1, 0x8b1, 0x8b1, 0x8b1, 0x8b1, 0x1a0, 0x1a0, 0x1a0, 0x1a0, 0x1a0, 0x1a0,
			0x1a0, 0xca3, 0xca3, 0xca3, 0xca3, 0xca3, 0xca3, 0x4a3, 0x4a3, 0x4a3, 0x4a3, 0x4a3, 0x4a3, 0x4a3, 0x4a3, 0x4a3,
			0x4a3, 0x4a3, 0x4a3, 0x4a3, 0x4a3, 0x4a3, 0x4a3, 0x4a3, 0x4a3, 0x4a3, 0x4a3, 0x1a0, 0x1a0, 0x1a0, 0x1a0, 0x1a0,
			0x1a0, 0x8e3, 0x8e3, 0x8e3, 0x8e3, 0x8e3, 0x8e3, 0x0e3, 0x0e3, 0x0e3, 0x0e3, 0x0e3, 0x0e3, 0x0e3, 0x0e3, 0x0e3,
			0x0e3, 0x0e3, 0x0e3, 0x0e3, 0x0e3, 0x0e3, 0x0e3, 0x0e3, 0x0e3, 0x0e3, 0x0e3, 0x1a0, 0x1a0, 0x1a0, 0x1a0, 0x008,
			0x008, 0x008, 0x008, 0x008, 0x008, 0x008, 0x008, 0x008, 0x008, 0x008, 0x008, 0x008, 0x008, 0x008, 0x008, 0x008,
			0x008, 0x008, 0x008, 0x008, 0x008, 0x008, 0x008, 0x008, 0x008, 0x008, 0x008, 0x008, 0x008, 0x008, 0x008, 0x008,
			0x1a0, 0x1a0, 0x1a0, 0x1a0, 0x1a0, 0x1a0, 0x1a0, 0x1a0, 0x1a0, 0x1a0, 0x0e3, 0x1a0, 0x1a0, 0x1a0, 0x1a0, 0x1a0,
			0x1a0, 0x1a0, 0x1a0, 0x1a0, 0x1a0, 0x0e3, 0x1a0, 0x1a0, 0x1a0, 0x1a0, 0x0e3, 0x1a0, 0x1a0, 0x1a0, 0x1a0, 0x1a0,
			0x4a3, 0x4a3, 0x4a3, 0x4a3, 0x4a3, 0x4a3, 0x4a3, 0x4a3, 0x4a3, 0x4a3, 0x4a3, 0x4a3, 0x4a3, 0x4a3, 0x4a3, 0x4a3,
			0x4a3, 0x4a3, 0x4a3, 0x4a3, 0x4a3, 0x4a3, 0x4a3, 0x1a0, 0x4a3, 0x4a3, 0x4a3, 0x4a3, 0x4a3, 0x4a3, 0x4a3, 0x0e3,
			0x0e3, 0x0e3, 0x0e3, 0x0e3, 0x0e3, 0x0e3, 0x0e3, 0x0e3, 0x0e3, 0x0e3, 0x0e3, 0x0e3, 0x0e3, 0x0e3, 0x0e3, 0x0e3,
			0x0e3, 0x0e3, 0x0e3, 0x0e3, 0x0e3, 0x0e3, 0x0e3, 0x1a0, 0x0e3, 0x0e3, 0x0e3, 0x0e3, 0x0e3, 0x0e3, 0x0e3, 0x0e3,
		},
		"nl_BE.utf8": {
			0x008, 0x008, 0x008, 0x008, 0x008, 0x008, 0x008, 0x008, 0x008, 0x20c, 0x208, 0x208, 0x208, 0x208, 0x008, 0x008,
			0x008, 0x008, 0x008, 0x008, 0x008, 0x008, 0x008, 0x008, 0x008, 0x008, 0x008, 0x008, 0x008, 0x008, 0x008, 0x008,
			0x284, 0x1a0, 0x1a0, 0x1a0, 0x1a0, 0x1a0, 0x1a0, 0x1a0, 0x1a0, 0x1a0, 0x1a0, 0x1a0, 0x1a0, 0x1a0, 0x1a0, 0x1a0,
			0x8b1, 0x8b1, 0x8b1, 0x8b1, 0x8b1, 0x8b1, 0x8b1, 0x8b1, 0x8b1, 0x8b1, 0x1a0, 0x1a0, 0x1a0, 0x1a0, 0x1a0, 0x1a0,
			0x1a0, 0xca3, 0xca3, 0xca3, 0xca3, 0xca3, 0xca3, 0x4a3, 0x4a3, 0x4a3, 0x4a3, 0x4a3, 0x4a3, 0x4a3, 0x4a3, 0x4a3,
			0x4a3, 0x4a3, 0x4a3, 0x4a3, 0x4a3, 0x4a3, 0x4a3, 0x4a3, 0x4a3, 0x4a3, 0x4a3, 0x1a0, 0x1a0, 0x1a0, 0x1a0, 0x1a0,
			0x1a0, 0x8e3, 0x8e3, 0x8e3, 0x8e3, 0x8e3, 0x8e3, 0x0e3, 0x0e3, 0x0e3, 0x0e3, 0x0e3, 0x0e3, 0x0e3, 0x0e3, 0x0e3,
			0x0e3, 0x0e3, 0x0e3, 0x0e3, 0x0e3, 0x0e3, 0x0e3, 0x0e3, 0x0e3, 0x0e3, 0x0e3, 0x1a0, 0x1a0, 0x1a0, 0x1a0, 0x008,
			0x000, 0x000, 0x000, 0x000, 0x000, 0x000, 0x000, 0x000, 0x000, 0x000, 0x000, 0x000, 0x000, 0x000, 0x000, 0x000,
			0x000, 0x000, 0x000, 0x000, 0x000, 0x000, 0x000, 0x000, 0x000, 0x000, 0x000, 0x000, 0x000, 0x000, 0x000, 0x000,
			0x000, 0x000, 0x000, 0x000, 0x000, 0x000, 0x000, 0x000, 0x000, 0x000, 0x000, 0x000, 0x000, 0x000, 0x000, 0x000,
			0x000, 0x000, 0x000, 0x000, 0x000, 0x000, 0x000, 0x000, 0x000, 0x000, 0x000, 0x000, 0x000, 0x000, 0x000, 0x000,
			0x000, 0x000, 0x000, 0x000, 0x000, 0x000, 0x000, 0x000, 0x000, 0x000, 0x000, 0x000, 0x000, 0x000, 0x000, 0x000,
			0x000, 0x000, 0x000, 0x000, 0x000, 0x000, 0x000, 0x000, 0x000, 0x000, 0x000, 0x000, 0x000, 0x000, 0x000, 0x000,
			0x000, 0x000, 0x000, 0x000, 0x000, 0x000, 0x000, 0x000, 0x000, 0x000, 0x000, 0x000, 0x000, 0x000, 0x000, 0x000,
			0x000, 0x000, 0x000, 0x000, 0x000, 0x000, 0x000, 0x000, 0x000, 0x000, 0x000, 0x000, 0x000, 0x000, 0x000, 0x000,
		},
		"nl_BE@euro": {
			0x008, 0x008, 0x008, 0x008, 0x008, 0x008, 0x008, 0x008, 0x008, 0x20c, 0x208, 0x208, 0x208, 0x208, 0x008, 0x008,
			0x008, 0x008, 0x008, 0x008, 0x008, 0x008, 0x008, 0x008, 0x008, 0x008, 0x008, 0x008, 0x008, 0x008, 0x008, 0x008,
			0x284, 0x1a0, 0x1a0, 0x1a0, 0x1a0, 0x1a0, 0x1a0, 0x1a0, 0x1a0, 0x1a0, 0x1a0, 0x1a0, 0x1a0, 0x1a0, 0x1a0, 0x1a0,
			0x8b1, 0x8b1, 0x8b1, 0x8b1, 0x8b1, 0x8b1, 0x8b1, 0x8b1, 0x8b1, 0x8b1, 0x1a0, 0x1a0, 0x1a0, 0x1a0, 0x1a0, 0x1a0,
			0x1a0, 0xca3, 0xca3, 0xca3, 0xca3, 0xca3, 0xca3, 0x4a3, 0x4a3, 0x4a3, 0x4a3, 0x4a3, 0x4a3, 0x4a3, 0x4a3, 0x4a3,
			0x4a3, 0x4a3, 0x4a3, 0x4a3, 0x4a3, 0x4a3, 0x4a3, 0x4a3, 0x4a3, 0x4a3, 0x4a3, 0x1a0, 0x1a0, 0x1a0, 0x1a0, 0x1a0,
			0x1a0, 0x8e3, 0x8e3, 0x8e3, 0x8e3, 0x8e3, 0x8e3, 0x0e3, 0x0e3, 0x0e3, 0x0e3, 0x0e3, 0x0e3, 0x0e3, 0x0e3, 0x0e3,
			0x0e3, 0x0e3, 0x0e3, 0x0e3, 0x0e3, 0x0e3, 0x0e3, 0x0e3, 0x0e3, 0x0e3, 0x0e3, 0x1a0, 0x1a0, 0x1a0, 0x1a0, 0x008,
			0x008, 0x008, 0x008, 0x008, 0x008, 0x008, 0x008, 0x008, 0x008, 0x008, 0x008, 0x008, 0x008, 0x008, 0x008, 0x008,
			0x008, 0x008, 0x008, 0x008, 0x008, 0x008, 0x008, 0x008, 0x008, 0x008, 0x008, 0x008, 0x008, 0x008, 0x008, 0x008,
			0x1a0, 0x1a0, 0x1a0, 0x1a0, 0x1a0, 0x1a0, 0x4a3, 0x1a0, 0x0e3, 0x1a0, 0x0e3, 0x1a0, 0x1a0, 0x1a0, 0x1a0, 0x1a0,
			0x1a0, 0x1a0, 0x1a0, 0x1a0, 0x4a3, 0x0e3, 0x1a0, 0x1a0, 0x0e3, 0x1a0, 0x0e3, 0x1a0, 0x4a3, 0x0e3, 0x4a3, 0x1a0,
			0x4a3, 0x4a3, 0x4a3, 0x4a3, 0x4a3, 0x4a3, 0x4a3, 0x4a3, 0x4a3, 0x4a3, 0x4a3, 0x4a3, 0x4a3, 0x4a3, 0x4a3, 0x4a3,
			0x4a3, 0x4a3, 0x4a3, 0x4a3, 0x4a3, 0x4a3, 0x4a3, 0x1a0, 0x4a3, 0x4a3, 0x4a3, 0x4a3, 0x4a3, 0x4a3, 0x4a3, 0x0e3,
			0x0e3, 0x0e3, 0x0e3, 0x0e3, 0x0e3, 0x0e3, 0x0e3, 0x0e3, 0x0e3, 0x0e3, 0x0e3, 0x0e3, 0x0e3, 0x0e3, 0x0e3, 0x0e3,
			0x0e3, 0x0e3, 0x0e3, 0x0e3, 0x0e3, 0x0e3, 0x0e3, 0x1a0, 0x0e3, 0x0e3, 0x0e3, 0x0e3, 0x0e3, 0x0e3, 0x0e3, 0x0e3,
		},
		"nl_NL": {
			0x008, 0x008, 0x008, 0x008, 0x008, 0x008, 0x008, 0x008, 0x008, 0x20c, 0x208, 0x208, 0x208, 0x208, 0x008, 0x008,
			0x008, 0x008, 0x008, 0x008, 0x008, 0x008, 0x008, 0x008, 0x008, 0x008, 0x008, 0x008, 0x008, 0x008, 0x008, 0x008,
			0x284, 0x1a0, 0x1a0, 0x1a0, 0x1a0, 0x1a0, 0x1a0, 0x1a0, 0x1a0, 0x1a0, 0x1a0, 0x1a0, 0x1a0, 0x1a0, 0x1a0, 0x1a0,
			0x8b1, 0x8b1, 0x8b1, 0x8b1, 0x8b1, 0x8b1, 0x8b1, 0x8b1, 0x8b1, 0x8b1, 0x1a0, 0x1a0, 0x1a0, 0x1a0, 0x1a0, 0x1a0,
			0x1a0, 0xca3, 0xca3, 0xca3, 0xca3, 0xca3, 0xca3, 0x4a3, 0x4a3, 0x4a3, 0x4a3, 0x4a3, 0x4a3, 0x4a3, 0x4a3, 0x4a3,
			0x4a3, 0x4a3, 0x4a3, 0x4a3, 0x4a3, 0x4a3, 0x4a3, 0x4a3, 0x4a3, 0x4a3, 0x4a3, 0x1a0, 0x1a0, 0x1a0, 0x1a0, 0x1a0,
			0x1a0, 0x8e3, 0x8e3, 0x8e3, 0x8e3, 0x8e3, 0x8e3, 0x0e3, 0x0e3, 0x0e3, 0x0e3, 0x0e3, 0x0e3, 0x0e3, 0x0e3, 0x0e3,
			0x0e3, 0x0e3, 0x0e3, 0x0e3, 0x0e3, 0x0e3, 0x0e3, 0x0e3, 0x0e3, 0x0e3, 0x0e3, 0x1a0, 0x1a0, 0x1a0, 0x1a0, 0x008,
			0x008, 0x008, 0x008, 0x008, 0x008, 0x008, 0x008, 0x008, 0x008, 0x008, 0x008, 0x008, 0x008, 0x008, 0x008, 0x008,
			0x008, 0x008, 0x008, 0x008, 0x008, 0x008, 0x008, 0x008, 0x008, 0x008, 0x008, 0x008, 0x008, 0x008, 0x008, 0x008,
			0x1a0, 0x1a0, 0x1a0, 0x1a0, 0x1a0, 0x1a0, 0x1a0, 0x1a0, 0x1a0, 0x1a0, 0x0e3, 0x1a0, 0x1a0, 0x1a0, 0x1a0, 0x1a0,
			0x1a0, 0x1a0, 0x1a0, 0x1a0, 0x1a0, 0x0e3, 0x1a0, 0x1a0, 0x1a0, 0x1a0, 0x0e3, 0x1a0, 0x1a0, 0x1a0, 0x1a0, 0x1a0,
			0x4a3, 0x4a3, 0x4a3, 0x4a3, 0x4a3, 0x4a3, 0x4a3, 0x4a3, 0x4a3, 0x4a3, 0x4a3, 0x4a3, 0x4a3, 0x4a3, 0x4a3, 0x4a3,
			0x4a3, 0x4a3, 0x4a3, 0x4a3, 0x4a3, 0x4a3, 0x4a3, 0x1a0, 0x4a3, 0x4a3, 0x4a3, 0x4a3, 0x4a3, 0x4a3, 0x4a3, 0x0e3,
			0x0e3, 0x0e3, 0x0e3, 0x0e3, 0x0e3, 0x0e3, 0x0e3, 0x0e3, 0x0e3, 0x0e3, 0x0e3, 0x0e3, 0x0e3, 0x0e3, 0x0e3, 0x0e3,
			0x0e3, 0x0e3, 0x0e3, 0x0e3, 0x0e3, 0x0e3, 0x0e3, 0x1a0, 0x0e3, 0x0e3, 0x0e3, 0x0e3, 0x0e3, 0x0e3, 0x0e3, 0x0e3,
		},
		"nl_NL.utf8": {
			0x008, 0x008, 0x008, 0x008, 0x008, 0x008, 0x008, 0x008, 0x008, 0x20c, 0x208, 0x208, 0x208, 0x208, 0x008, 0x008,
			0x008, 0x008, 0x008, 0x008, 0x008, 0x008, 0x008, 0x008, 0x008, 0x008, 0x008, 0x008, 0x008, 0x008, 0x008, 0x008,
			0x284, 0x1a0, 0x1a0, 0x1a0, 0x1a0, 0x1a0, 0x1a0, 0x1a0, 0x1a0, 0x1a0, 0x1a0, 0x1a0, 0x1a0, 0x1a0, 0x1a0, 0x1a0,
			0x8b1, 0x8b1, 0x8b1, 0x8b1, 0x8b1, 0x8b1, 0x8b1, 0x8b1, 0x8b1, 0x8b1, 0x1a0, 0x1a0, 0x1a0, 0x1a0, 0x1a0, 0x1a0,
			0x1a0, 0xca3, 0xca3, 0xca3, 0xca3, 0xca3, 0xca3, 0x4a3, 0x4a3, 0x4a3, 0x4a3, 0x4a3, 0x4a3, 0x4a3, 0x4a3, 0x4a3,
			0x4a3, 0x4a3, 0x4a3, 0x4a3, 0x4a3, 0x4a3, 0x4a3, 0x4a3, 0x4a3, 0x4a3, 0x4a3, 0x1a0, 0x1a0, 0x1a0, 0x1a0, 0x1a0,
			0x1a0, 0x8e3, 0x8e3, 0x8e3, 0x8e3, 0x8e3, 0x8e3, 0x0e3, 0x0e3, 0x0e3, 0x0e3, 0x0e3, 0x0e3, 0x0e3, 0x0e3, 0x0e3,
			0x0e3, 0x0e3, 0x0e3, 0x0e3, 0x0e3, 0x0e3, 0x0e3, 0x0e3, 0x0e3, 0x0e3, 0x0e3, 0x1a0, 0x1a0, 0x1a0, 0x1a0, 0x008,
			0x000, 0x000, 0x000, 0x000, 0x000, 0x000, 0x000, 0x000, 0x000, 0x000, 0x000, 0x000, 0x000, 0x000, 0x000, 0x000,
			0x000, 0x000, 0x000, 0x000, 0x000, 0x000, 0x000, 0x000, 0x000, 0x000, 0x000, 0x000, 0x000, 0x000, 0x000, 0x000,
			0x000, 0x000, 0x000, 0x000, 0x000, 0x000, 0x000, 0x000, 0x000, 0x000, 0x000, 0x000, 0x000, 0x000, 0x000, 0x000,
			0x000, 0x000, 0x000, 0x000, 0x000, 0x000, 0x000, 0x000, 0x000, 0x000, 0x000, 0x000, 0x000, 0x000, 0x000, 0x000,
			0x000, 0x000, 0x000, 0x000, 0x000, 0x000, 0x000, 0x000, 0x000, 0x000, 0x000, 0x000, 0x000, 0x000, 0x000, 0x000,
			0x000, 0x000, 0x000, 0x000, 0x000, 0x000, 0x000, 0x000, 0x000, 0x000, 0x000, 0x000, 0x000, 0x000, 0x000, 0x000,
			0x000, 0x000, 0x000, 0x000, 0x000, 0x000, 0x000, 0x000, 0x000, 0x000, 0x000, 0x000, 0x000, 0x000, 0x000, 0x000,
			0x000, 0x000, 0x000, 0x000, 0x000, 0x000, 0x000, 0x000, 0x000, 0x000, 0x000, 0x000, 0x000, 0x000, 0x000, 0x000,
		},
		"nl_NL@euro": {
			0x008, 0x008, 0x008, 0x008, 0x008, 0x008, 0x008, 0x008, 0x008, 0x20c, 0x208, 0x208, 0x208, 0x208, 0x008, 0x008,
			0x008, 0x008, 0x008, 0x008, 0x008, 0x008, 0x008, 0x008, 0x008, 0x008, 0x008, 0x008, 0x008, 0x008, 0x008, 0x008,
			0x284, 0x1a0, 0x1a0, 0x1a0, 0x1a0, 0x1a0, 0x1a0, 0x1a0, 0x1a0, 0x1a0, 0x1a0, 0x1a0, 0x1a0, 0x1a0, 0x1a0, 0x1a0,
			0x8b1, 0x8b1, 0x8b1, 0x8b1, 0x8b1, 0x8b1, 0x8b1, 0x8b1, 0x8b1, 0x8b1, 0x1a0, 0x1a0, 0x1a0, 0x1a0, 0x1a0, 0x1a0,
			0x1a0, 0xca3, 0xca3, 0xca3, 0xca3, 0xca3, 0xca3, 0x4a3, 0x4a3, 0x4a3, 0x4a3, 0x4a3, 0x4a3, 0x4a3, 0x4a3, 0x4a3,
			0x4a3, 0x4a3, 0x4a3, 0x4a3, 0x4a3, 0x4a3, 0x4a3, 0x4a3, 0x4a3, 0x4a3, 0x4a3, 0x1a0, 0x1a0, 0x1a0, 0x1a0, 0x1a0,
			0x1a0, 0x8e3, 0x8e3, 0x8e3, 0x8e3, 0x8e3, 0x8e3, 0x0e3, 0x0e3, 0x0e3, 0x0e3, 0x0e3, 0x0e3, 0x0e3, 0x0e3, 0x0e3,
			0x0e3, 0x0e3, 0x0e3, 0x0e3, 0x0e3, 0x0e3, 0x0e3, 0x0e3, 0x0e3, 0x0e3, 0x0e3, 0x1a0, 0x1a0, 0x1a0, 0x1a0, 0x008,
			0x008, 0x008, 0x008, 0x008, 0x008, 0x008, 0x008, 0x008, 0x008, 0x008, 0x008, 0x008, 0x008, 0x008, 0x008, 0x008,
			0x008, 0x008, 0x008, 0x008, 0x008, 0x008, 0x008, 0x008, 0x008, 0x008, 0x008, 0x008, 0x008, 0x008, 0x008, 0x008,
			0x1a0, 0x1a0, 0x1a0, 0x1a0, 0x1a0, 0x1a0, 0x4a3, 0x1a0, 0x0e3, 0x1a0, 0x0e3, 0x1a0, 0x1a0, 0x1a0, 0x1a0, 0x1a0,
			0x1a0, 0x1a0, 0x1a0, 0x1a0, 0x4a3, 0x0e3, 0x1a0, 0x1a0, 0x0e3, 0x1a0, 0x0e3, 0x1a0, 0x4a3, 0x0e3, 0x4a3, 0x1a0,
			0x4a3, 0x4a3, 0x4a3, 0x4a3, 0x4a3, 0x4a3, 0x4a3, 0x4a3, 0x4a3, 0x4a3, 0x4a3, 0x4a3, 0x4a3, 0x4a3, 0x4a3, 0x4a3,
			0x4a3, 0x4a3, 0x4a3, 0x4a3, 0x4a3, 0x4a3, 0x4a3, 0x1a0, 0x4a3, 0x4a3, 0x4a3, 0x4a3, 0x4a3, 0x4a3, 0x4a3, 0x0e3,
			0x0e3, 0x0e3, 0x0e3, 0x0e3, 0x0e3, 0x0e3, 0x0e3, 0x0e3, 0x0e3, 0x0e3, 0x0e3, 0x0e3, 0x0e3, 0x0e3, 0x0e3, 0x0e3,
			0x0e3, 0x0e3, 0x0e3, 0x0e3, 0x0e3, 0x0e3, 0x0e3, 0x1a0, 0x0e3, 0x0e3, 0x0e3, 0x0e3, 0x0e3, 0x0e3, 0x0e3, 0x0e3,
		},
		"nn_NO": {
			0x008, 0x008, 0x008, 0x008, 0x008, 0x008, 0x008, 0x008, 0x008, 0x20c, 0x208, 0x208, 0x208, 0x208, 0x008, 0x008,
			0x008, 0x008, 0x008, 0x008, 0x008, 0x008, 0x008, 0x008, 0x008, 0x008, 0x008, 0x008, 0x008, 0x008, 0x008, 0x008,
			0x284, 0x1a0, 0x1a0, 0x1a0, 0x1a0, 0x1a0, 0x1a0, 0x1a0, 0x1a0, 0x1a0, 0x1a0, 0x1a0, 0x1a0, 0x1a0, 0x1a0, 0x1a0,
			0x8b1, 0x8b1, 0x8b1, 0x8b1, 0x8b1, 0x8b1, 0x8b1, 0x8b1, 0x8b1, 0x8b1, 0x1a0, 0x1a0, 0x1a0, 0x1a0, 0x1a0, 0x1a0,
			0x1a0, 0xca3, 0xca3, 0xca3, 0xca3, 0xca3, 0xca3, 0x4a3, 0x4a3, 0x4a3, 0x4a3, 0x4a3, 0x4a3, 0x4a3, 0x4a3, 0x4a3,
			0x4a3, 0x4a3, 0x4a3, 0x4a3, 0x4a3, 0x4a3, 0x4a3, 0x4a3, 0x4a3, 0x4a3, 0x4a3, 0x1a0, 0x1a0, 0x1a0, 0x1a0, 0x1a0,
			0x1a0, 0x8e3, 0x8e3, 0x8e3, 0x8e3, 0x8e3, 0x8e3, 0x0e3, 0x0e3, 0x0e3, 0x0e3, 0x0e3, 0x0e3, 0x0e3, 0x0e3, 0x0e3,
			0x0e3, 0x0e3, 0x0e3, 0x0e3, 0x0e3, 0x0e3, 0x0e3, 0x0e3, 0x0e3, 0x0e3, 0x0e3, 0x1a0, 0x1a0, 0x1a0, 0x1a0, 0x008,
			0x008, 0x008, 0x008, 0x008, 0x008, 0x008, 0x008, 0x008, 0x008, 0x008, 0x008, 0x008, 0x008, 0x008, 0x008, 0x008,
			0x008, 0x008, 0x008, 0x008, 0x008, 0x008, 0x008, 0x008, 0x008, 0x008, 0x008, 0x008, 0x008, 0x008, 0x008, 0x008,
			0x1a0, 0x1a0, 0x1a0, 0x1a0, 0x1a0, 0x1a0, 0x1a0, 0x1a0, 0x1a0, 0x1a0, 0x0e3, 0x1a0, 0x1a0, 0x1a0, 0x1a0, 0x1a0,
			0x1a0, 0x1a0, 0x1a0, 0x1a0, 0x1a0, 0x0e3, 0x1a0, 0x1a0, 0x1a0, 0x1a0, 0x0e3, 0x1a0, 0x1a0, 0x1a0, 0x1a0, 0x1a0,
			0x4a3, 0x4a3, 0x4a3, 0x4a3, 0x4a3, 0x4a3, 0x4a3, 0x4a3, 0x4a3, 0x4a3, 0x4a3, 0x4a3, 0x4a3, 0x4a3, 0x4a3, 0x4a3,
			0x4a3, 0x4a3, 0x4a3, 0x4a3, 0x4a3, 0x4a3, 0x4a3, 0x1a0, 0x4a3, 0x4a3, 0x4a3, 0x4a3, 0x4a3, 0x4a3, 0x4a3, 0x0e3,
			0x0e3, 0x0e3, 0x0e3, 0x0e3, 0x0e3, 0x0e3, 0x0e3, 0x0e3, 0x0e3, 0x0e3, 0x0e3, 0x0e3, 0x0e3, 0x0e3, 0x0e3, 0x0e3,
			0x0e3, 0x0e3, 0x0e3, 0x0e3, 0x0e3, 0x0e3, 0x0e3, 0x1a0, 0x0e3, 0x0e3, 0x0e3, 0x0e3, 0x0e3, 0x0e3, 0x0e3, 0x0e3,
		},
		"nn_NO.utf8": {
			0x008, 0x008, 0x008, 0x008, 0x008, 0x008, 0x008, 0x008, 0x008, 0x20c, 0x208, 0x208, 0x208, 0x208, 0x008, 0x008,
			0x008, 0x008, 0x008, 0x008, 0x008, 0x008, 0x008, 0x008, 0x008, 0x008, 0x008, 0x008, 0x008, 0x008, 0x008, 0x008,
			0x284, 0x1a0, 0x1a0, 0x1a0, 0x1a0, 0x1a0, 0x1a0, 0x1a0, 0x1a0, 0x1a0, 0x1a0, 0x1a0, 0x1a0, 0x1a0, 0x1a0, 0x1a0,
			0x8b1, 0x8b1, 0x8b1, 0x8b1, 0x8b1, 0x8b1, 0x8b1, 0x8b1, 0x8b1, 0x8b1, 0x1a0, 0x1a0, 0x1a0, 0x1a0, 0x1a0, 0x1a0,
			0x1a0, 0xca3, 0xca3, 0xca3, 0xca3, 0xca3, 0xca3, 0x4a3, 0x4a3, 0x4a3, 0x4a3, 0x4a3, 0x4a3, 0x4a3, 0x4a3, 0x4a3,
			0x4a3, 0x4a3, 0x4a3, 0x4a3, 0x4a3, 0x4a3, 0x4a3, 0x4a3, 0x4a3, 0x4a3, 0x4a3, 0x1a0, 0x1a0, 0x1a0, 0x1a0, 0x1a0,
			0x1a0, 0x8e3, 0x8e3, 0x8e3, 0x8e3, 0x8e3, 0x8e3, 0x0e3, 0x0e3, 0x0e3, 0x0e3, 0x0e3, 0x0e3, 0x0e3, 0x0e3, 0x0e3,
			0x0e3, 0x0e3, 0x0e3, 0x0e3, 0x0e3, 0x0e3, 0x0e3, 0x0e3, 0x0e3, 0x0e3, 0x0e3, 0x1a0, 0x1a0, 0x1a0, 0x1a0, 0x008,
			0x000, 0x000, 0x000, 0x000, 0x000, 0x000, 0x000, 0x000, 0x000, 0x000, 0x000, 0x000, 0x000, 0x000, 0x000, 0x000,
			0x000, 0x000, 0x000, 0x000, 0x000, 0x000, 0x000, 0x000, 0x000, 0x000, 0x000, 0x000, 0x000, 0x000, 0x000, 0x000,
			0x000, 0x000, 0x000, 0x000, 0x000, 0x000, 0x000, 0x000, 0x000, 0x000, 0x000, 0x000, 0x000, 0x000, 0x000, 0x000,
			0x000, 0x000, 0x000, 0x000, 0x000, 0x000, 0x000, 0x000, 0x000, 0x000, 0x000, 0x000, 0x000, 0x000, 0x000, 0x000,
			0x000, 0x000, 0x000, 0x000, 0x000, 0x000, 0x000, 0x000, 0x000, 0x000, 0x000, 0x000, 0x000, 0x000, 0x000, 0x000,
			0x000, 0x000, 0x000, 0x000, 0x000, 0x000, 0x000, 0x000, 0x000, 0x000, 0x000, 0x000, 0x000, 0x000, 0x000, 0x000,
			0x000, 0x000, 0x000, 0x000, 0x000, 0x000, 0x000, 0x000, 0x000, 0x000, 0x000, 0x000, 0x000, 0x000, 0x000, 0x000,
			0x000, 0x000, 0x000, 0x000, 0x000, 0x000, 0x000, 0x000, 0x000, 0x000, 0x000, 0x000, 0x000, 0x000, 0x000, 0x000,
		},
		"no_NO": {
			0x008, 0x008, 0x008, 0x008, 0x008, 0x008, 0x008, 0x008, 0x008, 0x20c, 0x208, 0x208, 0x208, 0x208, 0x008, 0x008,
			0x008, 0x008, 0x008, 0x008, 0x008, 0x008, 0x008, 0x008, 0x008, 0x008, 0x008, 0x008, 0x008, 0x008, 0x008, 0x008,
			0x284, 0x1a0, 0x1a0, 0x1a0, 0x1a0, 0x1a0, 0x1a0, 0x1a0, 0x1a0, 0x1a0, 0x1a0, 0x1a0, 0x1a0, 0x1a0, 0x1a0, 0x1a0,
			0x8b1, 0x8b1, 0x8b1, 0x8b1, 0x8b1, 0x8b1, 0x8b1, 0x8b1, 0x8b1, 0x8b1, 0x1a0, 0x1a0, 0x1a0, 0x1a0, 0x1a0, 0x1a0,
			0x1a0, 0xca3, 0xca3, 0xca3, 0xca3, 0xca3, 0xca3, 0x4a3, 0x4a3, 0x4a3, 0x4a3, 0x4a3, 0x4a3, 0x4a3, 0x4a3, 0x4a3,
			0x4a3, 0x4a3, 0x4a3, 0x4a3, 0x4a3, 0x4a3, 0x4a3, 0x4a3, 0x4a3, 0x4a3, 0x4a3, 0x1a0, 0x1a0, 0x1a0, 0x1a0, 0x1a0,
			0x1a0, 0x8e3, 0x8e3, 0x8e3, 0x8e3, 0x8e3, 0x8e3, 0x0e3, 0x0e3, 0x0e3, 0x0e3, 0x0e3, 0x0e3, 0x0e3, 0x0e3, 0x0e3,
			0x0e3, 0x0e3, 0x0e3, 0x0e3, 0x0e3, 0x0e3, 0x0e3, 0x0e3, 0x0e3, 0x0e3, 0x0e3, 0x1a0, 0x1a0, 0x1a0, 0x1a0, 0x008,
			0x008, 0x008, 0x008, 0x008, 0x008, 0x008, 0x008, 0x008, 0x008, 0x008, 0x008, 0x008, 0x008, 0x008, 0x008, 0x008,
			0x008, 0x008, 0x008, 0x008, 0x008, 0x008, 0x008, 0x008, 0x008, 0x008, 0x008, 0x008, 0x008, 0x008, 0x008, 0x008,
			0x1a0, 0x1a0, 0x1a0, 0x1a0, 0x1a0, 0x1a0, 0x1a0, 0x1a0, 0x1a0, 0x1a0, 0x0e3, 0x1a0, 0x1a0, 0x1a0, 0x1a0, 0x1a0,
			0x1a0, 0x1a0, 0x1a0, 0x1a0, 0x1a0, 0x0e3, 0x1a0, 0x1a0, 0x1a0, 0x1a0, 0x0e3, 0x1a0, 0x1a0, 0x1a0, 0x1a0, 0x1a0,
			0x4a3, 0x4a3, 0x4a3, 0x4a3, 0x4a3, 0x4a3, 0x4a3, 0x4a3, 0x4a3, 0x4a3, 0x4a3, 0x4a3, 0x4a3, 0x4a3, 0x4a3, 0x4a3,
			0x4a3, 0x4a3, 0x4a3, 0x4a3, 0x4a3, 0x4a3, 0x4a3, 0x1a0, 0x4a3, 0x4a3, 0x4a3, 0x4a3, 0x4a3, 0x4a3, 0x4a3, 0x0e3,
			0x0e3, 0x0e3, 0x0e3, 0x0e3, 0x0e3, 0x0e3, 0x0e3, 0x0e3, 0x0e3, 0x0e3, 0x0e3, 0x0e3, 0x0e3, 0x0e3, 0x0e3, 0x0e3,
			0x0e3, 0x0e3, 0x0e3, 0x0e3, 0x0e3, 0x0e3, 0x0e3, 0x1a0, 0x0e3, 0x0e3, 0x0e3, 0x0e3, 0x0e3, 0x0e3, 0x0e3, 0x0e3,
		},
		"no_NO.utf8": {
			0x008, 0x008, 0x008, 0x008, 0x008, 0x008, 0x008, 0x008, 0x008, 0x20c, 0x208, 0x208, 0x208, 0x208, 0x008, 0x008,
			0x008, 0x008, 0x008, 0x008, 0x008, 0x008, 0x008, 0x008, 0x008, 0x008, 0x008, 0x008, 0x008, 0x008, 0x008, 0x008,
			0x284, 0x1a0, 0x1a0, 0x1a0, 0x1a0, 0x1a0, 0x1a0, 0x1a0, 0x1a0, 0x1a0, 0x1a0, 0x1a0, 0x1a0, 0x1a0, 0x1a0, 0x1a0,
			0x8b1, 0x8b1, 0x8b1, 0x8b1, 0x8b1, 0x8b1, 0x8b1, 0x8b1, 0x8b1, 0x8b1, 0x1a0, 0x1a0, 0x1a0, 0x1a0, 0x1a0, 0x1a0,
			0x1a0, 0xca3, 0xca3, 0xca3, 0xca3, 0xca3, 0xca3, 0x4a3, 0x4a3, 0x4a3, 0x4a3, 0x4a3, 0x4a3, 0x4a3, 0x4a3, 0x4a3,
			0x4a3, 0x4a3, 0x4a3, 0x4a3, 0x4a3, 0x4a3, 0x4a3, 0x4a3, 0x4a3, 0x4a3, 0x4a3, 0x1a0, 0x1a0, 0x1a0, 0x1a0, 0x1a0,
			0x1a0, 0x8e3, 0x8e3, 0x8e3, 0x8e3, 0x8e3, 0x8e3, 0x0e3, 0x0e3, 0x0e3, 0x0e3, 0x0e3, 0x0e3, 0x0e3, 0x0e3, 0x0e3,
			0x0e3, 0x0e3, 0x0e3, 0x0e3, 0x0e3, 0x0e3, 0x0e3, 0x0e3, 0x0e3, 0x0e3, 0x0e3, 0x1a0, 0x1a0, 0x1a0, 0x1a0, 0x008,
			0x000, 0x000, 0x000, 0x000, 0x000, 0x000, 0x000, 0x000, 0x000, 0x000, 0x000, 0x000, 0x000, 0x000, 0x000, 0x000,
			0x000, 0x000, 0x000, 0x000, 0x000, 0x000, 0x000, 0x000, 0x000, 0x000, 0x000, 0x000, 0x000, 0x000, 0x000, 0x000,
			0x000, 0x000, 0x000, 0x000, 0x000, 0x000, 0x000, 0x000, 0x000, 0x000, 0x000, 0x000, 0x000, 0x000, 0x000, 0x000,
			0x000, 0x000, 0x000, 0x000, 0x000, 0x000, 0x000, 0x000, 0x000, 0x000, 0x000, 0x000, 0x000, 0x000, 0x000, 0x000,
			0x000, 0x000, 0x000, 0x000, 0x000, 0x000, 0x000, 0x000, 0x000, 0x000, 0x000, 0x000, 0x000, 0x000, 0x000, 0x000,
			0x000, 0x000, 0x000, 0x000, 0x000, 0x000, 0x000, 0x000, 0x000, 0x000, 0x000, 0x000, 0x000, 0x000, 0x000, 0x000,
			0x000, 0x000, 0x000, 0x000, 0x000, 0x000, 0x000, 0x000, 0x000, 0x000, 0x000, 0x000, 0x000, 0x000, 0x000, 0x000,
			0x000, 0x000, 0x000, 0x000, 0x000, 0x000, 0x000, 0x000, 0x000, 0x000, 0x000, 0x000, 0x000, 0x000, 0x000, 0x000,
		},
		"nr_ZA": {
			0x008, 0x008, 0x008, 0x008, 0x008, 0x008, 0x008, 0x008, 0x008, 0x20c, 0x208, 0x208, 0x208, 0x208, 0x008, 0x008,
			0x008, 0x008, 0x008, 0x008, 0x008, 0x008, 0x008, 0x008, 0x008, 0x008, 0x008, 0x008, 0x008, 0x008, 0x008, 0x008,
			0x284, 0x1a0, 0x1a0, 0x1a0, 0x1a0, 0x1a0, 0x1a0, 0x1a0, 0x1a0, 0x1a0, 0x1a0, 0x1a0, 0x1a0, 0x1a0, 0x1a0, 0x1a0,
			0x8b1, 0x8b1, 0x8b1, 0x8b1, 0x8b1, 0x8b1, 0x8b1, 0x8b1, 0x8b1, 0x8b1, 0x1a0, 0x1a0, 0x1a0, 0x1a0, 0x1a0, 0x1a0,
			0x1a0, 0xca3, 0xca3, 0xca3, 0xca3, 0xca3, 0xca3, 0x4a3, 0x4a3, 0x4a3, 0x4a3, 0x4a3, 0x4a3, 0x4a3, 0x4a3, 0x4a3,
			0x4a3, 0x4a3, 0x4a3, 0x4a3, 0x4a3, 0x4a3, 0x4a3, 0x4a3, 0x4a3, 0x4a3, 0x4a3, 0x1a0, 0x1a0, 0x1a0, 0x1a0, 0x1a0,
			0x1a0, 0x8e3, 0x8e3, 0x8e3, 0x8e3, 0x8e3, 0x8e3, 0x0e3, 0x0e3, 0x0e3, 0x0e3, 0x0e3, 0x0e3, 0x0e3, 0x0e3, 0x0e3,
			0x0e3, 0x0e3, 0x0e3, 0x0e3, 0x0e3, 0x0e3, 0x0e3, 0x0e3, 0x0e3, 0x0e3, 0x0e3, 0x1a0, 0x1a0, 0x1a0, 0x1a0, 0x008,
			0x000, 0x000, 0x000, 0x000, 0x000, 0x000, 0x000, 0x000, 0x000, 0x000, 0x000, 0x000, 0x000, 0x000, 0x000, 0x000,
			0x000, 0x000, 0x000, 0x000, 0x000, 0x000, 0x000, 0x000, 0x000, 0x000, 0x000, 0x000, 0x000, 0x000, 0x000, 0x000,
			0x000, 0x000, 0x000, 0x000, 0x000, 0x000, 0x000, 0x000, 0x000, 0x000, 0x000, 0x000, 0x000, 0x000, 0x000, 0x000,
			0x000, 0x000, 0x000, 0x000, 0x000, 0x000, 0x000, 0x000, 0x000, 0x000, 0x000, 0x000, 0x000, 0x000, 0x000, 0x000,
			0x000, 0x000, 0x000, 0x000, 0x000, 0x000, 0x000, 0x000, 0x000, 0x000, 0x000, 0x000, 0x000, 0x000, 0x000, 0x000,
			0x000, 0x000, 0x000, 0x000, 0x000, 0x000, 0x000, 0x000, 0x000, 0x000, 0x000, 0x000, 0x000, 0x000, 0x000, 0x000,
			0x000, 0x000, 0x000, 0x000, 0x000, 0x000, 0x000, 0x000, 0x000, 0x000, 0x000, 0x000, 0x000, 0x000, 0x000, 0x000,
			0x000, 0x000, 0x000, 0x000, 0x000, 0x000, 0x000, 0x000, 0x000, 0x000, 0x000, 0x000, 0x000, 0x000, 0x000, 0x000,
		},
		"nso_ZA": {
			0x008, 0x008, 0x008, 0x008, 0x008, 0x008, 0x008, 0x008, 0x008, 0x20c, 0x208, 0x208, 0x208, 0x208, 0x008, 0x008,
			0x008, 0x008, 0x008, 0x008, 0x008, 0x008, 0x008, 0x008, 0x008, 0x008, 0x008, 0x008, 0x008, 0x008, 0x008, 0x008,
			0x284, 0x1a0, 0x1a0, 0x1a0, 0x1a0, 0x1a0, 0x1a0, 0x1a0, 0x1a0, 0x1a0, 0x1a0, 0x1a0, 0x1a0, 0x1a0, 0x1a0, 0x1a0,
			0x8b1, 0x8b1, 0x8b1, 0x8b1, 0x8b1, 0x8b1, 0x8b1, 0x8b1, 0x8b1, 0x8b1, 0x1a0, 0x1a0, 0x1a0, 0x1a0, 0x1a0, 0x1a0,
			0x1a0, 0xca3, 0xca3, 0xca3, 0xca3, 0xca3, 0xca3, 0x4a3, 0x4a3, 0x4a3, 0x4a3, 0x4a3, 0x4a3, 0x4a3, 0x4a3, 0x4a3,
			0x4a3, 0x4a3, 0x4a3, 0x4a3, 0x4a3, 0x4a3, 0x4a3, 0x4a3, 0x4a3, 0x4a3, 0x4a3, 0x1a0, 0x1a0, 0x1a0, 0x1a0, 0x1a0,
			0x1a0, 0x8e3, 0x8e3, 0x8e3, 0x8e3, 0x8e3, 0x8e3, 0x0e3, 0x0e3, 0x0e3, 0x0e3, 0x0e3, 0x0e3, 0x0e3, 0x0e3, 0x0e3,
			0x0e3, 0x0e3, 0x0e3, 0x0e3, 0x0e3, 0x0e3, 0x0e3, 0x0e3, 0x0e3, 0x0e3, 0x0e3, 0x1a0, 0x1a0, 0x1a0, 0x1a0, 0x008,
			0x000, 0x000, 0x000, 0x000, 0x000, 0x000, 0x000, 0x000, 0x000, 0x000, 0x000, 0x000, 0x000, 0x000, 0x000, 0x000,
			0x000, 0x000, 0x000, 0x000, 0x000, 0x000, 0x000, 0x000, 0x000, 0x000, 0x000, 0x000, 0x000, 0x000, 0x000, 0x000,
			0x000, 0x000, 0x000, 0x000, 0x000, 0x000, 0x000, 0x000, 0x000, 0x000, 0x000, 0x000, 0x000, 0x000, 0x000, 0x000,
			0x000, 0x000, 0x000, 0x000, 0x000, 0x000, 0x000, 0x000, 0x000, 0x000, 0x000, 0x000, 0x000, 0x000, 0x000, 0x000,
			0x000, 0x000, 0x000, 0x000, 0x000, 0x000, 0x000, 0x000, 0x000, 0x000, 0x000, 0x000, 0x000, 0x000, 0x000, 0x000,
			0x000, 0x000, 0x000, 0x000, 0x000, 0x000, 0x000, 0x000, 0x000, 0x000, 0x000, 0x000, 0x000, 0x000, 0x000, 0x000,
			0x000, 0x000, 0x000, 0x000, 0x000, 0x000, 0x000, 0x000, 0x000, 0x000, 0x000, 0x000, 0x000, 0x000, 0x000, 0x000,
			0x000, 0x000, 0x000, 0x000, 0x000, 0x000, 0x000, 0x000, 0x000, 0x000, 0x000, 0x000, 0x000, 0x000, 0x000, 0x000,
		},
		"oc_FR": {
			0x008, 0x008, 0x008, 0x008, 0x008, 0x008, 0x008, 0x008, 0x008, 0x20c, 0x208, 0x208, 0x208, 0x208, 0x008, 0x008,
			0x008, 0x008, 0x008, 0x008, 0x008, 0x008, 0x008, 0x008, 0x008, 0x008, 0x008, 0x008, 0x008, 0x008, 0x008, 0x008,
			0x284, 0x1a0, 0x1a0, 0x1a0, 0x1a0, 0x1a0, 0x1a0, 0x1a0, 0x1a0, 0x1a0, 0x1a0, 0x1a0, 0x1a0, 0x1a0, 0x1a0, 0x1a0,
			0x8b1, 0x8b1, 0x8b1, 0x8b1, 0x8b1, 0x8b1, 0x8b1, 0x8b1, 0x8b1, 0x8b1, 0x1a0, 0x1a0, 0x1a0, 0x1a0, 0x1a0, 0x1a0,
			0x1a0, 0xca3, 0xca3, 0xca3, 0xca3, 0xca3, 0xca3, 0x4a3, 0x4a3, 0x4a3, 0x4a3, 0x4a3, 0x4a3, 0x4a3, 0x4a3, 0x4a3,
			0x4a3, 0x4a3, 0x4a3, 0x4a3, 0x4a3, 0x4a3, 0x4a3, 0x4a3, 0x4a3, 0x4a3, 0x4a3, 0x1a0, 0x1a0, 0x1a0, 0x1a0, 0x1a0,
			0x1a0, 0x8e3, 0x8e3, 0x8e3, 0x8e3, 0x8e3, 0x8e3, 0x0e3, 0x0e3, 0x0e3, 0x0e3, 0x0e3, 0x0e3, 0x0e3, 0x0e3, 0x0e3,
			0x0e3, 0x0e3, 0x0e3, 0x0e3, 0x0e3, 0x0e3, 0x0e3, 0x0e3, 0x0e3, 0x0e3, 0x0e3, 0x1a0, 0x1a0, 0x1a0, 0x1a0, 0x008,
			0x008, 0x008, 0x008, 0x008, 0x008, 0x008, 0x008, 0x008, 0x008, 0x008, 0x008, 0x008, 0x008, 0x008, 0x008, 0x008,
			0x008, 0x008, 0x008, 0x008, 0x008, 0x008, 0x008, 0x008, 0x008, 0x008, 0x008, 0x008, 0x008, 0x008, 0x008, 0x008,
			0x1a0, 0x1a0, 0x1a0, 0x1a0, 0x1a0, 0x1a0, 0x1a0, 0x1a0, 0x1a0, 0x1a0, 0x0e3, 0x1a0, 0x1a0, 0x1a0, 0x1a0, 0x1a0,
			0x1a0, 0x1a0, 0x1a0, 0x1a0, 0x1a0, 0x0e3, 0x1a0, 0x1a0, 0x1a0, 0x1a0, 0x0e3, 0x1a0, 0x1a0, 0x1a0, 0x1a0, 0x1a0,
			0x4a3, 0x4a3, 0x4a3, 0x4a3, 0x4a3, 0x4a3, 0x4a3, 0x4a3, 0x4a3, 0x4a3, 0x4a3, 0x4a3, 0x4a3, 0x4a3, 0x4a3, 0x4a3,
			0x4a3, 0x4a3, 0x4a3, 0x4a3, 0x4a3, 0x4a3, 0x4a3, 0x1a0, 0x4a3, 0x4a3, 0x4a3, 0x4a3, 0x4a3, 0x4a3, 0x4a3, 0x0e3,
			0x0e3, 0x0e3, 0x0e3, 0x0e3, 0x0e3, 0x0e3, 0x0e3, 0x0e3, 0x0e3, 0x0e3, 0x0e3, 0x0e3, 0x0e3, 0x0e3, 0x0e3, 0x0e3,
			0x0e3, 0x0e3, 0x0e3, 0x0e3, 0x0e3, 0x0e3, 0x0e3, 0x1a0, 0x0e3, 0x0e3, 0x0e3, 0x0e3, 0x0e3, 0x0e3, 0x0e3, 0x0e3,
		},
		"oc_FR.utf8": {
			0x008, 0x008, 0x008, 0x008, 0x008, 0x008, 0x008, 0x008, 0x008, 0x20c, 0x208, 0x208, 0x208, 0x208, 0x008, 0x008,
			0x008, 0x008, 0x008, 0x008, 0x008, 0x008, 0x008, 0x008, 0x008, 0x008, 0x008, 0x008, 0x008, 0x008, 0x008, 0x008,
			0x284, 0x1a0, 0x1a0, 0x1a0, 0x1a0, 0x1a0, 0x1a0, 0x1a0, 0x1a0, 0x1a0, 0x1a0, 0x1a0, 0x1a0, 0x1a0, 0x1a0, 0x1a0,
			0x8b1, 0x8b1, 0x8b1, 0x8b1, 0x8b1, 0x8b1, 0x8b1, 0x8b1, 0x8b1, 0x8b1, 0x1a0, 0x1a0, 0x1a0, 0x1a0, 0x1a0, 0x1a0,
			0x1a0, 0xca3, 0xca3, 0xca3, 0xca3, 0xca3, 0xca3, 0x4a3, 0x4a3, 0x4a3, 0x4a3, 0x4a3, 0x4a3, 0x4a3, 0x4a3, 0x4a3,
			0x4a3, 0x4a3, 0x4a3, 0x4a3, 0x4a3, 0x4a3, 0x4a3, 0x4a3, 0x4a3, 0x4a3, 0x4a3, 0x1a0, 0x1a0, 0x1a0, 0x1a0, 0x1a0,
			0x1a0, 0x8e3, 0x8e3, 0x8e3, 0x8e3, 0x8e3, 0x8e3, 0x0e3, 0x0e3, 0x0e3, 0x0e3, 0x0e3, 0x0e3, 0x0e3, 0x0e3, 0x0e3,
			0x0e3, 0x0e3, 0x0e3, 0x0e3, 0x0e3, 0x0e3, 0x0e3, 0x0e3, 0x0e3, 0x0e3, 0x0e3, 0x1a0, 0x1a0, 0x1a0, 0x1a0, 0x008,
			0x000, 0x000, 0x000, 0x000, 0x000, 0x000, 0x000, 0x000, 0x000, 0x000, 0x000, 0x000, 0x000, 0x000, 0x000, 0x000,
			0x000, 0x000, 0x000, 0x000, 0x000, 0x000, 0x000, 0x000, 0x000, 0x000, 0x000, 0x000, 0x000, 0x000, 0x000, 0x000,
			0x000, 0x000, 0x000, 0x000, 0x000, 0x000, 0x000, 0x000, 0x000, 0x000, 0x000, 0x000, 0x000, 0x000, 0x000, 0x000,
			0x000, 0x000, 0x000, 0x000, 0x000, 0x000, 0x000, 0x000, 0x000, 0x000, 0x000, 0x000, 0x000, 0x000, 0x000, 0x000,
			0x000, 0x000, 0x000, 0x000, 0x000, 0x000, 0x000, 0x000, 0x000, 0x000, 0x000, 0x000, 0x000, 0x000, 0x000, 0x000,
			0x000, 0x000, 0x000, 0x000, 0x000, 0x000, 0x000, 0x000, 0x000, 0x000, 0x000, 0x000, 0x000, 0x000, 0x000, 0x000,
			0x000, 0x000, 0x000, 0x000, 0x000, 0x000, 0x000, 0x000, 0x000, 0x000, 0x000, 0x000, 0x000, 0x000, 0x000, 0x000,
			0x000, 0x000, 0x000, 0x000, 0x000, 0x000, 0x000, 0x000, 0x000, 0x000, 0x000, 0x000, 0x000, 0x000, 0x000, 0x000,
		},
		"om_ET": {
			0x008, 0x008, 0x008, 0x008, 0x008, 0x008, 0x008, 0x008, 0x008, 0x20c, 0x208, 0x208, 0x208, 0x208, 0x008, 0x008,
			0x008, 0x008, 0x008, 0x008, 0x008, 0x008, 0x008, 0x008, 0x008, 0x008, 0x008, 0x008, 0x008, 0x008, 0x008, 0x008,
			0x284, 0x1a0, 0x1a0, 0x1a0, 0x1a0, 0x1a0, 0x1a0, 0x1a0, 0x1a0, 0x1a0, 0x1a0, 0x1a0, 0x1a0, 0x1a0, 0x1a0, 0x1a0,
			0x8b1, 0x8b1, 0x8b1, 0x8b1, 0x8b1, 0x8b1, 0x8b1, 0x8b1, 0x8b1, 0x8b1, 0x1a0, 0x1a0, 0x1a0, 0x1a0, 0x1a0, 0x1a0,
			0x1a0, 0xca3, 0xca3, 0xca3, 0xca3, 0xca3, 0xca3, 0x4a3, 0x4a3, 0x4a3, 0x4a3, 0x4a3, 0x4a3, 0x4a3, 0x4a3, 0x4a3,
			0x4a3, 0x4a3, 0x4a3, 0x4a3, 0x4a3, 0x4a3, 0x4a3, 0x4a3, 0x4a3, 0x4a3, 0x4a3, 0x1a0, 0x1a0, 0x1a0, 0x1a0, 0x1a0,
			0x1a0, 0x8e3, 0x8e3, 0x8e3, 0x8e3, 0x8e3, 0x8e3, 0x0e3, 0x0e3, 0x0e3, 0x0e3, 0x0e3, 0x0e3, 0x0e3, 0x0e3, 0x0e3,
			0x0e3, 0x0e3, 0x0e3, 0x0e3, 0x0e3, 0x0e3, 0x0e3, 0x0e3, 0x0e3, 0x0e3, 0x0e3, 0x1a0, 0x1a0, 0x1a0, 0x1a0, 0x008,
			0x000, 0x000, 0x000, 0x000, 0x000, 0x000, 0x000, 0x000, 0x000, 0x000, 0x000, 0x000, 0x000, 0x000, 0x000, 0x000,
			0x000, 0x000, 0x000, 0x000, 0x000, 0x000, 0x000, 0x000, 0x000, 0x000, 0x000, 0x000, 0x000, 0x000, 0x000, 0x000,
			0x000, 0x000, 0x000, 0x000, 0x000, 0x000, 0x000, 0x000, 0x000, 0x000, 0x000, 0x000, 0x000, 0x000, 0x000, 0x000,
			0x000, 0x000, 0x000, 0x000, 0x000, 0x000, 0x000, 0x000, 0x000, 0x000, 0x000, 0x000, 0x000, 0x000, 0x000, 0x000,
			0x000, 0x000, 0x000, 0x000, 0x000, 0x000, 0x000, 0x000, 0x000, 0x000, 0x000, 0x000, 0x000, 0x000, 0x000, 0x000,
			0x000, 0x000, 0x000, 0x000, 0x000, 0x000, 0x000, 0x000, 0x000, 0x000, 0x000, 0x000, 0x000, 0x000, 0x000, 0x000,
			0x000, 0x000, 0x000, 0x000, 0x000, 0x000, 0x000, 0x000, 0x000, 0x000, 0x000, 0x000, 0x000, 0x000, 0x000, 0x000,
			0x000, 0x000, 0x000, 0x000, 0x000, 0x000, 0x000, 0x000, 0x000, 0x000, 0x000, 0x000, 0x000, 0x000, 0x000, 0x000,
		},
		"om_KE": {
			0x008, 0x008, 0x008, 0x008, 0x008, 0x008, 0x008, 0x008, 0x008, 0x20c, 0x208, 0x208, 0x208, 0x208, 0x008, 0x008,
			0x008, 0x008, 0x008, 0x008, 0x008, 0x008, 0x008, 0x008, 0x008, 0x008, 0x008, 0x008, 0x008, 0x008, 0x008, 0x008,
			0x284, 0x1a0, 0x1a0, 0x1a0, 0x1a0, 0x1a0, 0x1a0, 0x1a0, 0x1a0, 0x1a0, 0x1a0, 0x1a0, 0x1a0, 0x1a0, 0x1a0, 0x1a0,
			0x8b1, 0x8b1, 0x8b1, 0x8b1, 0x8b1, 0x8b1, 0x8b1, 0x8b1, 0x8b1, 0x8b1, 0x1a0, 0x1a0, 0x1a0, 0x1a0, 0x1a0, 0x1a0,
			0x1a0, 0xca3, 0xca3, 0xca3, 0xca3, 0xca3, 0xca3, 0x4a3, 0x4a3, 0x4a3, 0x4a3, 0x4a3, 0x4a3, 0x4a3, 0x4a3, 0x4a3,
			0x4a3, 0x4a3, 0x4a3, 0x4a3, 0x4a3, 0x4a3, 0x4a3, 0x4a3, 0x4a3, 0x4a3, 0x4a3, 0x1a0, 0x1a0, 0x1a0, 0x1a0, 0x1a0,
			0x1a0, 0x8e3, 0x8e3, 0x8e3, 0x8e3, 0x8e3, 0x8e3, 0x0e3, 0x0e3, 0x0e3, 0x0e3, 0x0e3, 0x0e3, 0x0e3, 0x0e3, 0x0e3,
			0x0e3, 0x0e3, 0x0e3, 0x0e3, 0x0e3, 0x0e3, 0x0e3, 0x0e3, 0x0e3, 0x0e3, 0x0e3, 0x1a0, 0x1a0, 0x1a0, 0x1a0, 0x008,
			0x008, 0x008, 0x008, 0x008, 0x008, 0x008, 0x008, 0x008, 0x008, 0x008, 0x008, 0x008, 0x008, 0x008, 0x008, 0x008,
			0x008, 0x008, 0x008, 0x008, 0x008, 0x008, 0x008, 0x008, 0x008, 0x008, 0x008, 0x008, 0x008, 0x008, 0x008, 0x008,
			0x1a0, 0x1a0, 0x1a0, 0x1a0, 0x1a0, 0x1a0, 0x1a0, 0x1a0, 0x1a0, 0x1a0, 0x0e3, 0x1a0, 0x1a0, 0x1a0, 0x1a0, 0x1a0,
			0x1a0, 0x1a0, 0x1a0, 0x1a0, 0x1a0, 0x0e3, 0x1a0, 0x1a0, 0x1a0, 0x1a0, 0x0e3, 0x1a0, 0x1a0, 0x1a0, 0x1a0, 0x1a0,
			0x4a3, 0x4a3, 0x4a3, 0x4a3, 0x4a3, 0x4a3, 0x4a3, 0x4a3, 0x4a3, 0x4a3, 0x4a3, 0x4a3, 0x4a3, 0x4a3, 0x4a3, 0x4a3,
			0x4a3, 0x4a3, 0x4a3, 0x4a3, 0x4a3, 0x4a3, 0x4a3, 0x1a0, 0x4a3, 0x4a3, 0x4a3, 0x4a3, 0x4a3, 0x4a3, 0x4a3, 0x0e3,
			0x0e3, 0x0e3, 0x0e3, 0x0e3, 0x0e3, 0x0e3, 0x0e3, 0x0e3, 0x0e3, 0x0e3, 0x0e3, 0x0e3, 0x0e3, 0x0e3, 0x0e3, 0x0e3,
			0x0e3, 0x0e3, 0x0e3, 0x0e3, 0x0e3, 0x0e3, 0x0e3, 0x1a0, 0x0e3, 0x0e3, 0x0e3, 0x0e3, 0x0e3, 0x0e3, 0x0e3, 0x0e3,
		},
		"om_KE.utf8": {
			0x008, 0x008, 0x008, 0x008, 0x008, 0x008, 0x008, 0x008, 0x008, 0x20c, 0x208, 0x208, 0x208, 0x208, 0x008, 0x008,
			0x008, 0x008, 0x008, 0x008, 0x008, 0x008, 0x008, 0x008, 0x008, 0x008, 0x008, 0x008, 0x008, 0x008, 0x008, 0x008,
			0x284, 0x1a0, 0x1a0, 0x1a0, 0x1a0, 0x1a0, 0x1a0, 0x1a0, 0x1a0, 0x1a0, 0x1a0, 0x1a0, 0x1a0, 0x1a0, 0x1a0, 0x1a0,
			0x8b1, 0x8b1, 0x8b1, 0x8b1, 0x8b1, 0x8b1, 0x8b1, 0x8b1, 0x8b1, 0x8b1, 0x1a0, 0x1a0, 0x1a0, 0x1a0, 0x1a0, 0x1a0,
			0x1a0, 0xca3, 0xca3, 0xca3, 0xca3, 0xca3, 0xca3, 0x4a3, 0x4a3, 0x4a3, 0x4a3, 0x4a3, 0x4a3, 0x4a3, 0x4a3, 0x4a3,
			0x4a3, 0x4a3, 0x4a3, 0x4a3, 0x4a3, 0x4a3, 0x4a3, 0x4a3, 0x4a3, 0x4a3, 0x4a3, 0x1a0, 0x1a0, 0x1a0, 0x1a0, 0x1a0,
			0x1a0, 0x8e3, 0x8e3, 0x8e3, 0x8e3, 0x8e3, 0x8e3, 0x0e3, 0x0e3, 0x0e3, 0x0e3, 0x0e3, 0x0e3, 0x0e3, 0x0e3, 0x0e3,
			0x0e3, 0x0e3, 0x0e3, 0x0e3, 0x0e3, 0x0e3, 0x0e3, 0x0e3, 0x0e3, 0x0e3, 0x0e3, 0x1a0, 0x1a0, 0x1a0, 0x1a0, 0x008,
			0x000, 0x000, 0x000, 0x000, 0x000, 0x000, 0x000, 0x000, 0x000, 0x000, 0x000, 0x000, 0x000, 0x000, 0x000, 0x000,
			0x000, 0x000, 0x000, 0x000, 0x000, 0x000, 0x000, 0x000, 0x000, 0x000, 0x000, 0x000, 0x000, 0x000, 0x000, 0x000,
			0x000, 0x000, 0x000, 0x000, 0x000, 0x000, 0x000, 0x000, 0x000, 0x000, 0x000, 0x000, 0x000, 0x000, 0x000, 0x000,
			0x000, 0x000, 0x000, 0x000, 0x000, 0x000, 0x000, 0x000, 0x000, 0x000, 0x000, 0x000, 0x000, 0x000, 0x000, 0x000,
			0x000, 0x000, 0x000, 0x000, 0x000, 0x000, 0x000, 0x000, 0x000, 0x000, 0x000, 0x000, 0x000, 0x000, 0x000, 0x000,
			0x000, 0x000, 0x000, 0x000, 0x000, 0x000, 0x000, 0x000, 0x000, 0x000, 0x000, 0x000, 0x000, 0x000, 0x000, 0x000,
			0x000, 0x000, 0x000, 0x000, 0x000, 0x000, 0x000, 0x000, 0x000, 0x000, 0x000, 0x000, 0x000, 0x000, 0x000, 0x000,
			0x000, 0x000, 0x000, 0x000, 0x000, 0x000, 0x000, 0x000, 0x000, 0x000, 0x000, 0x000, 0x000, 0x000, 0x000, 0x000,
		},
		"or_IN": {
			0x008, 0x008, 0x008, 0x008, 0x008, 0x008, 0x008, 0x008, 0x008, 0x20c, 0x208, 0x208, 0x208, 0x208, 0x008, 0x008,
			0x008, 0x008, 0x008, 0x008, 0x008, 0x008, 0x008, 0x008, 0x008, 0x008, 0x008, 0x008, 0x008, 0x008, 0x008, 0x008,
			0x284, 0x1a0, 0x1a0, 0x1a0, 0x1a0, 0x1a0, 0x1a0, 0x1a0, 0x1a0, 0x1a0, 0x1a0, 0x1a0, 0x1a0, 0x1a0, 0x1a0, 0x1a0,
			0x8b1, 0x8b1, 0x8b1, 0x8b1, 0x8b1, 0x8b1, 0x8b1, 0x8b1, 0x8b1, 0x8b1, 0x1a0, 0x1a0, 0x1a0, 0x1a0, 0x1a0, 0x1a0,
			0x1a0, 0xca3, 0xca3, 0xca3, 0xca3, 0xca3, 0xca3, 0x4a3, 0x4a3, 0x4a3, 0x4a3, 0x4a3, 0x4a3, 0x4a3, 0x4a3, 0x4a3,
			0x4a3, 0x4a3, 0x4a3, 0x4a3, 0x4a3, 0x4a3, 0x4a3, 0x4a3, 0x4a3, 0x4a3, 0x4a3, 0x1a0, 0x1a0, 0x1a0, 0x1a0, 0x1a0,
			0x1a0, 0x8e3, 0x8e3, 0x8e3, 0x8e3, 0x8e3, 0x8e3, 0x0e3, 0x0e3, 0x0e3, 0x0e3, 0x0e3, 0x0e3, 0x0e3, 0x0e3, 0x0e3,
			0x0e3, 0x0e3, 0x0e3, 0x0e3, 0x0e3, 0x0e3, 0x0e3, 0x0e3, 0x0e3, 0x0e3, 0x0e3, 0x1a0, 0x1a0, 0x1a0, 0x1a0, 0x008,
			0x000, 0x000, 0x000, 0x000, 0x000, 0x000, 0x000, 0x000, 0x000, 0x000, 0x000, 0x000, 0x000, 0x000, 0x000, 0x000,
			0x000, 0x000, 0x000, 0x000, 0x000, 0x000, 0x000, 0x000, 0x000, 0x000, 0x000, 0x000, 0x000, 0x000, 0x000, 0x000,
			0x000, 0x000, 0x000, 0x000, 0x000, 0x000, 0x000, 0x000, 0x000, 0x000, 0x000, 0x000, 0x000, 0x000, 0x000, 0x000,
			0x000, 0x000, 0x000, 0x000, 0x000, 0x000, 0x000, 0x000, 0x000, 0x000, 0x000, 0x000, 0x000, 0x000, 0x000, 0x000,
			0x000, 0x000, 0x000, 0x000, 0x000, 0x000, 0x000, 0x000, 0x000, 0x000, 0x000, 0x000, 0x000, 0x000, 0x000, 0x000,
			0x000, 0x000, 0x000, 0x000, 0x000, 0x000, 0x000, 0x000, 0x000, 0x000, 0x000, 0x000, 0x000, 0x000, 0x000, 0x000,
			0x000, 0x000, 0x000, 0x000, 0x000, 0x000, 0x000, 0x000, 0x000, 0x000, 0x000, 0x000, 0x000, 0x000, 0x000, 0x000,
			0x000, 0x000, 0x000, 0x000, 0x000, 0x000, 0x000, 0x000, 0x000, 0x000, 0x000, 0x000, 0x000, 0x000, 0x000, 0x000,
		},
		"os_RU": {
			0x008, 0x008, 0x008, 0x008, 0x008, 0x008, 0x008, 0x008, 0x008, 0x20c, 0x208, 0x208, 0x208, 0x208, 0x008, 0x008,
			0x008, 0x008, 0x008, 0x008, 0x008, 0x008, 0x008, 0x008, 0x008, 0x008, 0x008, 0x008, 0x008, 0x008, 0x008, 0x008,
			0x284, 0x1a0, 0x1a0, 0x1a0, 0x1a0, 0x1a0, 0x1a0, 0x1a0, 0x1a0, 0x1a0, 0x1a0, 0x1a0, 0x1a0, 0x1a0, 0x1a0, 0x1a0,
			0x8b1, 0x8b1, 0x8b1, 0x8b1, 0x8b1, 0x8b1, 0x8b1, 0x8b1, 0x8b1, 0x8b1, 0x1a0, 0x1a0, 0x1a0, 0x1a0, 0x1a0, 0x1a0,
			0x1a0, 0xca3, 0xca3, 0xca3, 0xca3, 0xca3, 0xca3, 0x4a3, 0x4a3, 0x4a3, 0x4a3, 0x4a3, 0x4a3, 0x4a3, 0x4a3, 0x4a3,
			0x4a3, 0x4a3, 0x4a3, 0x4a3, 0x4a3, 0x4a3, 0x4a3, 0x4a3, 0x4a3, 0x4a3, 0x4a3, 0x1a0, 0x1a0, 0x1a0, 0x1a0, 0x1a0,
			0x1a0, 0x8e3, 0x8e3, 0x8e3, 0x8e3, 0x8e3, 0x8e3, 0x0e3, 0x0e3, 0x0e3, 0x0e3, 0x0e3, 0x0e3, 0x0e3, 0x0e3, 0x0e3,
			0x0e3, 0x0e3, 0x0e3, 0x0e3, 0x0e3, 0x0e3, 0x0e3, 0x0e3, 0x0e3, 0x0e3, 0x0e3, 0x1a0, 0x1a0, 0x1a0, 0x1a0, 0x008,
			0x000, 0x000, 0x000, 0x000, 0x000, 0x000, 0x000, 0x000, 0x000, 0x000, 0x000, 0x000, 0x000, 0x000, 0x000, 0x000,
			0x000, 0x000, 0x000, 0x000, 0x000, 0x000, 0x000, 0x000, 0x000, 0x000, 0x000, 0x000, 0x000, 0x000, 0x000, 0x000,
			0x000, 0x000, 0x000, 0x000, 0x000, 0x000, 0x000, 0x000, 0x000, 0x000, 0x000, 0x000, 0x000, 0x000, 0x000, 0x000,
			0x000, 0x000, 0x000, 0x000, 0x000, 0x000, 0x000, 0x000, 0x000, 0x000, 0x000, 0x000, 0x000, 0x000, 0x000, 0x000,
			0x000, 0x000, 0x000, 0x000, 0x000, 0x000, 0x000, 0x000, 0x000, 0x000, 0x000, 0x000, 0x000, 0x000, 0x000, 0x000,
			0x000, 0x000, 0x000, 0x000, 0x000, 0x000, 0x000, 0x000, 0x000, 0x000, 0x000, 0x000, 0x000, 0x000, 0x000, 0x000,
			0x000, 0x000, 0x000, 0x000, 0x000, 0x000, 0x000, 0x000, 0x000, 0x000, 0x000, 0x000, 0x000, 0x000, 0x000, 0x000,
			0x000, 0x000, 0x000, 0x000, 0x000, 0x000, 0x000, 0x000, 0x000, 0x000, 0x000, 0x000, 0x000, 0x000, 0x000, 0x000,
		},
		"pa_IN": {
			0x008, 0x008, 0x008, 0x008, 0x008, 0x008, 0x008, 0x008, 0x008, 0x20c, 0x208, 0x208, 0x208, 0x208, 0x008, 0x008,
			0x008, 0x008, 0x008, 0x008, 0x008, 0x008, 0x008, 0x008, 0x008, 0x008, 0x008, 0x008, 0x008, 0x008, 0x008, 0x008,
			0x284, 0x1a0, 0x1a0, 0x1a0, 0x1a0, 0x1a0, 0x1a0, 0x1a0, 0x1a0, 0x1a0, 0x1a0, 0x1a0, 0x1a0, 0x1a0, 0x1a0, 0x1a0,
			0x8b1, 0x8b1, 0x8b1, 0x8b1, 0x8b1, 0x8b1, 0x8b1, 0x8b1, 0x8b1, 0x8b1, 0x1a0, 0x1a0, 0x1a0, 0x1a0, 0x1a0, 0x1a0,
			0x1a0, 0xca3, 0xca3, 0xca3, 0xca3, 0xca3, 0xca3, 0x4a3, 0x4a3, 0x4a3, 0x4a3, 0x4a3, 0x4a3, 0x4a3, 0x4a3, 0x4a3,
			0x4a3, 0x4a3, 0x4a3, 0x4a3, 0x4a3, 0x4a3, 0x4a3, 0x4a3, 0x4a3, 0x4a3, 0x4a3, 0x1a0, 0x1a0, 0x1a0, 0x1a0, 0x1a0,
			0x1a0, 0x8e3, 0x8e3, 0x8e3, 0x8e3, 0x8e3, 0x8e3, 0x0e3, 0x0e3, 0x0e3, 0x0e3, 0x0e3, 0x0e3, 0x0e3, 0x0e3, 0x0e3,
			0x0e3, 0x0e3, 0x0e3, 0x0e3, 0x0e3, 0x0e3, 0x0e3, 0x0e3, 0x0e3, 0x0e3, 0x0e3, 0x1a0, 0x1a0, 0x1a0, 0x1a0, 0x008,
			0x000, 0x000, 0x000, 0x000, 0x000, 0x000, 0x000, 0x000, 0x000, 0x000, 0x000, 0x000, 0x000, 0x000, 0x000, 0x000,
			0x000, 0x000, 0x000, 0x000, 0x000, 0x000, 0x000, 0x000, 0x000, 0x000, 0x000, 0x000, 0x000, 0x000, 0x000, 0x000,
			0x000, 0x000, 0x000, 0x000, 0x000, 0x000, 0x000, 0x000, 0x000, 0x000, 0x000, 0x000, 0x000, 0x000, 0x000, 0x000,
			0x000, 0x000, 0x000, 0x000, 0x000, 0x000, 0x000, 0x000, 0x000, 0x000, 0x000, 0x000, 0x000, 0x000, 0x000, 0x000,
			0x000, 0x000, 0x000, 0x000, 0x000, 0x000, 0x000, 0x000, 0x000, 0x000, 0x000, 0x000, 0x000, 0x000, 0x000, 0x000,
			0x000, 0x000, 0x000, 0x000, 0x000, 0x000, 0x000, 0x000, 0x000, 0x000, 0x000, 0x000, 0x000, 0x000, 0x000, 0x000,
			0x000, 0x000, 0x000, 0x000, 0x000, 0x000, 0x000, 0x000, 0x000, 0x000, 0x000, 0x000, 0x000, 0x000, 0x000, 0x000,
			0x000, 0x000, 0x000, 0x000, 0x000, 0x000, 0x000, 0x000, 0x000, 0x000, 0x000, 0x000, 0x000, 0x000, 0x000, 0x000,
		},
		"pa_PK": {
			0x008, 0x008, 0x008, 0x008, 0x008, 0x008, 0x008, 0x008, 0x008, 0x20c, 0x208, 0x208, 0x208, 0x208, 0x008, 0x008,
			0x008, 0x008, 0x008, 0x008, 0x008, 0x008, 0x008, 0x008, 0x008, 0x008, 0x008, 0x008, 0x008, 0x008, 0x008, 0x008,
			0x284, 0x1a0, 0x1a0, 0x1a0, 0x1a0, 0x1a0, 0x1a0, 0x1a0, 0x1a0, 0x1a0, 0x1a0, 0x1a0, 0x1a0, 0x1a0, 0x1a0, 0x1a0,
			0x8b1, 0x8b1, 0x8b1, 0x8b1, 0x8b1, 0x8b1, 0x8b1, 0x8b1, 0x8b1, 0x8b1, 0x1a0, 0x1a0, 0x1a0, 0x1a0, 0x1a0, 0x1a0,
			0x1a0, 0xca3, 0xca3, 0xca3, 0xca3, 0xca3, 0xca3, 0x4a3, 0x4a3, 0x4a3, 0x4a3, 0x4a3, 0x4a3, 0x4a3, 0x4a3, 0x4a3,
			0x4a3, 0x4a3, 0x4a3, 0x4a3, 0x4a3, 0x4a3, 0x4a3, 0x4a3, 0x4a3, 0x4a3, 0x4a3, 0x1a0, 0x1a0, 0x1a0, 0x1a0, 0x1a0,
			0x1a0, 0x8e3, 0x8e3, 0x8e3, 0x8e3, 0x8e3, 0x8e3, 0x0e3, 0x0e3, 0x0e3, 0x0e3, 0x0e3, 0x0e3, 0x0e3, 0x0e3, 0x0e3,
			0x0e3, 0x0e3, 0x0e3, 0x0e3, 0x0e3, 0x0e3, 0x0e3, 0x0e3, 0x0e3, 0x0e3, 0x0e3, 0x1a0, 0x1a0, 0x1a0, 0x1a0, 0x008,
			0x000, 0x000, 0x000, 0x000, 0x000, 0x000, 0x000, 0x000, 0x000, 0x000, 0x000, 0x000, 0x000, 0x000, 0x000, 0x000,
			0x000, 0x000, 0x000, 0x000, 0x000, 0x000, 0x000, 0x000, 0x000, 0x000, 0x000, 0x000, 0x000, 0x000, 0x000, 0x000,
			0x000, 0x000, 0x000, 0x000, 0x000, 0x000, 0x000, 0x000, 0x000, 0x000, 0x000, 0x000, 0x000, 0x000, 0x000, 0x000,
			0x000, 0x000, 0x000, 0x000, 0x000, 0x000, 0x000, 0x000, 0x000, 0x000, 0x000, 0x000, 0x000, 0x000, 0x000, 0x000,
			0x000, 0x000, 0x000, 0x000, 0x000, 0x000, 0x000, 0x000, 0x000, 0x000, 0x000, 0x000, 0x000, 0x000, 0x000, 0x000,
			0x000, 0x000, 0x000, 0x000, 0x000, 0x000, 0x000, 0x000, 0x000, 0x000, 0x000, 0x000, 0x000, 0x000, 0x000, 0x000,
			0x000, 0x000, 0x000, 0x000, 0x000, 0x000, 0x000, 0x000, 0x000, 0x000, 0x000, 0x000, 0x000, 0x000, 0x000, 0x000,
			0x000, 0x000, 0x000, 0x000, 0x000, 0x000, 0x000, 0x000, 0x000, 0x000, 0x000, 0x000, 0x000, 0x000, 0x000, 0x000,
		},
		"pap_AW": {
			0x008, 0x008, 0x008, 0x008, 0x008, 0x008, 0x008, 0x008, 0x008, 0x20c, 0x208, 0x208, 0x208, 0x208, 0x008, 0x008,
			0x008, 0x008, 0x008, 0x008, 0x008, 0x008, 0x008, 0x008, 0x008, 0x008, 0x008, 0x008, 0x008, 0x008, 0x008, 0x008,
			0x284, 0x1a0, 0x1a0, 0x1a0, 0x1a0, 0x1a0, 0x1a0, 0x1a0, 0x1a0, 0x1a0, 0x1a0, 0x1a0, 0x1a0, 0x1a0, 0x1a0, 0x1a0,
			0x8b1, 0x8b1, 0x8b1, 0x8b1, 0x8b1, 0x8b1, 0x8b1, 0x8b1, 0x8b1, 0x8b1, 0x1a0, 0x1a0, 0x1a0, 0x1a0, 0x1a0, 0x1a0,
			0x1a0, 0xca3, 0xca3, 0xca3, 0xca3, 0xca3, 0xca3, 0x4a3, 0x4a3, 0x4a3, 0x4a3, 0x4a3, 0x4a3, 0x4a3, 0x4a3, 0x4a3,
			0x4a3, 0x4a3, 0x4a3, 0x4a3, 0x4a3, 0x4a3, 0x4a3, 0x4a3, 0x4a3, 0x4a3, 0x4a3, 0x1a0, 0x1a0, 0x1a0, 0x1a0, 0x1a0,
			0x1a0, 0x8e3, 0x8e3, 0x8e3, 0x8e3, 0x8e3, 0x8e3, 0x0e3, 0x0e3, 0x0e3, 0x0e3, 0x0e3, 0x0e3, 0x0e3, 0x0e3, 0x0e3,
			0x0e3, 0x0e3, 0x0e3, 0x0e3, 0x0e3, 0x0e3, 0x0e3, 0x0e3, 0x0e3, 0x0e3, 0x0e3, 0x1a0, 0x1a0, 0x1a0, 0x1a0, 0x008,
			0x000, 0x000, 0x000, 0x000, 0x000, 0x000, 0x000, 0x000, 0x000, 0x000, 0x000, 0x000, 0x000, 0x000, 0x000, 0x000,
			0x000, 0x000, 0x000, 0x000, 0x000, 0x000, 0x000, 0x000, 0x000, 0x000, 0x000, 0x000, 0x000, 0x000, 0x000, 0x000,
			0x000, 0x000, 0x000, 0x000, 0x000, 0x000, 0x000, 0x000, 0x000, 0x000, 0x000, 0x000, 0x000, 0x000, 0x000, 0x000,
			0x000, 0x000, 0x000, 0x000, 0x000, 0x000, 0x000, 0x000, 0x000, 0x000, 0x000, 0x000, 0x000, 0x000, 0x000, 0x000,
			0x000, 0x000, 0x000, 0x000, 0x000, 0x000, 0x000, 0x000, 0x000, 0x000, 0x000, 0x000, 0x000, 0x000, 0x000, 0x000,
			0x000, 0x000, 0x000, 0x000, 0x000, 0x000, 0x000, 0x000, 0x000, 0x000, 0x000, 0x000, 0x000, 0x000, 0x000, 0x000,
			0x000, 0x000, 0x000, 0x000, 0x000, 0x000, 0x000, 0x000, 0x000, 0x000, 0x000, 0x000, 0x000, 0x000, 0x000, 0x000,
			0x000, 0x000, 0x000, 0x000, 0x000, 0x000, 0x000, 0x000, 0x000, 0x000, 0x000, 0x000, 0x000, 0x000, 0x000, 0x000,
		},
		"pap_CW": {
			0x008, 0x008, 0x008, 0x008, 0x008, 0x008, 0x008, 0x008, 0x008, 0x20c, 0x208, 0x208, 0x208, 0x208, 0x008, 0x008,
			0x008, 0x008, 0x008, 0x008, 0x008, 0x008, 0x008, 0x008, 0x008, 0x008, 0x008, 0x008, 0x008, 0x008, 0x008, 0x008,
			0x284, 0x1a0, 0x1a0, 0x1a0, 0x1a0, 0x1a0, 0x1a0, 0x1a0, 0x1a0, 0x1a0, 0x1a0, 0x1a0, 0x1a0, 0x1a0, 0x1a0, 0x1a0,
			0x8b1, 0x8b1, 0x8b1, 0x8b1, 0x8b1, 0x8b1, 0x8b1, 0x8b1, 0x8b1, 0x8b1, 0x1a0, 0x1a0, 0x1a0, 0x1a0, 0x1a0, 0x1a0,
			0x1a0, 0xca3, 0xca3, 0xca3, 0xca3, 0xca3, 0xca3, 0x4a3, 0x4a3, 0x4a3, 0x4a3, 0x4a3, 0x4a3, 0x4a3, 0x4a3, 0x4a3,
			0x4a3, 0x4a3, 0x4a3, 0x4a3, 0x4a3, 0x4a3, 0x4a3, 0x4a3, 0x4a3, 0x4a3, 0x4a3, 0x1a0, 0x1a0, 0x1a0, 0x1a0, 0x1a0,
			0x1a0, 0x8e3, 0x8e3, 0x8e3, 0x8e3, 0x8e3, 0x8e3, 0x0e3, 0x0e3, 0x0e3, 0x0e3, 0x0e3, 0x0e3, 0x0e3, 0x0e3, 0x0e3,
			0x0e3, 0x0e3, 0x0e3, 0x0e3, 0x0e3, 0x0e3, 0x0e3, 0x0e3, 0x0e3, 0x0e3, 0x0e3, 0x1a0, 0x1a0, 0x1a0, 0x1a0, 0x008,
			0x000, 0x000, 0x000, 0x000, 0x000, 0x000, 0x000, 0x000, 0x000, 0x000, 0x000, 0x000, 0x000, 0x000, 0x000, 0x000,
			0x000, 0x000, 0x000, 0x000, 0x000, 0x000, 0x000, 0x000, 0x000, 0x000, 0x000, 0x000, 0x000, 0x000, 0x000, 0x000,
			0x000, 0x000, 0x000, 0x000, 0x000, 0x000, 0x000, 0x000, 0x000, 0x000, 0x000, 0x000, 0x000, 0x000, 0x000, 0x000,
			0x000, 0x000, 0x000, 0x000, 0x000, 0x000, 0x000, 0x000, 0x000, 0x000, 0x000, 0x000, 0x000, 0x000, 0x000, 0x000,
			0x000, 0x000, 0x000, 0x000, 0x000, 0x000, 0x000, 0x000, 0x000, 0x000, 0x000, 0x000, 0x000, 0x000, 0x000, 0x000,
			0x000, 0x000, 0x000, 0x000, 0x000, 0x000, 0x000, 0x000, 0x000, 0x000, 0x000, 0x000, 0x000, 0x000, 0x000, 0x000,
			0x000, 0x000, 0x000, 0x000, 0x000, 0x000, 0x000, 0x000, 0x000, 0x000, 0x000, 0x000, 0x000, 0x000, 0x000, 0x000,
			0x000, 0x000, 0x000, 0x000, 0x000, 0x000, 0x000, 0x000, 0x000, 0x000, 0x000, 0x000, 0x000, 0x000, 0x000, 0x000,
		},
		"pl_PL": {
			0x008, 0x008, 0x008, 0x008, 0x008, 0x008, 0x008, 0x008, 0x008, 0x20c, 0x208, 0x208, 0x208, 0x208, 0x008, 0x008,
			0x008, 0x008, 0x008, 0x008, 0x008, 0x008, 0x008, 0x008, 0x008, 0x008, 0x008, 0x008, 0x008, 0x008, 0x008, 0x008,
			0x284, 0x1a0, 0x1a0, 0x1a0, 0x1a0, 0x1a0, 0x1a0, 0x1a0, 0x1a0, 0x1a0, 0x1a0, 0x1a0, 0x1a0, 0x1a0, 0x1a0, 0x1a0,
			0x8b1, 0x8b1, 0x8b1, 0x8b1, 0x8b1, 0x8b1, 0x8b1, 0x8b1, 0x8b1, 0x8b1, 0x1a0, 0x1a0, 0x1a0, 0x1a0, 0x1a0, 0x1a0,
			0x1a0, 0xca3, 0xca3, 0xca3, 0xca3, 0xca3, 0xca3, 0x4a3, 0x4a3, 0x4a3, 0x4a3, 0x4a3, 0x4a3, 0x4a3, 0x4a3, 0x4a3,
			0x4a3, 0x4a3, 0x4a3, 0x4a3, 0x4a3, 0x4a3, 0x4a3, 0x4a3, 0x4a3, 0x4a3, 0x4a3, 0x1a0, 0x1a0, 0x1a0, 0x1a0, 0x1a0,
			0x1a0, 0x8e3, 0x8e3, 0x8e3, 0x8e3, 0x8e3, 0x8e3, 0x0e3, 0x0e3, 0x0e3, 0x0e3, 0x0e3, 0x0e3, 0x0e3, 0x0e3, 0x0e3,
			0x0e3, 0x0e3, 0x0e3, 0x0e3, 0x0e3, 0x0e3, 0x0e3, 0x0e3, 0x0e3, 0x0e3, 0x0e3, 0x1a0, 0x1a0, 0x1a0, 0x1a0, 0x008,
			0x008, 0x008, 0x008, 0x008, 0x008, 0x008, 0x008, 0x008, 0x008, 0x008, 0x008, 0x008, 0x008, 0x008, 0x008, 0x008,
			0x008, 0x008, 0x008, 0x008, 0x008, 0x008, 0x008, 0x008, 0x008, 0x008, 0x008, 0x008, 0x008, 0x008, 0x008, 0x008,
			0x1a0, 0x4a3, 0x1a0, 0x4a3, 0x1a0, 0x4a3, 0x4a3, 0x1a0, 0x1a0, 0x4a3, 0x4a3, 0x4a3, 0x4a3, 0x1a0, 0x4a3, 0x4a3,
			0x1a0, 0x0e3, 0x1a0, 0x0e3, 0x1a0, 0x0e3, 0x0e3, 0x0a3, 0x1a0, 0x0e3, 0x0e3, 0x0e3, 0x0e3, 0x1a0, 0x0e3, 0x0e3,
			0x4a3, 0x4a3, 0x4a3, 0x4a3, 0x4a3, 0x4a3, 0x4a3, 0x4a3, 0x4a3, 0x4a3, 0x4a3, 0x4a3, 0x4a3, 0x4a3, 0x4a3, 0x4a3,
			0x4a3, 0x4a3, 0x4a3, 0x4a3, 0x4a3, 0x4a3, 0x4a3, 0x1a0, 0x4a3, 0x4a3, 0x4a3, 0x4a3, 0x4a3, 0x4a3, 0x4a3, 0x0e3,
			0x0e3, 0x0e3, 0x0e3, 0x0e3, 0x0e3, 0x0e3, 0x0e3, 0x0e3, 0x0e3, 0x0e3, 0x0e3, 0x0e3, 0x0e3, 0x0e3, 0x0e3, 0x0e3,
			0x0e3, 0x0e3, 0x0e3, 0x0e3, 0x0e3, 0x0e3, 0x0e3, 0x1a0, 0x0e3, 0x0e3, 0x0e3, 0x0e3, 0x0e3, 0x0e3, 0x0e3, 0x1a0,
		},
		"pl_PL.utf8": {
			0x008, 0x008, 0x008, 0x008, 0x008, 0x008, 0x008, 0x008, 0x008, 0x20c, 0x208, 0x208, 0x208, 0x208, 0x008, 0x008,
			0x008, 0x008, 0x008, 0x008, 0x008, 0x008, 0x008, 0x008, 0x008, 0x008, 0x008, 0x008, 0x008, 0x008, 0x008, 0x008,
			0x284, 0x1a0, 0x1a0, 0x1a0, 0x1a0, 0x1a0, 0x1a0, 0x1a0, 0x1a0, 0x1a0, 0x1a0, 0x1a0, 0x1a0, 0x1a0, 0x1a0, 0x1a0,
			0x8b1, 0x8b1, 0x8b1, 0x8b1, 0x8b1, 0x8b1, 0x8b1, 0x8b1, 0x8b1, 0x8b1, 0x1a0, 0x1a0, 0x1a0, 0x1a0, 0x1a0, 0x1a0,
			0x1a0, 0xca3, 0xca3, 0xca3, 0xca3, 0xca3, 0xca3, 0x4a3, 0x4a3, 0x4a3, 0x4a3, 0x4a3, 0x4a3, 0x4a3, 0x4a3, 0x4a3,
			0x4a3, 0x4a3, 0x4a3, 0x4a3, 0x4a3, 0x4a3, 0x4a3, 0x4a3, 0x4a3, 0x4a3, 0x4a3, 0x1a0, 0x1a0, 0x1a0, 0x1a0, 0x1a0,
			0x1a0, 0x8e3, 0x8e3, 0x8e3, 0x8e3, 0x8e3, 0x8e3, 0x0e3, 0x0e3, 0x0e3, 0x0e3, 0x0e3, 0x0e3, 0x0e3, 0x0e3, 0x0e3,
			0x0e3, 0x0e3, 0x0e3, 0x0e3, 0x0e3, 0x0e3, 0x0e3, 0x0e3, 0x0e3, 0x0e3, 0x0e3, 0x1a0, 0x1a0, 0x1a0, 0x1a0, 0x008,
			0x000, 0x000, 0x000, 0x000, 0x000, 0x000, 0x000, 0x000, 0x000, 0x000, 0x000, 0x000, 0x000, 0x000, 0x000, 0x000,
			0x000, 0x000, 0x000, 0x000, 0x000, 0x000, 0x000, 0x000, 0x000, 0x000, 0x000, 0x000, 0x000, 0x000, 0x000, 0x000,
			0x000, 0x000, 0x000, 0x000, 0x000, 0x000, 0x000, 0x000, 0x000, 0x000, 0x000, 0x000, 0x000, 0x000, 0x000, 0x000,
			0x000, 0x000, 0x000, 0x000, 0x000, 0x000, 0x000, 0x000, 0x000, 0x000, 0x000, 0x000, 0x000, 0x000, 0x000, 0x000,
			0x000, 0x000, 0x000, 0x000, 0x000, 0x000, 0x000, 0x000, 0x000, 0x000, 0x000, 0x000, 0x000, 0x000, 0x000, 0x000,
			0x000, 0x000, 0x000, 0x000, 0x000, 0x000, 0x000, 0x000, 0x000, 0x000, 0x000, 0x000, 0x000, 0x000, 0x000, 0x000,
			0x000, 0x000, 0x000, 0x000, 0x000, 0x000, 0x000, 0x000, 0x000, 0x000, 0x000, 0x000, 0x000, 0x000, 0x000, 0x000,
			0x000, 0x000, 0x000, 0x000, 0x000, 0x000, 0x000, 0x000, 0x000, 0x000, 0x000, 0x000, 0x000, 0x000, 0x000, 0x000,
		},
		"ps_AF": {
			0x008, 0x008, 0x008, 0x008, 0x008, 0x008, 0x008, 0x008, 0x008, 0x20c, 0x208, 0x208, 0x208, 0x208, 0x008, 0x008,
			0x008, 0x008, 0x008, 0x008, 0x008, 0x008, 0x008, 0x008, 0x008, 0x008, 0x008, 0x008, 0x008, 0x008, 0x008, 0x008,
			0x284, 0x1a0, 0x1a0, 0x1a0, 0x1a0, 0x1a0, 0x1a0, 0x1a0, 0x1a0, 0x1a0, 0x1a0, 0x1a0, 0x1a0, 0x1a0, 0x1a0, 0x1a0,
			0x8b1, 0x8b1, 0x8b1, 0x8b1, 0x8b1, 0x8b1, 0x8b1, 0x8b1, 0x8b1, 0x8b1, 0x1a0, 0x1a0, 0x1a0, 0x1a0, 0x1a0, 0x1a0,
			0x1a0, 0xca3, 0xca3, 0xca3, 0xca3, 0xca3, 0xca3, 0x4a3, 0x4a3, 0x4a3, 0x4a3, 0x4a3, 0x4a3, 0x4a3, 0x4a3, 0x4a3,
			0x4a3, 0x4a3, 0x4a3, 0x4a3, 0x4a3, 0x4a3, 0x4a3, 0x4a3, 0x4a3, 0x4a3, 0x4a3, 0x1a0, 0x1a0, 0x1a0, 0x1a0, 0x1a0,
			0x1a0, 0x8e3, 0x8e3, 0x8e3, 0x8e3, 0x8e3, 0x8e3, 0x0e3, 0x0e3, 0x0e3, 0x0e3, 0x0e3, 0x0e3, 0x0e3, 0x0e3, 0x0e3,
			0x0e3, 0x0e3, 0x0e3, 0x0e3, 0x0e3, 0x0e3, 0x0e3, 0x0e3, 0x0e3, 0x0e3, 0x0e3, 0x1a0, 0x1a0, 0x1a0, 0x1a0, 0x008,
			0x000, 0x000, 0x000, 0x000, 0x000, 0x000, 0x000, 0x000, 0x000, 0x000, 0x000, 0x000, 0x000, 0x000, 0x000, 0x000,
			0x000, 0x000, 0x000, 0x000, 0x000, 0x000, 0x000, 0x000, 0x000, 0x000, 0x000, 0x000, 0x000, 0x000, 0x000, 0x000,
			0x000, 0x000, 0x000, 0x000, 0x000, 0x000, 0x000, 0x000, 0x000, 0x000, 0x000, 0x000, 0x000, 0x000, 0x000, 0x000,
			0x000, 0x000, 0x000, 0x000, 0x000, 0x000, 0x000, 0x000, 0x000, 0x000, 0x000, 0x000, 0x000, 0x000, 0x000, 0x000,
			0x000, 0x000, 0x000, 0x000, 0x000, 0x000, 0x000, 0x000, 0x000, 0x000, 0x000, 0x000, 0x000, 0x000, 0x000, 0x000,
			0x000, 0x000, 0x000, 0x000, 0x000, 0x000, 0x000, 0x000, 0x000, 0x000, 0x000, 0x000, 0x000, 0x000, 0x000, 0x000,
			0x000, 0x000, 0x000, 0x000, 0x000, 0x000, 0x000, 0x000, 0x000, 0x000, 0x000, 0x000, 0x000, 0x000, 0x000, 0x000,
			0x000, 0x000, 0x000, 0x000, 0x000, 0x000, 0x000, 0x000, 0x000, 0x000, 0x000, 0x000, 0x000, 0x000, 0x000, 0x000,
		},
		"pt_BR": {
			0x008, 0x008, 0x008, 0x008, 0x008, 0x008, 0x008, 0x008, 0x008, 0x20c, 0x208, 0x208, 0x208, 0x208, 0x008, 0x008,
			0x008, 0x008, 0x008, 0x008, 0x008, 0x008, 0x008, 0x008, 0x008, 0x008, 0x008, 0x008, 0x008, 0x008, 0x008, 0x008,
			0x284, 0x1a0, 0x1a0, 0x1a0, 0x1a0, 0x1a0, 0x1a0, 0x1a0, 0x1a0, 0x1a0, 0x1a0, 0x1a0, 0x1a0, 0x1a0, 0x1a0, 0x1a0,
			0x8b1, 0x8b1, 0x8b1, 0x8b1, 0x8b1, 0x8b1, 0x8b1, 0x8b1, 0x8b1, 0x8b1, 0x1a0, 0x1a0, 0x1a0, 0x1a0, 0x1a0, 0x1a0,
			0x1a0, 0xca3, 0xca3, 0xca3, 0xca3, 0xca3, 0xca3, 0x4a3, 0x4a3, 0x4a3, 0x4a3, 0x4a3, 0x4a3, 0x4a3, 0x4a3, 0x4a3,
			0x4a3, 0x4a3, 0x4a3, 0x4a3, 0x4a3, 0x4a3, 0x4a3, 0x4a3, 0x4a3, 0x4a3, 0x4a3, 0x1a0, 0x1a0, 0x1a0, 0x1a0, 0x1a0,
			0x1a0, 0x8e3, 0x8e3, 0x8e3, 0x8e3, 0x8e3, 0x8e3, 0x0e3, 0x0e3, 0x0e3, 0x0e3, 0x0e3, 0x0e3, 0x0e3, 0x0e3, 0x0e3,
			0x0e3, 0x0e3, 0x0e3, 0x0e3, 0x0e3, 0x0e3, 0x0e3, 0x0e3, 0x0e3, 0x0e3, 0x0e3, 0x1a0, 0x1a0, 0x1a0, 0x1a0, 0x008,
			0x008, 0x008, 0x008, 0x008, 0x008, 0x008, 0x008, 0x008, 0x008, 0x008, 0x008, 0x008, 0x008, 0x008, 0x008, 0x008,
			0x008, 0x008, 0x008, 0x008, 0x008, 0x008, 0x008, 0x008, 0x008, 0x008, 0x008, 0x008, 0x008, 0x008, 0x008, 0x008,
			0x1a0, 0x1a0, 0x1a0, 0x1a0, 0x1a0, 0x1a0, 0x1a0, 0x1a0, 0x1a0, 0x1a0, 0x0e3, 0x1a0, 0x1a0, 0x1a0, 0x1a0, 0x1a0,
			0x1a0, 0x1a0, 0x1a0, 0x1a0, 0x1a0, 0x0e3, 0x1a0, 0x1a0, 0x1a0, 0x1a0, 0x0e3, 0x1a0, 0x1a0, 0x1a0, 0x1a0, 0x1a0,
			0x4a3, 0x4a3, 0x4a3, 0x4a3, 0x4a3, 0x4a3, 0x4a3, 0x4a3, 0x4a3, 0x4a3, 0x4a3, 0x4a3, 0x4a3, 0x4a3, 0x4a3, 0x4a3,
			0x4a3, 0x4a3, 0x4a3, 0x4a3, 0x4a3, 0x4a3, 0x4a3, 0x1a0, 0x4a3, 0x4a3, 0x4a3, 0x4a3, 0x4a3, 0x4a3, 0x4a3, 0x0e3,
			0x0e3, 0x0e3, 0x0e3, 0x0e3, 0x0e3, 0x0e3, 0x0e3, 0x0e3, 0x0e3, 0x0e3, 0x0e3, 0x0e3, 0x0e3, 0x0e3, 0x0e3, 0x0e3,
			0x0e3, 0x0e3, 0x0e3, 0x0e3, 0x0e3, 0x0e3, 0x0e3, 0x1a0, 0x0e3, 0x0e3, 0x0e3, 0x0e3, 0x0e3, 0x0e3, 0x0e3, 0x0e3,
		},
		"pt_BR.utf8": {
			0x008, 0x008, 0x008, 0x008, 0x008, 0x008, 0x008, 0x008, 0x008, 0x20c, 0x208, 0x208, 0x208, 0x208, 0x008, 0x008,
			0x008, 0x008, 0x008, 0x008, 0x008, 0x008, 0x008, 0x008, 0x008, 0x008, 0x008, 0x008, 0x008, 0x008, 0x008, 0x008,
			0x284, 0x1a0, 0x1a0, 0x1a0, 0x1a0, 0x1a0, 0x1a0, 0x1a0, 0x1a0, 0x1a0, 0x1a0, 0x1a0, 0x1a0, 0x1a0, 0x1a0, 0x1a0,
			0x8b1, 0x8b1, 0x8b1, 0x8b1, 0x8b1, 0x8b1, 0x8b1, 0x8b1, 0x8b1, 0x8b1, 0x1a0, 0x1a0, 0x1a0, 0x1a0, 0x1a0, 0x1a0,
			0x1a0, 0xca3, 0xca3, 0xca3, 0xca3, 0xca3, 0xca3, 0x4a3, 0x4a3, 0x4a3, 0x4a3, 0x4a3, 0x4a3, 0x4a3, 0x4a3, 0x4a3,
			0x4a3, 0x4a3, 0x4a3, 0x4a3, 0x4a3, 0x4a3, 0x4a3, 0x4a3, 0x4a3, 0x4a3, 0x4a3, 0x1a0, 0x1a0, 0x1a0, 0x1a0, 0x1a0,
			0x1a0, 0x8e3, 0x8e3, 0x8e3, 0x8e3, 0x8e3, 0x8e3, 0x0e3, 0x0e3, 0x0e3, 0x0e3, 0x0e3, 0x0e3, 0x0e3, 0x0e3, 0x0e3,
			0x0e3, 0x0e3, 0x0e3, 0x0e3, 0x0e3, 0x0e3, 0x0e3, 0x0e3, 0x0e3, 0x0e3, 0x0e3, 0x1a0, 0x1a0, 0x1a0, 0x1a0, 0x008,
			0x000, 0x000, 0x000, 0x000, 0x000, 0x000, 0x000, 0x000, 0x000, 0x000, 0x000, 0x000, 0x000, 0x000, 0x000, 0x000,
			0x000, 0x000, 0x000, 0x000, 0x000, 0x000, 0x000, 0x000, 0x000, 0x000, 0x000, 0x000, 0x000, 0x000, 0x000, 0x000,
			0x000, 0x000, 0x000, 0x000, 0x000, 0x000, 0x000, 0x000, 0x000, 0x000, 0x000, 0x000, 0x000, 0x000, 0x000, 0x000,
			0x000, 0x000, 0x000, 0x000, 0x000, 0x000, 0x000, 0x000, 0x000, 0x000, 0x000, 0x000, 0x000, 0x000, 0x000, 0x000,
			0x000, 0x000, 0x000, 0x000, 0x000, 0x000, 0x000, 0x000, 0x000, 0x000, 0x000, 0x000, 0x000, 0x000, 0x000, 0x000,
			0x000, 0x000, 0x000, 0x000, 0x000, 0x000, 0x000, 0x000, 0x000, 0x000, 0x000, 0x000, 0x000, 0x000, 0x000, 0x000,
			0x000, 0x000, 0x000, 0x000, 0x000, 0x000, 0x000, 0x000, 0x000, 0x000, 0x000, 0x000, 0x000, 0x000, 0x000, 0x000,
			0x000, 0x000, 0x000, 0x000, 0x000, 0x000, 0x000, 0x000, 0x000, 0x000, 0x000, 0x000, 0x000, 0x000, 0x000, 0x000,
		},
		"pt_PT": {
			0x008, 0x008, 0x008, 0x008, 0x008, 0x008, 0x008, 0x008, 0x008, 0x20c, 0x208, 0x208, 0x208, 0x208, 0x008, 0x008,
			0x008, 0x008, 0x008, 0x008, 0x008, 0x008, 0x008, 0x008, 0x008, 0x008, 0x008, 0x008, 0x008, 0x008, 0x008, 0x008,
			0x284, 0x1a0, 0x1a0, 0x1a0, 0x1a0, 0x1a0, 0x1a0, 0x1a0, 0x1a0, 0x1a0, 0x1a0, 0x1a0, 0x1a0, 0x1a0, 0x1a0, 0x1a0,
			0x8b1, 0x8b1, 0x8b1, 0x8b1, 0x8b1, 0x8b1, 0x8b1, 0x8b1, 0x8b1, 0x8b1, 0x1a0, 0x1a0, 0x1a0, 0x1a0, 0x1a0, 0x1a0,
			0x1a0, 0xca3, 0xca3, 0xca3, 0xca3, 0xca3, 0xca3, 0x4a3, 0x4a3, 0x4a3, 0x4a3, 0x4a3, 0x4a3, 0x4a3, 0x4a3, 0x4a3,
			0x4a3, 0x4a3, 0x4a3, 0x4a3, 0x4a3, 0x4a3, 0x4a3, 0x4a3, 0x4a3, 0x4a3, 0x4a3, 0x1a0, 0x1a0, 0x1a0, 0x1a0, 0x1a0,
			0x1a0, 0x8e3, 0x8e3, 0x8e3, 0x8e3, 0x8e3, 0x8e3, 0x0e3, 0x0e3, 0x0e3, 0x0e3, 0x0e3, 0x0e3, 0x0e3, 0x0e3, 0x0e3,
			0x0e3, 0x0e3, 0x0e3, 0x0e3, 0x0e3, 0x0e3, 0x0e3, 0x0e3, 0x0e3, 0x0e3, 0x0e3, 0x1a0, 0x1a0, 0x1a0, 0x1a0, 0x008,
			0x008, 0x008, 0x008, 0x008, 0x008, 0x008, 0x008, 0x008, 0x008, 0x008, 0x008, 0x008, 0x008, 0x008, 0x008, 0x008,
			0x008, 0x008, 0x008, 0x008, 0x008, 0x008, 0x008, 0x008, 0x008, 0x008, 0x008, 0x008, 0x008, 0x008, 0x008, 0x008,
			0x1a0, 0x1a0, 0x1a0, 0x1a0, 0x1a0, 0x1a0, 0x1a0, 0x1a0, 0x1a0, 0x1a0, 0x0e3, 0x1a0, 0x1a0, 0x1a0, 0x1a0, 0x1a0,
			0x1a0, 0x1a0, 0x1a0, 0x1a0, 0x1a0, 0x0e3, 0x1a0, 0x1a0, 0x1a0, 0x1a0, 0x0e3, 0x1a0, 0x1a0, 0x1a0, 0x1a0, 0x1a0,
			0x4a3, 0x4a3, 0x4a3, 0x4a3, 0x4a3, 0x4a3, 0x4a3, 0x4a3, 0x4a3, 0x4a3, 0x4a3, 0x4a3, 0x4a3, 0x4a3, 0x4a3, 0x4a3,
			0x4a3, 0x4a3, 0x4a3, 0x4a3, 0x4a3, 0x4a3, 0x4a3, 0x1a0, 0x4a3, 0x4a3, 0x4a3, 0x4a3, 0x4a3, 0x4a3, 0x4a3, 0x0e3,
			0x0e3, 0x0e3, 0x0e3, 0x0e3, 0x0e3, 0x0e3, 0x0e3, 0x0e3, 0x0e3, 0x0e3, 0x0e3, 0x0e3, 0x0e3, 0x0e3, 0x0e3, 0x0e3,
			0x0e3, 0x0e3, 0x0e3, 0x0e3, 0x0e3, 0x0e3, 0x0e3, 0x1a0, 0x0e3, 0x0e3, 0x0e3, 0x0e3, 0x0e3, 0x0e3, 0x0e3, 0x0e3,
		},
		"pt_PT.utf8": {
			0x008, 0x008, 0x008, 0x008, 0x008, 0x008, 0x008, 0x008, 0x008, 0x20c, 0x208, 0x208, 0x208, 0x208, 0x008, 0x008,
			0x008, 0x008, 0x008, 0x008, 0x008, 0x008, 0x008, 0x008, 0x008, 0x008, 0x008, 0x008, 0x008, 0x008, 0x008, 0x008,
			0x284, 0x1a0, 0x1a0, 0x1a0, 0x1a0, 0x1a0, 0x1a0, 0x1a0, 0x1a0, 0x1a0, 0x1a0, 0x1a0, 0x1a0, 0x1a0, 0x1a0, 0x1a0,
			0x8b1, 0x8b1, 0x8b1, 0x8b1, 0x8b1, 0x8b1, 0x8b1, 0x8b1, 0x8b1, 0x8b1, 0x1a0, 0x1a0, 0x1a0, 0x1a0, 0x1a0, 0x1a0,
			0x1a0, 0xca3, 0xca3, 0xca3, 0xca3, 0xca3, 0xca3, 0x4a3, 0x4a3, 0x4a3, 0x4a3, 0x4a3, 0x4a3, 0x4a3, 0x4a3, 0x4a3,
			0x4a3, 0x4a3, 0x4a3, 0x4a3, 0x4a3, 0x4a3, 0x4a3, 0x4a3, 0x4a3, 0x4a3, 0x4a3, 0x1a0, 0x1a0, 0x1a0, 0x1a0, 0x1a0,
			0x1a0, 0x8e3, 0x8e3, 0x8e3, 0x8e3, 0x8e3, 0x8e3, 0x0e3, 0x0e3, 0x0e3, 0x0e3, 0x0e3, 0x0e3, 0x0e3, 0x0e3, 0x0e3,
			0x0e3, 0x0e3, 0x0e3, 0x0e3, 0x0e3, 0x0e3, 0x0e3, 0x0e3, 0x0e3, 0x0e3, 0x0e3, 0x1a0, 0x1a0, 0x1a0, 0x1a0, 0x008,
			0x000, 0x000, 0x000, 0x000, 0x000, 0x000, 0x000, 0x000, 0x000, 0x000, 0x000, 0x000, 0x000, 0x000, 0x000, 0x000,
			0x000, 0x000, 0x000, 0x000, 0x000, 0x000, 0x000, 0x000, 0x000, 0x000, 0x000, 0x000, 0x000, 0x000, 0x000, 0x000,
			0x000, 0x000, 0x000, 0x000, 0x000, 0x000, 0x000, 0x000, 0x000, 0x000, 0x000, 0x000, 0x000, 0x000, 0x000, 0x000,
			0x000, 0x000, 0x000, 0x000, 0x000, 0x000, 0x000, 0x000, 0x000, 0x000, 0x000, 0x000, 0x000, 0x000, 0x000, 0x000,
			0x000, 0x000, 0x000, 0x000, 0x000, 0x000, 0x000, 0x000, 0x000, 0x000, 0x000, 0x000, 0x000, 0x000, 0x000, 0x000,
			0x000, 0x000, 0x000, 0x000, 0x000, 0x000, 0x000, 0x000, 0x000, 0x000, 0x000, 0x000, 0x000, 0x000, 0x000, 0x000,
			0x000, 0x000, 0x000, 0x000, 0x000, 0x000, 0x000, 0x000, 0x000, 0x000, 0x000, 0x000, 0x000, 0x000, 0x000, 0x000,
			0x000, 0x000, 0x000, 0x000, 0x000, 0x000, 0x000, 0x000, 0x000, 0x000, 0x000, 0x000, 0x000, 0x000, 0x000, 0x000,
		},
		"pt_PT@euro": {
			0x008, 0x008, 0x008, 0x008, 0x008, 0x008, 0x008, 0x008, 0x008, 0x20c, 0x208, 0x208, 0x208, 0x208, 0x008, 0x008,
			0x008, 0x008, 0x008, 0x008, 0x008, 0x008, 0x008, 0x008, 0x008, 0x008, 0x008, 0x008, 0x008, 0x008, 0x008, 0x008,
			0x284, 0x1a0, 0x1a0, 0x1a0, 0x1a0, 0x1a0, 0x1a0, 0x1a0, 0x1a0, 0x1a0, 0x1a0, 0x1a0, 0x1a0, 0x1a0, 0x1a0, 0x1a0,
			0x8b1, 0x8b1, 0x8b1, 0x8b1, 0x8b1, 0x8b1, 0x8b1, 0x8b1, 0x8b1, 0x8b1, 0x1a0, 0x1a0, 0x1a0, 0x1a0, 0x1a0, 0x1a0,
			0x1a0, 0xca3, 0xca3, 0xca3, 0xca3, 0xca3, 0xca3, 0x4a3, 0x4a3, 0x4a3, 0x4a3, 0x4a3, 0x4a3, 0x4a3, 0x4a3, 0x4a3,
			0x4a3, 0x4a3, 0x4a3, 0x4a3, 0x4a3, 0x4a3, 0x4a3, 0x4a3, 0x4a3, 0x4a3, 0x4a3, 0x1a0, 0x1a0, 0x1a0, 0x1a0, 0x1a0,
			0x1a0, 0x8e3, 0x8e3, 0x8e3, 0x8e3, 0x8e3, 0x8e3, 0x0e3, 0x0e3, 0x0e3, 0x0e3, 0x0e3, 0x0e3, 0x0e3, 0x0e3, 0x0e3,
			0x0e3, 0x0e3, 0x0e3, 0x0e3, 0x0e3, 0x0e3, 0x0e3, 0x0e3, 0x0e3, 0x0e3, 0x0e3, 0x1a0, 0x1a0, 0x1a0, 0x1a0, 0x008,
			0x008, 0x008, 0x008, 0x008, 0x008, 0x008, 0x008, 0x008, 0x008, 0x008, 0x008, 0x008, 0x008, 0x008, 0x008, 0x008,
			0x008, 0x008, 0x008, 0x008, 0x008, 0x008, 0x008, 0x008, 0x008, 0x008, 0x008, 0x008, 0x008, 0x008, 0x008, 0x008,
			0x1a0, 0x1a0, 0x1a0, 0x1a0, 0x1a0, 0x1a0, 0x4a3, 0x1a0, 0x0e3, 0x1a0, 0x0e3, 0x1a0, 0x1a0, 0x1a0, 0x1a0, 0x1a0,
			0x1a0, 0x1a0, 0x1a0, 0x1a0, 0x4a3, 0x0e3, 0x1a0, 0x1a0, 0x0e3, 0x1a0, 0x0e3, 0x1a0, 0x4a3, 0x0e3, 0x4a3, 0x1a0,
			0x4a3, 0x4a3, 0x4a3, 0x4a3, 0x4a3, 0x4a3, 0x4a3, 0x4a3, 0x4a3, 0x4a3, 0x4a3, 0x4a3, 0x4a3, 0x4a3, 0x4a3, 0x4a3,
			0x4a3, 0x4a3, 0x4a3, 0x4a3, 0x4a3, 0x4a3, 0x4a3, 0x1a0, 0x4a3, 0x4a3, 0x4a3, 0x4a3, 0x4a3, 0x4a3, 0x4a3, 0x0e3,
			0x0e3, 0x0e3, 0x0e3, 0x0e3, 0x0e3, 0x0e3, 0x0e3, 0x0e3, 0x0e3, 0x0e3, 0x0e3, 0x0e3, 0x0e3, 0x0e3, 0x0e3, 0x0e3,
			0x0e3, 0x0e3, 0x0e3, 0x0e3, 0x0e3, 0x0e3, 0x0e3, 0x1a0, 0x0e3, 0x0e3, 0x0e3, 0x0e3, 0x0e3, 0x0e3, 0x0e3, 0x0e3,
		},
		"quz_PE": {
			0x008, 0x008, 0x008, 0x008, 0x008, 0x008, 0x008, 0x008, 0x008, 0x20c, 0x208, 0x208, 0x208, 0x208, 0x008, 0x008,
			0x008, 0x008, 0x008, 0x008, 0x008, 0x008, 0x008, 0x008, 0x008, 0x008, 0x008, 0x008, 0x008, 0x008, 0x008, 0x008,
			0x284, 0x1a0, 0x1a0, 0x1a0, 0x1a0, 0x1a0, 0x1a0, 0x1a0, 0x1a0, 0x1a0, 0x1a0, 0x1a0, 0x1a0, 0x1a0, 0x1a0, 0x1a0,
			0x8b1, 0x8b1, 0x8b1, 0x8b1, 0x8b1, 0x8b1, 0x8b1, 0x8b1, 0x8b1, 0x8b1, 0x1a0, 0x1a0, 0x1a0, 0x1a0, 0x1a0, 0x1a0,
			0x1a0, 0xca3, 0xca3, 0xca3, 0xca3, 0xca3, 0xca3, 0x4a3, 0x4a3, 0x4a3, 0x4a3, 0x4a3, 0x4a3, 0x4a3, 0x4a3, 0x4a3,
			0x4a3, 0x4a3, 0x4a3, 0x4a3, 0x4a3, 0x4a3, 0x4a3, 0x4a3, 0x4a3, 0x4a3, 0x4a3, 0x1a0, 0x1a0, 0x1a0, 0x1a0, 0x1a0,
			0x1a0, 0x8e3, 0x8e3, 0x8e3, 0x8e3, 0x8e3, 0x8e3, 0x0e3, 0x0e3, 0x0e3, 0x0e3, 0x0e3, 0x0e3, 0x0e3, 0x0e3, 0x0e3,
			0x0e3, 0x0e3, 0x0e3, 0x0e3, 0x0e3, 0x0e3, 0x0e3, 0x0e3, 0x0e3, 0x0e3, 0x0e3, 0x1a0, 0x1a0, 0x1a0, 0x1a0, 0x008,
			0x000, 0x000, 0x000, 0x000, 0x000, 0x000, 0x000, 0x000, 0x000, 0x000, 0x000, 0x000, 0x000, 0x000, 0x000, 0x000,
			0x000, 0x000, 0x000, 0x000, 0x000, 0x000, 0x000, 0x000, 0x000, 0x000, 0x000, 0x000, 0x000, 0x000, 0x000, 0x000,
			0x000, 0x000, 0x000, 0x000, 0x000, 0x000, 0x000, 0x000, 0x000, 0x000, 0x000, 0x000, 0x000, 0x000, 0x000, 0x000,
			0x000, 0x000, 0x000, 0x000, 0x000, 0x000, 0x000, 0x000, 0x000, 0x000, 0x000, 0x000, 0x000, 0x000, 0x000, 0x000,
			0x000, 0x000, 0x000, 0x000, 0x000, 0x000, 0x000, 0x000, 0x000, 0x000, 0x000, 0x000, 0x000, 0x000, 0x000, 0x000,
			0x000, 0x000, 0x000, 0x000, 0x000, 0x000, 0x000, 0x000, 0x000, 0x000, 0x000, 0x000, 0x000, 0x000, 0x000, 0x000,
			0x000, 0x000, 0x000, 0x000, 0x000, 0x000, 0x000, 0x000, 0x000, 0x000, 0x000, 0x000, 0x000, 0x000, 0x000, 0x000,
			0x000, 0x000, 0x000, 0x000, 0x000, 0x000, 0x000, 0x000, 0x000, 0x000, 0x000, 0x000, 0x000, 0x000, 0x000, 0x000,
		},
		"raj_IN": {
			0x008, 0x008, 0x008, 0x008, 0x008, 0x008, 0x008, 0x008, 0x008, 0x20c, 0x208, 0x208, 0x208, 0x208, 0x008, 0x008,
			0x008, 0x008, 0x008, 0x008, 0x008, 0x008, 0x008, 0x008, 0x008, 0x008, 0x008, 0x008, 0x008, 0x008, 0x008, 0x008,
			0x284, 0x1a0, 0x1a0, 0x1a0, 0x1a0, 0x1a0, 0x1a0, 0x1a0, 0x1a0, 0x1a0, 0x1a0, 0x1a0, 0x1a0, 0x1a0, 0x1a0, 0x1a0,
			0x8b1, 0x8b1, 0x8b1, 0x8b1, 0x8b1, 0x8b1, 0x8b1, 0x8b1, 0x8b1, 0x8b1, 0x1a0, 0x1a0, 0x1a0, 0x1a0, 0x1a0, 0x1a0,
			0x1a0, 0xca3, 0xca3, 0xca3, 0xca3, 0xca3, 0xca3, 0x4a3, 0x4a3, 0x4a3, 0x4a3, 0x4a3, 0x4a3, 0x4a3, 0x4a3, 0x4a3,
			0x4a3, 0x4a3, 0x4a3, 0x4a3, 0x4a3, 0x4a3, 0x4a3, 0x4a3, 0x4a3, 0x4a3, 0x4a3, 0x1a0, 0x1a0, 0x1a0, 0x1a0, 0x1a0,
			0x1a0, 0x8e3, 0x8e3, 0x8e3, 0x8e3, 0x8e3, 0x8e3, 0x0e3, 0x0e3, 0x0e3, 0x0e3, 0x0e3, 0x0e3, 0x0e3, 0x0e3, 0x0e3,
			0x0e3, 0x0e3, 0x0e3, 0x0e3, 0x0e3, 0x0e3, 0x0e3, 0x0e3, 0x0e3, 0x0e3, 0x0e3, 0x1a0, 0x1a0, 0x1a0, 0x1a0, 0x008,
			0x000, 0x000, 0x000, 0x000, 0x000, 0x000, 0x000, 0x000, 0x000, 0x000, 0x000, 0x000, 0x000, 0x000, 0x000, 0x000,
			0x000, 0x000, 0x000, 0x000, 0x000, 0x000, 0x000, 0x000, 0x000, 0x000, 0x000, 0x000, 0x000, 0x000, 0x000, 0x000,
			0x000, 0x000, 0x000, 0x000, 0x000, 0x000, 0x000, 0x000, 0x000, 0x000, 0x000, 0x000, 0x000, 0x000, 0x000, 0x000,
			0x000, 0x000, 0x000, 0x000, 0x000, 0x000, 0x000, 0x000, 0x000, 0x000, 0x000, 0x000, 0x000, 0x000, 0x000, 0x000,
			0x000, 0x000, 0x000, 0x000, 0x000, 0x000, 0x000, 0x000, 0x000, 0x000, 0x000, 0x000, 0x000, 0x000, 0x000, 0x000,
			0x000, 0x000, 0x000, 0x000, 0x000, 0x000, 0x000, 0x000, 0x000, 0x000, 0x000, 0x000, 0x000, 0x000, 0x000, 0x000,
			0x000, 0x000, 0x000, 0x000, 0x000, 0x000, 0x000, 0x000, 0x000, 0x000, 0x000, 0x000, 0x000, 0x000, 0x000, 0x000,
			0x000, 0x000, 0x000, 0x000, 0x000, 0x000, 0x000, 0x000, 0x000, 0x000, 0x000, 0x000, 0x000, 0x000, 0x000, 0x000,
		},
		"ro_RO": {
			0x008, 0x008, 0x008, 0x008, 0x008, 0x008, 0x008, 0x008, 0x008, 0x20c, 0x208, 0x208, 0x208, 0x208, 0x008, 0x008,
			0x008, 0x008, 0x008, 0x008, 0x008, 0x008, 0x008, 0x008, 0x008, 0x008, 0x008, 0x008, 0x008, 0x008, 0x008, 0x008,
			0x284, 0x1a0, 0x1a0, 0x1a0, 0x1a0, 0x1a0, 0x1a0, 0x1a0, 0x1a0, 0x1a0, 0x1a0, 0x1a0, 0x1a0, 0x1a0, 0x1a0, 0x1a0,
			0x8b1, 0x8b1, 0x8b1, 0x8b1, 0x8b1, 0x8b1, 0x8b1, 0x8b1, 0x8b1, 0x8b1, 0x1a0, 0x1a0, 0x1a0, 0x1a0, 0x1a0, 0x1a0,
			0x1a0, 0xca3, 0xca3, 0xca3, 0xca3, 0xca3, 0xca3, 0x4a3, 0x4a3, 0x4a3, 0x4a3, 0x4a3, 0x4a3, 0x4a3, 0x4a3, 0x4a3,
			0x4a3, 0x4a3, 0x4a3, 0x4a3, 0x4a3, 0x4a3, 0x4a3, 0x4a3, 0x4a3, 0x4a3, 0x4a3, 0x1a0, 0x1a0, 0x1a0, 0x1a0, 0x1a0,
			0x1a0, 0x8e3, 0x8e3, 0x8e3, 0x8e3, 0x8e3, 0x8e3, 0x0e3, 0x0e3, 0x0e3, 0x0e3, 0x0e3, 0x0e3, 0x0e3, 0x0e3, 0x0e3,
			0x0e3, 0x0e3, 0x0e3, 0x0e3, 0x0e3, 0x0e3, 0x0e3, 0x0e3, 0x0e3, 0x0e3, 0x0e3, 0x1a0, 0x1a0, 0x1a0, 0x1a0, 0x008,
			0x008, 0x008, 0x008, 0x008, 0x008, 0x008, 0x008, 0x008, 0x008, 0x008, 0x008, 0x008, 0x008, 0x008, 0x008, 0x008,
			0x008, 0x008, 0x008, 0x008, 0x008, 0x008, 0x008, 0x008, 0x008, 0x008, 0x008, 0x008, 0x008, 0x008, 0x008, 0x008,
			0x1a0, 0x4a3, 0x1a0, 0x4a3, 0x1a0, 0x4a3, 0x4a3, 0x1a0, 0x1a0, 0x4a3, 0x4a3, 0x4a3, 0x4a3, 0x1a0, 0x4a3, 0x4a3,
			0x1a0, 0x0e3, 0x1a0, 0x0e3, 0x1a0, 0x0e3, 0x0e3, 0x0a3, 0x1a0, 0x0e3, 0x0e3, 0x0e3, 0x0e3, 0x1a0, 0x0e3, 0x0e3,
			0x4a3, 0x4a3, 0x4a3, 0x4a3, 0x4a3, 0x4a3, 0x4a3, 0x4a3, 0x4a3, 0x4a3, 0x4a3, 0x4a3, 0x4a3, 0x4a3, 0x4a3, 0x4a3,
			0x4a3, 0x4a3, 0x4a3, 0x4a3, 0x4a3, 0x4a3, 0x4a3, 0x1a0, 0x4a3, 0x4a3, 0x4a3, 0x4a3, 0x4a3, 0x4a3, 0x4a3, 0x0e3,
			0x0e3, 0x0e3, 0x0e3, 0x0e3, 0x0e3, 0x0e3, 0x0e3, 0x0e3, 0x0e3, 0x0e3, 0x0e3, 0x0e3, 0x0e3, 0x0e3, 0x0e3, 0x0e3,
			0x0e3, 0x0e3, 0x0e3, 0x0e3, 0x0e3, 0x0e3, 0x0e3, 0x1a0, 0x0e3, 0x0e3, 0x0e3, 0x0e3, 0x0e3, 0x0e3, 0x0e3, 0x1a0,
		},
		"ro_RO.utf8": {
			0x008, 0x008, 0x008, 0x008, 0x008, 0x008, 0x008, 0x008, 0x008, 0x20c, 0x208, 0x208, 0x208, 0x208, 0x008, 0x008,
			0x008, 0x008, 0x008, 0x008, 0x008, 0x008, 0x008, 0x008, 0x008, 0x008, 0x008, 0x008, 0x008, 0x008, 0x008, 0x008,
			0x284, 0x1a0, 0x1a0, 0x1a0, 0x1a0, 0x1a0, 0x1a0, 0x1a0, 0x1a0, 0x1a0, 0x1a0, 0x1a0, 0x1a0, 0x1a0, 0x1a0, 0x1a0,
			0x8b1, 0x8b1, 0x8b1, 0x8b1, 0x8b1, 0x8b1, 0x8b1, 0x8b1, 0x8b1, 0x8b1, 0x1a0, 0x1a0, 0x1a0, 0x1a0, 0x1a0, 0x1a0,
			0x1a0, 0xca3, 0xca3, 0xca3, 0xca3, 0xca3, 0xca3, 0x4a3, 0x4a3, 0x4a3, 0x4a3, 0x4a3, 0x4a3, 0x4a3, 0x4a3, 0x4a3,
			0x4a3, 0x4a3, 0x4a3, 0x4a3, 0x4a3, 0x4a3, 0x4a3, 0x4a3, 0x4a3, 0x4a3, 0x4a3, 0x1a0, 0x1a0, 0x1a0, 0x1a0, 0x1a0,
			0x1a0, 0x8e3, 0x8e3, 0x8e3, 0x8e3, 0x8e3, 0x8e3, 0x0e3, 0x0e3, 0x0e3, 0x0e3, 0x0e3, 0x0e3, 0x0e3, 0x0e3, 0x0e3,
			0x0e3, 0x0e3, 0x0e3, 0x0e3, 0x0e3, 0x0e3, 0x0e3, 0x0e3, 0x0e3, 0x0e3, 0x0e3, 0x1a0, 0x1a0, 0x1a0, 0x1a0, 0x008,
			0x000, 0x000, 0x000, 0x000, 0x000, 0x000, 0x000, 0x000, 0x000, 0x000, 0x000, 0x000, 0x000, 0x000, 0x000, 0x000,
			0x000, 0x000, 0x000, 0x000, 0x000, 0x000, 0x000, 0x000, 0x000, 0x000, 0x000, 0x000, 0x000, 0x000, 0x000, 0x000,
			0x000, 0x000, 0x000, 0x000, 0x000, 0x000, 0x000, 0x000, 0x000, 0x000, 0x000, 0x000, 0x000, 0x000, 0x000, 0x000,
			0x000, 0x000, 0x000, 0x000, 0x000, 0x000, 0x000, 0x000, 0x000, 0x000, 0x000, 0x000, 0x000, 0x000, 0x000, 0x000,
			0x000, 0x000, 0x000, 0x000, 0x000, 0x000, 0x000, 0x000, 0x000, 0x000, 0x000, 0x000, 0x000, 0x000, 0x000, 0x000,
			0x000, 0x000, 0x000, 0x000, 0x000, 0x000, 0x000, 0x000, 0x000, 0x000, 0x000, 0x000, 0x000, 0x000, 0x000, 0x000,
			0x000, 0x000, 0x000, 0x000, 0x000, 0x000, 0x000, 0x000, 0x000, 0x000, 0x000, 0x000, 0x000, 0x000, 0x000, 0x000,
			0x000, 0x000, 0x000, 0x000, 0x000, 0x000, 0x000, 0x000, 0x000, 0x000, 0x000, 0x000, 0x000, 0x000, 0x000, 0x000,
		},
		"ru_RU": {
			0x008, 0x008, 0x008, 0x008, 0x008, 0x008, 0x008, 0x008, 0x008, 0x20c, 0x208, 0x208, 0x208, 0x208, 0x008, 0x008,
			0x008, 0x008, 0x008, 0x008, 0x008, 0x008, 0x008, 0x008, 0x008, 0x008, 0x008, 0x008, 0x008, 0x008, 0x008, 0x008,
			0x284, 0x1a0, 0x1a0, 0x1a0, 0x1a0, 0x1a0, 0x1a0, 0x1a0, 0x1a0, 0x1a0, 0x1a0, 0x1a0, 0x1a0, 0x1a0, 0x1a0, 0x1a0,
			0x8b1, 0x8b1, 0x8b1, 0x8b1, 0x8b1, 0x8b1, 0x8b1, 0x8b1, 0x8b1, 0x8b1, 0x1a0, 0x1a0, 0x1a0, 0x1a0, 0x1a0, 0x1a0,
			0x1a0, 0xca3, 0xca3, 0xca3, 0xca3, 0xca3, 0xca3, 0x4a3, 0x4a3, 0x4a3, 0x4a3, 0x4a3, 0x4a3, 0x4a3, 0x4a3, 0x4a3,
			0x4a3, 0x4a3, 0x4a3, 0x4a3, 0x4a3, 0x4a3, 0x4a3, 0x4a3, 0x4a3, 0x4a3, 0x4a3, 0x1a0, 0x1a0, 0x1a0, 0x1a0, 0x1a0,
			0x1a0, 0x8e3, 0x8e3, 0x8e3, 0x8e3, 0x8e3, 0x8e3, 0x0e3, 0x0e3, 0x0e3, 0x0e3, 0x0e3, 0x0e3, 0x0e3, 0x0e3, 0x0e3,
			0x0e3, 0x0e3, 0x0e3, 0x0e3, 0x0e3, 0x0e3, 0x0e3, 0x0e3, 0x0e3, 0x0e3, 0x0e3, 0x1a0, 0x1a0, 0x1a0, 0x1a0, 0x008,
			0x008, 0x008, 0x008, 0x008, 0x008, 0x008, 0x008, 0x008, 0x008, 0x008, 0x008, 0x008, 0x008, 0x008, 0x008, 0x008,
			0x008, 0x008, 0x008, 0x008, 0x008, 0x008, 0x008, 0x008, 0x008, 0x008, 0x008, 0x008, 0x008, 0x008, 0x008, 0x008,
			0x1a0, 0x4a3, 0x4a3, 0x4a3, 0x4a3, 0x4a3, 0x4a3, 0x4a3, 0x4a3, 0x4a3, 0x4a3, 0x4a3, 0x4a3, 0x1a0, 0x4a3, 0x4a3,
			0x4a3, 0x4a3, 0x4a3, 0x4a3, 0x4a3, 0x4a3, 0x4a3, 0x4a3, 0x4a3, 0x4a3, 0x4a3, 0x4a3, 0x4a3, 0x4a3, 0x4a3, 0x4a3,
			0x4a3, 0x4a3, 0x4a3, 0x4a3, 0x4a3, 0x4a3, 0x4a3, 0x4a3, 0x4a3, 0x4a3, 0x4a3, 0x4a3, 0x4a3, 0x4a3, 0x4a3, 0x4a3,
			0x0e3, 0x0e3, 0x0e3, 0x0e3, 0x0e3, 0x0e3, 0x0e3, 0x0e3, 0x0e3, 0x0e3, 0x0e3, 0x0e3, 0x0e3, 0x0e3, 0x0e3, 0x0e3,
			0x0e3, 0x0e3, 0x0e3, 0x0e3, 0x0e3, 0x0e3, 0x0e3, 0x0e3, 0x0e3, 0x0e3, 0x0e3, 0x0e3, 0x0e3, 0x0e3, 0x0e3, 0x0e3,
			0x1a0, 0x0e3, 0x0e3, 0x0e3, 0x0e3, 0x0e3, 0x0e3, 0x0e3, 0x0e3, 0x0e3, 0x0e3, 0x0e3, 0x0e3, 0x1a0, 0x0e3, 0x0e3,
		},
		"ru_RU.koi8r": {
			0x008, 0x008, 0x008, 0x008, 0x008, 0x008, 0x008, 0x008, 0x008, 0x20c, 0x208, 0x208, 0x208, 0x208, 0x008, 0x008,
			0x008, 0x008, 0x008, 0x008, 0x008, 0x008, 0x008, 0x008, 0x008, 0x008, 0x008, 0x008, 0x008, 0x008, 0x008, 0x008,
			0x284, 0x1a0, 0x1a0, 0x1a0, 0x1a0, 0x1a0, 0x1a0, 0x1a0, 0x1a0, 0x1a0, 0x1a0, 0x1a0, 0x1a0, 0x1a0, 0x1a0, 0x1a0,
			0x8b1, 0x8b1, 0x8b1, 0x8b1, 0x8b1, 0x8b1, 0x8b1, 0x8b1, 0x8b1, 0x8b1, 0x1a0, 0x1a0, 0x1a0, 0x1a0, 0x1a0, 0x1a0,
			0x1a0, 0xca3, 0xca3, 0xca3, 0xca3, 0xca3, 0xca3, 0x4a3, 0x4a3, 0x4a3, 0x4a3, 0x4a3, 0x4a3, 0x4a3, 0x4a3, 0x4a3,
			0x4a3, 0x4a3, 0x4a3, 0x4a3, 0x4a3, 0x4a3, 0x4a3, 0x4a3, 0x4a3, 0x4a3, 0x4a3, 0x1a0, 0x1a0, 0x1a0, 0x1a0, 0x1a0,
			0x1a0, 0x8e3, 0x8e3, 0x8e3, 0x8e3, 0x8e3, 0x8e3, 0x0e3, 0x0e3, 0x0e3, 0x0e3, 0x0e3, 0x0e3, 0x0e3, 0x0e3, 0x0e3,
			0x0e3, 0x0e3, 0x0e3, 0x0e3, 0x0e3, 0x0e3, 0x0e3, 0x0e3, 0x0e3, 0x0e3, 0x0e3, 0x1a0, 0x1a0, 0x1a0, 0x1a0, 0x008,
			0x1a0, 0x1a0, 0x1a0, 0x1a0, 0x1a0, 0x1a0, 0x1a0, 0x1a0, 0x1a0, 0x1a0, 0x1a0, 0x1a0, 0x1a0, 0x1a0, 0x1a0, 0x1a0,
			0x1a0, 0x1a0, 0x1a0, 0x1a0, 0x1a0, 0x1a0, 0x1a0, 0x1a0, 0x1a0, 0x1a0, 0x1a0, 0x1a0, 0x1a0, 0x1a0, 0x1a0, 0x1a0,
			0x1a0, 0x1a0, 0x1a0, 0x0e3, 0x1a0, 0x1a0, 0x1a0, 0x1a0, 0x1a0, 0x1a0, 0x1a0, 0x1a0, 0x1a0, 0x1a0, 0x1a0, 0x1a0,
			0x1a0, 0x1a0, 0x1a0, 0x4a3, 0x1a0, 0x1a0, 0x1a0, 0x1a0, 0x1a0, 0x1a0, 0x1a0, 0x1a0, 0x1a0, 0x1a0, 0x1a0, 0x1a0,
			0x0e3, 0x0e3, 0x0e3, 0x0e3, 0x0e3, 0x0e3, 0x0e3, 0x0e3, 0x0e3, 0x0e3, 0x0e3, 0x0e3, 0x0e3, 0x0e3, 0x0e3, 0x0e3,
			0x0e3, 0x0e3, 0x0e3, 0x0e3, 0x0e3, 0x0e3, 0x0e3, 0x0e3, 0x0e3, 0x0e3, 0x0e3, 0x0e3, 0x0e3, 0x0e3, 0x0e3, 0x0e3,
			0x4a3, 0x4a3, 0x4a3, 0x4a3, 0x4a3, 0x4a3, 0x4a3, 0x4a3, 0x4a3, 0x4a3, 0x4a3, 0x4a3, 0x4a3, 0x4a3, 0x4a3, 0x4a3,
			0x4a3, 0x4a3, 0x4a3, 0x4a3, 0x4a3, 0x4a3, 0x4a3, 0x4a3, 0x4a3, 0x4a3, 0x4a3, 0x4a3, 0x4a3, 0x4a3, 0x4a3, 0x4a3,
		},
		"ru_RU.utf8": {
			0x008, 0x008, 0x008, 0x008, 0x008, 0x008, 0x008, 0x008, 0x008, 0x20c, 0x208, 0x208, 0x208, 0x208, 0x008, 0x008,
			0x008, 0x008, 0x008, 0x008, 0x008, 0x008, 0x008, 0x008, 0x008, 0x008, 0x008, 0x008, 0x008, 0x008, 0x008, 0x008,
			0x284, 0x1a0, 0x1a0, 0x1a0, 0x1a0, 0x1a0, 0x1a0, 0x1a0, 0x1a0, 0x1a0, 0x1a0, 0x1a0, 0x1a0, 0x1a0, 0x1a0, 0x1a0,
			0x8b1, 0x8b1, 0x8b1, 0x8b1, 0x8b1, 0x8b1, 0x8b1, 0x8b1, 0x8b1, 0x8b1, 0x1a0, 0x1a0, 0x1a0, 0x1a0, 0x1a0, 0x1a0,
			0x1a0, 0xca3, 0xca3, 0xca3, 0xca3, 0xca3, 0xca3, 0x4a3, 0x4a3, 0x4a3, 0x4a3, 0x4a3, 0x4a3, 0x4a3, 0x4a3, 0x4a3,
			0x4a3, 0x4a3, 0x4a3, 0x4a3, 0x4a3, 0x4a3, 0x4a3, 0x4a3, 0x4a3, 0x4a3, 0x4a3, 0x1a0, 0x1a0, 0x1a0, 0x1a0, 0x1a0,
			0x1a0, 0x8e3, 0x8e3, 0x8e3, 0x8e3, 0x8e3, 0x8e3, 0x0e3, 0x0e3, 0x0e3, 0x0e3, 0x0e3, 0x0e3, 0x0e3, 0x0e3, 0x0e3,
			0x0e3, 0x0e3, 0x0e3, 0x0e3, 0x0e3, 0x0e3, 0x0e3, 0x0e3, 0x0e3, 0x0e3, 0x0e3, 0x1a0, 0x1a0, 0x1a0, 0x1a0, 0x008,
			0x000, 0x000, 0x000, 0x000, 0x000, 0x000, 0x000, 0x000, 0x000, 0x000, 0x000, 0x000, 0x000, 0x000, 0x000, 0x000,
			0x000, 0x000, 0x000, 0x000, 0x000, 0x000, 0x000, 0x000, 0x000, 0x000, 0x000, 0x000, 0x000, 0x000, 0x000, 0x000,
			0x000, 0x000, 0x000, 0x000, 0x000, 0x000, 0x000, 0x000, 0x000, 0x000, 0x000, 0x000, 0x000, 0x000, 0x000, 0x000,
			0x000, 0x000, 0x000, 0x000, 0x000, 0x000, 0x000, 0x000, 0x000, 0x000, 0x000, 0x000, 0x000, 0x000, 0x000, 0x000,
			0x000, 0x000, 0x000, 0x000, 0x000, 0x000, 0x000, 0x000, 0x000, 0x000, 0x000, 0x000, 0x000, 0x000, 0x000, 0x000,
			0x000, 0x000, 0x000, 0x000, 0x000, 0x000, 0x000, 0x000, 0x000, 0x000, 0x000, 0x000, 0x000, 0x000, 0x000, 0x000,
			0x000, 0x000, 0x000, 0x000, 0x000, 0x000, 0x000, 0x000, 0x000, 0x000, 0x000, 0x000, 0x000, 0x000, 0x000, 0x000,
			0x000, 0x000, 0x000, 0x000, 0x000, 0x000, 0x000, 0x000, 0x000, 0x000, 0x000, 0x000, 0x000, 0x000, 0x000, 0x000,
		},
		"ru_UA": {
			0x008, 0x008, 0x008, 0x008, 0x008, 0x008, 0x008, 0x008, 0x008, 0x20c, 0x208, 0x208, 0x208, 0x208, 0x008, 0x008,
			0x008, 0x008, 0x008, 0x008, 0x008, 0x008, 0x008, 0x008, 0x008, 0x008, 0x008, 0x008, 0x008, 0x008, 0x008, 0x008,
			0x284, 0x1a0, 0x1a0, 0x1a0, 0x1a0, 0x1a0, 0x1a0, 0x1a0, 0x1a0, 0x1a0, 0x1a0, 0x1a0, 0x1a0, 0x1a0, 0x1a0, 0x1a0,
			0x8b1, 0x8b1, 0x8b1, 0x8b1, 0x8b1, 0x8b1, 0x8b1, 0x8b1, 0x8b1, 0x8b1, 0x1a0, 0x1a0, 0x1a0, 0x1a0, 0x1a0, 0x1a0,
			0x1a0, 0xca3, 0xca3, 0xca3, 0xca3, 0xca3, 0xca3, 0x4a3, 0x4a3, 0x4a3, 0x4a3, 0x4a3, 0x4a3, 0x4a3, 0x4a3, 0x4a3,
			0x4a3, 0x4a3, 0x4a3, 0x4a3, 0x4a3, 0x4a3, 0x4a3, 0x4a3, 0x4a3, 0x4a3, 0x4a3, 0x1a0, 0x1a0, 0x1a0, 0x1a0, 0x1a0,
			0x1a0, 0x8e3, 0x8e3, 0x8e3, 0x8e3, 0x8e3, 0x8e3, 0x0e3, 0x0e3, 0x0e3, 0x0e3, 0x0e3, 0x0e3, 0x0e3, 0x0e3, 0x0e3,
			0x0e3, 0x0e3, 0x0e3, 0x0e3, 0x0e3, 0x0e3, 0x0e3, 0x0e3, 0x0e3, 0x0e3, 0x0e3, 0x1a0, 0x1a0, 0x1a0, 0x1a0, 0x008,
			0x1a0, 0x1a0, 0x1a0, 0x1a0, 0x1a0, 0x1a0, 0x1a0, 0x1a0, 0x1a0, 0x1a0, 0x1a0, 0x1a0, 0x1a0, 0x1a0, 0x1a0, 0x1a0,
			0x1a0, 0x1a0, 0x1a0, 0x1a0, 0x1a0, 0x1a0, 0x1a0, 0x1a0, 0x1a0, 0x1a0, 0x1a0, 0x1a0, 0x1a0, 0x1a0, 0x1a0, 0x1a0,
			0x1a0, 0x1a0, 0x1a0, 0x0e3, 0x0e3, 0x1a0, 0x0e3, 0x0e3, 0x1a0, 0x1a0, 0x1a0, 0x1a0, 0x1a0, 0x0e3, 0x1a0, 0x1a0,
			0x1a0, 0x1a0, 0x1a0, 0x4a3, 0x4a3, 0x1a0, 0x4a3, 0x4a3, 0x1a0, 0x1a0, 0x1a0, 0x1a0, 0x1a0, 0x4a3, 0x1a0, 0x1a0,
			0x0e3, 0x0e3, 0x0e3, 0x0e3, 0x0e3, 0x0e3, 0x0e3, 0x0e3, 0x0e3, 0x0e3, 0x0e3, 0x0e3, 0x0e3, 0x0e3, 0x0e3, 0x0e3,
			0x0e3, 0x0e3, 0x0e3, 0x0e3, 0x0e3, 0x0e3, 0x0e3, 0x0e3, 0x0e3, 0x0e3, 0x0e3, 0x0e3, 0x0e3, 0x0e3, 0x0e3, 0x0e3,
			0x4a3, 0x4a3, 0x4a3, 0x4a3, 0x4a3, 0x4a3, 0x4a3, 0x4a3, 0x4a3, 0x4a3, 0x4a3, 0x4a3, 0x4a3, 0x4a3, 0x4a3, 0x4a3,
			0x4a3, 0x4a3, 0x4a3, 0x4a3, 0x4a3, 0x4a3, 0x4a3, 0x4a3, 0x4a3, 0x4a3, 0x4a3, 0x4a3, 0x4a3, 0x4a3, 0x4a3, 0x4a3,
		},
		"ru_UA.utf8": {
			0x008, 0x008, 0x008, 0x008, 0x008, 0x008, 0x008, 0x008, 0x008, 0x20c, 0x208, 0x208, 0x208, 0x208, 0x008, 0x008,
			0x008, 0x008, 0x008, 0x008, 0x008, 0x008, 0x008, 0x008, 0x008, 0x008, 0x008, 0x008, 0x008, 0x008, 0x008, 0x008,
			0x284, 0x1a0, 0x1a0, 0x1a0, 0x1a0, 0x1a0, 0x1a0, 0x1a0, 0x1a0, 0x1a0, 0x1a0, 0x1a0, 0x1a0, 0x1a0, 0x1a0, 0x1a0,
			0x8b1, 0x8b1, 0x8b1, 0x8b1, 0x8b1, 0x8b1, 0x8b1, 0x8b1, 0x8b1, 0x8b1, 0x1a0, 0x1a0, 0x1a0, 0x1a0, 0x1a0, 0x1a0,
			0x1a0, 0xca3, 0xca3, 0xca3, 0xca3, 0xca3, 0xca3, 0x4a3, 0x4a3, 0x4a3, 0x4a3, 0x4a3, 0x4a3, 0x4a3, 0x4a3, 0x4a3,
			0x4a3, 0x4a3, 0x4a3, 0x4a3, 0x4a3, 0x4a3, 0x4a3, 0x4a3, 0x4a3, 0x4a3, 0x4a3, 0x1a0, 0x1a0, 0x1a0, 0x1a0, 0x1a0,
			0x1a0, 0x8e3, 0x8e3, 0x8e3, 0x8e3, 0x8e3, 0x8e3, 0x0e3, 0x0e3, 0x0e3, 0x0e3, 0x0e3, 0x0e3, 0x0e3, 0x0e3, 0x0e3,
			0x0e3, 0x0e3, 0x0e3, 0x0e3, 0x0e3, 0x0e3, 0x0e3, 0x0e3, 0x0e3, 0x0e3, 0x0e3, 0x1a0, 0x1a0, 0x1a0, 0x1a0, 0x008,
			0x000, 0x000, 0x000, 0x000, 0x000, 0x000, 0x000, 0x000, 0x000, 0x000, 0x000, 0x000, 0x000, 0x000, 0x000, 0x000,
			0x000, 0x000, 0x000, 0x000, 0x000, 0x000, 0x000, 0x000, 0x000, 0x000, 0x000, 0x000, 0x000, 0x000, 0x000, 0x000,
			0x000, 0x000, 0x000, 0x000, 0x000, 0x000, 0x000, 0x000, 0x000, 0x000, 0x000, 0x000, 0x000, 0x000, 0x000, 0x000,
			0x000, 0x000, 0x000, 0x000, 0x000, 0x000, 0x000, 0x000, 0x000, 0x000, 0x000, 0x000, 0x000, 0x000, 0x000, 0x000,
			0x000, 0x000, 0x000, 0x000, 0x000, 0x000, 0x000, 0x000, 0x000, 0x000, 0x000, 0x000, 0x000, 0x000, 0x000, 0x000,
			0x000, 0x000, 0x000, 0x000, 0x000, 0x000, 0x000, 0x000, 0x000, 0x000, 0x000, 0x000, 0x000, 0x000, 0x000, 0x000,
			0x000, 0x000, 0x000, 0x000, 0x000, 0x000, 0x000, 0x000, 0x000, 0x000, 0x000, 0x000, 0x000, 0x000, 0x000, 0x000,
			0x000, 0x000, 0x000, 0x000, 0x000, 0x000, 0x000, 0x000, 0x000, 0x000, 0x000, 0x000, 0x000, 0x000, 0x000, 0x000,
		},
		"rw_RW": {
			0x008, 0x008, 0x008, 0x008, 0x008, 0x008, 0x008, 0x008, 0x008, 0x20c, 0x208, 0x208, 0x208, 0x208, 0x008, 0x008,
			0x008, 0x008, 0x008, 0x008, 0x008, 0x008, 0x008, 0x008, 0x008, 0x008, 0x008, 0x008, 0x008, 0x008, 0x008, 0x008,
			0x284, 0x1a0, 0x1a0, 0x1a0, 0x1a0, 0x1a0, 0x1a0, 0x1a0, 0x1a0, 0x1a0, 0x1a0, 0x1a0, 0x1a0, 0x1a0, 0x1a0, 0x1a0,
			0x8b1, 0x8b1, 0x8b1, 0x8b1, 0x8b1, 0x8b1, 0x8b1, 0x8b1, 0x8b1, 0x8b1, 0x1a0, 0x1a0, 0x1a0, 0x1a0, 0x1a0, 0x1a0,
			0x1a0, 0xca3, 0xca3, 0xca3, 0xca3, 0xca3, 0xca3, 0x4a3, 0x4a3, 0x4a3, 0x4a3, 0x4a3, 0x4a3, 0x4a3, 0x4a3, 0x4a3,
			0x4a3, 0x4a3, 0x4a3, 0x4a3, 0x4a3, 0x4a3, 0x4a3, 0x4a3, 0x4a3, 0x4a3, 0x4a3, 0x1a0, 0x1a0, 0x1a0, 0x1a0, 0x1a0,
			0x1a0, 0x8e3, 0x8e3, 0x8e3, 0x8e3, 0x8e3, 0x8e3, 0x0e3, 0x0e3, 0x0e3, 0x0e3, 0x0e3, 0x0e3, 0x0e3, 0x0e3, 0x0e3,
			0x0e3, 0x0e3, 0x0e3, 0x0e3, 0x0e3, 0x0e3, 0x0e3, 0x0e3, 0x0e3, 0x0e3, 0x0e3, 0x1a0, 0x1a0, 0x1a0, 0x1a0, 0x008,
			0x000, 0x000, 0x000, 0x000, 0x000, 0x000, 0x000, 0x000, 0x000, 0x000, 0x000, 0x000, 0x000, 0x000, 0x000, 0x000,
			0x000, 0x000, 0x000, 0x000, 0x000, 0x000, 0x000, 0x000, 0x000, 0x000, 0x000, 0x000, 0x000, 0x000, 0x000, 0x000,
			0x000, 0x000, 0x000, 0x000, 0x000, 0x000, 0x000, 0x000, 0x000, 0x000, 0x000, 0x000, 0x000, 0x000, 0x000, 0x000,
			0x000, 0x000, 0x000, 0x000, 0x000, 0x000, 0x000, 0x000, 0x000, 0x000, 0x000, 0x000, 0x000, 0x000, 0x000, 0x000,
			0x000, 0x000, 0x000, 0x000, 0x000, 0x000, 0x000, 0x000, 0x000, 0x000, 0x000, 0x000, 0x000, 0x000, 0x000, 0x000,
			0x000, 0x000, 0x000, 0x000, 0x000, 0x000, 0x000, 0x000, 0x000, 0x000, 0x000, 0x000, 0x000, 0x000, 0x000, 0x000,
			0x000, 0x000, 0x000, 0x000, 0x000, 0x000, 0x000, 0x000, 0x000, 0x000, 0x000, 0x000, 0x000, 0x000, 0x000, 0x000,
			0x000, 0x000, 0x000, 0x000, 0x000, 0x000, 0x000, 0x000, 0x000, 0x000, 0x000, 0x000, 0x000, 0x000, 0x000, 0x000,
		},
		"sa_IN": {
			0x008, 0x008, 0x008, 0x008, 0x008, 0x008, 0x008, 0x008, 0x008, 0x20c, 0x208, 0x208, 0x208, 0x208, 0x008, 0x008,
			0x008, 0x008, 0x008, 0x008, 0x008, 0x008, 0x008, 0x008, 0x008, 0x008, 0x008, 0x008, 0x008, 0x008, 0x008, 0x008,
			0x284, 0x1a0, 0x1a0, 0x1a0, 0x1a0, 0x1a0, 0x1a0, 0x1a0, 0x1a0, 0x1a0, 0x1a0, 0x1a0, 0x1a0, 0x1a0, 0x1a0, 0x1a0,
			0x8b1, 0x8b1, 0x8b1, 0x8b1, 0x8b1, 0x8b1, 0x8b1, 0x8b1, 0x8b1, 0x8b1, 0x1a0, 0x1a0, 0x1a0, 0x1a0, 0x1a0, 0x1a0,
			0x1a0, 0xca3, 0xca3, 0xca3, 0xca3, 0xca3, 0xca3, 0x4a3, 0x4a3, 0x4a3, 0x4a3, 0x4a3, 0x4a3, 0x4a3, 0x4a3, 0x4a3,
			0x4a3, 0x4a3, 0x4a3, 0x4a3, 0x4a3, 0x4a3, 0x4a3, 0x4a3, 0x4a3, 0x4a3, 0x4a3, 0x1a0, 0x1a0, 0x1a0, 0x1a0, 0x1a0,
			0x1a0, 0x8e3, 0x8e3, 0x8e3, 0x8e3, 0x8e3, 0x8e3, 0x0e3, 0x0e3, 0x0e3, 0x0e3, 0x0e3, 0x0e3, 0x0e3, 0x0e3, 0x0e3,
			0x0e3, 0x0e3, 0x0e3, 0x0e3, 0x0e3, 0x0e3, 0x0e3, 0x0e3, 0x0e3, 0x0e3, 0x0e3, 0x1a0, 0x1a0, 0x1a0, 0x1a0, 0x008,
			0x000, 0x000, 0x000, 0x000, 0x000, 0x000, 0x000, 0x000, 0x000, 0x000, 0x000, 0x000, 0x000, 0x000, 0x000, 0x000,
			0x000, 0x000, 0x000, 0x000, 0x000, 0x000, 0x000, 0x000, 0x000, 0x000, 0x000, 0x000, 0x000, 0x000, 0x000, 0x000,
			0x000, 0x000, 0x000, 0x000, 0x000, 0x000, 0x000, 0x000, 0x000, 0x000, 0x000, 0x000, 0x000, 0x000, 0x000, 0x000,
			0x000, 0x000, 0x000, 0x000, 0x000, 0x000, 0x000, 0x000, 0x000, 0x000, 0x000, 0x000, 0x000, 0x000, 0x000, 0x000,
			0x000, 0x000, 0x000, 0x000, 0x000, 0x000, 0x000, 0x000, 0x000, 0x000, 0x000, 0x000, 0x000, 0x000, 0x000, 0x000,
			0x000, 0x000, 0x000, 0x000, 0x000, 0x000, 0x000, 0x000, 0x000, 0x000, 0x000, 0x000, 0x000, 0x000, 0x000, 0x000,
			0x000, 0x000, 0x000, 0x000, 0x000, 0x000, 0x000, 0x000, 0x000, 0x000, 0x000, 0x000, 0x000, 0x000, 0x000, 0x000,
			0x000, 0x000, 0x000, 0x000, 0x000, 0x000, 0x000, 0x000, 0x000, 0x000, 0x000, 0x000, 0x000, 0x000, 0x000, 0x000,
		},
		"sat_IN": {
			0x008, 0x008, 0x008, 0x008, 0x008, 0x008, 0x008, 0x008, 0x008, 0x20c, 0x208, 0x208, 0x208, 0x208, 0x008, 0x008,
			0x008, 0x008, 0x008, 0x008, 0x008, 0x008, 0x008, 0x008, 0x008, 0x008, 0x008, 0x008, 0x008, 0x008, 0x008, 0x008,
			0x284, 0x1a0, 0x1a0, 0x1a0, 0x1a0, 0x1a0, 0x1a0, 0x1a0, 0x1a0, 0x1a0, 0x1a0, 0x1a0, 0x1a0, 0x1a0, 0x1a0, 0x1a0,
			0x8b1, 0x8b1, 0x8b1, 0x8b1, 0x8b1, 0x8b1, 0x8b1, 0x8b1, 0x8b1, 0x8b1, 0x1a0, 0x1a0, 0x1a0, 0x1a0, 0x1a0, 0x1a0,
			0x1a0, 0xca3, 0xca3, 0xca3, 0xca3, 0xca3, 0xca3, 0x4a3, 0x4a3, 0x4a3, 0x4a3, 0x4a3, 0x4a3, 0x4a3, 0x4a3, 0x4a3,
			0x4a3, 0x4a3, 0x4a3, 0x4a3, 0x4a3, 0x4a3, 0x4a3, 0x4a3, 0x4a3, 0x4a3, 0x4a3, 0x1a0, 0x1a0, 0x1a0, 0x1a0, 0x1a0,
			0x1a0, 0x8e3, 0x8e3, 0x8e3, 0x8e3, 0x8e3, 0x8e3, 0x0e3, 0x0e3, 0x0e3, 0x0e3, 0x0e3, 0x0e3, 0x0e3, 0x0e3, 0x0e3,
			0x0e3, 0x0e3, 0x0e3, 0x0e3, 0x0e3, 0x0e3, 0x0e3, 0x0e3, 0x0e3, 0x0e3, 0x0e3, 0x1a0, 0x1a0, 0x1a0, 0x1a0, 0x008,
			0x000, 0x000, 0x000, 0x000, 0x000, 0x000, 0x000, 0x000, 0x000, 0x000, 0x000, 0x000, 0x000, 0x000, 0x000, 0x000,
			0x000, 0x000, 0x000, 0x000, 0x000, 0x000, 0x000, 0x000, 0x000, 0x000, 0x000, 0x000, 0x000, 0x000, 0x000, 0x000,
			0x000, 0x000, 0x000, 0x000, 0x000, 0x000, 0x000, 0x000, 0x000, 0x000, 0x000, 0x000, 0x000, 0x000, 0x000, 0x000,
			0x000, 0x000, 0x000, 0x000, 0x000, 0x000, 0x000, 0x000, 0x000, 0x000, 0x000, 0x000, 0x000, 0x000, 0x000, 0x000,
			0x000, 0x000, 0x000, 0x000, 0x000, 0x000, 0x000, 0x000, 0x000, 0x000, 0x000, 0x000, 0x000, 0x000, 0x000, 0x000,
			0x000, 0x000, 0x000, 0x000, 0x000, 0x000, 0x000, 0x000, 0x000, 0x000, 0x000, 0x000, 0x000, 0x000, 0x000, 0x000,
			0x000, 0x000, 0x000, 0x000, 0x000, 0x000, 0x000, 0x000, 0x000, 0x000, 0x000, 0x000, 0x000, 0x000, 0x000, 0x000,
			0x000, 0x000, 0x000, 0x000, 0x000, 0x000, 0x000, 0x000, 0x000, 0x000, 0x000, 0x000, 0x000, 0x000, 0x000, 0x000,
		},
		"sc_IT": {
			0x008, 0x008, 0x008, 0x008, 0x008, 0x008, 0x008, 0x008, 0x008, 0x20c, 0x208, 0x208, 0x208, 0x208, 0x008, 0x008,
			0x008, 0x008, 0x008, 0x008, 0x008, 0x008, 0x008, 0x008, 0x008, 0x008, 0x008, 0x008, 0x008, 0x008, 0x008, 0x008,
			0x284, 0x1a0, 0x1a0, 0x1a0, 0x1a0, 0x1a0, 0x1a0, 0x1a0, 0x1a0, 0x1a0, 0x1a0, 0x1a0, 0x1a0, 0x1a0, 0x1a0, 0x1a0,
			0x8b1, 0x8b1, 0x8b1, 0x8b1, 0x8b1, 0x8b1, 0x8b1, 0x8b1, 0x8b1, 0x8b1, 0x1a0, 0x1a0, 0x1a0, 0x1a0, 0x1a0, 0x1a0,
			0x1a0, 0xca3, 0xca3, 0xca3, 0xca3, 0xca3, 0xca3, 0x4a3, 0x4a3, 0x4a3, 0x4a3, 0x4a3, 0x4a3, 0x4a3, 0x4a3, 0x4a3,
			0x4a3, 0x4a3, 0x4a3, 0x4a3, 0x4a3, 0x4a3, 0x4a3, 0x4a3, 0x4a3, 0x4a3, 0x4a3, 0x1a0, 0x1a0, 0x1a0, 0x1a0, 0x1a0,
			0x1a0, 0x8e3, 0x8e3, 0x8e3, 0x8e3, 0x8e3, 0x8e3, 0x0e3, 0x0e3, 0x0e3, 0x0e3, 0x0e3, 0x0e3, 0x0e3, 0x0e3, 0x0e3,
			0x0e3, 0x0e3, 0x0e3, 0x0e3, 0x0e3, 0x0e3, 0x0e3, 0x0e3, 0x0e3, 0x0e3, 0x0e3, 0x1a0, 0x1a0, 0x1a0, 0x1a0, 0x008,
			0x000, 0x000, 0x000, 0x000, 0x000, 0x000, 0x000, 0x000, 0x000, 0x000, 0x000, 0x000, 0x000, 0x000, 0x000, 0x000,
			0x000, 0x000, 0x000, 0x000, 0x000, 0x000, 0x000, 0x000, 0x000, 0x000, 0x000, 0x000, 0x000, 0x000, 0x000, 0x000,
			0x000, 0x000, 0x000, 0x000, 0x000, 0x000, 0x000, 0x000, 0x000, 0x000, 0x000, 0x000, 0x000, 0x000, 0x000, 0x000,
			0x000, 0x000, 0x000, 0x000, 0x000, 0x000, 0x000, 0x000, 0x000, 0x000, 0x000, 0x000, 0x000, 0x000, 0x000, 0x000,
			0x000, 0x000, 0x000, 0x000, 0x000, 0x000, 0x000, 0x000, 0x000, 0x000, 0x000, 0x000, 0x000, 0x000, 0x000, 0x000,
			0x000, 0x000, 0x000, 0x000, 0x000, 0x000, 0x000, 0x000, 0x000, 0x000, 0x000, 0x000, 0x000, 0x000, 0x000, 0x000,
			0x000, 0x000, 0x000, 0x000, 0x000, 0x000, 0x000, 0x000, 0x000, 0x000, 0x000, 0x000, 0x000, 0x000, 0x000, 0x000,
			0x000, 0x000, 0x000, 0x000, 0x000, 0x000, 0x000, 0x000, 0x000, 0x000, 0x000, 0x000, 0x000, 0x000, 0x000, 0x000,
		},
		"sd_IN": {
			0x008, 0x008, 0x008, 0x008, 0x008, 0x008, 0x008, 0x008, 0x008, 0x20c, 0x208, 0x208, 0x208, 0x208, 0x008, 0x008,
			0x008, 0x008, 0x008, 0x008, 0x008, 0x008, 0x008, 0x008, 0x008, 0x008, 0x008, 0x008, 0x008, 0x008, 0x008, 0x008,
			0x284, 0x1a0, 0x1a0, 0x1a0, 0x1a0, 0x1a0, 0x1a0, 0x1a0, 0x1a0, 0x1a0, 0x1a0, 0x1a0, 0x1a0, 0x1a0, 0x1a0, 0x1a0,
			0x8b1, 0x8b1, 0x8b1, 0x8b1, 0x8b1, 0x8b1, 0x8b1, 0x8b1, 0x8b1, 0x8b1, 0x1a0, 0x1a0, 0x1a0, 0x1a0, 0x1a0, 0x1a0,
			0x1a0, 0xca3, 0xca3, 0xca3, 0xca3, 0xca3, 0xca3, 0x4a3, 0x4a3, 0x4a3, 0x4a3, 0x4a3, 0x4a3, 0x4a3, 0x4a3, 0x4a3,
			0x4a3, 0x4a3, 0x4a3, 0x4a3, 0x4a3, 0x4a3, 0x4a3, 0x4a3, 0x4a3, 0x4a3, 0x4a3, 0x1a0, 0x1a0, 0x1a0, 0x1a0, 0x1a0,
			0x1a0, 0x8e3, 0x8e3, 0x8e3, 0x8e3, 0x8e3, 0x8e3, 0x0e3, 0x0e3, 0x0e3, 0x0e3, 0x0e3, 0x0e3, 0x0e3, 0x0e3, 0x0e3,
			0x0e3, 0x0e3, 0x0e3, 0x0e3, 0x0e3, 0x0e3, 0x0e3, 0x0e3, 0x0e3, 0x0e3, 0x0e3, 0x1a0, 0x1a0, 0x1a0, 0x1a0, 0x008,
			0x000, 0x000, 0x000, 0x000, 0x000, 0x000, 0x000, 0x000, 0x000, 0x000, 0x000, 0x000, 0x000, 0x000, 0x000, 0x000,
			0x000, 0x000, 0x000, 0x000, 0x000, 0x000, 0x000, 0x000, 0x000, 0x000, 0x000, 0x000, 0x000, 0x000, 0x000, 0x000,
			0x000, 0x000, 0x000, 0x000, 0x000, 0x000, 0x000, 0x000, 0x000, 0x000, 0x000, 0x000, 0x000, 0x000, 0x000, 0x000,
			0x000, 0x000, 0x000, 0x000, 0x000, 0x000, 0x000, 0x000, 0x000, 0x000, 0x000, 0x000, 0x000, 0x000, 0x000, 0x000,
			0x000, 0x000, 0x000, 0x000, 0x000, 0x000, 0x000, 0x000, 0x000, 0x000, 0x000, 0x000, 0x000, 0x000, 0x000, 0x000,
			0x000, 0x000, 0x000, 0x000, 0x000, 0x000, 0x000, 0x000, 0x000, 0x000, 0x000, 0x000, 0x000, 0x000, 0x000, 0x000,
			0x000, 0x000, 0x000, 0x000, 0x000, 0x000, 0x000, 0x000, 0x000, 0x000, 0x000, 0x000, 0x000, 0x000, 0x000, 0x000,
			0x000, 0x000, 0x000, 0x000, 0x000, 0x000, 0x000, 0x000, 0x000, 0x000, 0x000, 0x000, 0x000, 0x000, 0x000, 0x000,
		},
		"sd_IN@devanagari": {
			0x008, 0x008, 0x008, 0x008, 0x008, 0x008, 0x008, 0x008, 0x008, 0x20c, 0x208, 0x208, 0x208, 0x208, 0x008, 0x008,
			0x008, 0x008, 0x008, 0x008, 0x008, 0x008, 0x008, 0x008, 0x008, 0x008, 0x008, 0x008, 0x008, 0x008, 0x008, 0x008,
			0x284, 0x1a0, 0x1a0, 0x1a0, 0x1a0, 0x1a0, 0x1a0, 0x1a0, 0x1a0, 0x1a0, 0x1a0, 0x1a0, 0x1a0, 0x1a0, 0x1a0, 0x1a0,
			0x8b1, 0x8b1, 0x8b1, 0x8b1, 0x8b1, 0x8b1, 0x8b1, 0x8b1, 0x8b1, 0x8b1, 0x1a0, 0x1a0, 0x1a0, 0x1a0, 0x1a0, 0x1a0,
			0x1a0, 0xca3, 0xca3, 0xca3, 0xca3, 0xca3, 0xca3, 0x4a3, 0x4a3, 0x4a3, 0x4a3, 0x4a3, 0x4a3, 0x4a3, 0x4a3, 0x4a3,
			0x4a3, 0x4a3, 0x4a3, 0x4a3, 0x4a3, 0x4a3, 0x4a3, 0x4a3, 0x4a3, 0x4a3, 0x4a3, 0x1a0, 0x1a0, 0x1a0, 0x1a0, 0x1a0,
			0x1a0, 0x8e3, 0x8e3, 0x8e3, 0x8e3, 0x8e3, 0x8e3, 0x0e3, 0x0e3, 0x0e3, 0x0e3, 0x0e3, 0x0e3, 0x0e3, 0x0e3, 0x0e3,
			0x0e3, 0x0e3, 0x0e3, 0x0e3, 0x0e3, 0x0e3, 0x0e3, 0x0e3, 0x0e3, 0x0e3, 0x0e3, 0x1a0, 0x1a0, 0x1a0, 0x1a0, 0x008,
			0x000, 0x000, 0x000, 0x000, 0x000, 0x000, 0x000, 0x000, 0x000, 0x000, 0x000, 0x000, 0x000, 0x000, 0x000, 0x000,
			0x000, 0x000, 0x000, 0x000, 0x000, 0x000, 0x000, 0x000, 0x000, 0x000, 0x000, 0x000, 0x000, 0x000, 0x000, 0x000,
			0x000, 0x000, 0x000, 0x000, 0x000, 0x000, 0x000, 0x000, 0x000, 0x000, 0x000, 0x000, 0x000, 0x000, 0x000, 0x000,
			0x000, 0x000, 0x000, 0x000, 0x000, 0x000, 0x000, 0x000, 0x000, 0x000, 0x000, 0x000, 0x000, 0x000, 0x000, 0x000,
			0x000, 0x000, 0x000, 0x000, 0x000, 0x000, 0x000, 0x000, 0x000, 0x000, 0x000, 0x000, 0x000, 0x000, 0x000, 0x000,
			0x000, 0x000, 0x000, 0x000, 0x000, 0x000, 0x000, 0x000, 0x000, 0x000, 0x000, 0x000, 0x000, 0x000, 0x000, 0x000,
			0x000, 0x000, 0x000, 0x000, 0x000, 0x000, 0x000, 0x000, 0x000, 0x000, 0x000, 0x000, 0x000, 0x000, 0x000, 0x000,
			0x000, 0x000, 0x000, 0x000, 0x000, 0x000, 0x000, 0x000, 0x000, 0x000, 0x000, 0x000, 0x000, 0x000, 0x000, 0x000,
		},
		"se_NO": {
			0x008, 0x008, 0x008, 0x008, 0x008, 0x008, 0x008, 0x008, 0x008, 0x20c, 0x208, 0x208, 0x208, 0x208, 0x008, 0x008,
			0x008, 0x008, 0x008, 0x008, 0x008, 0x008, 0x008, 0x008, 0x008, 0x008, 0x008, 0x008, 0x008, 0x008, 0x008, 0x008,
			0x284, 0x1a0, 0x1a0, 0x1a0, 0x1a0, 0x1a0, 0x1a0, 0x1a0, 0x1a0, 0x1a0, 0x1a0, 0x1a0, 0x1a0, 0x1a0, 0x1a0, 0x1a0,
			0x8b1, 0x8b1, 0x8b1, 0x8b1, 0x8b1, 0x8b1, 0x8b1, 0x8b1, 0x8b1, 0x8b1, 0x1a0, 0x1a0, 0x1a0, 0x1a0, 0x1a0, 0x1a0,
			0x1a0, 0xca3, 0xca3, 0xca3, 0xca3, 0xca3, 0xca3, 0x4a3, 0x4a3, 0x4a3, 0x4a3, 0x4a3, 0x4a3, 0x4a3, 0x4a3, 0x4a3,
			0x4a3, 0x4a3, 0x4a3, 0x4a3, 0x4a3, 0x4a3, 0x4a3, 0x4a3, 0x4a3, 0x4a3, 0x4a3, 0x1a0, 0x1a0, 0x1a0, 0x1a0, 0x1a0,
			0x1a0, 0x8e3, 0x8e3, 0x8e3, 0x8e3, 0x8e3, 0x8e3, 0x0e3, 0x0e3, 0x0e3, 0x0e3, 0x0e3, 0x0e3, 0x0e3, 0x0e3, 0x0e3,
			0x0e3, 0x0e3, 0x0e3, 0x0e3, 0x0e3, 0x0e3, 0x0e3, 0x0e3, 0x0e3, 0x0e3, 0x0e3, 0x1a0, 0x1a0, 0x1a0, 0x1a0, 0x008,
			0x000, 0x000, 0x000, 0x000, 0x000, 0x000, 0x000, 0x000, 0x000, 0x000, 0x000, 0x000, 0x000, 0x000, 0x000, 0x000,
			0x000, 0x000, 0x000, 0x000, 0x000, 0x000, 0x000, 0x000, 0x000, 0x000, 0x000, 0x000, 0x000, 0x000, 0x000, 0x000,
			0x000, 0x000, 0x000, 0x000, 0x000, 0x000, 0x000, 0x000, 0x000, 0x000, 0x000, 0x000, 0x000, 0x000, 0x000, 0x000,
			0x000, 0x000, 0x000, 0x000, 0x000, 0x000, 0x000, 0x000, 0x000, 0x000, 0x000, 0x000, 0x000, 0x000, 0x000, 0x000,
			0x000, 0x000, 0x000, 0x000, 0x000, 0x000, 0x000, 0x000, 0x000, 0x000, 0x000, 0x000, 0x000, 0x000, 0x000, 0x000,
			0x000, 0x000, 0x000, 0x000, 0x000, 0x000, 0x000, 0x000, 0x000, 0x000, 0x000, 0x000, 0x000, 0x000, 0x000, 0x000,
			0x000, 0x000, 0x000, 0x000, 0x000, 0x000, 0x000, 0x000, 0x000, 0x000, 0x000, 0x000, 0x000, 0x000, 0x000, 0x000,
			0x000, 0x000, 0x000, 0x000, 0x000, 0x000, 0x000, 0x000, 0x000, 0x000, 0x000, 0x000, 0x000, 0x000, 0x000, 0x000,
		},
		"sgs_LT": {
			0x008, 0x008, 0x008, 0x008, 0x008, 0x008, 0x008, 0x008, 0x008, 0x20c, 0x208, 0x208, 0x208, 0x208, 0x008, 0x008,
			0x008, 0x008, 0x008, 0x008, 0x008, 0x008, 0x008, 0x008, 0x008, 0x008, 0x008, 0x008, 0x008, 0x008, 0x008, 0x008,
			0x284, 0x1a0, 0x1a0, 0x1a0, 0x1a0, 0x1a0, 0x1a0, 0x1a0, 0x1a0, 0x1a0, 0x1a0, 0x1a0, 0x1a0, 0x1a0, 0x1a0, 0x1a0,
			0x8b1, 0x8b1, 0x8b1, 0x8b1, 0x8b1, 0x8b1, 0x8b1, 0x8b1, 0x8b1, 0x8b1, 0x1a0, 0x1a0, 0x1a0, 0x1a0, 0x1a0, 0x1a0,
			0x1a0, 0xca3, 0xca3, 0xca3, 0xca3, 0xca3, 0xca3, 0x4a3, 0x4a3, 0x4a3, 0x4a3, 0x4a3, 0x4a3, 0x4a3, 0x4a3, 0x4a3,
			0x4a3, 0x4a3, 0x4a3, 0x4a3, 0x4a3, 0x4a3, 0x4a3, 0x4a3, 0x4a3, 0x4a3, 0x4a3, 0x1a0, 0x1a0, 0x1a0, 0x1a0, 0x1a0,
			0x1a0, 0x8e3, 0x8e3, 0x8e3, 0x8e3, 0x8e3, 0x8e3, 0x0e3, 0x0e3, 0x0e3, 0x0e3, 0x0e3, 0x0e3, 0x0e3, 0x0e3, 0x0e3,
			0x0e3, 0x0e3, 0x0e3, 0x0e3, 0x0e3, 0x0e3, 0x0e3, 0x0e3, 0x0e3, 0x0e3, 0x0e3, 0x1a0, 0x1a0, 0x1a0, 0x1a0, 0x008,
			0x000, 0x000, 0x000, 0x000, 0x000, 0x000, 0x000, 0x000, 0x000, 0x000, 0x000, 0x000, 0x000, 0x000, 0x000, 0x000,
			0x000, 0x000, 0x000, 0x000, 0x000, 0x000, 0x000, 0x000, 0x000, 0x000, 0x000, 0x000, 0x000, 0x000, 0x000, 0x000,
			0x000, 0x000, 0x000, 0x000, 0x000, 0x000, 0x000, 0x000, 0x000, 0x000, 0x000, 0x000, 0x000, 0x000, 0x000, 0x000,
			0x000, 0x000, 0x000, 0x000, 0x000, 0x000, 0x000, 0x000, 0x000, 0x000, 0x000, 0x000, 0x000, 0x000, 0x000, 0x000,
			0x000, 0x000, 0x000, 0x000, 0x000, 0x000, 0x000, 0x000, 0x000, 0x000, 0x000, 0x000, 0x000, 0x000, 0x000, 0x000,
			0x000, 0x000, 0x000, 0x000, 0x000, 0x000, 0x000, 0x000, 0x000, 0x000, 0x000, 0x000, 0x000, 0x000, 0x000, 0x000,
			0x000, 0x000, 0x000, 0x000, 0x000, 0x000, 0x000, 0x000, 0x000, 0x000, 0x000, 0x000, 0x000, 0x000, 0x000, 0x000,
			0x000, 0x000, 0x000, 0x000, 0x000, 0x000, 0x000, 0x000, 0x000, 0x000, 0x000, 0x000, 0x000, 0x000, 0x000, 0x000,
		},
		"shs_CA": {
			0x008, 0x008, 0x008, 0x008, 0x008, 0x008, 0x008, 0x008, 0x008, 0x20c, 0x208, 0x208, 0x208, 0x208, 0x008, 0x008,
			0x008, 0x008, 0x008, 0x008, 0x008, 0x008, 0x008, 0x008, 0x008, 0x008, 0x008, 0x008, 0x008, 0x008, 0x008, 0x008,
			0x284, 0x1a0, 0x1a0, 0x1a0, 0x1a0, 0x1a0, 0x1a0, 0x1a0, 0x1a0, 0x1a0, 0x1a0, 0x1a0, 0x1a0, 0x1a0, 0x1a0, 0x1a0,
			0x8b1, 0x8b1, 0x8b1, 0x8b1, 0x8b1, 0x8b1, 0x8b1, 0x8b1, 0x8b1, 0x8b1, 0x1a0, 0x1a0, 0x1a0, 0x1a0, 0x1a0, 0x1a0,
			0x1a0, 0xca3, 0xca3, 0xca3, 0xca3, 0xca3, 0xca3, 0x4a3, 0x4a3, 0x4a3, 0x4a3, 0x4a3, 0x4a3, 0x4a3, 0x4a3, 0x4a3,
			0x4a3, 0x4a3, 0x4a3, 0x4a3, 0x4a3, 0x4a3, 0x4a3, 0x4a3, 0x4a3, 0x4a3, 0x4a3, 0x1a0, 0x1a0, 0x1a0, 0x1a0, 0x1a0,
			0x1a0, 0x8e3, 0x8e3, 0x8e3, 0x8e3, 0x8e3, 0x8e3, 0x0e3, 0x0e3, 0x0e3, 0x0e3, 0x0e3, 0x0e3, 0x0e3, 0x0e3, 0x0e3,
			0x0e3, 0x0e3, 0x0e3, 0x0e3, 0x0e3, 0x0e3, 0x0e3, 0x0e3, 0x0e3, 0x0e3, 0x0e3, 0x1a0, 0x1a0, 0x1a0, 0x1a0, 0x008,
			0x000, 0x000, 0x000, 0x000, 0x000, 0x000, 0x000, 0x000, 0x000, 0x000, 0x000, 0x000, 0x000, 0x000, 0x000, 0x000,
			0x000, 0x000, 0x000, 0x000, 0x000, 0x000, 0x000, 0x000, 0x000, 0x000, 0x000, 0x000, 0x000, 0x000, 0x000, 0x000,
			0x000, 0x000, 0x000, 0x000, 0x000, 0x000, 0x000, 0x000, 0x000, 0x000, 0x000, 0x000, 0x000, 0x000, 0x000, 0x000,
			0x000, 0x000, 0x000, 0x000, 0x000, 0x000, 0x000, 0x000, 0x000, 0x000, 0x000, 0x000, 0x000, 0x000, 0x000, 0x000,
			0x000, 0x000, 0x000, 0x000, 0x000, 0x000, 0x000, 0x000, 0x000, 0x000, 0x000, 0x000, 0x000, 0x000, 0x000, 0x000,
			0x000, 0x000, 0x000, 0x000, 0x000, 0x000, 0x000, 0x000, 0x000, 0x000, 0x000, 0x000, 0x000, 0x000, 0x000, 0x000,
			0x000, 0x000, 0x000, 0x000, 0x000, 0x000, 0x000, 0x000, 0x000, 0x000, 0x000, 0x000, 0x000, 0x000, 0x000, 0x000,
			0x000, 0x000, 0x000, 0x000, 0x000, 0x000, 0x000, 0x000, 0x000, 0x000, 0x000, 0x000, 0x000, 0x000, 0x000, 0x000,
		},
		"si_LK": {
			0x008, 0x008, 0x008, 0x008, 0x008, 0x008, 0x008, 0x008, 0x008, 0x20c, 0x208, 0x208, 0x208, 0x208, 0x008, 0x008,
			0x008, 0x008, 0x008, 0x008, 0x008, 0x008, 0x008, 0x008, 0x008, 0x008, 0x008, 0x008, 0x008, 0x008, 0x008, 0x008,
			0x284, 0x1a0, 0x1a0, 0x1a0, 0x1a0, 0x1a0, 0x1a0, 0x1a0, 0x1a0, 0x1a0, 0x1a0, 0x1a0, 0x1a0, 0x1a0, 0x1a0, 0x1a0,
			0x8b1, 0x8b1, 0x8b1, 0x8b1, 0x8b1, 0x8b1, 0x8b1, 0x8b1, 0x8b1, 0x8b1, 0x1a0, 0x1a0, 0x1a0, 0x1a0, 0x1a0, 0x1a0,
			0x1a0, 0xca3, 0xca3, 0xca3, 0xca3, 0xca3, 0xca3, 0x4a3, 0x4a3, 0x4a3, 0x4a3, 0x4a3, 0x4a3, 0x4a3, 0x4a3, 0x4a3,
			0x4a3, 0x4a3, 0x4a3, 0x4a3, 0x4a3, 0x4a3, 0x4a3, 0x4a3, 0x4a3, 0x4a3, 0x4a3, 0x1a0, 0x1a0, 0x1a0, 0x1a0, 0x1a0,
			0x1a0, 0x8e3, 0x8e3, 0x8e3, 0x8e3, 0x8e3, 0x8e3, 0x0e3, 0x0e3, 0x0e3, 0x0e3, 0x0e3, 0x0e3, 0x0e3, 0x0e3, 0x0e3,
			0x0e3, 0x0e3, 0x0e3, 0x0e3, 0x0e3, 0x0e3, 0x0e3, 0x0e3, 0x0e3, 0x0e3, 0x0e3, 0x1a0, 0x1a0, 0x1a0, 0x1a0, 0x008,
			0x000, 0x000, 0x000, 0x000, 0x000, 0x000, 0x000, 0x000, 0x000, 0x000, 0x000, 0x000, 0x000, 0x000, 0x000, 0x000,
			0x000, 0x000, 0x000, 0x000, 0x000, 0x000, 0x000, 0x000, 0x000, 0x000, 0x000, 0x000, 0x000, 0x000, 0x000, 0x000,
			0x000, 0x000, 0x000, 0x000, 0x000, 0x000, 0x000, 0x000, 0x000, 0x000, 0x000, 0x000, 0x000, 0x000, 0x000, 0x000,
			0x000, 0x000, 0x000, 0x000, 0x000, 0x000, 0x000, 0x000, 0x000, 0x000, 0x000, 0x000, 0x000, 0x000, 0x000, 0x000,
			0x000, 0x000, 0x000, 0x000, 0x000, 0x000, 0x000, 0x000, 0x000, 0x000, 0x000, 0x000, 0x000, 0x000, 0x000, 0x000,
			0x000, 0x000, 0x000, 0x000, 0x000, 0x000, 0x000, 0x000, 0x000, 0x000, 0x000, 0x000, 0x000, 0x000, 0x000, 0x000,
			0x000, 0x000, 0x000, 0x000, 0x000, 0x000, 0x000, 0x000, 0x000, 0x000, 0x000, 0x000, 0x000, 0x000, 0x000, 0x000,
			0x000, 0x000, 0x000, 0x000, 0x000, 0x000, 0x000, 0x000, 0x000, 0x000, 0x000, 0x000, 0x000, 0x000, 0x000, 0x000,
		},
		"sid_ET": {
			0x008, 0x008, 0x008, 0x008, 0x008, 0x008, 0x008, 0x008, 0x008, 0x20c, 0x208, 0x208, 0x208, 0x208, 0x008, 0x008,
			0x008, 0x008, 0x008, 0x008, 0x008, 0x008, 0x008, 0x008, 0x008, 0x008, 0x008, 0x008, 0x008, 0x008, 0x008, 0x008,
			0x284, 0x1a0, 0x1a0, 0x1a0, 0x1a0, 0x1a0, 0x1a0, 0x1a0, 0x1a0, 0x1a0, 0x1a0, 0x1a0, 0x1a0, 0x1a0, 0x1a0, 0x1a0,
			0x8b1, 0x8b1, 0x8b1, 0x8b1, 0x8b1, 0x8b1, 0x8b1, 0x8b1, 0x8b1, 0x8b1, 0x1a0, 0x1a0, 0x1a0, 0x1a0, 0x1a0, 0x1a0,
			0x1a0, 0xca3, 0xca3, 0xca3, 0xca3, 0xca3, 0xca3, 0x4a3, 0x4a3, 0x4a3, 0x4a3, 0x4a3, 0x4a3, 0x4a3, 0x4a3, 0x4a3,
			0x4a3, 0x4a3, 0x4a3, 0x4a3, 0x4a3, 0x4a3, 0x4a3, 0x4a3, 0x4a3, 0x4a3, 0x4a3, 0x1a0, 0x1a0, 0x1a0, 0x1a0, 0x1a0,
			0x1a0, 0x8e3, 0x8e3, 0x8e3, 0x8e3, 0x8e3, 0x8e3, 0x0e3, 0x0e3, 0x0e3, 0x0e3, 0x0e3, 0x0e3, 0x0e3, 0x0e3, 0x0e3,
			0x0e3, 0x0e3, 0x0e3, 0x0e3, 0x0e3, 0x0e3, 0x0e3, 0x0e3, 0x0e3, 0x0e3, 0x0e3, 0x1a0, 0x1a0, 0x1a0, 0x1a0, 0x008,
			0x000, 0x000, 0x000, 0x000, 0x000, 0x000, 0x000, 0x000, 0x000, 0x000, 0x000, 0x000, 0x000, 0x000, 0x000, 0x000,
			0x000, 0x000, 0x000, 0x000, 0x000, 0x000, 0x000, 0x000, 0x000, 0x000, 0x000, 0x000, 0x000, 0x000, 0x000, 0x000,
			0x000, 0x000, 0x000, 0x000, 0x000, 0x000, 0x000, 0x000, 0x000, 0x000, 0x000, 0x000, 0x000, 0x000, 0x000, 0x000,
			0x000, 0x000, 0x000, 0x000, 0x000, 0x000, 0x000, 0x000, 0x000, 0x000, 0x000, 0x000, 0x000, 0x000, 0x000, 0x000,
			0x000, 0x000, 0x000, 0x000, 0x000, 0x000, 0x000, 0x000, 0x000, 0x000, 0x000, 0x000, 0x000, 0x000, 0x000, 0x000,
			0x000, 0x000, 0x000, 0x000, 0x000, 0x000, 0x000, 0x000, 0x000, 0x000, 0x000, 0x000, 0x000, 0x000, 0x000, 0x000,
			0x000, 0x000, 0x000, 0x000, 0x000, 0x000, 0x000, 0x000, 0x000, 0x000, 0x000, 0x000, 0x000, 0x000, 0x000, 0x000,
			0x000, 0x000, 0x000, 0x000, 0x000, 0x000, 0x000, 0x000, 0x000, 0x000, 0x000, 0x000, 0x000, 0x000, 0x000, 0x000,
		},
		"sk_SK": {
			0x008, 0x008, 0x008, 0x008, 0x008, 0x008, 0x008, 0x008, 0x008, 0x20c, 0x208, 0x208, 0x208, 0x208, 0x008, 0x008,
			0x008, 0x008, 0x008, 0x008, 0x008, 0x008, 0x008, 0x008, 0x008, 0x008, 0x008, 0x008, 0x008, 0x008, 0x008, 0x008,
			0x284, 0x1a0, 0x1a0, 0x1a0, 0x1a0, 0x1a0, 0x1a0, 0x1a0, 0x1a0, 0x1a0, 0x1a0, 0x1a0, 0x1a0, 0x1a0, 0x1a0, 0x1a0,
			0x8b1, 0x8b1, 0x8b1, 0x8b1, 0x8b1, 0x8b1, 0x8b1, 0x8b1, 0x8b1, 0x8b1, 0x1a0, 0x1a0, 0x1a0, 0x1a0, 0x1a0, 0x1a0,
			0x1a0, 0xca3, 0xca3, 0xca3, 0xca3, 0xca3, 0xca3, 0x4a3, 0x4a3, 0x4a3, 0x4a3, 0x4a3, 0x4a3, 0x4a3, 0x4a3, 0x4a3,
			0x4a3, 0x4a3, 0x4a3, 0x4a3, 0x4a3, 0x4a3, 0x4a3, 0x4a3, 0x4a3, 0x4a3, 0x4a3, 0x1a0, 0x1a0, 0x1a0, 0x1a0, 0x1a0,
			0x1a0, 0x8e3, 0x8e3, 0x8e3, 0x8e3, 0x8e3, 0x8e3, 0x0e3, 0x0e3, 0x0e3, 0x0e3, 0x0e3, 0x0e3, 0x0e3, 0x0e3, 0x0e3,
			0x0e3, 0x0e3, 0x0e3, 0x0e3, 0x0e3, 0x0e3, 0x0e3, 0x0e3, 0x0e3, 0x0e3, 0x0e3, 0x1a0, 0x1a0, 0x1a0, 0x1a0, 0x008,
			0x008, 0x008, 0x008, 0x008, 0x008, 0x008, 0x008, 0x008, 0x008, 0x008, 0x008, 0x008, 0x008, 0x008, 0x008, 0x008,
			0x008, 0x008, 0x008, 0x008, 0x008, 0x008, 0x008, 0x008, 0x008, 0x008, 0x008, 0x008, 0x008, 0x008, 0x008, 0x008,
			0x1a0, 0x4a3, 0x1a0, 0x4a3, 0x1a0, 0x4a3, 0x4a3, 0x1a0, 0x1a0, 0x4a3, 0x4a3, 0x4a3, 0x4a3, 0x1a0, 0x4a3, 0x4a3,
			0x1a0, 0x0e3, 0x1a0, 0x0e3, 0x1a0, 0x0e3, 0x0e3, 0x0a3, 0x1a0, 0x0e3, 0x0e3, 0x0e3, 0x0e3, 0x1a0, 0x0e3, 0x0e3,
			0x4a3, 0x4a3, 0x4a3, 0x4a3, 0x4a3, 0x4a3, 0x4a3, 0x4a3, 0x4a3, 0x4a3, 0x4a3, 0x4a3, 0x4a3, 0x4a3, 0x4a3, 0x4a3,
			0x4a3, 0x4a3, 0x4a3, 0x4a3, 0x4a3, 0x4a3, 0x4a3, 0x1a0, 0x4a3, 0x4a3, 0x4a3, 0x4a3, 0x4a3, 0x4a3, 0x4a3, 0x0e3,
			0x0e3, 0x0e3, 0x0e3, 0x0e3, 0x0e3, 0x0e3, 0x0e3, 0x0e3, 0x0e3, 0x0e3, 0x0e3, 0x0e3, 0x0e3, 0x0e3, 0x0e3, 0x0e3,
			0x0e3, 0x0e3, 0x0e3, 0x0e3, 0x0e3, 0x0e3, 0x0e3, 0x1a0, 0x0e3, 0x0e3, 0x0e3, 0x0e3, 0x0e3, 0x0e3, 0x0e3, 0x1a0,
		},
		"sk_SK.utf8": {
			0x008, 0x008, 0x008, 0x008, 0x008, 0x008, 0x008, 0x008, 0x008, 0x20c, 0x208, 0x208, 0x208, 0x208, 0x008, 0x008,
			0x008, 0x008, 0x008, 0x008, 0x008, 0x008, 0x008, 0x008, 0x008, 0x008, 0x008, 0x008, 0x008, 0x008, 0x008, 0x008,
			0x284, 0x1a0, 0x1a0, 0x1a0, 0x1a0, 0x1a0, 0x1a0, 0x1a0, 0x1a0, 0x1a0, 0x1a0, 0x1a0, 0x1a0, 0x1a0, 0x1a0, 0x1a0,
			0x8b1, 0x8b1, 0x8b1, 0x8b1, 0x8b1, 0x8b1, 0x8b1, 0x8b1, 0x8b1, 0x8b1, 0x1a0, 0x1a0, 0x1a0, 0x1a0, 0x1a0, 0x1a0,
			0x1a0, 0xca3, 0xca3, 0xca3, 0xca3, 0xca3, 0xca3, 0x4a3, 0x4a3, 0x4a3, 0x4a3, 0x4a3, 0x4a3, 0x4a3, 0x4a3, 0x4a3,
			0x4a3, 0x4a3, 0x4a3, 0x4a3, 0x4a3, 0x4a3, 0x4a3, 0x4a3, 0x4a3, 0x4a3, 0x4a3, 0x1a0, 0x1a0, 0x1a0, 0x1a0, 0x1a0,
			0x1a0, 0x8e3, 0x8e3, 0x8e3, 0x8e3, 0x8e3, 0x8e3, 0x0e3, 0x0e3, 0x0e3, 0x0e3, 0x0e3, 0x0e3, 0x0e3, 0x0e3, 0x0e3,
			0x0e3, 0x0e3, 0x0e3, 0x0e3, 0x0e3, 0x0e3, 0x0e3, 0x0e3, 0x0e3, 0x0e3, 0x0e3, 0x1a0, 0x1a0, 0x1a0, 0x1a0, 0x008,
			0x000, 0x000, 0x000, 0x000, 0x000, 0x000, 0x000, 0x000, 0x000, 0x000, 0x000, 0x000, 0x000, 0x000, 0x000, 0x000,
			0x000, 0x000, 0x000, 0x000, 0x000, 0x000, 0x000, 0x000, 0x000, 0x000, 0x000, 0x000, 0x000, 0x000, 0x000, 0x000,
			0x000, 0x000, 0x000, 0x000, 0x000, 0x000, 0x000, 0x000, 0x000, 0x000, 0x000, 0x000, 0x000, 0x000, 0x000, 0x000,
			0x000, 0x000, 0x000, 0x000, 0x000, 0x000, 0x000, 0x000, 0x000, 0x000, 0x000, 0x000, 0x000, 0x000, 0x000, 0x000,
			0x000, 0x000, 0x000, 0x000, 0x000, 0x000, 0x000, 0x000, 0x000, 0x000, 0x000, 0x000, 0x000, 0x000, 0x000, 0x000,
			0x000, 0x000, 0x000, 0x000, 0x000, 0x000, 0x000, 0x000, 0x000, 0x000, 0x000, 0x000, 0x000, 0x000, 0x000, 0x000,
			0x000, 0x000, 0x000, 0x000, 0x000, 0x000, 0x000, 0x000, 0x000, 0x000, 0x000, 0x000, 0x000, 0x000, 0x000, 0x000,
			0x000, 0x000, 0x000, 0x000, 0x000, 0x000, 0x000, 0x000, 0x000, 0x000, 0x000, 0x000, 0x000, 0x000, 0x000, 0x000,
		},
		"sl_SI": {
			0x008, 0x008, 0x008, 0x008, 0x008, 0x008, 0x008, 0x008, 0x008, 0x20c, 0x208, 0x208, 0x208, 0x208, 0x008, 0x008,
			0x008, 0x008, 0x008, 0x008, 0x008, 0x008, 0x008, 0x008, 0x008, 0x008, 0x008, 0x008, 0x008, 0x008, 0x008, 0x008,
			0x284, 0x1a0, 0x1a0, 0x1a0, 0x1a0, 0x1a0, 0x1a0, 0x1a0, 0x1a0, 0x1a0, 0x1a0, 0x1a0, 0x1a0, 0x1a0, 0x1a0, 0x1a0,
			0x8b1, 0x8b1, 0x8b1, 0x8b1, 0x8b1, 0x8b1, 0x8b1, 0x8b1, 0x8b1, 0x8b1, 0x1a0, 0x1a0, 0x1a0, 0x1a0, 0x1a0, 0x1a0,
			0x1a0, 0xca3, 0xca3, 0xca3, 0xca3, 0xca3, 0xca3, 0x4a3, 0x4a3, 0x4a3, 0x4a3, 0x4a3, 0x4a3, 0x4a3, 0x4a3, 0x4a3,
			0x4a3, 0x4a3, 0x4a3, 0x4a3, 0x4a3, 0x4a3, 0x4a3, 0x4a3, 0x4a3, 0x4a3, 0x4a3, 0x1a0, 0x1a0, 0x1a0, 0x1a0, 0x1a0,
			0x1a0, 0x8e3, 0x8e3, 0x8e3, 0x8e3, 0x8e3, 0x8e3, 0x0e3, 0x0e3, 0x0e3, 0x0e3, 0x0e3, 0x0e3, 0x0e3, 0x0e3, 0x0e3,
			0x0e3, 0x0e3, 0x0e3, 0x0e3, 0x0e3, 0x0e3, 0x0e3, 0x0e3, 0x0e3, 0x0e3, 0x0e3, 0x1a0, 0x1a0, 0x1a0, 0x1a0, 0x008,
			0x008, 0x008, 0x008, 0x008, 0x008, 0x008, 0x008, 0x008, 0x008, 0x008, 0x008, 0x008, 0x008, 0x008, 0x008, 0x008,
			0x008, 0x008, 0x008, 0x008, 0x008, 0x008, 0x008, 0x008, 0x008, 0x008, 0x008, 0x008, 0x008, 0x008, 0x008, 0x008,
			0x1a0, 0x4a3, 0x1a0, 0x4a3, 0x1a0, 0x4a3, 0x4a3, 0x1a0, 0x1a0, 0x4a3, 0x4a3, 0x4a3, 0x4a3, 0x1a0, 0x4a3, 0x4a3,
			0x1a0, 0x0e3, 0x1a0, 0x0e3, 0x1a0, 0x0e3, 0x0e3, 0x0a3, 0x1a0, 0x0e3, 0x0e3, 0x0e3, 0x0e3, 0x1a0, 0x0e3, 0x0e3,
			0x4a3, 0x4a3, 0x4a3, 0x4a3, 0x4a3, 0x4a3, 0x4a3, 0x4a3, 0x4a3, 0x4a3, 0x4a3, 0x4a3, 0x4a3, 0x4a3, 0x4a3, 0x4a3,
			0x4a3, 0x4a3, 0x4a3, 0x4a3, 0x4a3, 0x4a3, 0x4a3, 0x1a0, 0x4a3, 0x4a3, 0x4a3, 0x4a3, 0x4a3, 0x4a3, 0x4a3, 0x0e3,
			0x0e3, 0x0e3, 0x0e3, 0x0e3, 0x0e3, 0x0e3, 0x0e3, 0x0e3, 0x0e3, 0x0e3, 0x0e3, 0x0e3, 0x0e3, 0x0e3, 0x0e3, 0x0e3,
			0x0e3, 0x0e3, 0x0e3, 0x0e3, 0x0e3, 0x0e3, 0x0e3, 0x1a0, 0x0e3, 0x0e3, 0x0e3, 0x0e3, 0x0e3, 0x0e3, 0x0e3, 0x1a0,
		},
		"sl_SI.utf8": {
			0x008, 0x008, 0x008, 0x008, 0x008, 0x008, 0x008, 0x008, 0x008, 0x20c, 0x208, 0x208, 0x208, 0x208, 0x008, 0x008,
			0x008, 0x008, 0x008, 0x008, 0x008, 0x008, 0x008, 0x008, 0x008, 0x008, 0x008, 0x008, 0x008, 0x008, 0x008, 0x008,
			0x284, 0x1a0, 0x1a0, 0x1a0, 0x1a0, 0x1a0, 0x1a0, 0x1a0, 0x1a0, 0x1a0, 0x1a0, 0x1a0, 0x1a0, 0x1a0, 0x1a0, 0x1a0,
			0x8b1, 0x8b1, 0x8b1, 0x8b1, 0x8b1, 0x8b1, 0x8b1, 0x8b1, 0x8b1, 0x8b1, 0x1a0, 0x1a0, 0x1a0, 0x1a0, 0x1a0, 0x1a0,
			0x1a0, 0xca3, 0xca3, 0xca3, 0xca3, 0xca3, 0xca3, 0x4a3, 0x4a3, 0x4a3, 0x4a3, 0x4a3, 0x4a3, 0x4a3, 0x4a3, 0x4a3,
			0x4a3, 0x4a3, 0x4a3, 0x4a3, 0x4a3, 0x4a3, 0x4a3, 0x4a3, 0x4a3, 0x4a3, 0x4a3, 0x1a0, 0x1a0, 0x1a0, 0x1a0, 0x1a0,
			0x1a0, 0x8e3, 0x8e3, 0x8e3, 0x8e3, 0x8e3, 0x8e3, 0x0e3, 0x0e3, 0x0e3, 0x0e3, 0x0e3, 0x0e3, 0x0e3, 0x0e3, 0x0e3,
			0x0e3, 0x0e3, 0x0e3, 0x0e3, 0x0e3, 0x0e3, 0x0e3, 0x0e3, 0x0e3, 0x0e3, 0x0e3, 0x1a0, 0x1a0, 0x1a0, 0x1a0, 0x008,
			0x000, 0x000, 0x000, 0x000, 0x000, 0x000, 0x000, 0x000, 0x000, 0x000, 0x000, 0x000, 0x000, 0x000, 0x000, 0x000,
			0x000, 0x000, 0x000, 0x000, 0x000, 0x000, 0x000, 0x000, 0x000, 0x000, 0x000, 0x000, 0x000, 0x000, 0x000, 0x000,
			0x000, 0x000, 0x000, 0x000, 0x000, 0x000, 0x000, 0x000, 0x000, 0x000, 0x000, 0x000, 0x000, 0x000, 0x000, 0x000,
			0x000, 0x000, 0x000, 0x000, 0x000, 0x000, 0x000, 0x000, 0x000, 0x000, 0x000, 0x000, 0x000, 0x000, 0x000, 0x000,
			0x000, 0x000, 0x000, 0x000, 0x000, 0x000, 0x000, 0x000, 0x000, 0x000, 0x000, 0x000, 0x000, 0x000, 0x000, 0x000,
			0x000, 0x000, 0x000, 0x000, 0x000, 0x000, 0x000, 0x000, 0x000, 0x000, 0x000, 0x000, 0x000, 0x000, 0x000, 0x000,
			0x000, 0x000, 0x000, 0x000, 0x000, 0x000, 0x000, 0x000, 0x000, 0x000, 0x000, 0x000, 0x000, 0x000, 0x000, 0x000,
			0x000, 0x000, 0x000, 0x000, 0x000, 0x000, 0x000, 0x000, 0x000, 0x000, 0x000, 0x000, 0x000, 0x000, 0x000, 0x000,
		},
		"sm_WS": {
			0x008, 0x008, 0x008, 0x008, 0x008, 0x008, 0x008, 0x008, 0x008, 0x20c, 0x208, 0x208, 0x208, 0x208, 0x008, 0x008,
			0x008, 0x008, 0x008, 0x008, 0x008, 0x008, 0x008, 0x008, 0x008, 0x008, 0x008, 0x008, 0x008, 0x008, 0x008, 0x008,
			0x284, 0x1a0, 0x1a0, 0x1a0, 0x1a0, 0x1a0, 0x1a0, 0x1a0, 0x1a0, 0x1a0, 0x1a0, 0x1a0, 0x1a0, 0x1a0, 0x1a0, 0x1a0,
			0x8b1, 0x8b1, 0x8b1, 0x8b1, 0x8b1, 0x8b1, 0x8b1, 0x8b1, 0x8b1, 0x8b1, 0x1a0, 0x1a0, 0x1a0, 0x1a0, 0x1a0, 0x1a0,
			0x1a0, 0xca3, 0xca3, 0xca3, 0xca3, 0xca3, 0xca3, 0x4a3, 0x4a3, 0x4a3, 0x4a3, 0x4a3, 0x4a3, 0x4a3, 0x4a3, 0x4a3,
			0x4a3, 0x4a3, 0x4a3, 0x4a3, 0x4a3, 0x4a3, 0x4a3, 0x4a3, 0x4a3, 0x4a3, 0x4a3, 0x1a0, 0x1a0, 0x1a0, 0x1a0, 0x1a0,
			0x1a0, 0x8e3, 0x8e3, 0x8e3, 0x8e3, 0x8e3, 0x8e3, 0x0e3, 0x0e3, 0x0e3, 0x0e3, 0x0e3, 0x0e3, 0x0e3, 0x0e3, 0x0e3,
			0x0e3, 0x0e3, 0x0e3, 0x0e3, 0x0e3, 0x0e3, 0x0e3, 0x0e3, 0x0e3, 0x0e3, 0x0e3, 0x1a0, 0x1a0, 0x1a0, 0x1a0, 0x008,
			0x000, 0x000, 0x000, 0x000, 0x000, 0x000, 0x000, 0x000, 0x000, 0x000, 0x000, 0x000, 0x000, 0x000, 0x000, 0x000,
			0x000, 0x000, 0x000, 0x000, 0x000, 0x000, 0x000, 0x000, 0x000, 0x000, 0x000, 0x000, 0x000, 0x000, 0x000, 0x000,
			0x000, 0x000, 0x000, 0x000, 0x000, 0x000, 0x000, 0x000, 0x000, 0x000, 0x000, 0x000, 0x000, 0x000, 0x000, 0x000,
			0x000, 0x000, 0x000, 0x000, 0x000, 0x000, 0x000, 0x000, 0x000, 0x000, 0x000, 0x000, 0x000, 0x000, 0x000, 0x000,
			0x000, 0x000, 0x000, 0x000, 0x000, 0x000, 0x000, 0x000, 0x000, 0x000, 0x000, 0x000, 0x000, 0x000, 0x000, 0x000,
			0x000, 0x000, 0x000, 0x000, 0x000, 0x000, 0x000, 0x000, 0x000, 0x000, 0x000, 0x000, 0x000, 0x000, 0x000, 0x000,
			0x000, 0x000, 0x000, 0x000, 0x000, 0x000, 0x000, 0x000, 0x000, 0x000, 0x000, 0x000, 0x000, 0x000, 0x000, 0x000,
			0x000, 0x000, 0x000, 0x000, 0x000, 0x000, 0x000, 0x000, 0x000, 0x000, 0x000, 0x000, 0x000, 0x000, 0x000, 0x000,
		},
		"so_DJ": {
			0x008, 0x008, 0x008, 0x008, 0x008, 0x008, 0x008, 0x008, 0x008, 0x20c, 0x208, 0x208, 0x208, 0x208, 0x008, 0x008,
			0x008, 0x008, 0x008, 0x008, 0x008, 0x008, 0x008, 0x008, 0x008, 0x008, 0x008, 0x008, 0x008, 0x008, 0x008, 0x008,
			0x284, 0x1a0, 0x1a0, 0x1a0, 0x1a0, 0x1a0, 0x1a0, 0x1a0, 0x1a0, 0x1a0, 0x1a0, 0x1a0, 0x1a0, 0x1a0, 0x1a0, 0x1a0,
			0x8b1, 0x8b1, 0x8b1, 0x8b1, 0x8b1, 0x8b1, 0x8b1, 0x8b1, 0x8b1, 0x8b1, 0x1a0, 0x1a0, 0x1a0, 0x1a0, 0x1a0, 0x1a0,
			0x1a0, 0xca3, 0xca3, 0xca3, 0xca3, 0xca3, 0xca3, 0x4a3, 0x4a3, 0x4a3, 0x4a3, 0x4a3, 0x4a3, 0x4a3, 0x4a3, 0x4a3,
			0x4a3, 0x4a3, 0x4a3, 0x4a3, 0x4a3, 0x4a3, 0x4a3, 0x4a3, 0x4a3, 0x4a3, 0x4a3, 0x1a0, 0x1a0, 0x1a0, 0x1a0, 0x1a0,
			0x1a0, 0x8e3, 0x8e3, 0x8e3, 0x8e3, 0x8e3, 0x8e3, 0x0e3, 0x0e3, 0x0e3, 0x0e3, 0x0e3, 0x0e3, 0x0e3, 0x0e3, 0x0e3,
			0x0e3, 0x0e3, 0x0e3, 0x0e3, 0x0e3, 0x0e3, 0x0e3, 0x0e3, 0x0e3, 0x0e3, 0x0e3, 0x1a0, 0x1a0, 0x1a0, 0x1a0, 0x008,
			0x008, 0x008, 0x008, 0x008, 0x008, 0x008, 0x008, 0x008, 0x008, 0x008, 0x008, 0x008, 0x008, 0x008, 0x008, 0x008,
			0x008, 0x008, 0x008, 0x008, 0x008, 0x008, 0x008, 0x008, 0x008, 0x008, 0x008, 0x008, 0x008, 0x008, 0x008, 0x008,
			0x1a0, 0x1a0, 0x1a0, 0x1a0, 0x1a0, 0x1a0, 0x1a0, 0x1a0, 0x1a0, 0x1a0, 0x0e3, 0x1a0, 0x1a0, 0x1a0, 0x1a0, 0x1a0,
			0x1a0, 0x1a0, 0x1a0, 0x1a0, 0x1a0, 0x0e3, 0x1a0, 0x1a0, 0x1a0, 0x1a0, 0x0e3, 0x1a0, 0x1a0, 0x1a0, 0x1a0, 0x1a0,
			0x4a3, 0x4a3, 0x4a3, 0x4a3, 0x4a3, 0x4a3, 0x4a3, 0x4a3, 0x4a3, 0x4a3, 0x4a3, 0x4a3, 0x4a3, 0x4a3, 0x4a3, 0x4a3,
			0x4a3, 0x4a3, 0x4a3, 0x4a3, 0x4a3, 0x4a3, 0x4a3, 0x1a0, 0x4a3, 0x4a3, 0x4a3, 0x4a3, 0x4a3, 0x4a3, 0x4a3, 0x0e3,
			0x0e3, 0x0e3, 0x0e3, 0x0e3, 0x0e3, 0x0e3, 0x0e3, 0x0e3, 0x0e3, 0x0e3, 0x0e3, 0x0e3, 0x0e3, 0x0e3, 0x0e3, 0x0e3,
			0x0e3, 0x0e3, 0x0e3, 0x0e3, 0x0e3, 0x0e3, 0x0e3, 0x1a0, 0x0e3, 0x0e3, 0x0e3, 0x0e3, 0x0e3, 0x0e3, 0x0e3, 0x0e3,
		},
		"so_DJ.utf8": {
			0x008, 0x008, 0x008, 0x008, 0x008, 0x008, 0x008, 0x008, 0x008, 0x20c, 0x208, 0x208, 0x208, 0x208, 0x008, 0x008,
			0x008, 0x008, 0x008, 0x008, 0x008, 0x008, 0x008, 0x008, 0x008, 0x008, 0x008, 0x008, 0x008, 0x008, 0x008, 0x008,
			0x284, 0x1a0, 0x1a0, 0x1a0, 0x1a0, 0x1a0, 0x1a0, 0x1a0, 0x1a0, 0x1a0, 0x1a0, 0x1a0, 0x1a0, 0x1a0, 0x1a0, 0x1a0,
			0x8b1, 0x8b1, 0x8b1, 0x8b1, 0x8b1, 0x8b1, 0x8b1, 0x8b1, 0x8b1, 0x8b1, 0x1a0, 0x1a0, 0x1a0, 0x1a0, 0x1a0, 0x1a0,
			0x1a0, 0xca3, 0xca3, 0xca3, 0xca3, 0xca3, 0xca3, 0x4a3, 0x4a3, 0x4a3, 0x4a3, 0x4a3, 0x4a3, 0x4a3, 0x4a3, 0x4a3,
			0x4a3, 0x4a3, 0x4a3, 0x4a3, 0x4a3, 0x4a3, 0x4a3, 0x4a3, 0x4a3, 0x4a3, 0x4a3, 0x1a0, 0x1a0, 0x1a0, 0x1a0, 0x1a0,
			0x1a0, 0x8e3, 0x8e3, 0x8e3, 0x8e3, 0x8e3, 0x8e3, 0x0e3, 0x0e3, 0x0e3, 0x0e3, 0x0e3, 0x0e3, 0x0e3, 0x0e3, 0x0e3,
			0x0e3, 0x0e3, 0x0e3, 0x0e3, 0x0e3, 0x0e3, 0x0e3, 0x0e3, 0x0e3, 0x0e3, 0x0e3, 0x1a0, 0x1a0, 0x1a0, 0x1a0, 0x008,
			0x000, 0x000, 0x000, 0x000, 0x000, 0x000, 0x000, 0x000, 0x000, 0x000, 0x000, 0x000, 0x000, 0x000, 0x000, 0x000,
			0x000, 0x000, 0x000, 0x000, 0x000, 0x000, 0x000, 0x000, 0x000, 0x000, 0x000, 0x000, 0x000, 0x000, 0x000, 0x000,
			0x000, 0x000, 0x000, 0x000, 0x000, 0x000, 0x000, 0x000, 0x000, 0x000, 0x000, 0x000, 0x000, 0x000, 0x000, 0x000,
			0x000, 0x000, 0x000, 0x000, 0x000, 0x000, 0x000, 0x000, 0x000, 0x000, 0x000, 0x000, 0x000, 0x000, 0x000, 0x000,
			0x000, 0x000, 0x000, 0x000, 0x000, 0x000, 0x000, 0x000, 0x000, 0x000, 0x000, 0x000, 0x000, 0x000, 0x000, 0x000,
			0x000, 0x000, 0x000, 0x000, 0x000, 0x000, 0x000, 0x000, 0x000, 0x000, 0x000, 0x000, 0x000, 0x000, 0x000, 0x000,
			0x000, 0x000, 0x000, 0x000, 0x000, 0x000, 0x000, 0x000, 0x000, 0x000, 0x000, 0x000, 0x000, 0x000, 0x000, 0x000,
			0x000, 0x000, 0x000, 0x000, 0x000, 0x000, 0x000, 0x000, 0x000, 0x000, 0x000, 0x000, 0x000, 0x000, 0x000, 0x000,
		},
		"so_ET": {
			0x008, 0x008, 0x008, 0x008, 0x008, 0x008, 0x008, 0x008, 0x008, 0x20c, 0x208, 0x208, 0x208, 0x208, 0x008, 0x008,
			0x008, 0x008, 0x008, 0x008, 0x008, 0x008, 0x008, 0x008, 0x008, 0x008, 0x008, 0x008, 0x008, 0x008, 0x008, 0x008,
			0x284, 0x1a0, 0x1a0, 0x1a0, 0x1a0, 0x1a0, 0x1a0, 0x1a0, 0x1a0, 0x1a0, 0x1a0, 0x1a0, 0x1a0, 0x1a0, 0x1a0, 0x1a0,
			0x8b1, 0x8b1, 0x8b1, 0x8b1, 0x8b1, 0x8b1, 0x8b1, 0x8b1, 0x8b1, 0x8b1, 0x1a0, 0x1a0, 0x1a0, 0x1a0, 0x1a0, 0x1a0,
			0x1a0, 0xca3, 0xca3, 0xca3, 0xca3, 0xca3, 0xca3, 0x4a3, 0x4a3, 0x4a3, 0x4a3, 0x4a3, 0x4a3, 0x4a3, 0x4a3, 0x4a3,
			0x4a3, 0x4a3, 0x4a3, 0x4a3, 0x4a3, 0x4a3, 0x4a3, 0x4a3, 0x4a3, 0x4a3, 0x4a3, 0x1a0, 0x1a0, 0x1a0, 0x1a0, 0x1a0,
			0x1a0, 0x8e3, 0x8e3, 0x8e3, 0x8e3, 0x8e3, 0x8e3, 0x0e3, 0x0e3, 0x0e3, 0x0e3, 0x0e3, 0x0e3, 0x0e3, 0x0e3, 0x0e3,
			0x0e3, 0x0e3, 0x0e3, 0x0e3, 0x0e3, 0x0e3, 0x0e3, 0x0e3, 0x0e3, 0x0e3, 0x0e3, 0x1a0, 0x1a0, 0x1a0, 0x1a0, 0x008,
			0x000, 0x000, 0x000, 0x000, 0x000, 0x000, 0x000, 0x000, 0x000, 0x000, 0x000, 0x000, 0x000, 0x000, 0x000, 0x000,
			0x000, 0x000, 0x000, 0x000, 0x000, 0x000, 0x000, 0x000, 0x000, 0x000, 0x000, 0x000, 0x000, 0x000, 0x000, 0x000,
			0x000, 0x000, 0x000, 0x000, 0x000, 0x000, 0x000, 0x000, 0x000, 0x000, 0x000, 0x000, 0x000, 0x000, 0x000, 0x000,
			0x000, 0x000, 0x000, 0x000, 0x000, 0x000, 0x000, 0x000, 0x000, 0x000, 0x000, 0x000, 0x000, 0x000, 0x000, 0x000,
			0x000, 0x000, 0x000, 0x000, 0x000, 0x000, 0x000, 0x000, 0x000, 0x000, 0x000, 0x000, 0x000, 0x000, 0x000, 0x000,
			0x000, 0x000, 0x000, 0x000, 0x000, 0x000, 0x000, 0x000, 0x000, 0x000, 0x000, 0x000, 0x000, 0x000, 0x000, 0x000,
			0x000, 0x000, 0x000, 0x000, 0x000, 0x000, 0x000, 0x000, 0x000, 0x000, 0x000, 0x000, 0x000, 0x000, 0x000, 0x000,
			0x000, 0x000, 0x000, 0x000, 0x000, 0x000, 0x000, 0x000, 0x000, 0x000, 0x000, 0x000, 0x000, 0x000, 0x000, 0x000,
		},
		"so_KE": {
			0x008, 0x008, 0x008, 0x008, 0x008, 0x008, 0x008, 0x008, 0x008, 0x20c, 0x208, 0x208, 0x208, 0x208, 0x008, 0x008,
			0x008, 0x008, 0x008, 0x008, 0x008, 0x008, 0x008, 0x008, 0x008, 0x008, 0x008, 0x008, 0x008, 0x008, 0x008, 0x008,
			0x284, 0x1a0, 0x1a0, 0x1a0, 0x1a0, 0x1a0, 0x1a0, 0x1a0, 0x1a0, 0x1a0, 0x1a0, 0x1a0, 0x1a0, 0x1a0, 0x1a0, 0x1a0,
			0x8b1, 0x8b1, 0x8b1, 0x8b1, 0x8b1, 0x8b1, 0x8b1, 0x8b1, 0x8b1, 0x8b1, 0x1a0, 0x1a0, 0x1a0, 0x1a0, 0x1a0, 0x1a0,
			0x1a0, 0xca3, 0xca3, 0xca3, 0xca3, 0xca3, 0xca3, 0x4a3, 0x4a3, 0x4a3, 0x4a3, 0x4a3, 0x4a3, 0x4a3, 0x4a3, 0x4a3,
			0x4a3, 0x4a3, 0x4a3, 0x4a3, 0x4a3, 0x4a3, 0x4a3, 0x4a3, 0x4a3, 0x4a3, 0x4a3, 0x1a0, 0x1a0, 0x1a0, 0x1a0, 0x1a0,
			0x1a0, 0x8e3, 0x8e3, 0x8e3, 0x8e3, 0x8e3, 0x8e3, 0x0e3, 0x0e3, 0x0e3, 0x0e3, 0x0e3, 0x0e3, 0x0e3, 0x0e3, 0x0e3,
			0x0e3, 0x0e3, 0x0e3, 0x0e3, 0x0e3, 0x0e3, 0x0e3, 0x0e3, 0x0e3, 0x0e3, 0x0e3, 0x1a0, 0x1a0, 0x1a0, 0x1a0, 0x008,
			0x008, 0x008, 0x008, 0x008, 0x008, 0x008, 0x008, 0x008, 0x008, 0x008, 0x008, 0x008, 0x008, 0x008, 0x008, 0x008,
			0x008, 0x008, 0x008, 0x008, 0x008, 0x008, 0x008, 0x008, 0x008, 0x008, 0x008, 0x008, 0x008, 0x008, 0x008, 0x008,
			0x1a0, 0x1a0, 0x1a0, 0x1a0, 0x1a0, 0x1a0, 0x1a0, 0x1a0, 0x1a0, 0x1a0, 0x0e3, 0x1a0, 0x1a0, 0x1a0, 0x1a0, 0x1a0,
			0x1a0, 0x1a0, 0x1a0, 0x1a0, 0x1a0, 0x0e3, 0x1a0, 0x1a0, 0x1a0, 0x1a0, 0x0e3, 0x1a0, 0x1a0, 0x1a0, 0x1a0, 0x1a0,
			0x4a3, 0x4a3, 0x4a3, 0x4a3, 0x4a3, 0x4a3, 0x4a3, 0x4a3, 0x4a3, 0x4a3, 0x4a3, 0x4a3, 0x4a3, 0x4a3, 0x4a3, 0x4a3,
			0x4a3, 0x4a3, 0x4a3, 0x4a3, 0x4a3, 0x4a3, 0x4a3, 0x1a0, 0x4a3, 0x4a3, 0x4a3, 0x4a3, 0x4a3, 0x4a3, 0x4a3, 0x0e3,
			0x0e3, 0x0e3, 0x0e3, 0x0e3, 0x0e3, 0x0e3, 0x0e3, 0x0e3, 0x0e3, 0x0e3, 0x0e3, 0x0e3, 0x0e3, 0x0e3, 0x0e3, 0x0e3,
			0x0e3, 0x0e3, 0x0e3, 0x0e3, 0x0e3, 0x0e3, 0x0e3, 0x1a0, 0x0e3, 0x0e3, 0x0e3, 0x0e3, 0x0e3, 0x0e3, 0x0e3, 0x0e3,
		},
		"so_KE.utf8": {
			0x008, 0x008, 0x008, 0x008, 0x008, 0x008, 0x008, 0x008, 0x008, 0x20c, 0x208, 0x208, 0x208, 0x208, 0x008, 0x008,
			0x008, 0x008, 0x008, 0x008, 0x008, 0x008, 0x008, 0x008, 0x008, 0x008, 0x008, 0x008, 0x008, 0x008, 0x008, 0x008,
			0x284, 0x1a0, 0x1a0, 0x1a0, 0x1a0, 0x1a0, 0x1a0, 0x1a0, 0x1a0, 0x1a0, 0x1a0, 0x1a0, 0x1a0, 0x1a0, 0x1a0, 0x1a0,
			0x8b1, 0x8b1, 0x8b1, 0x8b1, 0x8b1, 0x8b1, 0x8b1, 0x8b1, 0x8b1, 0x8b1, 0x1a0, 0x1a0, 0x1a0, 0x1a0, 0x1a0, 0x1a0,
			0x1a0, 0xca3, 0xca3, 0xca3, 0xca3, 0xca3, 0xca3, 0x4a3, 0x4a3, 0x4a3, 0x4a3, 0x4a3, 0x4a3, 0x4a3, 0x4a3, 0x4a3,
			0x4a3, 0x4a3, 0x4a3, 0x4a3, 0x4a3, 0x4a3, 0x4a3, 0x4a3, 0x4a3, 0x4a3, 0x4a3, 0x1a0, 0x1a0, 0x1a0, 0x1a0, 0x1a0,
			0x1a0, 0x8e3, 0x8e3, 0x8e3, 0x8e3, 0x8e3, 0x8e3, 0x0e3, 0x0e3, 0x0e3, 0x0e3, 0x0e3, 0x0e3, 0x0e3, 0x0e3, 0x0e3,
			0x0e3, 0x0e3, 0x0e3, 0x0e3, 0x0e3, 0x0e3, 0x0e3, 0x0e3, 0x0e3, 0x0e3, 0x0e3, 0x1a0, 0x1a0, 0x1a0, 0x1a0, 0x008,
			0x000, 0x000, 0x000, 0x000, 0x000, 0x000, 0x000, 0x000, 0x000, 0x000, 0x000, 0x000, 0x000, 0x000, 0x000, 0x000,
			0x000, 0x000, 0x000, 0x000, 0x000, 0x000, 0x000, 0x000, 0x000, 0x000, 0x000, 0x000, 0x000, 0x000, 0x000, 0x000,
			0x000, 0x000, 0x000, 0x000, 0x000, 0x000, 0x000, 0x000, 0x000, 0x000, 0x000, 0x000, 0x000, 0x000, 0x000, 0x000,
			0x000, 0x000, 0x000, 0x000, 0x000, 0x000, 0x000, 0x000, 0x000, 0x000, 0x000, 0x000, 0x000, 0x000, 0x000, 0x000,
			0x000, 0x000, 0x000, 0x000, 0x000, 0x000, 0x000, 0x000, 0x000, 0x000, 0x000, 0x000, 0x000, 0x000, 0x000, 0x000,
			0x000, 0x000, 0x000, 0x000, 0x000, 0x000, 0x000, 0x000, 0x000, 0x000, 0x000, 0x000, 0x000, 0x000, 0x000, 0x000,
			0x000, 0x000, 0x000, 0x000, 0x000, 0x000, 0x000, 0x000, 0x000, 0x000, 0x000, 0x000, 0x000, 0x000, 0x000, 0x000,
			0x000, 0x000, 0x000, 0x000, 0x000, 0x000, 0x000, 0x000, 0x000, 0x000, 0x000, 0x000, 0x000, 0x000, 0x000, 0x000,
		},
		"so_SO": {
			0x008, 0x008, 0x008, 0x008, 0x008, 0x008, 0x008, 0x008, 0x008, 0x20c, 0x208, 0x208, 0x208, 0x208, 0x008, 0x008,
			0x008, 0x008, 0x008, 0x008, 0x008, 0x008, 0x008, 0x008, 0x008, 0x008, 0x008, 0x008, 0x008, 0x008, 0x008, 0x008,
			0x284, 0x1a0, 0x1a0, 0x1a0, 0x1a0, 0x1a0, 0x1a0, 0x1a0, 0x1a0, 0x1a0, 0x1a0, 0x1a0, 0x1a0, 0x1a0, 0x1a0, 0x1a0,
			0x8b1, 0x8b1, 0x8b1, 0x8b1, 0x8b1, 0x8b1, 0x8b1, 0x8b1, 0x8b1, 0x8b1, 0x1a0, 0x1a0, 0x1a0, 0x1a0, 0x1a0, 0x1a0,
			0x1a0, 0xca3, 0xca3, 0xca3, 0xca3, 0xca3, 0xca3, 0x4a3, 0x4a3, 0x4a3, 0x4a3, 0x4a3, 0x4a3, 0x4a3, 0x4a3, 0x4a3,
			0x4a3, 0x4a3, 0x4a3, 0x4a3, 0x4a3, 0x4a3, 0x4a3, 0x4a3, 0x4a3, 0x4a3, 0x4a3, 0x1a0, 0x1a0, 0x1a0, 0x1a0, 0x1a0,
			0x1a0, 0x8e3, 0x8e3, 0x8e3, 0x8e3, 0x8e3, 0x8e3, 0x0e3, 0x0e3, 0x0e3, 0x0e3, 0x0e3, 0x0e3, 0x0e3, 0x0e3, 0x0e3,
			0x0e3, 0x0e3, 0x0e3, 0x0e3, 0x0e3, 0x0e3, 0x0e3, 0x0e3, 0x0e3, 0x0e3, 0x0e3, 0x1a0, 0x1a0, 0x1a0, 0x1a0, 0x008,
			0x008, 0x008, 0x008, 0x008, 0x008, 0x008, 0x008, 0x008, 0x008, 0x008, 0x008, 0x008, 0x008, 0x008, 0x008, 0x008,
			0x008, 0x008, 0x008, 0x008, 0x008, 0x008, 0x008, 0x008, 0x008, 0x008, 0x008, 0x008, 0x008, 0x008, 0x008, 0x008,
			0x1a0, 0x1a0, 0x1a0, 0x1a0, 0x1a0, 0x1a0, 0x1a0, 0x1a0, 0x1a0, 0x1a0, 0x0e3, 0x1a0, 0x1a0, 0x1a0, 0x1a0, 0x1a0,
			0x1a0, 0x1a0, 0x1a0, 0x1a0, 0x1a0, 0x0e3, 0x1a0, 0x1a0, 0x1a0, 0x1a0, 0x0e3, 0x1a0, 0x1a0, 0x1a0, 0x1a0, 0x1a0,
			0x4a3, 0x4a3, 0x4a3, 0x4a3, 0x4a3, 0x4a3, 0x4a3, 0x4a3, 0x4a3, 0x4a3, 0x4a3, 0x4a3, 0x4a3, 0x4a3, 0x4a3, 0x4a3,
			0x4a3, 0x4a3, 0x4a3, 0x4a3, 0x4a3, 0x4a3, 0x4a3, 0x1a0, 0x4a3, 0x4a3, 0x4a3, 0x4a3, 0x4a3, 0x4a3, 0x4a3, 0x0e3,
			0x0e3, 0x0e3, 0x0e3, 0x0e3, 0x0e3, 0x0e3, 0x0e3, 0x0e3, 0x0e3, 0x0e3, 0x0e3, 0x0e3, 0x0e3, 0x0e3, 0x0e3, 0x0e3,
			0x0e3, 0x0e3, 0x0e3, 0x0e3, 0x0e3, 0x0e3, 0x0e3, 0x1a0, 0x0e3, 0x0e3, 0x0e3, 0x0e3, 0x0e3, 0x0e3, 0x0e3, 0x0e3,
		},
		"so_SO.utf8": {
			0x008, 0x008, 0x008, 0x008, 0x008, 0x008, 0x008, 0x008, 0x008, 0x20c, 0x208, 0x208, 0x208, 0x208, 0x008, 0x008,
			0x008, 0x008, 0x008, 0x008, 0x008, 0x008, 0x008, 0x008, 0x008, 0x008, 0x008, 0x008, 0x008, 0x008, 0x008, 0x008,
			0x284, 0x1a0, 0x1a0, 0x1a0, 0x1a0, 0x1a0, 0x1a0, 0x1a0, 0x1a0, 0x1a0, 0x1a0, 0x1a0, 0x1a0, 0x1a0, 0x1a0, 0x1a0,
			0x8b1, 0x8b1, 0x8b1, 0x8b1, 0x8b1, 0x8b1, 0x8b1, 0x8b1, 0x8b1, 0x8b1, 0x1a0, 0x1a0, 0x1a0, 0x1a0, 0x1a0, 0x1a0,
			0x1a0, 0xca3, 0xca3, 0xca3, 0xca3, 0xca3, 0xca3, 0x4a3, 0x4a3, 0x4a3, 0x4a3, 0x4a3, 0x4a3, 0x4a3, 0x4a3, 0x4a3,
			0x4a3, 0x4a3, 0x4a3, 0x4a3, 0x4a3, 0x4a3, 0x4a3, 0x4a3, 0x4a3, 0x4a3, 0x4a3, 0x1a0, 0x1a0, 0x1a0, 0x1a0, 0x1a0,
			0x1a0, 0x8e3, 0x8e3, 0x8e3, 0x8e3, 0x8e3, 0x8e3, 0x0e3, 0x0e3, 0x0e3, 0x0e3, 0x0e3, 0x0e3, 0x0e3, 0x0e3, 0x0e3,
			0x0e3, 0x0e3, 0x0e3, 0x0e3, 0x0e3, 0x0e3, 0x0e3, 0x0e3, 0x0e3, 0x0e3, 0x0e3, 0x1a0, 0x1a0, 0x1a0, 0x1a0, 0x008,
			0x000, 0x000, 0x000, 0x000, 0x000, 0x000, 0x000, 0x000, 0x000, 0x000, 0x000, 0x000, 0x000, 0x000, 0x000, 0x000,
			0x000, 0x000, 0x000, 0x000, 0x000, 0x000, 0x000, 0x000, 0x000, 0x000, 0x000, 0x000, 0x000, 0x000, 0x000, 0x000,
			0x000, 0x000, 0x000, 0x000, 0x000, 0x000, 0x000, 0x000, 0x000, 0x000, 0x000, 0x000, 0x000, 0x000, 0x000, 0x000,
			0x000, 0x000, 0x000, 0x000, 0x000, 0x000, 0x000, 0x000, 0x000, 0x000, 0x000, 0x000, 0x000, 0x000, 0x000, 0x000,
			0x000, 0x000, 0x000, 0x000, 0x000, 0x000, 0x000, 0x000, 0x000, 0x000, 0x000, 0x000, 0x000, 0x000, 0x000, 0x000,
			0x000, 0x000, 0x000, 0x000, 0x000, 0x000, 0x000, 0x000, 0x000, 0x000, 0x000, 0x000, 0x000, 0x000, 0x000, 0x000,
			0x000, 0x000, 0x000, 0x000, 0x000, 0x000, 0x000, 0x000, 0x000, 0x000, 0x000, 0x000, 0x000, 0x000, 0x000, 0x000,
			0x000, 0x000, 0x000, 0x000, 0x000, 0x000, 0x000, 0x000, 0x000, 0x000, 0x000, 0x000, 0x000, 0x000, 0x000, 0x000,
		},
		"sq_AL": {
			0x008, 0x008, 0x008, 0x008, 0x008, 0x008, 0x008, 0x008, 0x008, 0x20c, 0x208, 0x208, 0x208, 0x208, 0x008, 0x008,
			0x008, 0x008, 0x008, 0x008, 0x008, 0x008, 0x008, 0x008, 0x008, 0x008, 0x008, 0x008, 0x008, 0x008, 0x008, 0x008,
			0x284, 0x1a0, 0x1a0, 0x1a0, 0x1a0, 0x1a0, 0x1a0, 0x1a0, 0x1a0, 0x1a0, 0x1a0, 0x1a0, 0x1a0, 0x1a0, 0x1a0, 0x1a0,
			0x8b1, 0x8b1, 0x8b1, 0x8b1, 0x8b1, 0x8b1, 0x8b1, 0x8b1, 0x8b1, 0x8b1, 0x1a0, 0x1a0, 0x1a0, 0x1a0, 0x1a0, 0x1a0,
			0x1a0, 0xca3, 0xca3, 0xca3, 0xca3, 0xca3, 0xca3, 0x4a3, 0x4a3, 0x4a3, 0x4a3, 0x4a3, 0x4a3, 0x4a3, 0x4a3, 0x4a3,
			0x4a3, 0x4a3, 0x4a3, 0x4a3, 0x4a3, 0x4a3, 0x4a3, 0x4a3, 0x4a3, 0x4a3, 0x4a3, 0x1a0, 0x1a0, 0x1a0, 0x1a0, 0x1a0,
			0x1a0, 0x8e3, 0x8e3, 0x8e3, 0x8e3, 0x8e3, 0x8e3, 0x0e3, 0x0e3, 0x0e3, 0x0e3, 0x0e3, 0x0e3, 0x0e3, 0x0e3, 0x0e3,
			0x0e3, 0x0e3, 0x0e3, 0x0e3, 0x0e3, 0x0e3, 0x0e3, 0x0e3, 0x0e3, 0x0e3, 0x0e3, 0x1a0, 0x1a0, 0x1a0, 0x1a0, 0x008,
			0x008, 0x008, 0x008, 0x008, 0x008, 0x008, 0x008, 0x008, 0x008, 0x008, 0x008, 0x008, 0x008, 0x008, 0x008, 0x008,
			0x008, 0x008, 0x008, 0x008, 0x008, 0x008, 0x008, 0x008, 0x008, 0x008, 0x008, 0x008, 0x008, 0x008, 0x008, 0x008,
			0x1a0, 0x1a0, 0x1a0, 0x1a0, 0x1a0, 0x1a0, 0x1a0, 0x1a0, 0x1a0, 0x1a0, 0x0e3, 0x1a0, 0x1a0, 0x1a0, 0x1a0, 0x1a0,
			0x1a0, 0x1a0, 0x1a0, 0x1a0, 0x1a0, 0x0e3, 0x1a0, 0x1a0, 0x1a0, 0x1a0, 0x0e3, 0x1a0, 0x1a0, 0x1a0, 0x1a0, 0x1a0,
			0x4a3, 0x4a3, 0x4a3, 0x4a3, 0x4a3, 0x4a3, 0x4a3, 0x4a3, 0x4a3, 0x4a3, 0x4a3, 0x4a3, 0x4a3, 0x4a3, 0x4a3, 0x4a3,
			0x4a3, 0x4a3, 0x4a3, 0x4a3, 0x4a3, 0x4a3, 0x4a3, 0x1a0, 0x4a3, 0x4a3, 0x4a3, 0x4a3, 0x4a3, 0x4a3, 0x4a3, 0x0e3,
			0x0e3, 0x0e3, 0x0e3, 0x0e3, 0x0e3, 0x0e3, 0x0e3, 0x0e3, 0x0e3, 0x0e3, 0x0e3, 0x0e3, 0x0e3, 0x0e3, 0x0e3, 0x0e3,
			0x0e3, 0x0e3, 0x0e3, 0x0e3, 0x0e3, 0x0e3, 0x0e3, 0x1a0, 0x0e3, 0x0e3, 0x0e3, 0x0e3, 0x0e3, 0x0e3, 0x0e3, 0x0e3,
		},
		"sq_AL.utf8": {
			0x008, 0x008, 0x008, 0x008, 0x008, 0x008, 0x008, 0x008, 0x008, 0x20c, 0x208, 0x208, 0x208, 0x208, 0x008, 0x008,
			0x008, 0x008, 0x008, 0x008, 0x008, 0x008, 0x008, 0x008, 0x008, 0x008, 0x008, 0x008, 0x008, 0x008, 0x008, 0x008,
			0x284, 0x1a0, 0x1a0, 0x1a0, 0x1a0, 0x1a0, 0x1a0, 0x1a0, 0x1a0, 0x1a0, 0x1a0, 0x1a0, 0x1a0, 0x1a0, 0x1a0, 0x1a0,
			0x8b1, 0x8b1, 0x8b1, 0x8b1, 0x8b1, 0x8b1, 0x8b1, 0x8b1, 0x8b1, 0x8b1, 0x1a0, 0x1a0, 0x1a0, 0x1a0, 0x1a0, 0x1a0,
			0x1a0, 0xca3, 0xca3, 0xca3, 0xca3, 0xca3, 0xca3, 0x4a3, 0x4a3, 0x4a3, 0x4a3, 0x4a3, 0x4a3, 0x4a3, 0x4a3, 0x4a3,
			0x4a3, 0x4a3, 0x4a3, 0x4a3, 0x4a3, 0x4a3, 0x4a3, 0x4a3, 0x4a3, 0x4a3, 0x4a3, 0x1a0, 0x1a0, 0x1a0, 0x1a0, 0x1a0,
			0x1a0, 0x8e3, 0x8e3, 0x8e3, 0x8e3, 0x8e3, 0x8e3, 0x0e3, 0x0e3, 0x0e3, 0x0e3, 0x0e3, 0x0e3, 0x0e3, 0x0e3, 0x0e3,
			0x0e3, 0x0e3, 0x0e3, 0x0e3, 0x0e3, 0x0e3, 0x0e3, 0x0e3, 0x0e3, 0x0e3, 0x0e3, 0x1a0, 0x1a0, 0x1a0, 0x1a0, 0x008,
			0x000, 0x000, 0x000, 0x000, 0x000, 0x000, 0x000, 0x000, 0x000, 0x000, 0x000, 0x000, 0x000, 0x000, 0x000, 0x000,
			0x000, 0x000, 0x000, 0x000, 0x000, 0x000, 0x000, 0x000, 0x000, 0x000, 0x000, 0x000, 0x000, 0x000, 0x000, 0x000,
			0x000, 0x000, 0x000, 0x000, 0x000, 0x000, 0x000, 0x000, 0x000, 0x000, 0x000, 0x000, 0x000, 0x000, 0x000, 0x000,
			0x000, 0x000, 0x000, 0x000, 0x000, 0x000, 0x000, 0x000, 0x000, 0x000, 0x000, 0x000, 0x000, 0x000, 0x000, 0x000,
			0x000, 0x000, 0x000, 0x000, 0x000, 0x000, 0x000, 0x000, 0x000, 0x000, 0x000, 0x000, 0x000, 0x000, 0x000, 0x000,
			0x000, 0x000, 0x000, 0x000, 0x000, 0x000, 0x000, 0x000, 0x000, 0x000, 0x000, 0x000, 0x000, 0x000, 0x000, 0x000,
			0x000, 0x000, 0x000, 0x000, 0x000, 0x000, 0x000, 0x000, 0x000, 0x000, 0x000, 0x000, 0x000, 0x000, 0x000, 0x000,
			0x000, 0x000, 0x000, 0x000, 0x000, 0x000, 0x000, 0x000, 0x000, 0x000, 0x000, 0x000, 0x000, 0x000, 0x000, 0x000,
		},
		"sq_MK": {
			0x008, 0x008, 0x008, 0x008, 0x008, 0x008, 0x008, 0x008, 0x008, 0x20c, 0x208, 0x208, 0x208, 0x208, 0x008, 0x008,
			0x008, 0x008, 0x008, 0x008, 0x008, 0x008, 0x008, 0x008, 0x008, 0x008, 0x008, 0x008, 0x008, 0x008, 0x008, 0x008,
			0x284, 0x1a0, 0x1a0, 0x1a0, 0x1a0, 0x1a0, 0x1a0, 0x1a0, 0x1a0, 0x1a0, 0x1a0, 0x1a0, 0x1a0, 0x1a0, 0x1a0, 0x1a0,
			0x8b1, 0x8b1, 0x8b1, 0x8b1, 0x8b1, 0x8b1, 0x8b1, 0x8b1, 0x8b1, 0x8b1, 0x1a0, 0x1a0, 0x1a0, 0x1a0, 0x1a0, 0x1a0,
			0x1a0, 0xca3, 0xca3, 0xca3, 0xca3, 0xca3, 0xca3, 0x4a3, 0x4a3, 0x4a3, 0x4a3, 0x4a3, 0x4a3, 0x4a3, 0x4a3, 0x4a3,
			0x4a3, 0x4a3, 0x4a3, 0x4a3, 0x4a3, 0x4a3, 0x4a3, 0x4a3, 0x4a3, 0x4a3, 0x4a3, 0x1a0, 0x1a0, 0x1a0, 0x1a0, 0x1a0,
			0x1a0, 0x8e3, 0x8e3, 0x8e3, 0x8e3, 0x8e3, 0x8e3, 0x0e3, 0x0e3, 0x0e3, 0x0e3, 0x0e3, 0x0e3, 0x0e3, 0x0e3, 0x0e3,
			0x0e3, 0x0e3, 0x0e3, 0x0e3, 0x0e3, 0x0e3, 0x0e3, 0x0e3, 0x0e3, 0x0e3, 0x0e3, 0x1a0, 0x1a0, 0x1a0, 0x1a0, 0x008,
			0x000, 0x000, 0x000, 0x000, 0x000, 0x000, 0x000, 0x000, 0x000, 0x000, 0x000, 0x000, 0x000, 0x000, 0x000, 0x000,
			0x000, 0x000, 0x000, 0x000, 0x000, 0x000, 0x000, 0x000, 0x000, 0x000, 0x000, 0x000, 0x000, 0x000, 0x000, 0x000,
			0x000, 0x000, 0x000, 0x000, 0x000, 0x000, 0x000, 0x000, 0x000, 0x000, 0x000, 0x000, 0x000, 0x000, 0x000, 0x000,
			0x000, 0x000, 0x000, 0x000, 0x000, 0x000, 0x000, 0x000, 0x000, 0x000, 0x000, 0x000, 0x000, 0x000, 0x000, 0x000,
			0x000, 0x000, 0x000, 0x000, 0x000, 0x000, 0x000, 0x000, 0x000, 0x000, 0x000, 0x000, 0x000, 0x000, 0x000, 0x000,
			0x000, 0x000, 0x000, 0x000, 0x000, 0x000, 0x000, 0x000, 0x000, 0x000, 0x000, 0x000, 0x000, 0x000, 0x000, 0x000,
			0x000, 0x000, 0x000, 0x000, 0x000, 0x000, 0x000, 0x000, 0x000, 0x000, 0x000, 0x000, 0x000, 0x000, 0x000, 0x000,
			0x000, 0x000, 0x000, 0x000, 0x000, 0x000, 0x000, 0x000, 0x000, 0x000, 0x000, 0x000, 0x000, 0x000, 0x000, 0x000,
		},
		"sr_ME": {
			0x008, 0x008, 0x008, 0x008, 0x008, 0x008, 0x008, 0x008, 0x008, 0x20c, 0x208, 0x208, 0x208, 0x208, 0x008, 0x008,
			0x008, 0x008, 0x008, 0x008, 0x008, 0x008, 0x008, 0x008, 0x008, 0x008, 0x008, 0x008, 0x008, 0x008, 0x008, 0x008,
			0x284, 0x1a0, 0x1a0, 0x1a0, 0x1a0, 0x1a0, 0x1a0, 0x1a0, 0x1a0, 0x1a0, 0x1a0, 0x1a0, 0x1a0, 0x1a0, 0x1a0, 0x1a0,
			0x8b1, 0x8b1, 0x8b1, 0x8b1, 0x8b1, 0x8b1, 0x8b1, 0x8b1, 0x8b1, 0x8b1, 0x1a0, 0x1a0, 0x1a0, 0x1a0, 0x1a0, 0x1a0,
			0x1a0, 0xca3, 0xca3, 0xca3, 0xca3, 0xca3, 0xca3, 0x4a3, 0x4a3, 0x4a3, 0x4a3, 0x4a3, 0x4a3, 0x4a3, 0x4a3, 0x4a3,
			0x4a3, 0x4a3, 0x4a3, 0x4a3, 0x4a3, 0x4a3, 0x4a3, 0x4a3, 0x4a3, 0x4a3, 0x4a3, 0x1a0, 0x1a0, 0x1a0, 0x1a0, 0x1a0,
			0x1a0, 0x8e3, 0x8e3, 0x8e3, 0x8e3, 0x8e3, 0x8e3, 0x0e3, 0x0e3, 0x0e3, 0x0e3, 0x0e3, 0x0e3, 0x0e3, 0x0e3, 0x0e3,
			0x0e3, 0x0e3, 0x0e3, 0x0e3, 0x0e3, 0x0e3, 0x0e3, 0x0e3, 0x0e3, 0x0e3, 0x0e3, 0x1a0, 0x1a0, 0x1a0, 0x1a0, 0x008,
			0x000, 0x000, 0x000, 0x000, 0x000, 0x000, 0x000, 0x000, 0x000, 0x000, 0x000, 0x000, 0x000, 0x000, 0x000, 0x000,
			0x000, 0x000, 0x000, 0x000, 0x000, 0x000, 0x000, 0x000, 0x000, 0x000, 0x000, 0x000, 0x000, 0x000, 0x000, 0x000,
			0x000, 0x000, 0x000, 0x000, 0x000, 0x000, 0x000, 0x000, 0x000, 0x000, 0x000, 0x000, 0x000, 0x000, 0x000, 0x000,
			0x000, 0x000, 0x000, 0x000, 0x000, 0x000, 0x000, 0x000, 0x000, 0x000, 0x000, 0x000, 0x000, 0x000, 0x000, 0x000,
			0x000, 0x000, 0x000, 0x000, 0x000, 0x000, 0x000, 0x000, 0x000, 0x000, 0x000, 0x000, 0x000, 0x000, 0x000, 0x000,
			0x000, 0x000, 0x000, 0x000, 0x000, 0x000, 0x000, 0x000, 0x000, 0x000, 0x000, 0x000, 0x000, 0x000, 0x000, 0x000,
			0x000, 0x000, 0x000, 0x000, 0x000, 0x000, 0x000, 0x000, 0x000, 0x000, 0x000, 0x000, 0x000, 0x000, 0x000, 0x000,
			0x000, 0x000, 0x000, 0x000, 0x000, 0x000, 0x000, 0x000, 0x000, 0x000, 0x000, 0x000, 0x000, 0x000, 0x000, 0x000,
		},
		"sr_RS": {
			0x008, 0x008, 0x008, 0x008, 0x008, 0x008, 0x008, 0x008, 0x008, 0x20c, 0x208, 0x208, 0x208, 0x208, 0x008, 0x008,
			0x008, 0x008, 0x008, 0x008, 0x008, 0x008, 0x008, 0x008, 0x008, 0x008, 0x008, 0x008, 0x008, 0x008, 0x008, 0x008,
			0x284, 0x1a0, 0x1a0, 0x1a0, 0x1a0, 0x1a0, 0x1a0, 0x1a0, 0x1a0, 0x1a0, 0x1a0, 0x1a0, 0x1a0, 0x1a0, 0x1a0, 0x1a0,
			0x8b1, 0x8b1, 0x8b1, 0x8b1, 0x8b1, 0x8b1, 0x8b1, 0x8b1, 0x8b1, 0x8b1, 0x1a0, 0x1a0, 0x1a0, 0x1a0, 0x1a0, 0x1a0,
			0x1a0, 0xca3, 0xca3, 0xca3, 0xca3, 0xca3, 0xca3, 0x4a3, 0x4a3, 0x4a3, 0x4a3, 0x4a3, 0x4a3, 0x4a3, 0x4a3, 0x4a3,
			0x4a3, 0x4a3, 0x4a3, 0x4a3, 0x4a3, 0x4a3, 0x4a3, 0x4a3, 0x4a3, 0x4a3, 0x4a3, 0x1a0, 0x1a0, 0x1a0, 0x1a0, 0x1a0,
			0x1a0, 0x8e3, 0x8e3, 0x8e3, 0x8e3, 0x8e3, 0x8e3, 0x0e3, 0x0e3, 0x0e3, 0x0e3, 0x0e3, 0x0e3, 0x0e3, 0x0e3, 0x0e3,
			0x0e3, 0x0e3, 0x0e3, 0x0e3, 0x0e3, 0x0e3, 0x0e3, 0x0e3, 0x0e3, 0x0e3, 0x0e3, 0x1a0, 0x1a0, 0x1a0, 0x1a0, 0x008,
			0x000, 0x000, 0x000, 0x000, 0x000, 0x000, 0x000, 0x000, 0x000, 0x000, 0x000, 0x000, 0x000, 0x000, 0x000, 0x000,
			0x000, 0x000, 0x000, 0x000, 0x000, 0x000, 0x000, 0x000, 0x000, 0x000, 0x000, 0x000, 0x000, 0x000, 0x000, 0x000,
			0x000, 0x000, 0x000, 0x000, 0x000, 0x000, 0x000, 0x000, 0x000, 0x000, 0x000, 0x000, 0x000, 0x000, 0x000, 0x000,
			0x000, 0x000, 0x000, 0x000, 0x000, 0x000, 0x000, 0x000, 0x000, 0x000, 0x000, 0x000, 0x000, 0x000, 0x000, 0x000,
			0x000, 0x000, 0x000, 0x000, 0x000, 0x000, 0x000, 0x000, 0x000, 0x000, 0x000, 0x000, 0x000, 0x000, 0x000, 0x000,
			0x000, 0x000, 0x000, 0x000, 0x000, 0x000, 0x000, 0x000, 0x000, 0x000, 0x000, 0x000, 0x000, 0x000, 0x000, 0x000,
			0x000, 0x000, 0x000, 0x000, 0x000, 0x000, 0x000, 0x000, 0x000, 0x000, 0x000, 0x000, 0x000, 0x000, 0x000, 0x000,
			0x000, 0x000, 0x000, 0x000, 0x000, 0x000, 0x000, 0x000, 0x000, 0x000, 0x000, 0x000, 0x000, 0x000, 0x000, 0x000,
		},
		"sr_RS@latin": {
			0x008, 0x008, 0x008, 0x008, 0x008, 0x008, 0x008, 0x008, 0x008, 0x20c, 0x208, 0x208, 0x208, 0x208, 0x008, 0x008,
			0x008, 0x008, 0x008, 0x008, 0x008, 0x008, 0x008, 0x008, 0x008, 0x008, 0x008, 0x008, 0x008, 0x008, 0x008, 0x008,
			0x284, 0x1a0, 0x1a0, 0x1a0, 0x1a0, 0x1a0, 0x1a0, 0x1a0, 0x1a0, 0x1a0, 0x1a0, 0x1a0, 0x1a0, 0x1a0, 0x1a0, 0x1a0,
			0x8b1, 0x8b1, 0x8b1, 0x8b1, 0x8b1, 0x8b1, 0x8b1, 0x8b1, 0x8b1, 0x8b1, 0x1a0, 0x1a0, 0x1a0, 0x1a0, 0x1a0, 0x1a0,
			0x1a0, 0xca3, 0xca3, 0xca3, 0xca3, 0xca3, 0xca3, 0x4a3, 0x4a3, 0x4a3, 0x4a3, 0x4a3, 0x4a3, 0x4a3, 0x4a3, 0x4a3,
			0x4a3, 0x4a3, 0x4a3, 0x4a3, 0x4a3, 0x4a3, 0x4a3, 0x4a3, 0x4a3, 0x4a3, 0x4a3, 0x1a0, 0x1a0, 0x1a0, 0x1a0, 0x1a0,
			0x1a0, 0x8e3, 0x8e3, 0x8e3, 0x8e3, 0x8e3, 0x8e3, 0x0e3, 0x0e3, 0x0e3, 0x0e3, 0x0e3, 0x0e3, 0x0e3, 0x0e3, 0x0e3,
			0x0e3, 0x0e3, 0x0e3, 0x0e3, 0x0e3, 0x0e3, 0x0e3, 0x0e3, 0x0e3, 0x0e3, 0x0e3, 0x1a0, 0x1a0, 0x1a0, 0x1a0, 0x008,
			0x000, 0x000, 0x000, 0x000, 0x000, 0x000, 0x000, 0x000, 0x000, 0x000, 0x000, 0x000, 0x000, 0x000, 0x000, 0x000,
			0x000, 0x000, 0x000, 0x000, 0x000, 0x000, 0x000, 0x000, 0x000, 0x000, 0x000, 0x000, 0x000, 0x000, 0x000, 0x000,
			0x000, 0x000, 0x000, 0x000, 0x000, 0x000, 0x000, 0x000, 0x000, 0x000, 0x000, 0x000, 0x000, 0x000, 0x000, 0x000,
			0x000, 0x000, 0x000, 0x000, 0x000, 0x000, 0x000, 0x000, 0x000, 0x000, 0x000, 0x000, 0x000, 0x000, 0x000, 0x000,
			0x000, 0x000, 0x000, 0x000, 0x000, 0x000, 0x000, 0x000, 0x000, 0x000, 0x000, 0x000, 0x000, 0x000, 0x000, 0x000,
			0x000, 0x000, 0x000, 0x000, 0x000, 0x000, 0x000, 0x000, 0x000, 0x000, 0x000, 0x000, 0x000, 0x000, 0x000, 0x000,
			0x000, 0x000, 0x000, 0x000, 0x000, 0x000, 0x000, 0x000, 0x000, 0x000, 0x000, 0x000, 0x000, 0x000, 0x000, 0x000,
			0x000, 0x000, 0x000, 0x000, 0x000, 0x000, 0x000, 0x000, 0x000, 0x000, 0x000, 0x000, 0x000, 0x000, 0x000, 0x000,
		},
		"ss_ZA": {
			0x008, 0x008, 0x008, 0x008, 0x008, 0x008, 0x008, 0x008, 0x008, 0x20c, 0x208, 0x208, 0x208, 0x208, 0x008, 0x008,
			0x008, 0x008, 0x008, 0x008, 0x008, 0x008, 0x008, 0x008, 0x008, 0x008, 0x008, 0x008, 0x008, 0x008, 0x008, 0x008,
			0x284, 0x1a0, 0x1a0, 0x1a0, 0x1a0, 0x1a0, 0x1a0, 0x1a0, 0x1a0, 0x1a0, 0x1a0, 0x1a0, 0x1a0, 0x1a0, 0x1a0, 0x1a0,
			0x8b1, 0x8b1, 0x8b1, 0x8b1, 0x8b1, 0x8b1, 0x8b1, 0x8b1, 0x8b1, 0x8b1, 0x1a0, 0x1a0, 0x1a0, 0x1a0, 0x1a0, 0x1a0,
			0x1a0, 0xca3, 0xca3, 0xca3, 0xca3, 0xca3, 0xca3, 0x4a3, 0x4a3, 0x4a3, 0x4a3, 0x4a3, 0x4a3, 0x4a3, 0x4a3, 0x4a3,
			0x4a3, 0x4a3, 0x4a3, 0x4a3, 0x4a3, 0x4a3, 0x4a3, 0x4a3, 0x4a3, 0x4a3, 0x4a3, 0x1a0, 0x1a0, 0x1a0, 0x1a0, 0x1a0,
			0x1a0, 0x8e3, 0x8e3, 0x8e3, 0x8e3, 0x8e3, 0x8e3, 0x0e3, 0x0e3, 0x0e3, 0x0e3, 0x0e3, 0x0e3, 0x0e3, 0x0e3, 0x0e3,
			0x0e3, 0x0e3, 0x0e3, 0x0e3, 0x0e3, 0x0e3, 0x0e3, 0x0e3, 0x0e3, 0x0e3, 0x0e3, 0x1a0, 0x1a0, 0x1a0, 0x1a0, 0x008,
			0x000, 0x000, 0x000, 0x000, 0x000, 0x000, 0x000, 0x000, 0x000, 0x000, 0x000, 0x000, 0x000, 0x000, 0x000, 0x000,
			0x000, 0x000, 0x000, 0x000, 0x000, 0x000, 0x000, 0x000, 0x000, 0x000, 0x000, 0x000, 0x000, 0x000, 0x000, 0x000,
			0x000, 0x000, 0x000, 0x000, 0x000, 0x000, 0x000, 0x000, 0x000, 0x000, 0x000, 0x000, 0x000, 0x000, 0x000, 0x000,
			0x000, 0x000, 0x000, 0x000, 0x000, 0x000, 0x000, 0x000, 0x000, 0x000, 0x000, 0x000, 0x000, 0x000, 0x000, 0x000,
			0x000, 0x000, 0x000, 0x000, 0x000, 0x000, 0x000, 0x000, 0x000, 0x000, 0x000, 0x000, 0x000, 0x000, 0x000, 0x000,
			0x000, 0x000, 0x000, 0x000, 0x000, 0x000, 0x000, 0x000, 0x000, 0x000, 0x000, 0x000, 0x000, 0x000, 0x000, 0x000,
			0x000, 0x000, 0x000, 0x000, 0x000, 0x000, 0x000, 0x000, 0x000, 0x000, 0x000, 0x000, 0x000, 0x000, 0x000, 0x000,
			0x000, 0x000, 0x000, 0x000, 0x000, 0x000, 0x000, 0x000, 0x000, 0x000, 0x000, 0x000, 0x000, 0x000, 0x000, 0x000,
		},
		"st_ZA": {
			0x008, 0x008, 0x008, 0x008, 0x008, 0x008, 0x008, 0x008, 0x008, 0x20c, 0x208, 0x208, 0x208, 0x208, 0x008, 0x008,
			0x008, 0x008, 0x008, 0x008, 0x008, 0x008, 0x008, 0x008, 0x008, 0x008, 0x008, 0x008, 0x008, 0x008, 0x008, 0x008,
			0x284, 0x1a0, 0x1a0, 0x1a0, 0x1a0, 0x1a0, 0x1a0, 0x1a0, 0x1a0, 0x1a0, 0x1a0, 0x1a0, 0x1a0, 0x1a0, 0x1a0, 0x1a0,
			0x8b1, 0x8b1, 0x8b1, 0x8b1, 0x8b1, 0x8b1, 0x8b1, 0x8b1, 0x8b1, 0x8b1, 0x1a0, 0x1a0, 0x1a0, 0x1a0, 0x1a0, 0x1a0,
			0x1a0, 0xca3, 0xca3, 0xca3, 0xca3, 0xca3, 0xca3, 0x4a3, 0x4a3, 0x4a3, 0x4a3, 0x4a3, 0x4a3, 0x4a3, 0x4a3, 0x4a3,
			0x4a3, 0x4a3, 0x4a3, 0x4a3, 0x4a3, 0x4a3, 0x4a3, 0x4a3, 0x4a3, 0x4a3, 0x4a3, 0x1a0, 0x1a0, 0x1a0, 0x1a0, 0x1a0,
			0x1a0, 0x8e3, 0x8e3, 0x8e3, 0x8e3, 0x8e3, 0x8e3, 0x0e3, 0x0e3, 0x0e3, 0x0e3, 0x0e3, 0x0e3, 0x0e3, 0x0e3, 0x0e3,
			0x0e3, 0x0e3, 0x0e3, 0x0e3, 0x0e3, 0x0e3, 0x0e3, 0x0e3, 0x0e3, 0x0e3, 0x0e3, 0x1a0, 0x1a0, 0x1a0, 0x1a0, 0x008,
			0x008, 0x008, 0x008, 0x008, 0x008, 0x008, 0x008, 0x008, 0x008, 0x008, 0x008, 0x008, 0x008, 0x008, 0x008, 0x008,
			0x008, 0x008, 0x008, 0x008, 0x008, 0x008, 0x008, 0x008, 0x008, 0x008, 0x008, 0x008, 0x008, 0x008, 0x008, 0x008,
			0x1a0, 0x1a0, 0x1a0, 0x1a0, 0x1a0, 0x1a0, 0x1a0, 0x1a0, 0x1a0, 0x1a0, 0x0e3, 0x1a0, 0x1a0, 0x1a0, 0x1a0, 0x1a0,
			0x1a0, 0x1a0, 0x1a0, 0x1a0, 0x1a0, 0x0e3, 0x1a0, 0x1a0, 0x1a0, 0x1a0, 0x0e3, 0x1a0, 0x1a0, 0x1a0, 0x1a0, 0x1a0,
			0x4a3, 0x4a3, 0x4a3, 0x4a3, 0x4a3, 0x4a3, 0x4a3, 0x4a3, 0x4a3, 0x4a3, 0x4a3, 0x4a3, 0x4a3, 0x4a3, 0x4a3, 0x4a3,
			0x4a3, 0x4a3, 0x4a3, 0x4a3, 0x4a3, 0x4a3, 0x4a3, 0x1a0, 0x4a3, 0x4a3, 0x4a3, 0x4a3, 0x4a3, 0x4a3, 0x4a3, 0x0e3,
			0x0e3, 0x0e3, 0x0e3, 0x0e3, 0x0e3, 0x0e3, 0x0e3, 0x0e3, 0x0e3, 0x0e3, 0x0e3, 0x0e3, 0x0e3, 0x0e3, 0x0e3, 0x0e3,
			0x0e3, 0x0e3, 0x0e3, 0x0e3, 0x0e3, 0x0e3, 0x0e3, 0x1a0, 0x0e3, 0x0e3, 0x0e3, 0x0e3, 0x0e3, 0x0e3, 0x0e3, 0x0e3,
		},
		"st_ZA.utf8": {
			0x008, 0x008, 0x008, 0x008, 0x008, 0x008, 0x008, 0x008, 0x008, 0x20c, 0x208, 0x208, 0x208, 0x208, 0x008, 0x008,
			0x008, 0x008, 0x008, 0x008, 0x008, 0x008, 0x008, 0x008, 0x008, 0x008, 0x008, 0x008, 0x008, 0x008, 0x008, 0x008,
			0x284, 0x1a0, 0x1a0, 0x1a0, 0x1a0, 0x1a0, 0x1a0, 0x1a0, 0x1a0, 0x1a0, 0x1a0, 0x1a0, 0x1a0, 0x1a0, 0x1a0, 0x1a0,
			0x8b1, 0x8b1, 0x8b1, 0x8b1, 0x8b1, 0x8b1, 0x8b1, 0x8b1, 0x8b1, 0x8b1, 0x1a0, 0x1a0, 0x1a0, 0x1a0, 0x1a0, 0x1a0,
			0x1a0, 0xca3, 0xca3, 0xca3, 0xca3, 0xca3, 0xca3, 0x4a3, 0x4a3, 0x4a3, 0x4a3, 0x4a3, 0x4a3, 0x4a3, 0x4a3, 0x4a3,
			0x4a3, 0x4a3, 0x4a3, 0x4a3, 0x4a3, 0x4a3, 0x4a3, 0x4a3, 0x4a3, 0x4a3, 0x4a3, 0x1a0, 0x1a0, 0x1a0, 0x1a0, 0x1a0,
			0x1a0, 0x8e3, 0x8e3, 0x8e3, 0x8e3, 0x8e3, 0x8e3, 0x0e3, 0x0e3, 0x0e3, 0x0e3, 0x0e3, 0x0e3, 0x0e3, 0x0e3, 0x0e3,
			0x0e3, 0x0e3, 0x0e3, 0x0e3, 0x0e3, 0x0e3, 0x0e3, 0x0e3, 0x0e3, 0x0e3, 0x0e3, 0x1a0, 0x1a0, 0x1a0, 0x1a0, 0x008,
			0x000, 0x000, 0x000, 0x000, 0x000, 0x000, 0x000, 0x000, 0x000, 0x000, 0x000, 0x000, 0x000, 0x000, 0x000, 0x000,
			0x000, 0x000, 0x000, 0x000, 0x000, 0x000, 0x000, 0x000, 0x000, 0x000, 0x000, 0x000, 0x000, 0x000, 0x000, 0x000,
			0x000, 0x000, 0x000, 0x000, 0x000, 0x000, 0x000, 0x000, 0x000, 0x000, 0x000, 0x000, 0x000, 0x000, 0x000, 0x000,
			0x000, 0x000, 0x000, 0x000, 0x000, 0x000, 0x000, 0x000, 0x000, 0x000, 0x000, 0x000, 0x000, 0x000, 0x000, 0x000,
			0x000, 0x000, 0x000, 0x000, 0x000, 0x000, 0x000, 0x000, 0x000, 0x000, 0x000, 0x000, 0x000, 0x000, 0x000, 0x000,
			0x000, 0x000, 0x000, 0x000, 0x000, 0x000, 0x000, 0x000, 0x000, 0x000, 0x000, 0x000, 0x000, 0x000, 0x000, 0x000,
			0x000, 0x000, 0x000, 0x000, 0x000, 0x000, 0x000, 0x000, 0x000, 0x000, 0x000, 0x000, 0x000, 0x000, 0x000, 0x000,
			0x000, 0x000, 0x000, 0x000, 0x000, 0x000, 0x000, 0x000, 0x000, 0x000, 0x000, 0x000, 0x000, 0x000, 0x000, 0x000,
		},
		"sv_FI": {
			0x008, 0x008, 0x008, 0x008, 0x008, 0x008, 0x008, 0x008, 0x008, 0x20c, 0x208, 0x208, 0x208, 0x208, 0x008, 0x008,
			0x008, 0x008, 0x008, 0x008, 0x008, 0x008, 0x008, 0x008, 0x008, 0x008, 0x008, 0x008, 0x008, 0x008, 0x008, 0x008,
			0x284, 0x1a0, 0x1a0, 0x1a0, 0x1a0, 0x1a0, 0x1a0, 0x1a0, 0x1a0, 0x1a0, 0x1a0, 0x1a0, 0x1a0, 0x1a0, 0x1a0, 0x1a0,
			0x8b1, 0x8b1, 0x8b1, 0x8b1, 0x8b1, 0x8b1, 0x8b1, 0x8b1, 0x8b1, 0x8b1, 0x1a0, 0x1a0, 0x1a0, 0x1a0, 0x1a0, 0x1a0,
			0x1a0, 0xca3, 0xca3, 0xca3, 0xca3, 0xca3, 0xca3, 0x4a3, 0x4a3, 0x4a3, 0x4a3, 0x4a3, 0x4a3, 0x4a3, 0x4a3, 0x4a3,
			0x4a3, 0x4a3, 0x4a3, 0x4a3, 0x4a3, 0x4a3, 0x4a3, 0x4a3, 0x4a3, 0x4a3, 0x4a3, 0x1a0, 0x1a0, 0x1a0, 0x1a0, 0x1a0,
			0x1a0, 0x8e3, 0x8e3, 0x8e3, 0x8e3, 0x8e3, 0x8e3, 0x0e3, 0x0e3, 0x0e3, 0x0e3, 0x0e3, 0x0e3, 0x0e3, 0x0e3, 0x0e3,
			0x0e3, 0x0e3, 0x0e3, 0x0e3, 0x0e3, 0x0e3, 0x0e3, 0x0e3, 0x0e3, 0x0e3, 0x0e3, 0x1a0, 0x1a0, 0x1a0, 0x1a0, 0x008,
			0x008, 0x008, 0x008, 0x008, 0x008, 0x008, 0x008, 0x008, 0x008, 0x008, 0x008, 0x008, 0x008, 0x008, 0x008, 0x008,
			0x008, 0x008, 0x008, 0x008, 0x008, 0x008, 0x008, 0x008, 0x008, 0x008, 0x008, 0x008, 0x008, 0x008, 0x008, 0x008,
			0x1a0, 0x1a0, 0x1a0, 0x1a0, 0x1a0, 0x1a0, 0x1a0, 0x1a0, 0x1a0, 0x1a0, 0x0e3, 0x1a0, 0x1a0, 0x1a0, 0x1a0, 0x1a0,
			0x1a0, 0x1a0, 0x1a0, 0x1a0, 0x1a0, 0x0e3, 0x1a0, 0x1a0, 0x1a0, 0x1a0, 0x0e3, 0x1a0, 0x1a0, 0x1a0, 0x1a0, 0x1a0,
			0x4a3, 0x4a3, 0x4a3, 0x4a3, 0x4a3, 0x4a3, 0x4a3, 0x4a3, 0x4a3, 0x4a3, 0x4a3, 0x4a3, 0x4a3, 0x4a3, 0x4a3, 0x4a3,
			0x4a3, 0x4a3, 0x4a3, 0x4a3, 0x4a3, 0x4a3, 0x4a3, 0x1a0, 0x4a3, 0x4a3, 0x4a3, 0x4a3, 0x4a3, 0x4a3, 0x4a3, 0x0e3,
			0x0e3, 0x0e3, 0x0e3, 0x0e3, 0x0e3, 0x0e3, 0x0e3, 0x0e3, 0x0e3, 0x0e3, 0x0e3, 0x0e3, 0x0e3, 0x0e3, 0x0e3, 0x0e3,
			0x0e3, 0x0e3, 0x0e3, 0x0e3, 0x0e3, 0x0e3, 0x0e3, 0x1a0, 0x0e3, 0x0e3, 0x0e3, 0x0e3, 0x0e3, 0x0e3, 0x0e3, 0x0e3,
		},
		"sv_FI.utf8": {
			0x008, 0x008, 0x008, 0x008, 0x008, 0x008, 0x008, 0x008, 0x008, 0x20c, 0x208, 0x208, 0x208, 0x208, 0x008, 0x008,
			0x008, 0x008, 0x008, 0x008, 0x008, 0x008, 0x008, 0x008, 0x008, 0x008, 0x008, 0x008, 0x008, 0x008, 0x008, 0x008,
			0x284, 0x1a0, 0x1a0, 0x1a0, 0x1a0, 0x1a0, 0x1a0, 0x1a0, 0x1a0, 0x1a0, 0x1a0, 0x1a0, 0x1a0, 0x1a0, 0x1a0, 0x1a0,
			0x8b1, 0x8b1, 0x8b1, 0x8b1, 0x8b1, 0x8b1, 0x8b1, 0x8b1, 0x8b1, 0x8b1, 0x1a0, 0x1a0, 0x1a0, 0x1a0, 0x1a0, 0x1a0,
			0x1a0, 0xca3, 0xca3, 0xca3, 0xca3, 0xca3, 0xca3, 0x4a3, 0x4a3, 0x4a3, 0x4a3, 0x4a3, 0x4a3, 0x4a3, 0x4a3, 0x4a3,
			0x4a3, 0x4a3, 0x4a3, 0x4a3, 0x4a3, 0x4a3, 0x4a3, 0x4a3, 0x4a3, 0x4a3, 0x4a3, 0x1a0, 0x1a0, 0x1a0, 0x1a0, 0x1a0,
			0x1a0, 0x8e3, 0x8e3, 0x8e3, 0x8e3, 0x8e3, 0x8e3, 0x0e3, 0x0e3, 0x0e3, 0x0e3, 0x0e3, 0x0e3, 0x0e3, 0x0e3, 0x0e3,
			0x0e3, 0x0e3, 0x0e3, 0x0e3, 0x0e3, 0x0e3, 0x0e3, 0x0e3, 0x0e3, 0x0e3, 0x0e3, 0x1a0, 0x1a0, 0x1a0, 0x1a0, 0x008,
			0x000, 0x000, 0x000, 0x000, 0x000, 0x000, 0x000, 0x000, 0x000, 0x000, 0x000, 0x000, 0x000, 0x000, 0x000, 0x000,
			0x000, 0x000, 0x000, 0x000, 0x000, 0x000, 0x000, 0x000, 0x000, 0x000, 0x000, 0x000, 0x000, 0x000, 0x000, 0x000,
			0x000, 0x000, 0x000, 0x000, 0x000, 0x000, 0x000, 0x000, 0x000, 0x000, 0x000, 0x000, 0x000, 0x000, 0x000, 0x000,
			0x000, 0x000, 0x000, 0x000, 0x000, 0x000, 0x000, 0x000, 0x000, 0x000, 0x000, 0x000, 0x000, 0x000, 0x000, 0x000,
			0x000, 0x000, 0x000, 0x000, 0x000, 0x000, 0x000, 0x000, 0x000, 0x000, 0x000, 0x000, 0x000, 0x000, 0x000, 0x000,
			0x000, 0x000, 0x000, 0x000, 0x000, 0x000, 0x000, 0x000, 0x000, 0x000, 0x000, 0x000, 0x000, 0x000, 0x000, 0x000,
			0x000, 0x000, 0x000, 0x000, 0x000, 0x000, 0x000, 0x000, 0x000, 0x000, 0x000, 0x000, 0x000, 0x000, 0x000, 0x000,
			0x000, 0x000, 0x000, 0x000, 0x000, 0x000, 0x000, 0x000, 0x000, 0x000, 0x000, 0x000, 0x000, 0x000, 0x000, 0x000,
		},
		"sv_FI@euro": {
			0x008, 0x008, 0x008, 0x008, 0x008, 0x008, 0x008, 0x008, 0x008, 0x20c, 0x208, 0x208, 0x208, 0x208, 0x008, 0x008,
			0x008, 0x008, 0x008, 0x008, 0x008, 0x008, 0x008, 0x008, 0x008, 0x008, 0x008, 0x008, 0x008, 0x008, 0x008, 0x008,
			0x284, 0x1a0, 0x1a0, 0x1a0, 0x1a0, 0x1a0, 0x1a0, 0x1a0, 0x1a0, 0x1a0, 0x1a0, 0x1a0, 0x1a0, 0x1a0, 0x1a0, 0x1a0,
			0x8b1, 0x8b1, 0x8b1, 0x8b1, 0x8b1, 0x8b1, 0x8b1, 0x8b1, 0x8b1, 0x8b1, 0x1a0, 0x1a0, 0x1a0, 0x1a0, 0x1a0, 0x1a0,
			0x1a0, 0xca3, 0xca3, 0xca3, 0xca3, 0xca3, 0xca3, 0x4a3, 0x4a3, 0x4a3, 0x4a3, 0x4a3, 0x4a3, 0x4a3, 0x4a3, 0x4a3,
			0x4a3, 0x4a3, 0x4a3, 0x4a3, 0x4a3, 0x4a3, 0x4a3, 0x4a3, 0x4a3, 0x4a3, 0x4a3, 0x1a0, 0x1a0, 0x1a0, 0x1a0, 0x1a0,
			0x1a0, 0x8e3, 0x8e3, 0x8e3, 0x8e3, 0x8e3, 0x8e3, 0x0e3, 0x0e3, 0x0e3, 0x0e3, 0x0e3, 0x0e3, 0x0e3, 0x0e3, 0x0e3,
			0x0e3, 0x0e3, 0x0e3, 0x0e3, 0x0e3, 0x0e3, 0x0e3, 0x0e3, 0x0e3, 0x0e3, 0x0e3, 0x1a0, 0x1a0, 0x1a0, 0x1a0, 0x008,
			0x008, 0x008, 0x008, 0x008, 0x008, 0x008, 0x008, 0x008, 0x008, 0x008, 0x008, 0x008, 0x008, 0x008, 0x008, 0x008,
			0x008, 0x008, 0x008, 0x008, 0x008, 0x008, 0x008, 0x008, 0x008, 0x008, 0x008, 0x008, 0x008, 0x008, 0x008, 0x008,
			0x1a0, 0x1a0, 0x1a0, 0x1a0, 0x1a0, 0x1a0, 0x4a3, 0x1a0, 0x0e3, 0x1a0, 0x0e3, 0x1a0, 0x1a0, 0x1a0, 0x1a0, 0x1a0,
			0x1a0, 0x1a0, 0x1a0, 0x1a0, 0x4a3, 0x0e3, 0x1a0, 0x1a0, 0x0e3, 0x1a0, 0x0e3, 0x1a0, 0x4a3, 0x0e3, 0x4a3, 0x1a0,
			0x4a3, 0x4a3, 0x4a3, 0x4a3, 0x4a3, 0x4a3, 0x4a3, 0x4a3, 0x4a3, 0x4a3, 0x4a3, 0x4a3, 0x4a3, 0x4a3, 0x4a3, 0x4a3,
			0x4a3, 0x4a3, 0x4a3, 0x4a3, 0x4a3, 0x4a3, 0x4a3, 0x1a0, 0x4a3, 0x4a3, 0x4a3, 0x4a3, 0x4a3, 0x4a3, 0x4a3, 0x0e3,
			0x0e3, 0x0e3, 0x0e3, 0x0e3, 0x0e3, 0x0e3, 0x0e3, 0x0e3, 0x0e3, 0x0e3, 0x0e3, 0x0e3, 0x0e3, 0x0e3, 0x0e3, 0x0e3,
			0x0e3, 0x0e3, 0x0e3, 0x0e3, 0x0e3, 0x0e3, 0x0e3, 0x1a0, 0x0e3, 0x0e3, 0x0e3, 0x0e3, 0x0e3, 0x0e3, 0x0e3, 0x0e3,
		},
		"sv_SE": {
			0x008, 0x008, 0x008, 0x008, 0x008, 0x008, 0x008, 0x008, 0x008, 0x20c, 0x208, 0x208, 0x208, 0x208, 0x008, 0x008,
			0x008, 0x008, 0x008, 0x008, 0x008, 0x008, 0x008, 0x008, 0x008, 0x008, 0x008, 0x008, 0x008, 0x008, 0x008, 0x008,
			0x284, 0x1a0, 0x1a0, 0x1a0, 0x1a0, 0x1a0, 0x1a0, 0x1a0, 0x1a0, 0x1a0, 0x1a0, 0x1a0, 0x1a0, 0x1a0, 0x1a0, 0x1a0,
			0x8b1, 0x8b1, 0x8b1, 0x8b1, 0x8b1, 0x8b1, 0x8b1, 0x8b1, 0x8b1, 0x8b1, 0x1a0, 0x1a0, 0x1a0, 0x1a0, 0x1a0, 0x1a0,
			0x1a0, 0xca3, 0xca3, 0xca3, 0xca3, 0xca3, 0xca3, 0x4a3, 0x4a3, 0x4a3, 0x4a3, 0x4a3, 0x4a3, 0x4a3, 0x4a3, 0x4a3,
			0x4a3, 0x4a3, 0x4a3, 0x4a3, 0x4a3, 0x4a3, 0x4a3, 0x4a3, 0x4a3, 0x4a3, 0x4a3, 0x1a0, 0x1a0, 0x1a0, 0x1a0, 0x1a0,
			0x1a0, 0x8e3, 0x8e3, 0x8e3, 0x8e3, 0x8e3, 0x8e3, 0x0e3, 0x0e3, 0x0e3, 0x0e3, 0x0e3, 0x0e3, 0x0e3, 0x0e3, 0x0e3,
			0x0e3, 0x0e3, 0x0e3, 0x0e3, 0x0e3, 0x0e3, 0x0e3, 0x0e3, 0x0e3, 0x0e3, 0x0e3, 0x1a0, 0x1a0, 0x1a0, 0x1a0, 0x008,
			0x008, 0x008, 0x008, 0x008, 0x008, 0x008, 0x008, 0x008, 0x008, 0x008, 0x008, 0x008, 0x008, 0x008, 0x008, 0x008,
			0x008, 0x008, 0x008, 0x008, 0x008, 0x008, 0x008, 0x008, 0x008, 0x008, 0x008, 0x008, 0x008, 0x008, 0x008, 0x008,
			0x1a0, 0x1a0, 0x1a0, 0x1a0, 0x1a0, 0x1a0, 0x1a0, 0x1a0, 0x1a0, 0x1a0, 0x0e3, 0x1a0, 0x1a0, 0x1a0, 0x1a0, 0x1a0,
			0x1a0, 0x1a0, 0x1a0, 0x1a0, 0x1a0, 0x0e3, 0x1a0, 0x1a0, 0x1a0, 0x1a0, 0x0e3, 0x1a0, 0x1a0, 0x1a0, 0x1a0, 0x1a0,
			0x4a3, 0x4a3, 0x4a3, 0x4a3, 0x4a3, 0x4a3, 0x4a3, 0x4a3, 0x4a3, 0x4a3, 0x4a3, 0x4a3, 0x4a3, 0x4a3, 0x4a3, 0x4a3,
			0x4a3, 0x4a3, 0x4a3, 0x4a3, 0x4a3, 0x4a3, 0x4a3, 0x1a0, 0x4a3, 0x4a3, 0x4a3, 0x4a3, 0x4a3, 0x4a3, 0x4a3, 0x0e3,
			0x0e3, 0x0e3, 0x0e3, 0x0e3, 0x0e3, 0x0e3, 0x0e3, 0x0e3, 0x0e3, 0x0e3, 0x0e3, 0x0e3, 0x0e3, 0x0e3, 0x0e3, 0x0e3,
			0x0e3, 0x0e3, 0x0e3, 0x0e3, 0x0e3, 0x0e3, 0x0e3, 0x1a0, 0x0e3, 0x0e3, 0x0e3, 0x0e3, 0x0e3, 0x0e3, 0x0e3, 0x0e3,
		},
		"sv_SE.utf8": {
			0x008, 0x008, 0x008, 0x008, 0x008, 0x008, 0x008, 0x008, 0x008, 0x20c, 0x208, 0x208, 0x208, 0x208, 0x008, 0x008,
			0x008, 0x008, 0x008, 0x008, 0x008, 0x008, 0x008, 0x008, 0x008, 0x008, 0x008, 0x008, 0x008, 0x008, 0x008, 0x008,
			0x284, 0x1a0, 0x1a0, 0x1a0, 0x1a0, 0x1a0, 0x1a0, 0x1a0, 0x1a0, 0x1a0, 0x1a0, 0x1a0, 0x1a0, 0x1a0, 0x1a0, 0x1a0,
			0x8b1, 0x8b1, 0x8b1, 0x8b1, 0x8b1, 0x8b1, 0x8b1, 0x8b1, 0x8b1, 0x8b1, 0x1a0, 0x1a0, 0x1a0, 0x1a0, 0x1a0, 0x1a0,
			0x1a0, 0xca3, 0xca3, 0xca3, 0xca3, 0xca3, 0xca3, 0x4a3, 0x4a3, 0x4a3, 0x4a3, 0x4a3, 0x4a3, 0x4a3, 0x4a3, 0x4a3,
			0x4a3, 0x4a3, 0x4a3, 0x4a3, 0x4a3, 0x4a3, 0x4a3, 0x4a3, 0x4a3, 0x4a3, 0x4a3, 0x1a0, 0x1a0, 0x1a0, 0x1a0, 0x1a0,
			0x1a0, 0x8e3, 0x8e3, 0x8e3, 0x8e3, 0x8e3, 0x8e3, 0x0e3, 0x0e3, 0x0e3, 0x0e3, 0x0e3, 0x0e3, 0x0e3, 0x0e3, 0x0e3,
			0x0e3, 0x0e3, 0x0e3, 0x0e3, 0x0e3, 0x0e3, 0x0e3, 0x0e3, 0x0e3, 0x0e3, 0x0e3, 0x1a0, 0x1a0, 0x1a0, 0x1a0, 0x008,
			0x000, 0x000, 0x000, 0x000, 0x000, 0x000, 0x000, 0x000, 0x000, 0x000, 0x000, 0x000, 0x000, 0x000, 0x000, 0x000,
			0x000, 0x000, 0x000, 0x000, 0x000, 0x000, 0x000, 0x000, 0x000, 0x000, 0x000, 0x000, 0x000, 0x000, 0x000, 0x000,
			0x000, 0x000, 0x000, 0x000, 0x000, 0x000, 0x000, 0x000, 0x000, 0x000, 0x000, 0x000, 0x000, 0x000, 0x000, 0x000,
			0x000, 0x000, 0x000, 0x000, 0x000, 0x000, 0x000, 0x000, 0x000, 0x000, 0x000, 0x000, 0x000, 0x000, 0x000, 0x000,
			0x000, 0x000, 0x000, 0x000, 0x000, 0x000, 0x000, 0x000, 0x000, 0x000, 0x000, 0x000, 0x000, 0x000, 0x000, 0x000,
			0x000, 0x000, 0x000, 0x000, 0x000, 0x000, 0x000, 0x000, 0x000, 0x000, 0x000, 0x000, 0x000, 0x000, 0x000, 0x000,
			0x000, 0x000, 0x000, 0x000, 0x000, 0x000, 0x000, 0x000, 0x000, 0x000, 0x000, 0x000, 0x000, 0x000, 0x000, 0x000,
			0x000, 0x000, 0x000, 0x000, 0x000, 0x000, 0x000, 0x000, 0x000, 0x000, 0x000, 0x000, 0x000, 0x000, 0x000, 0x000,
		},
		"sw_KE": {
			0x008, 0x008, 0x008, 0x008, 0x008, 0x008, 0x008, 0x008, 0x008, 0x20c, 0x208, 0x208, 0x208, 0x208, 0x008, 0x008,
			0x008, 0x008, 0x008, 0x008, 0x008, 0x008, 0x008, 0x008, 0x008, 0x008, 0x008, 0x008, 0x008, 0x008, 0x008, 0x008,
			0x284, 0x1a0, 0x1a0, 0x1a0, 0x1a0, 0x1a0, 0x1a0, 0x1a0, 0x1a0, 0x1a0, 0x1a0, 0x1a0, 0x1a0, 0x1a0, 0x1a0, 0x1a0,
			0x8b1, 0x8b1, 0x8b1, 0x8b1, 0x8b1, 0x8b1, 0x8b1, 0x8b1, 0x8b1, 0x8b1, 0x1a0, 0x1a0, 0x1a0, 0x1a0, 0x1a0, 0x1a0,
			0x1a0, 0xca3, 0xca3, 0xca3, 0xca3, 0xca3, 0xca3, 0x4a3, 0x4a3, 0x4a3, 0x4a3, 0x4a3, 0x4a3, 0x4a3, 0x4a3, 0x4a3,
			0x4a3, 0x4a3, 0x4a3, 0x4a3, 0x4a3, 0x4a3, 0x4a3, 0x4a3, 0x4a3, 0x4a3, 0x4a3, 0x1a0, 0x1a0, 0x1a0, 0x1a0, 0x1a0,
			0x1a0, 0x8e3, 0x8e3, 0x8e3, 0x8e3, 0x8e3, 0x8e3, 0x0e3, 0x0e3, 0x0e3, 0x0e3, 0x0e3, 0x0e3, 0x0e3, 0x0e3, 0x0e3,
			0x0e3, 0x0e3, 0x0e3, 0x0e3, 0x0e3, 0x0e3, 0x0e3, 0x0e3, 0x0e3, 0x0e3, 0x0e3, 0x1a0, 0x1a0, 0x1a0, 0x1a0, 0x008,
			0x000, 0x000, 0x000, 0x000, 0x000, 0x000, 0x000, 0x000, 0x000, 0x000, 0x000, 0x000, 0x000, 0x000, 0x000, 0x000,
			0x000, 0x000, 0x000, 0x000, 0x000, 0x000, 0x000, 0x000, 0x000, 0x000, 0x000, 0x000, 0x000, 0x000, 0x000, 0x000,
			0x000, 0x000, 0x000, 0x000, 0x000, 0x000, 0x000, 0x000, 0x000, 0x000, 0x000, 0x000, 0x000, 0x000, 0x000, 0x000,
			0x000, 0x000, 0x000, 0x000, 0x000, 0x000, 0x000, 0x000, 0x000, 0x000, 0x000, 0x000, 0x000, 0x000, 0x000, 0x000,
			0x000, 0x000, 0x000, 0x000, 0x000, 0x000, 0x000, 0x000, 0x000, 0x000, 0x000, 0x000, 0x000, 0x000, 0x000, 0x000,
			0x000, 0x000, 0x000, 0x000, 0x000, 0x000, 0x000, 0x000, 0x000, 0x000, 0x000, 0x000, 0x000, 0x000, 0x000, 0x000,
			0x000, 0x000, 0x000, 0x000, 0x000, 0x000, 0x000, 0x000, 0x000, 0x000, 0x000, 0x000, 0x000, 0x000, 0x000, 0x000,
			0x000, 0x000, 0x000, 0x000, 0x000, 0x000, 0x000, 0x000, 0x000, 0x000, 0x000, 0x000, 0x000, 0x000, 0x000, 0x000,
		},
		"sw_TZ": {
			0x008, 0x008, 0x008, 0x008, 0x008, 0x008, 0x008, 0x008, 0x008, 0x20c, 0x208, 0x208, 0x208, 0x208, 0x008, 0x008,
			0x008, 0x008, 0x008, 0x008, 0x008, 0x008, 0x008, 0x008, 0x008, 0x008, 0x008, 0x008, 0x008, 0x008, 0x008, 0x008,
			0x284, 0x1a0, 0x1a0, 0x1a0, 0x1a0, 0x1a0, 0x1a0, 0x1a0, 0x1a0, 0x1a0, 0x1a0, 0x1a0, 0x1a0, 0x1a0, 0x1a0, 0x1a0,
			0x8b1, 0x8b1, 0x8b1, 0x8b1, 0x8b1, 0x8b1, 0x8b1, 0x8b1, 0x8b1, 0x8b1, 0x1a0, 0x1a0, 0x1a0, 0x1a0, 0x1a0, 0x1a0,
			0x1a0, 0xca3, 0xca3, 0xca3, 0xca3, 0xca3, 0xca3, 0x4a3, 0x4a3, 0x4a3, 0x4a3, 0x4a3, 0x4a3, 0x4a3, 0x4a3, 0x4a3,
			0x4a3, 0x4a3, 0x4a3, 0x4a3, 0x4a3, 0x4a3, 0x4a3, 0x4a3, 0x4a3, 0x4a3, 0x4a3, 0x1a0, 0x1a0, 0x1a0, 0x1a0, 0x1a0,
			0x1a0, 0x8e3, 0x8e3, 0x8e3, 0x8e3, 0x8e3, 0x8e3, 0x0e3, 0x0e3, 0x0e3, 0x0e3, 0x0e3, 0x0e3, 0x0e3, 0x0e3, 0x0e3,
			0x0e3, 0x0e3, 0x0e3, 0x0e3, 0x0e3, 0x0e3, 0x0e3, 0x0e3, 0x0e3, 0x0e3, 0x0e3, 0x1a0, 0x1a0, 0x1a0, 0x1a0, 0x008,
			0x000, 0x000, 0x000, 0x000, 0x000, 0x000, 0x000, 0x000, 0x000, 0x000, 0x000, 0x000, 0x000, 0x000, 0x000, 0x000,
			0x000, 0x000, 0x000, 0x000, 0x000, 0x000, 0x000, 0x000, 0x000, 0x000, 0x000, 0x000, 0x000, 0x000, 0x000, 0x000,
			0x000, 0x000, 0x000, 0x000, 0x000, 0x000, 0x000, 0x000, 0x000, 0x000, 0x000, 0x000, 0x000, 0x000, 0x000, 0x000,
			0x000, 0x000, 0x000, 0x000, 0x000, 0x000, 0x000, 0x000, 0x000, 0x000, 0x000, 0x000, 0x000, 0x000, 0x000, 0x000,
			0x000, 0x000, 0x000, 0x000, 0x000, 0x000, 0x000, 0x000, 0x000, 0x000, 0x000, 0x000, 0x000, 0x000, 0x000, 0x000,
			0x000, 0x000, 0x000, 0x000, 0x000, 0x000, 0x000, 0x000, 0x000, 0x000, 0x000, 0x000, 0x000, 0x000, 0x000, 0x000,
			0x000, 0x000, 0x000, 0x000, 0x000, 0x000, 0x000, 0x000, 0x000, 0x000, 0x000, 0x000, 0x000, 0x000, 0x000, 0x000,
			0x000, 0x000, 0x000, 0x000, 0x000, 0x000, 0x000, 0x000, 0x000, 0x000, 0x000, 0x000, 0x000, 0x000, 0x000, 0x000,
		},
		"szl_PL": {
			0x008, 0x008, 0x008, 0x008, 0x008, 0x008, 0x008, 0x008, 0x008, 0x20c, 0x208, 0x208, 0x208, 0x208, 0x008, 0x008,
			0x008, 0x008, 0x008, 0x008, 0x008, 0x008, 0x008, 0x008, 0x008, 0x008, 0x008, 0x008, 0x008, 0x008, 0x008, 0x008,
			0x284, 0x1a0, 0x1a0, 0x1a0, 0x1a0, 0x1a0, 0x1a0, 0x1a0, 0x1a0, 0x1a0, 0x1a0, 0x1a0, 0x1a0, 0x1a0, 0x1a0, 0x1a0,
			0x8b1, 0x8b1, 0x8b1, 0x8b1, 0x8b1, 0x8b1, 0x8b1, 0x8b1, 0x8b1, 0x8b1, 0x1a0, 0x1a0, 0x1a0, 0x1a0, 0x1a0, 0x1a0,
			0x1a0, 0xca3, 0xca3, 0xca3, 0xca3, 0xca3, 0xca3, 0x4a3, 0x4a3, 0x4a3, 0x4a3, 0x4a3, 0x4a3, 0x4a3, 0x4a3, 0x4a3,
			0x4a3, 0x4a3, 0x4a3, 0x4a3, 0x4a3, 0x4a3, 0x4a3, 0x4a3, 0x4a3, 0x4a3, 0x4a3, 0x1a0, 0x1a0, 0x1a0, 0x1a0, 0x1a0,
			0x1a0, 0x8e3, 0x8e3, 0x8e3, 0x8e3, 0x8e3, 0x8e3, 0x0e3, 0x0e3, 0x0e3, 0x0e3, 0x0e3, 0x0e3, 0x0e3, 0x0e3, 0x0e3,
			0x0e3, 0x0e3, 0x0e3, 0x0e3, 0x0e3, 0x0e3, 0x0e3, 0x0e3, 0x0e3, 0x0e3, 0x0e3, 0x1a0, 0x1a0, 0x1a0, 0x1a0, 0x008,
			0x000, 0x000, 0x000, 0x000, 0x000, 0x000, 0x000, 0x000, 0x000, 0x000, 0x000, 0x000, 0x000, 0x000, 0x000, 0x000,
			0x000, 0x000, 0x000, 0x000, 0x000, 0x000, 0x000, 0x000, 0x000, 0x000, 0x000, 0x000, 0x000, 0x000, 0x000, 0x000,
			0x000, 0x000, 0x000, 0x000, 0x000, 0x000, 0x000, 0x000, 0x000, 0x000, 0x000, 0x000, 0x000, 0x000, 0x000, 0x000,
			0x000, 0x000, 0x000, 0x000, 0x000, 0x000, 0x000, 0x000, 0x000, 0x000, 0x000, 0x000, 0x000, 0x000, 0x000, 0x000,
			0x000, 0x000, 0x000, 0x000, 0x000, 0x000, 0x000, 0x000, 0x000, 0x000, 0x000, 0x000, 0x000, 0x000, 0x000, 0x000,
			0x000, 0x000, 0x000, 0x000, 0x000, 0x000, 0x000, 0x000, 0x000, 0x000, 0x000, 0x000, 0x000, 0x000, 0x000, 0x000,
			0x000, 0x000, 0x000, 0x000, 0x000, 0x000, 0x000, 0x000, 0x000, 0x000, 0x000, 0x000, 0x000, 0x000, 0x000, 0x000,
			0x000, 0x000, 0x000, 0x000, 0x000, 0x000, 0x000, 0x000, 0x000, 0x000, 0x000, 0x000, 0x000, 0x000, 0x000, 0x000,
		},
		"ta_IN": {
			0x008, 0x008, 0x008, 0x008, 0x008, 0x008, 0x008, 0x008, 0x008, 0x20c, 0x208, 0x208, 0x208, 0x208, 0x008, 0x008,
			0x008, 0x008, 0x008, 0x008, 0x008, 0x008, 0x008, 0x008, 0x008, 0x008, 0x008, 0x008, 0x008, 0x008, 0x008, 0x008,
			0x284, 0x1a0, 0x1a0, 0x1a0, 0x1a0, 0x1a0, 0x1a0, 0x1a0, 0x1a0, 0x1a0, 0x1a0, 0x1a0, 0x1a0, 0x1a0, 0x1a0, 0x1a0,
			0x8b1, 0x8b1, 0x8b1, 0x8b1, 0x8b1, 0x8b1, 0x8b1, 0x8b1, 0x8b1, 0x8b1, 0x1a0, 0x1a0, 0x1a0, 0x1a0, 0x1a0, 0x1a0,
			0x1a0, 0xca3, 0xca3, 0xca3, 0xca3, 0xca3, 0xca3, 0x4a3, 0x4a3, 0x4a3, 0x4a3, 0x4a3, 0x4a3, 0x4a3, 0x4a3, 0x4a3,
			0x4a3, 0x4a3, 0x4a3, 0x4a3, 0x4a3, 0x4a3, 0x4a3, 0x4a3, 0x4a3, 0x4a3, 0x4a3, 0x1a0, 0x1a0, 0x1a0, 0x1a0, 0x1a0,
			0x1a0, 0x8e3, 0x8e3, 0x8e3, 0x8e3, 0x8e3, 0x8e3, 0x0e3, 0x0e3, 0x0e3, 0x0e3, 0x0e3, 0x0e3, 0x0e3, 0x0e3, 0x0e3,
			0x0e3, 0x0e3, 0x0e3, 0x0e3, 0x0e3, 0x0e3, 0x0e3, 0x0e3, 0x0e3, 0x0e3, 0x0e3, 0x1a0, 0x1a0, 0x1a0, 0x1a0, 0x008,
			0x000, 0x000, 0x000, 0x000, 0x000, 0x000, 0x000, 0x000, 0x000, 0x000, 0x000, 0x000, 0x000, 0x000, 0x000, 0x000,
			0x000, 0x000, 0x000, 0x000, 0x000, 0x000, 0x000, 0x000, 0x000, 0x000, 0x000, 0x000, 0x000, 0x000, 0x000, 0x000,
			0x000, 0x000, 0x000, 0x000, 0x000, 0x000, 0x000, 0x000, 0x000, 0x000, 0x000, 0x000, 0x000, 0x000, 0x000, 0x000,
			0x000, 0x000, 0x000, 0x000, 0x000, 0x000, 0x000, 0x000, 0x000, 0x000, 0x000, 0x000, 0x000, 0x000, 0x000, 0x000,
			0x000, 0x000, 0x000, 0x000, 0x000, 0x000, 0x000, 0x000, 0x000, 0x000, 0x000, 0x000, 0x000, 0x000, 0x000, 0x000,
			0x000, 0x000, 0x000, 0x000, 0x000, 0x000, 0x000, 0x000, 0x000, 0x000, 0x000, 0x000, 0x000, 0x000, 0x000, 0x000,
			0x000, 0x000, 0x000, 0x000, 0x000, 0x000, 0x000, 0x000, 0x000, 0x000, 0x000, 0x000, 0x000, 0x000, 0x000, 0x000,
			0x000, 0x000, 0x000, 0x000, 0x000, 0x000, 0x000, 0x000, 0x000, 0x000, 0x000, 0x000, 0x000, 0x000, 0x000, 0x000,
		},
		"ta_LK": {
			0x008, 0x008, 0x008, 0x008, 0x008, 0x008, 0x008, 0x008, 0x008, 0x20c, 0x208, 0x208, 0x208, 0x208, 0x008, 0x008,
			0x008, 0x008, 0x008, 0x008, 0x008, 0x008, 0x008, 0x008, 0x008, 0x008, 0x008, 0x008, 0x008, 0x008, 0x008, 0x008,
			0x284, 0x1a0, 0x1a0, 0x1a0, 0x1a0, 0x1a0, 0x1a0, 0x1a0, 0x1a0, 0x1a0, 0x1a0, 0x1a0, 0x1a0, 0x1a0, 0x1a0, 0x1a0,
			0x8b1, 0x8b1, 0x8b1, 0x8b1, 0x8b1, 0x8b1, 0x8b1, 0x8b1, 0x8b1, 0x8b1, 0x1a0, 0x1a0, 0x1a0, 0x1a0, 0x1a0, 0x1a0,
			0x1a0, 0xca3, 0xca3, 0xca3, 0xca3, 0xca3, 0xca3, 0x4a3, 0x4a3, 0x4a3, 0x4a3, 0x4a3, 0x4a3, 0x4a3, 0x4a3, 0x4a3,
			0x4a3, 0x4a3, 0x4a3, 0x4a3, 0x4a3, 0x4a3, 0x4a3, 0x4a3, 0x4a3, 0x4a3, 0x4a3, 0x1a0, 0x1a0, 0x1a0, 0x1a0, 0x1a0,
			0x1a0, 0x8e3, 0x8e3, 0x8e3, 0x8e3, 0x8e3, 0x8e3, 0x0e3, 0x0e3, 0x0e3, 0x0e3, 0x0e3, 0x0e3, 0x0e3, 0x0e3, 0x0e3,
			0x0e3, 0x0e3, 0x0e3, 0x0e3, 0x0e3, 0x0e3, 0x0e3, 0x0e3, 0x0e3, 0x0e3, 0x0e3, 0x1a0, 0x1a0, 0x1a0, 0x1a0, 0x008,
			0x000, 0x000, 0x000, 0x000, 0x000, 0x000, 0x000, 0x000, 0x000, 0x000, 0x000, 0x000, 0x000, 0x000, 0x000, 0x000,
			0x000, 0x000, 0x000, 0x000, 0x000, 0x000, 0x000, 0x000, 0x000, 0x000, 0x000, 0x000, 0x000, 0x000, 0x000, 0x000,
			0x000, 0x000, 0x000, 0x000, 0x000, 0x000, 0x000, 0x000, 0x000, 0x000, 0x000, 0x000, 0x000, 0x000, 0x000, 0x000,
			0x000, 0x000, 0x000, 0x000, 0x000, 0x000, 0x000, 0x000, 0x000, 0x000, 0x000, 0x000, 0x000, 0x000, 0x000, 0x000,
			0x000, 0x000, 0x000, 0x000, 0x000, 0x000, 0x000, 0x000, 0x000, 0x000, 0x000, 0x000, 0x000, 0x000, 0x000, 0x000,
			0x000, 0x000, 0x000, 0x000, 0x000, 0x000, 0x000, 0x000, 0x000, 0x000, 0x000, 0x000, 0x000, 0x000, 0x000, 0x000,
			0x000, 0x000, 0x000, 0x000, 0x000, 0x000, 0x000, 0x000, 0x000, 0x000, 0x000, 0x000, 0x000, 0x000, 0x000, 0x000,
			0x000, 0x000, 0x000, 0x000, 0x000, 0x000, 0x000, 0x000, 0x000, 0x000, 0x000, 0x000, 0x000, 0x000, 0x000, 0x000,
		},
		"tcy_IN.utf8": {
			0x008, 0x008, 0x008, 0x008, 0x008, 0x008, 0x008, 0x008, 0x008, 0x20c, 0x208, 0x208, 0x208, 0x208, 0x008, 0x008,
			0x008, 0x008, 0x008, 0x008, 0x008, 0x008, 0x008, 0x008, 0x008, 0x008, 0x008, 0x008, 0x008, 0x008, 0x008, 0x008,
			0x284, 0x1a0, 0x1a0, 0x1a0, 0x1a0, 0x1a0, 0x1a0, 0x1a0, 0x1a0, 0x1a0, 0x1a0, 0x1a0, 0x1a0, 0x1a0, 0x1a0, 0x1a0,
			0x8b1, 0x8b1, 0x8b1, 0x8b1, 0x8b1, 0x8b1, 0x8b1, 0x8b1, 0x8b1, 0x8b1, 0x1a0, 0x1a0, 0x1a0, 0x1a0, 0x1a0, 0x1a0,
			0x1a0, 0xca3, 0xca3, 0xca3, 0xca3, 0xca3, 0xca3, 0x4a3, 0x4a3, 0x4a3, 0x4a3, 0x4a3, 0x4a3, 0x4a3, 0x4a3, 0x4a3,
			0x4a3, 0x4a3, 0x4a3, 0x4a3, 0x4a3, 0x4a3, 0x4a3, 0x4a3, 0x4a3, 0x4a3, 0x4a3, 0x1a0, 0x1a0, 0x1a0, 0x1a0, 0x1a0,
			0x1a0, 0x8e3, 0x8e3, 0x8e3, 0x8e3, 0x8e3, 0x8e3, 0x0e3, 0x0e3, 0x0e3, 0x0e3, 0x0e3, 0x0e3, 0x0e3, 0x0e3, 0x0e3,
			0x0e3, 0x0e3, 0x0e3, 0x0e3, 0x0e3, 0x0e3, 0x0e3, 0x0e3, 0x0e3, 0x0e3, 0x0e3, 0x1a0, 0x1a0, 0x1a0, 0x1a0, 0x008,
			0x000, 0x000, 0x000, 0x000, 0x000, 0x000, 0x000, 0x000, 0x000, 0x000, 0x000, 0x000, 0x000, 0x000, 0x000, 0x000,
			0x000, 0x000, 0x000, 0x000, 0x000, 0x000, 0x000, 0x000, 0x000, 0x000, 0x000, 0x000, 0x000, 0x000, 0x000, 0x000,
			0x000, 0x000, 0x000, 0x000, 0x000, 0x000, 0x000, 0x000, 0x000, 0x000, 0x000, 0x000, 0x000, 0x000, 0x000, 0x000,
			0x000, 0x000, 0x000, 0x000, 0x000, 0x000, 0x000, 0x000, 0x000, 0x000, 0x000, 0x000, 0x000, 0x000, 0x000, 0x000,
			0x000, 0x000, 0x000, 0x000, 0x000, 0x000, 0x000, 0x000, 0x000, 0x000, 0x000, 0x000, 0x000, 0x000, 0x000, 0x000,
			0x000, 0x000, 0x000, 0x000, 0x000, 0x000, 0x000, 0x000, 0x000, 0x000, 0x000, 0x000, 0x000, 0x000, 0x000, 0x000,
			0x000, 0x000, 0x000, 0x000, 0x000, 0x000, 0x000, 0x000, 0x000, 0x000, 0x000, 0x000, 0x000, 0x000, 0x000, 0x000,
			0x000, 0x000, 0x000, 0x000, 0x000, 0x000, 0x000, 0x000, 0x000, 0x000, 0x000, 0x000, 0x000, 0x000, 0x000, 0x000,
		},
		"te_IN": {
			0x008, 0x008, 0x008, 0x008, 0x008, 0x008, 0x008, 0x008, 0x008, 0x20c, 0x208, 0x208, 0x208, 0x208, 0x008, 0x008,
			0x008, 0x008, 0x008, 0x008, 0x008, 0x008, 0x008, 0x008, 0x008, 0x008, 0x008, 0x008, 0x008, 0x008, 0x008, 0x008,
			0x284, 0x1a0, 0x1a0, 0x1a0, 0x1a0, 0x1a0, 0x1a0, 0x1a0, 0x1a0, 0x1a0, 0x1a0, 0x1a0, 0x1a0, 0x1a0, 0x1a0, 0x1a0,
			0x8b1, 0x8b1, 0x8b1, 0x8b1, 0x8b1, 0x8b1, 0x8b1, 0x8b1, 0x8b1, 0x8b1, 0x1a0, 0x1a0, 0x1a0, 0x1a0, 0x1a0, 0x1a0,
			0x1a0, 0xca3, 0xca3, 0xca3, 0xca3, 0xca3, 0xca3, 0x4a3, 0x4a3, 0x4a3, 0x4a3, 0x4a3, 0x4a3, 0x4a3, 0x4a3, 0x4a3,
			0x4a3, 0x4a3, 0x4a3, 0x4a3, 0x4a3, 0x4a3, 0x4a3, 0x4a3, 0x4a3, 0x4a3, 0x4a3, 0x1a0, 0x1a0, 0x1a0, 0x1a0, 0x1a0,
			0x1a0, 0x8e3, 0x8e3, 0x8e3, 0x8e3, 0x8e3, 0x8e3, 0x0e3, 0x0e3, 0x0e3, 0x0e3, 0x0e3, 0x0e3, 0x0e3, 0x0e3, 0x0e3,
			0x0e3, 0x0e3, 0x0e3, 0x0e3, 0x0e3, 0x0e3, 0x0e3, 0x0e3, 0x0e3, 0x0e3, 0x0e3, 0x1a0, 0x1a0, 0x1a0, 0x1a0, 0x008,
			0x000, 0x000, 0x000, 0x000, 0x000, 0x000, 0x000, 0x000, 0x000, 0x000, 0x000, 0x000, 0x000, 0x000, 0x000, 0x000,
			0x000, 0x000, 0x000, 0x000, 0x000, 0x000, 0x000, 0x000, 0x000, 0x000, 0x000, 0x000, 0x000, 0x000, 0x000, 0x000,
			0x000, 0x000, 0x000, 0x000, 0x000, 0x000, 0x000, 0x000, 0x000, 0x000, 0x000, 0x000, 0x000, 0x000, 0x000, 0x000,
			0x000, 0x000, 0x000, 0x000, 0x000, 0x000, 0x000, 0x000, 0x000, 0x000, 0x000, 0x000, 0x000, 0x000, 0x000, 0x000,
			0x000, 0x000, 0x000, 0x000, 0x000, 0x000, 0x000, 0x000, 0x000, 0x000, 0x000, 0x000, 0x000, 0x000, 0x000, 0x000,
			0x000, 0x000, 0x000, 0x000, 0x000, 0x000, 0x000, 0x000, 0x000, 0x000, 0x000, 0x000, 0x000, 0x000, 0x000, 0x000,
			0x000, 0x000, 0x000, 0x000, 0x000, 0x000, 0x000, 0x000, 0x000, 0x000, 0x000, 0x000, 0x000, 0x000, 0x000, 0x000,
			0x000, 0x000, 0x000, 0x000, 0x000, 0x000, 0x000, 0x000, 0x000, 0x000, 0x000, 0x000, 0x000, 0x000, 0x000, 0x000,
		},
		"tg_TJ": {
			0x008, 0x008, 0x008, 0x008, 0x008, 0x008, 0x008, 0x008, 0x008, 0x20c, 0x208, 0x208, 0x208, 0x208, 0x008, 0x008,
			0x008, 0x008, 0x008, 0x008, 0x008, 0x008, 0x008, 0x008, 0x008, 0x008, 0x008, 0x008, 0x008, 0x008, 0x008, 0x008,
			0x284, 0x1a0, 0x1a0, 0x1a0, 0x1a0, 0x1a0, 0x1a0, 0x1a0, 0x1a0, 0x1a0, 0x1a0, 0x1a0, 0x1a0, 0x1a0, 0x1a0, 0x1a0,
			0x8b1, 0x8b1, 0x8b1, 0x8b1, 0x8b1, 0x8b1, 0x8b1, 0x8b1, 0x8b1, 0x8b1, 0x1a0, 0x1a0, 0x1a0, 0x1a0, 0x1a0, 0x1a0,
			0x1a0, 0xca3, 0xca3, 0xca3, 0xca3, 0xca3, 0xca3, 0x4a3, 0x4a3, 0x4a3, 0x4a3, 0x4a3, 0x4a3, 0x4a3, 0x4a3, 0x4a3,
			0x4a3, 0x4a3, 0x4a3, 0x4a3, 0x4a3, 0x4a3, 0x4a3, 0x4a3, 0x4a3, 0x4a3, 0x4a3, 0x1a0, 0x1a0, 0x1a0, 0x1a0, 0x1a0,
			0x1a0, 0x8e3, 0x8e3, 0x8e3, 0x8e3, 0x8e3, 0x8e3, 0x0e3, 0x0e3, 0x0e3, 0x0e3, 0x0e3, 0x0e3, 0x0e3, 0x0e3, 0x0e3,
			0x0e3, 0x0e3, 0x0e3, 0x0e3, 0x0e3, 0x0e3, 0x0e3, 0x0e3, 0x0e3, 0x0e3, 0x0e3, 0x1a0, 0x1a0, 0x1a0, 0x1a0, 0x008,
			0x0e3, 0x0e3, 0x1a0, 0x4a3, 0x1a0, 0x1a0, 0x1a0, 0x1a0, 0x000, 0x1a0, 0x0e3, 0x1a0, 0x4a3, 0x0e3, 0x4a3, 0x000,
			0x4a3, 0x1a0, 0x1a0, 0x1a0, 0x1a0, 0x1a0, 0x1a0, 0x1a0, 0x000, 0x1a0, 0x000, 0x1a0, 0x000, 0x000, 0x000, 0x000,
			0x000, 0x0e3, 0x4a3, 0x0e3, 0x1a0, 0x0e3, 0x1a0, 0x1a0, 0x000, 0x000, 0x000, 0x1a0, 0x1a0, 0x1a0, 0x1a0, 0x000,
			0x1a0, 0x1a0, 0x1a0, 0x4a3, 0x000, 0x4a3, 0x1a0, 0x1a0, 0x000, 0x1a0, 0x000, 0x1a0, 0x000, 0x000, 0x000, 0x1a0,
			0x0e3, 0x0e3, 0x0e3, 0x0e3, 0x0e3, 0x0e3, 0x0e3, 0x0e3, 0x0e3, 0x0e3, 0x0e3, 0x0e3, 0x0e3, 0x0e3, 0x0e3, 0x0e3,
			0x0e3, 0x0e3, 0x0e3, 0x0e3, 0x0e3, 0x0e3, 0x0e3, 0x0e3, 0x0e3, 0x0e3, 0x0e3, 0x0e3, 0x0e3, 0x0e3, 0x0e3, 0x0e3,
			0x4a3, 0x4a3, 0x4a3, 0x4a3, 0x4a3, 0x4a3, 0x4a3, 0x4a3, 0x4a3, 0x4a3, 0x4a3, 0x4a3, 0x4a3, 0x4a3, 0x4a3, 0x4a3,
			0x4a3, 0x4a3, 0x4a3, 0x4a3, 0x4a3, 0x4a3, 0x4a3, 0x4a3, 0x4a3, 0x4a3, 0x4a3, 0x4a3, 0x4a3, 0x4a3, 0x4a3, 0x4a3,
		},
		"tg_TJ.utf8": {
			0x008, 0x008, 0x008, 0x008, 0x008, 0x008, 0x008, 0x008, 0x008, 0x20c, 0x208, 0x208, 0x208, 0x208, 0x008, 0x008,
			0x008, 0x008, 0x008, 0x008, 0x008, 0x008, 0x008, 0x008, 0x008, 0x008, 0x008, 0x008, 0x008, 0x008, 0x008, 0x008,
			0x284, 0x1a0, 0x1a0, 0x1a0, 0x1a0, 0x1a0, 0x1a0, 0x1a0, 0x1a0, 0x1a0, 0x1a0, 0x1a0, 0x1a0, 0x1a0, 0x1a0, 0x1a0,
			0x8b1, 0x8b1, 0x8b1, 0x8b1, 0x8b1, 0x8b1, 0x8b1, 0x8b1, 0x8b1, 0x8b1, 0x1a0, 0x1a0, 0x1a0, 0x1a0, 0x1a0, 0x1a0,
			0x1a0, 0xca3, 0xca3, 0xca3, 0xca3, 0xca3, 0xca3, 0x4a3, 0x4a3, 0x4a3, 0x4a3, 0x4a3, 0x4a3, 0x4a3, 0x4a3, 0x4a3,
			0x4a3, 0x4a3, 0x4a3, 0x4a3, 0x4a3, 0x4a3, 0x4a3, 0x4a3, 0x4a3, 0x4a3, 0x4a3, 0x1a0, 0x1a0, 0x1a0, 0x1a0, 0x1a0,
			0x1a0, 0x8e3, 0x8e3, 0x8e3, 0x8e3, 0x8e3, 0x8e3, 0x0e3, 0x0e3, 0x0e3, 0x0e3, 0x0e3, 0x0e3, 0x0e3, 0x0e3, 0x0e3,
			0x0e3, 0x0e3, 0x0e3, 0x0e3, 0x0e3, 0x0e3, 0x0e3, 0x0e3, 0x0e3, 0x0e3, 0x0e3, 0x1a0, 0x1a0, 0x1a0, 0x1a0, 0x008,
			0x000, 0x000, 0x000, 0x000, 0x000, 0x000, 0x000, 0x000, 0x000, 0x000, 0x000, 0x000, 0x000, 0x000, 0x000, 0x000,
			0x000, 0x000, 0x000, 0x000, 0x000, 0x000, 0x000, 0x000, 0x000, 0x000, 0x000, 0x000, 0x000, 0x000, 0x000, 0x000,
			0x000, 0x000, 0x000, 0x000, 0x000, 0x000, 0x000, 0x000, 0x000, 0x000, 0x000, 0x000, 0x000, 0x000, 0x000, 0x000,
			0x000, 0x000, 0x000, 0x000, 0x000, 0x000, 0x000, 0x000, 0x000, 0x000, 0x000, 0x000, 0x000, 0x000, 0x000, 0x000,
			0x000, 0x000, 0x000, 0x000, 0x000, 0x000, 0x000, 0x000, 0x000, 0x000, 0x000, 0x000, 0x000, 0x000, 0x000, 0x000,
			0x000, 0x000, 0x000, 0x000, 0x000, 0x000, 0x000, 0x000, 0x000, 0x000, 0x000, 0x000, 0x000, 0x000, 0x000, 0x000,
			0x000, 0x000, 0x000, 0x000, 0x000, 0x000, 0x000, 0x000, 0x000, 0x000, 0x000, 0x000, 0x000, 0x000, 0x000, 0x000,
			0x000, 0x000, 0x000, 0x000, 0x000, 0x000, 0x000, 0x000, 0x000, 0x000, 0x000, 0x000, 0x000, 0x000, 0x000, 0x000,
		},
		"th_TH": {
			0x008, 0x008, 0x008, 0x008, 0x008, 0x008, 0x008, 0x008, 0x008, 0x20c, 0x208, 0x208, 0x208, 0x208, 0x008, 0x008,
			0x008, 0x008, 0x008, 0x008, 0x008, 0x008, 0x008, 0x008, 0x008, 0x008, 0x008, 0x008, 0x008, 0x008, 0x008, 0x008,
			0x284, 0x1a0, 0x1a0, 0x1a0, 0x1a0, 0x1a0, 0x1a0, 0x1a0, 0x1a0, 0x1a0, 0x1a0, 0x1a0, 0x1a0, 0x1a0, 0x1a0, 0x1a0,
			0x8b1, 0x8b1, 0x8b1, 0x8b1, 0x8b1, 0x8b1, 0x8b1, 0x8b1, 0x8b1, 0x8b1, 0x1a0, 0x1a0, 0x1a0, 0x1a0, 0x1a0, 0x1a0,
			0x1a0, 0xca3, 0xca3, 0xca3, 0xca3, 0xca3, 0xca3, 0x4a3, 0x4a3, 0x4a3, 0x4a3, 0x4a3, 0x4a3, 0x4a3, 0x4a3, 0x4a3,
			0x4a3, 0x4a3, 0x4a3, 0x4a3, 0x4a3, 0x4a3, 0x4a3, 0x4a3, 0x4a3, 0x4a3, 0x4a3, 0x1a0, 0x1a0, 0x1a0, 0x1a0, 0x1a0,
			0x1a0, 0x8e3, 0x8e3, 0x8e3, 0x8e3, 0x8e3, 0x8e3, 0x0e3, 0x0e3, 0x0e3, 0x0e3, 0x0e3, 0x0e3, 0x0e3, 0x0e3, 0x0e3,
			0x0e3, 0x0e3, 0x0e3, 0x0e3, 0x0e3, 0x0e3, 0x0e3, 0x0e3, 0x0e3, 0x0e3, 0x0e3, 0x1a0, 0x1a0, 0x1a0, 0x1a0, 0x008,
			0x000, 0x000, 0x000, 0x000, 0x000, 0x000, 0x000, 0x000, 0x000, 0x000, 0x000, 0x000, 0x000, 0x000, 0x000, 0x000,
			0x000, 0x000, 0x000, 0x000, 0x000, 0x000, 0x000, 0x000, 0x000, 0x000, 0x000, 0x000, 0x000, 0x000, 0x000, 0x000,
			0x000, 0x0a3, 0x0a3, 0x0a3, 0x0a3, 0x0a3, 0x0a3, 0x0a3, 0x0a3, 0x0a3, 0x0a3, 0x0a3, 0x0a3, 0x0a3, 0x0a3, 0x0a3,
			0x0a3, 0x0a3, 0x0a3, 0x0a3, 0x0a3, 0x0a3, 0x0a3, 0x0a3, 0x0a3, 0x0a3, 0x0a3, 0x0a3, 0x0a3, 0x0a3, 0x0a3, 0x0a3,
			0x0a3, 0x0a3, 0x0a3, 0x0a3, 0x0a3, 0x0a3, 0x0a3, 0x0a3, 0x0a3, 0x0a3, 0x0a3, 0x0a3, 0x0a3, 0x0a3, 0x0a3, 0x0a3,
			0x0a3, 0x0a3, 0x0a3, 0x0a3, 0x0a3, 0x0a3, 0x0a3, 0x0a3, 0x0a3, 0x0a3, 0x0a3, 0x000, 0x000, 0x000, 0x000, 0x1a0,
			0x0a3, 0x0a3, 0x0a3, 0x0a3, 0x0a3, 0x0a3, 0x0a3, 0x1a0, 0x1a0, 0x1a0, 0x1a0, 0x1a0, 0x1a0, 0x0a3, 0x1a0, 0x1a0,
			0x0a3, 0x0a3, 0x0a3, 0x0a3, 0x0a3, 0x0a3, 0x0a3, 0x0a3, 0x0a3, 0x0a3, 0x1a0, 0x1a0, 0x000, 0x000, 0x000, 0x000,
		},
		"th_TH.utf8": {
			0x008, 0x008, 0x008, 0x008, 0x008, 0x008, 0x008, 0x008, 0x008, 0x20c, 0x208, 0x208, 0x208, 0x208, 0x008, 0x008,
			0x008, 0x008, 0x008, 0x008, 0x008, 0x008, 0x008, 0x008, 0x008, 0x008, 0x008, 0x008, 0x008, 0x008, 0x008, 0x008,
			0x284, 0x1a0, 0x1a0, 0x1a0, 0x1a0, 0x1a0, 0x1a0, 0x1a0, 0x1a0, 0x1a0, 0x1a0, 0x1a0, 0x1a0, 0x1a0, 0x1a0, 0x1a0,
			0x8b1, 0x8b1, 0x8b1, 0x8b1, 0x8b1, 0x8b1, 0x8b1, 0x8b1, 0x8b1, 0x8b1, 0x1a0, 0x1a0, 0x1a0, 0x1a0, 0x1a0, 0x1a0,
			0x1a0, 0xca3, 0xca3, 0xca3, 0xca3, 0xca3, 0xca3, 0x4a3, 0x4a3, 0x4a3, 0x4a3, 0x4a3, 0x4a3, 0x4a3, 0x4a3, 0x4a3,
			0x4a3, 0x4a3, 0x4a3, 0x4a3, 0x4a3, 0x4a3, 0x4a3, 0x4a3, 0x4a3, 0x4a3, 0x4a3, 0x1a0, 0x1a0, 0x1a0, 0x1a0, 0x1a0,
			0x1a0, 0x8e3, 0x8e3, 0x8e3, 0x8e3, 0x8e3, 0x8e3, 0x0e3, 0x0e3, 0x0e3, 0x0e3, 0x0e3, 0x0e3, 0x0e3, 0x0e3, 0x0e3,
			0x0e3, 0x0e3, 0x0e3, 0x0e3, 0x0e3, 0x0e3, 0x0e3, 0x0e3, 0x0e3, 0x0e3, 0x0e3, 0x1a0, 0x1a0, 0x1a0, 0x1a0, 0x008,
			0x000, 0x000, 0x000, 0x000, 0x000, 0x000, 0x000, 0x000, 0x000, 0x000, 0x000, 0x000, 0x000, 0x000, 0x000, 0x000,
			0x000, 0x000, 0x000, 0x000, 0x000, 0x000, 0x000, 0x000, 0x000, 0x000, 0x000, 0x000, 0x000, 0x000, 0x000, 0x000,
			0x000, 0x000, 0x000, 0x000, 0x000, 0x000, 0x000, 0x000, 0x000, 0x000, 0x000, 0x000, 0x000, 0x000, 0x000, 0x000,
			0x000, 0x000, 0x000, 0x000, 0x000, 0x000, 0x000, 0x000, 0x000, 0x000, 0x000, 0x000, 0x000, 0x000, 0x000, 0x000,
			0x000, 0x000, 0x000, 0x000, 0x000, 0x000, 0x000, 0x000, 0x000, 0x000, 0x000, 0x000, 0x000, 0x000, 0x000, 0x000,
			0x000, 0x000, 0x000, 0x000, 0x000, 0x000, 0x000, 0x000, 0x000, 0x000, 0x000, 0x000, 0x000, 0x000, 0x000, 0x000,
			0x000, 0x000, 0x000, 0x000, 0x000, 0x000, 0x000, 0x000, 0x000, 0x000, 0x000, 0x000, 0x000, 0x000, 0x000, 0x000,
			0x000, 0x000, 0x000, 0x000, 0x000, 0x000, 0x000, 0x000, 0x000, 0x000, 0x000, 0x000, 0x000, 0x000, 0x000, 0x000,
		},
		"the_NP": {
			0x008, 0x008, 0x008, 0x008, 0x008, 0x008, 0x008, 0x008, 0x008, 0x20c, 0x208, 0x208, 0x208, 0x208, 0x008, 0x008,
			0x008, 0x008, 0x008, 0x008, 0x008, 0x008, 0x008, 0x008, 0x008, 0x008, 0x008, 0x008, 0x008, 0x008, 0x008, 0x008,
			0x284, 0x1a0, 0x1a0, 0x1a0, 0x1a0, 0x1a0, 0x1a0, 0x1a0, 0x1a0, 0x1a0, 0x1a0, 0x1a0, 0x1a0, 0x1a0, 0x1a0, 0x1a0,
			0x8b1, 0x8b1, 0x8b1, 0x8b1, 0x8b1, 0x8b1, 0x8b1, 0x8b1, 0x8b1, 0x8b1, 0x1a0, 0x1a0, 0x1a0, 0x1a0, 0x1a0, 0x1a0,
			0x1a0, 0xca3, 0xca3, 0xca3, 0xca3, 0xca3, 0xca3, 0x4a3, 0x4a3, 0x4a3, 0x4a3, 0x4a3, 0x4a3, 0x4a3, 0x4a3, 0x4a3,
			0x4a3, 0x4a3, 0x4a3, 0x4a3, 0x4a3, 0x4a3, 0x4a3, 0x4a3, 0x4a3, 0x4a3, 0x4a3, 0x1a0, 0x1a0, 0x1a0, 0x1a0, 0x1a0,
			0x1a0, 0x8e3, 0x8e3, 0x8e3, 0x8e3, 0x8e3, 0x8e3, 0x0e3, 0x0e3, 0x0e3, 0x0e3, 0x0e3, 0x0e3, 0x0e3, 0x0e3, 0x0e3,
			0x0e3, 0x0e3, 0x0e3, 0x0e3, 0x0e3, 0x0e3, 0x0e3, 0x0e3, 0x0e3, 0x0e3, 0x0e3, 0x1a0, 0x1a0, 0x1a0, 0x1a0, 0x008,
			0x000, 0x000, 0x000, 0x000, 0x000, 0x000, 0x000, 0x000, 0x000, 0x000, 0x000, 0x000, 0x000, 0x000, 0x000, 0x000,
			0x000, 0x000, 0x000, 0x000, 0x000, 0x000, 0x000, 0x000, 0x000, 0x000, 0x000, 0x000, 0x000, 0x000, 0x000, 0x000,
			0x000, 0x000, 0x000, 0x000, 0x000, 0x000, 0x000, 0x000, 0x000, 0x000, 0x000, 0x000, 0x000, 0x000, 0x000, 0x000,
			0x000, 0x000, 0x000, 0x000, 0x000, 0x000, 0x000, 0x000, 0x000, 0x000, 0x000, 0x000, 0x000, 0x000, 0x000, 0x000,
			0x000, 0x000, 0x000, 0x000, 0x000, 0x000, 0x000, 0x000, 0x000, 0x000, 0x000, 0x000, 0x000, 0x000, 0x000, 0x000,
			0x000, 0x000, 0x000, 0x000, 0x000, 0x000, 0x000, 0x000, 0x000, 0x000, 0x000, 0x000, 0x000, 0x000, 0x000, 0x000,
			0x000, 0x000, 0x000, 0x000, 0x000, 0x000, 0x000, 0x000, 0x000, 0x000, 0x000, 0x000, 0x000, 0x000, 0x000, 0x000,
			0x000, 0x000, 0x000, 0x000, 0x000, 0x000, 0x000, 0x000, 0x000, 0x000, 0x000, 0x000, 0x000, 0x000, 0x000, 0x000,
		},
		"ti_ER": {
			0x008, 0x008, 0x008, 0x008, 0x008, 0x008, 0x008, 0x008, 0x008, 0x20c, 0x208, 0x208, 0x208, 0x208, 0x008, 0x008,
			0x008, 0x008, 0x008, 0x008, 0x008, 0x008, 0x008, 0x008, 0x008, 0x008, 0x008, 0x008, 0x008, 0x008, 0x008, 0x008,
			0x284, 0x1a0, 0x1a0, 0x1a0, 0x1a0, 0x1a0, 0x1a0, 0x1a0, 0x1a0, 0x1a0, 0x1a0, 0x1a0, 0x1a0, 0x1a0, 0x1a0, 0x1a0,
			0x8b1, 0x8b1, 0x8b1, 0x8b1, 0x8b1, 0x8b1, 0x8b1, 0x8b1, 0x8b1, 0x8b1, 0x1a0, 0x1a0, 0x1a0, 0x1a0, 0x1a0, 0x1a0,
			0x1a0, 0xca3, 0xca3, 0xca3, 0xca3, 0xca3, 0xca3, 0x4a3, 0x4a3, 0x4a3, 0x4a3, 0x4a3, 0x4a3, 0x4a3, 0x4a3, 0x4a3,
			0x4a3, 0x4a3, 0x4a3, 0x4a3, 0x4a3, 0x4a3, 0x4a3, 0x4a3, 0x4a3, 0x4a3, 0x4a3, 0x1a0, 0x1a0, 0x1a0, 0x1a0, 0x1a0,
			0x1a0, 0x8e3, 0x8e3, 0x8e3, 0x8e3, 0x8e3, 0x8e3, 0x0e3, 0x0e3, 0x0e3, 0x0e3, 0x0e3, 0x0e3, 0x0e3, 0x0e3, 0x0e3,
			0x0e3, 0x0e3, 0x0e3, 0x0e3, 0x0e3, 0x0e3, 0x0e3, 0x0e3, 0x0e3, 0x0e3, 0x0e3, 0x1a0, 0x1a0, 0x1a0, 0x1a0, 0x008,
			0x000, 0x000, 0x000, 0x000, 0x000, 0x000, 0x000, 0x000, 0x000, 0x000, 0x000, 0x000, 0x000, 0x000, 0x000, 0x000,
			0x000, 0x000, 0x000, 0x000, 0x000, 0x000, 0x000, 0x000, 0x000, 0x000, 0x000, 0x000, 0x000, 0x000, 0x000, 0x000,
			0x000, 0x000, 0x000, 0x000, 0x000, 0x000, 0x000, 0x000, 0x000, 0x000, 0x000, 0x000, 0x000, 0x000, 0x000, 0x000,
			0x000, 0x000, 0x000, 0x000, 0x000, 0x000, 0x000, 0x000, 0x000, 0x000, 0x000, 0x000, 0x000, 0x000, 0x000, 0x000,
			0x000, 0x000, 0x000, 0x000, 0x000, 0x000, 0x000, 0x000, 0x000, 0x000, 0x000, 0x000, 0x000, 0x000, 0x000, 0x000,
			0x000, 0x000, 0x000, 0x000, 0x000, 0x000, 0x000, 0x000, 0x000, 0x000, 0x000, 0x000, 0x000, 0x000, 0x000, 0x000,
			0x000, 0x000, 0x000, 0x000, 0x000, 0x000, 0x000, 0x000, 0x000, 0x000, 0x000, 0x000, 0x000, 0x000, 0x000, 0x000,
			0x000, 0x000, 0x000, 0x000, 0x000, 0x000, 0x000, 0x000, 0x000, 0x000, 0x000, 0x000, 0x000, 0x000, 0x000, 0x000,
		},
		"ti_ET": {
			0x008, 0x008, 0x008, 0x008, 0x008, 0x008, 0x008, 0x008, 0x008, 0x20c, 0x208, 0x208, 0x208, 0x208, 0x008, 0x008,
			0x008, 0x008, 0x008, 0x008, 0x008, 0x008, 0x008, 0x008, 0x008, 0x008, 0x008, 0x008, 0x008, 0x008, 0x008, 0x008,
			0x284, 0x1a0, 0x1a0, 0x1a0, 0x1a0, 0x1a0, 0x1a0, 0x1a0, 0x1a0, 0x1a0, 0x1a0, 0x1a0, 0x1a0, 0x1a0, 0x1a0, 0x1a0,
			0x8b1, 0x8b1, 0x8b1, 0x8b1, 0x8b1, 0x8b1, 0x8b1, 0x8b1, 0x8b1, 0x8b1, 0x1a0, 0x1a0, 0x1a0, 0x1a0, 0x1a0, 0x1a0,
			0x1a0, 0xca3, 0xca3, 0xca3, 0xca3, 0xca3, 0xca3, 0x4a3, 0x4a3, 0x4a3, 0x4a3, 0x4a3, 0x4a3, 0x4a3, 0x4a3, 0x4a3,
			0x4a3, 0x4a3, 0x4a3, 0x4a3, 0x4a3, 0x4a3, 0x4a3, 0x4a3, 0x4a3, 0x4a3, 0x4a3, 0x1a0, 0x1a0, 0x1a0, 0x1a0, 0x1a0,
			0x1a0, 0x8e3, 0x8e3, 0x8e3, 0x8e3, 0x8e3, 0x8e3, 0x0e3, 0x0e3, 0x0e3, 0x0e3, 0x0e3, 0x0e3, 0x0e3, 0x0e3, 0x0e3,
			0x0e3, 0x0e3, 0x0e3, 0x0e3, 0x0e3, 0x0e3, 0x0e3, 0x0e3, 0x0e3, 0x0e3, 0x0e3, 0x1a0, 0x1a0, 0x1a0, 0x1a0, 0x008,
			0x000, 0x000, 0x000, 0x000, 0x000, 0x000, 0x000, 0x000, 0x000, 0x000, 0x000, 0x000, 0x000, 0x000, 0x000, 0x000,
			0x000, 0x000, 0x000, 0x000, 0x000, 0x000, 0x000, 0x000, 0x000, 0x000, 0x000, 0x000, 0x000, 0x000, 0x000, 0x000,
			0x000, 0x000, 0x000, 0x000, 0x000, 0x000, 0x000, 0x000, 0x000, 0x000, 0x000, 0x000, 0x000, 0x000, 0x000, 0x000,
			0x000, 0x000, 0x000, 0x000, 0x000, 0x000, 0x000, 0x000, 0x000, 0x000, 0x000, 0x000, 0x000, 0x000, 0x000, 0x000,
			0x000, 0x000, 0x000, 0x000, 0x000, 0x000, 0x000, 0x000, 0x000, 0x000, 0x000, 0x000, 0x000, 0x000, 0x000, 0x000,
			0x000, 0x000, 0x000, 0x000, 0x000, 0x000, 0x000, 0x000, 0x000, 0x000, 0x000, 0x000, 0x000, 0x000, 0x000, 0x000,
			0x000, 0x000, 0x000, 0x000, 0x000, 0x000, 0x000, 0x000, 0x000, 0x000, 0x000, 0x000, 0x000, 0x000, 0x000, 0x000,
			0x000, 0x000, 0x000, 0x000, 0x000, 0x000, 0x000, 0x000, 0x000, 0x000, 0x000, 0x000, 0x000, 0x000, 0x000, 0x000,
		},
		"tig_ER": {
			0x008, 0x008, 0x008, 0x008, 0x008, 0x008, 0x008, 0x008, 0x008, 0x20c, 0x208, 0x208, 0x208, 0x208, 0x008, 0x008,
			0x008, 0x008, 0x008, 0x008, 0x008, 0x008, 0x008, 0x008, 0x008, 0x008, 0x008, 0x008, 0x008, 0x008, 0x008, 0x008,
			0x284, 0x1a0, 0x1a0, 0x1a0, 0x1a0, 0x1a0, 0x1a0, 0x1a0, 0x1a0, 0x1a0, 0x1a0, 0x1a0, 0x1a0, 0x1a0, 0x1a0, 0x1a0,
			0x8b1, 0x8b1, 0x8b1, 0x8b1, 0x8b1, 0x8b1, 0x8b1, 0x8b1, 0x8b1, 0x8b1, 0x1a0, 0x1a0, 0x1a0, 0x1a0, 0x1a0, 0x1a0,
			0x1a0, 0xca3, 0xca3, 0xca3, 0xca3, 0xca3, 0xca3, 0x4a3, 0x4a3, 0x4a3, 0x4a3, 0x4a3, 0x4a3, 0x4a3, 0x4a3, 0x4a3,
			0x4a3, 0x4a3, 0x4a3, 0x4a3, 0x4a3, 0x4a3, 0x4a3, 0x4a3, 0x4a3, 0x4a3, 0x4a3, 0x1a0, 0x1a0, 0x1a0, 0x1a0, 0x1a0,
			0x1a0, 0x8e3, 0x8e3, 0x8e3, 0x8e3, 0x8e3, 0x8e3, 0x0e3, 0x0e3, 0x0e3, 0x0e3, 0x0e3, 0x0e3, 0x0e3, 0x0e3, 0x0e3,
			0x0e3, 0x0e3, 0x0e3, 0x0e3, 0x0e3, 0x0e3, 0x0e3, 0x0e3, 0x0e3, 0x0e3, 0x0e3, 0x1a0, 0x1a0, 0x1a0, 0x1a0, 0x008,
			0x000, 0x000, 0x000, 0x000, 0x000, 0x000, 0x000, 0x000, 0x000, 0x000, 0x000, 0x000, 0x000, 0x000, 0x000, 0x000,
			0x000, 0x000, 0x000, 0x000, 0x000, 0x000, 0x000, 0x000, 0x000, 0x000, 0x000, 0x000, 0x000, 0x000, 0x000, 0x000,
			0x000, 0x000, 0x000, 0x000, 0x000, 0x000, 0x000, 0x000, 0x000, 0x000, 0x000, 0x000, 0x000, 0x000, 0x000, 0x000,
			0x000, 0x000, 0x000, 0x000, 0x000, 0x000, 0x000, 0x000, 0x000, 0x000, 0x000, 0x000, 0x000, 0x000, 0x000, 0x000,
			0x000, 0x000, 0x000, 0x000, 0x000, 0x000, 0x000, 0x000, 0x000, 0x000, 0x000, 0x000, 0x000, 0x000, 0x000, 0x000,
			0x000, 0x000, 0x000, 0x000, 0x000, 0x000, 0x000, 0x000, 0x000, 0x000, 0x000, 0x000, 0x000, 0x000, 0x000, 0x000,
			0x000, 0x000, 0x000, 0x000, 0x000, 0x000, 0x000, 0x000, 0x000, 0x000, 0x000, 0x000, 0x000, 0x000, 0x000, 0x000,
			0x000, 0x000, 0x000, 0x000, 0x000, 0x000, 0x000, 0x000, 0x000, 0x000, 0x000, 0x000, 0x000, 0x000, 0x000, 0x000,
		},
		"tk_TM": {
			0x008, 0x008, 0x008, 0x008, 0x008, 0x008, 0x008, 0x008, 0x008, 0x20c, 0x208, 0x208, 0x208, 0x208, 0x008, 0x008,
			0x008, 0x008, 0x008, 0x008, 0x008, 0x008, 0x008, 0x008, 0x008, 0x008, 0x008, 0x008, 0x008, 0x008, 0x008, 0x008,
			0x284, 0x1a0, 0x1a0, 0x1a0, 0x1a0, 0x1a0, 0x1a0, 0x1a0, 0x1a0, 0x1a0, 0x1a0, 0x1a0, 0x1a0, 0x1a0, 0x1a0, 0x1a0,
			0x8b1, 0x8b1, 0x8b1, 0x8b1, 0x8b1, 0x8b1, 0x8b1, 0x8b1, 0x8b1, 0x8b1, 0x1a0, 0x1a0, 0x1a0, 0x1a0, 0x1a0, 0x1a0,
			0x1a0, 0xca3, 0xca3, 0xca3, 0xca3, 0xca3, 0xca3, 0x4a3, 0x4a3, 0x4a3, 0x4a3, 0x4a3, 0x4a3, 0x4a3, 0x4a3, 0x4a3,
			0x4a3, 0x4a3, 0x4a3, 0x4a3, 0x4a3, 0x4a3, 0x4a3, 0x4a3, 0x4a3, 0x4a3, 0x4a3, 0x1a0, 0x1a0, 0x1a0, 0x1a0, 0x1a0,
			0x1a0, 0x8e3, 0x8e3, 0x8e3, 0x8e3, 0x8e3, 0x8e3, 0x0e3, 0x0e3, 0x0e3, 0x0e3, 0x0e3, 0x0e3, 0x0e3, 0x0e3, 0x0e3,
			0x0e3, 0x0e3, 0x0e3, 0x0e3, 0x0e3, 0x0e3, 0x0e3, 0x0e3, 0x0e3, 0x0e3, 0x0e3, 0x1a0, 0x1a0, 0x1a0, 0x1a0, 0x008,
			0x000, 0x000, 0x000, 0x000, 0x000, 0x000, 0x000, 0x000, 0x000, 0x000, 0x000, 0x000, 0x000, 0x000, 0x000, 0x000,
			0x000, 0x000, 0x000, 0x000, 0x000, 0x000, 0x000, 0x000, 0x000, 0x000, 0x000, 0x000, 0x000, 0x000, 0x000, 0x000,
			0x000, 0x000, 0x000, 0x000, 0x000, 0x000, 0x000, 0x000, 0x000, 0x000, 0x000, 0x000, 0x000, 0x000, 0x000, 0x000,
			0x000, 0x000, 0x000, 0x000, 0x000, 0x000, 0x000, 0x000, 0x000, 0x000, 0x000, 0x000, 0x000, 0x000, 0x000, 0x000,
			0x000, 0x000, 0x000, 0x000, 0x000, 0x000, 0x000, 0x000, 0x000, 0x000, 0x000, 0x000, 0x000, 0x000, 0x000, 0x000,
			0x000, 0x000, 0x000, 0x000, 0x000, 0x000, 0x000, 0x000, 0x000, 0x000, 0x000, 0x000, 0x000, 0x000, 0x000, 0x000,
			0x000, 0x000, 0x000, 0x000, 0x000, 0x000, 0x000, 0x000, 0x000, 0x000, 0x000, 0x000, 0x000, 0x000, 0x000, 0x000,
			0x000, 0x000, 0x000, 0x000, 0x000, 0x000, 0x000, 0x000, 0x000, 0x000, 0x000, 0x000, 0x000, 0x000, 0x000, 0x000,
		},
		"tl_PH": {
			0x008, 0x008, 0x008, 0x008, 0x008, 0x008, 0x008, 0x008, 0x008, 0x20c, 0x208, 0x208, 0x208, 0x208, 0x008, 0x008,
			0x008, 0x008, 0x008, 0x008, 0x008, 0x008, 0x008, 0x008, 0x008, 0x008, 0x008, 0x008, 0x008, 0x008, 0x008, 0x008,
			0x284, 0x1a0, 0x1a0, 0x1a0, 0x1a0, 0x1a0, 0x1a0, 0x1a0, 0x1a0, 0x1a0, 0x1a0, 0x1a0, 0x1a0, 0x1a0, 0x1a0, 0x1a0,
			0x8b1, 0x8b1, 0x8b1, 0x8b1, 0x8b1, 0x8b1, 0x8b1, 0x8b1, 0x8b1, 0x8b1, 0x1a0, 0x1a0, 0x1a0, 0x1a0, 0x1a0, 0x1a0,
			0x1a0, 0xca3, 0xca3, 0xca3, 0xca3, 0xca3, 0xca3, 0x4a3, 0x4a3, 0x4a3, 0x4a3, 0x4a3, 0x4a3, 0x4a3, 0x4a3, 0x4a3,
			0x4a3, 0x4a3, 0x4a3, 0x4a3, 0x4a3, 0x4a3, 0x4a3, 0x4a3, 0x4a3, 0x4a3, 0x4a3, 0x1a0, 0x1a0, 0x1a0, 0x1a0, 0x1a0,
			0x1a0, 0x8e3, 0x8e3, 0x8e3, 0x8e3, 0x8e3, 0x8e3, 0x0e3, 0x0e3, 0x0e3, 0x0e3, 0x0e3, 0x0e3, 0x0e3, 0x0e3, 0x0e3,
			0x0e3, 0x0e3, 0x0e3, 0x0e3, 0x0e3, 0x0e3, 0x0e3, 0x0e3, 0x0e3, 0x0e3, 0x0e3, 0x1a0, 0x1a0, 0x1a0, 0x1a0, 0x008,
			0x008, 0x008, 0x008, 0x008, 0x008, 0x008, 0x008, 0x008, 0x008, 0x008, 0x008, 0x008, 0x008, 0x008, 0x008, 0x008,
			0x008, 0x008, 0x008, 0x008, 0x008, 0x008, 0x008, 0x008, 0x008, 0x008, 0x008, 0x008, 0x008, 0x008, 0x008, 0x008,
			0x1a0, 0x1a0, 0x1a0, 0x1a0, 0x1a0, 0x1a0, 0x1a0, 0x1a0, 0x1a0, 0x1a0, 0x0e3, 0x1a0, 0x1a0, 0x1a0, 0x1a0, 0x1a0,
			0x1a0, 0x1a0, 0x1a0, 0x1a0, 0x1a0, 0x0e3, 0x1a0, 0x1a0, 0x1a0, 0x1a0, 0x0e3, 0x1a0, 0x1a0, 0x1a0, 0x1a0, 0x1a0,
			0x4a3, 0x4a3, 0x4a3, 0x4a3, 0x4a3, 0x4a3, 0x4a3, 0x4a3, 0x4a3, 0x4a3, 0x4a3, 0x4a3, 0x4a3, 0x4a3, 0x4a3, 0x4a3,
			0x4a3, 0x4a3, 0x4a3, 0x4a3, 0x4a3, 0x4a3, 0x4a3, 0x1a0, 0x4a3, 0x4a3, 0x4a3, 0x4a3, 0x4a3, 0x4a3, 0x4a3, 0x0e3,
			0x0e3, 0x0e3, 0x0e3, 0x0e3, 0x0e3, 0x0e3, 0x0e3, 0x0e3, 0x0e3, 0x0e3, 0x0e3, 0x0e3, 0x0e3, 0x0e3, 0x0e3, 0x0e3,
			0x0e3, 0x0e3, 0x0e3, 0x0e3, 0x0e3, 0x0e3, 0x0e3, 0x1a0, 0x0e3, 0x0e3, 0x0e3, 0x0e3, 0x0e3, 0x0e3, 0x0e3, 0x0e3,
		},
		"tl_PH.utf8": {
			0x008, 0x008, 0x008, 0x008, 0x008, 0x008, 0x008, 0x008, 0x008, 0x20c, 0x208, 0x208, 0x208, 0x208, 0x008, 0x008,
			0x008, 0x008, 0x008, 0x008, 0x008, 0x008, 0x008, 0x008, 0x008, 0x008, 0x008, 0x008, 0x008, 0x008, 0x008, 0x008,
			0x284, 0x1a0, 0x1a0, 0x1a0, 0x1a0, 0x1a0, 0x1a0, 0x1a0, 0x1a0, 0x1a0, 0x1a0, 0x1a0, 0x1a0, 0x1a0, 0x1a0, 0x1a0,
			0x8b1, 0x8b1, 0x8b1, 0x8b1, 0x8b1, 0x8b1, 0x8b1, 0x8b1, 0x8b1, 0x8b1, 0x1a0, 0x1a0, 0x1a0, 0x1a0, 0x1a0, 0x1a0,
			0x1a0, 0xca3, 0xca3, 0xca3, 0xca3, 0xca3, 0xca3, 0x4a3, 0x4a3, 0x4a3, 0x4a3, 0x4a3, 0x4a3, 0x4a3, 0x4a3, 0x4a3,
			0x4a3, 0x4a3, 0x4a3, 0x4a3, 0x4a3, 0x4a3, 0x4a3, 0x4a3, 0x4a3, 0x4a3, 0x4a3, 0x1a0, 0x1a0, 0x1a0, 0x1a0, 0x1a0,
			0x1a0, 0x8e3, 0x8e3, 0x8e3, 0x8e3, 0x8e3, 0x8e3, 0x0e3, 0x0e3, 0x0e3, 0x0e3, 0x0e3, 0x0e3, 0x0e3, 0x0e3, 0x0e3,
			0x0e3, 0x0e3, 0x0e3, 0x0e3, 0x0e3, 0x0e3, 0x0e3, 0x0e3, 0x0e3, 0x0e3, 0x0e3, 0x1a0, 0x1a0, 0x1a0, 0x1a0, 0x008,
			0x000, 0x000, 0x000, 0x000, 0x000, 0x000, 0x000, 0x000, 0x000, 0x000, 0x000, 0x000, 0x000, 0x000, 0x000, 0x000,
			0x000, 0x000, 0x000, 0x000, 0x000, 0x000, 0x000, 0x000, 0x000, 0x000, 0x000, 0x000, 0x000, 0x000, 0x000, 0x000,
			0x000, 0x000, 0x000, 0x000, 0x000, 0x000, 0x000, 0x000, 0x000, 0x000, 0x000, 0x000, 0x000, 0x000, 0x000, 0x000,
			0x000, 0x000, 0x000, 0x000, 0x000, 0x000, 0x000, 0x000, 0x000, 0x000, 0x000, 0x000, 0x000, 0x000, 0x000, 0x000,
			0x000, 0x000, 0x000, 0x000, 0x000, 0x000, 0x000, 0x000, 0x000, 0x000, 0x000, 0x000, 0x000, 0x000, 0x000, 0x000,
			0x000, 0x000, 0x000, 0x000, 0x000, 0x000, 0x000, 0x000, 0x000, 0x000, 0x000, 0x000, 0x000, 0x000, 0x000, 0x000,
			0x000, 0x000, 0x000, 0x000, 0x000, 0x000, 0x000, 0x000, 0x000, 0x000, 0x000, 0x000, 0x000, 0x000, 0x000, 0x000,
			0x000, 0x000, 0x000, 0x000, 0x000, 0x000, 0x000, 0x000, 0x000, 0x000, 0x000, 0x000, 0x000, 0x000, 0x000, 0x000,
		},
		"tn_ZA": {
			0x008, 0x008, 0x008, 0x008, 0x008, 0x008, 0x008, 0x008, 0x008, 0x20c, 0x208, 0x208, 0x208, 0x208, 0x008, 0x008,
			0x008, 0x008, 0x008, 0x008, 0x008, 0x008, 0x008, 0x008, 0x008, 0x008, 0x008, 0x008, 0x008, 0x008, 0x008, 0x008,
			0x284, 0x1a0, 0x1a0, 0x1a0, 0x1a0, 0x1a0, 0x1a0, 0x1a0, 0x1a0, 0x1a0, 0x1a0, 0x1a0, 0x1a0, 0x1a0, 0x1a0, 0x1a0,
			0x8b1, 0x8b1, 0x8b1, 0x8b1, 0x8b1, 0x8b1, 0x8b1, 0x8b1, 0x8b1, 0x8b1, 0x1a0, 0x1a0, 0x1a0, 0x1a0, 0x1a0, 0x1a0,
			0x1a0, 0xca3, 0xca3, 0xca3, 0xca3, 0xca3, 0xca3, 0x4a3, 0x4a3, 0x4a3, 0x4a3, 0x4a3, 0x4a3, 0x4a3, 0x4a3, 0x4a3,
			0x4a3, 0x4a3, 0x4a3, 0x4a3, 0x4a3, 0x4a3, 0x4a3, 0x4a3, 0x4a3, 0x4a3, 0x4a3, 0x1a0, 0x1a0, 0x1a0, 0x1a0, 0x1a0,
			0x1a0, 0x8e3, 0x8e3, 0x8e3, 0x8e3, 0x8e3, 0x8e3, 0x0e3, 0x0e3, 0x0e3, 0x0e3, 0x0e3, 0x0e3, 0x0e3, 0x0e3, 0x0e3,
			0x0e3, 0x0e3, 0x0e3, 0x0e3, 0x0e3, 0x0e3, 0x0e3, 0x0e3, 0x0e3, 0x0e3, 0x0e3, 0x1a0, 0x1a0, 0x1a0, 0x1a0, 0x008,
			0x000, 0x000, 0x000, 0x000, 0x000, 0x000, 0x000, 0x000, 0x000, 0x000, 0x000, 0x000, 0x000, 0x000, 0x000, 0x000,
			0x000, 0x000, 0x000, 0x000, 0x000, 0x000, 0x000, 0x000, 0x000, 0x000, 0x000, 0x000, 0x000, 0x000, 0x000, 0x000,
			0x000, 0x000, 0x000, 0x000, 0x000, 0x000, 0x000, 0x000, 0x000, 0x000, 0x000, 0x000, 0x000, 0x000, 0x000, 0x000,
			0x000, 0x000, 0x000, 0x000, 0x000, 0x000, 0x000, 0x000, 0x000, 0x000, 0x000, 0x000, 0x000, 0x000, 0x000, 0x000,
			0x000, 0x000, 0x000, 0x000, 0x000, 0x000, 0x000, 0x000, 0x000, 0x000, 0x000, 0x000, 0x000, 0x000, 0x000, 0x000,
			0x000, 0x000, 0x000, 0x000, 0x000, 0x000, 0x000, 0x000, 0x000, 0x000, 0x000, 0x000, 0x000, 0x000, 0x000, 0x000,
			0x000, 0x000, 0x000, 0x000, 0x000, 0x000, 0x000, 0x000, 0x000, 0x000, 0x000, 0x000, 0x000, 0x000, 0x000, 0x000,
			0x000, 0x000, 0x000, 0x000, 0x000, 0x000, 0x000, 0x000, 0x000, 0x000, 0x000, 0x000, 0x000, 0x000, 0x000, 0x000,
		},
		"to_TO": {
			0x008, 0x008, 0x008, 0x008, 0x008, 0x008, 0x008, 0x008, 0x008, 0x20c, 0x208, 0x208, 0x208, 0x208, 0x008, 0x008,
			0x008, 0x008, 0x008, 0x008, 0x008, 0x008, 0x008, 0x008, 0x008, 0x008, 0x008, 0x008, 0x008, 0x008, 0x008, 0x008,
			0x284, 0x1a0, 0x1a0, 0x1a0, 0x1a0, 0x1a0, 0x1a0, 0x1a0, 0x1a0, 0x1a0, 0x1a0, 0x1a0, 0x1a0, 0x1a0, 0x1a0, 0x1a0,
			0x8b1, 0x8b1, 0x8b1, 0x8b1, 0x8b1, 0x8b1, 0x8b1, 0x8b1, 0x8b1, 0x8b1, 0x1a0, 0x1a0, 0x1a0, 0x1a0, 0x1a0, 0x1a0,
			0x1a0, 0xca3, 0xca3, 0xca3, 0xca3, 0xca3, 0xca3, 0x4a3, 0x4a3, 0x4a3, 0x4a3, 0x4a3, 0x4a3, 0x4a3, 0x4a3, 0x4a3,
			0x4a3, 0x4a3, 0x4a3, 0x4a3, 0x4a3, 0x4a3, 0x4a3, 0x4a3, 0x4a3, 0x4a3, 0x4a3, 0x1a0, 0x1a0, 0x1a0, 0x1a0, 0x1a0,
			0x1a0, 0x8e3, 0x8e3, 0x8e3, 0x8e3, 0x8e3, 0x8e3, 0x0e3, 0x0e3, 0x0e3, 0x0e3, 0x0e3, 0x0e3, 0x0e3, 0x0e3, 0x0e3,
			0x0e3, 0x0e3, 0x0e3, 0x0e3, 0x0e3, 0x0e3, 0x0e3, 0x0e3, 0x0e3, 0x0e3, 0x0e3, 0x1a0, 0x1a0, 0x1a0, 0x1a0, 0x008,
			0x000, 0x000, 0x000, 0x000, 0x000, 0x000, 0x000, 0x000, 0x000, 0x000, 0x000, 0x000, 0x000, 0x000, 0x000, 0x000,
			0x000, 0x000, 0x000, 0x000, 0x000, 0x000, 0x000, 0x000, 0x000, 0x000, 0x000, 0x000, 0x000, 0x000, 0x000, 0x000,
			0x000, 0x000, 0x000, 0x000, 0x000, 0x000, 0x000, 0x000, 0x000, 0x000, 0x000, 0x000, 0x000, 0x000, 0x000, 0x000,
			0x000, 0x000, 0x000, 0x000, 0x000, 0x000, 0x000, 0x000, 0x000, 0x000, 0x000, 0x000, 0x000, 0x000, 0x000, 0x000,
			0x000, 0x000, 0x000, 0x000, 0x000, 0x000, 0x000, 0x000, 0x000, 0x000, 0x000, 0x000, 0x000, 0x000, 0x000, 0x000,
			0x000, 0x000, 0x000, 0x000, 0x000, 0x000, 0x000, 0x000, 0x000, 0x000, 0x000, 0x000, 0x000, 0x000, 0x000, 0x000,
			0x000, 0x000, 0x000, 0x000, 0x000, 0x000, 0x000, 0x000, 0x000, 0x000, 0x000, 0x000, 0x000, 0x000, 0x000, 0x000,
			0x000, 0x000, 0x000, 0x000, 0x000, 0x000, 0x000, 0x000, 0x000, 0x000, 0x000, 0x000, 0x000, 0x000, 0x000, 0x000,
		},
		"tpi_PG": {
			0x008, 0x008, 0x008, 0x008, 0x008, 0x008, 0x008, 0x008, 0x008, 0x20c, 0x208, 0x208, 0x208, 0x208, 0x008, 0x008,
			0x008, 0x008, 0x008, 0x008, 0x008, 0x008, 0x008, 0x008, 0x008, 0x008, 0x008, 0x008, 0x008, 0x008, 0x008, 0x008,
			0x284, 0x1a0, 0x1a0, 0x1a0, 0x1a0, 0x1a0, 0x1a0, 0x1a0, 0x1a0, 0x1a0, 0x1a0, 0x1a0, 0x1a0, 0x1a0, 0x1a0, 0x1a0,
			0x8b1, 0x8b1, 0x8b1, 0x8b1, 0x8b1, 0x8b1, 0x8b1, 0x8b1, 0x8b1, 0x8b1, 0x1a0, 0x1a0, 0x1a0, 0x1a0, 0x1a0, 0x1a0,
			0x1a0, 0xca3, 0xca3, 0xca3, 0xca3, 0xca3, 0xca3, 0x4a3, 0x4a3, 0x4a3, 0x4a3, 0x4a3, 0x4a3, 0x4a3, 0x4a3, 0x4a3,
			0x4a3, 0x4a3, 0x4a3, 0x4a3, 0x4a3, 0x4a3, 0x4a3, 0x4a3, 0x4a3, 0x4a3, 0x4a3, 0x1a0, 0x1a0, 0x1a0, 0x1a0, 0x1a0,
			0x1a0, 0x8e3, 0x8e3, 0x8e3, 0x8e3, 0x8e3, 0x8e3, 0x0e3, 0x0e3, 0x0e3, 0x0e3, 0x0e3, 0x0e3, 0x0e3, 0x0e3, 0x0e3,
			0x0e3, 0x0e3, 0x0e3, 0x0e3, 0x0e3, 0x0e3, 0x0e3, 0x0e3, 0x0e3, 0x0e3, 0x0e3, 0x1a0, 0x1a0, 0x1a0, 0x1a0, 0x008,
			0x000, 0x000, 0x000, 0x000, 0x000, 0x000, 0x000, 0x000, 0x000, 0x000, 0x000, 0x000, 0x000, 0x000, 0x000, 0x000,
			0x000, 0x000, 0x000, 0x000, 0x000, 0x000, 0x000, 0x000, 0x000, 0x000, 0x000, 0x000, 0x000, 0x000, 0x000, 0x000,
			0x000, 0x000, 0x000, 0x000, 0x000, 0x000, 0x000, 0x000, 0x000, 0x000, 0x000, 0x000, 0x000, 0x000, 0x000, 0x000,
			0x000, 0x000, 0x000, 0x000, 0x000, 0x000, 0x000, 0x000, 0x000, 0x000, 0x000, 0x000, 0x000, 0x000, 0x000, 0x000,
			0x000, 0x000, 0x000, 0x000, 0x000, 0x000, 0x000, 0x000, 0x000, 0x000, 0x000, 0x000, 0x000, 0x000, 0x000, 0x000,
			0x000, 0x000, 0x000, 0x000, 0x000, 0x000, 0x000, 0x000, 0x000, 0x000, 0x000, 0x000, 0x000, 0x000, 0x000, 0x000,
			0x000, 0x000, 0x000, 0x000, 0x000, 0x000, 0x000, 0x000, 0x000, 0x000, 0x000, 0x000, 0x000, 0x000, 0x000, 0x000,
			0x000, 0x000, 0x000, 0x000, 0x000, 0x000, 0x000, 0x000, 0x000, 0x000, 0x000, 0x000, 0x000, 0x000, 0x000, 0x000,
		},
		"tr_CY": {
			0x008, 0x008, 0x008, 0x008, 0x008, 0x008, 0x008, 0x008, 0x008, 0x20c, 0x208, 0x208, 0x208, 0x208, 0x008, 0x008,
			0x008, 0x008, 0x008, 0x008, 0x008, 0x008, 0x008, 0x008, 0x008, 0x008, 0x008, 0x008, 0x008, 0x008, 0x008, 0x008,
			0x284, 0x1a0, 0x1a0, 0x1a0, 0x1a0, 0x1a0, 0x1a0, 0x1a0, 0x1a0, 0x1a0, 0x1a0, 0x1a0, 0x1a0, 0x1a0, 0x1a0, 0x1a0,
			0x8b1, 0x8b1, 0x8b1, 0x8b1, 0x8b1, 0x8b1, 0x8b1, 0x8b1, 0x8b1, 0x8b1, 0x1a0, 0x1a0, 0x1a0, 0x1a0, 0x1a0, 0x1a0,
			0x1a0, 0xca3, 0xca3, 0xca3, 0xca3, 0xca3, 0xca3, 0x4a3, 0x4a3, 0x4a3, 0x4a3, 0x4a3, 0x4a3, 0x4a3, 0x4a3, 0x4a3,
			0x4a3, 0x4a3, 0x4a3, 0x4a3, 0x4a3, 0x4a3, 0x4a3, 0x4a3, 0x4a3, 0x4a3, 0x4a3, 0x1a0, 0x1a0, 0x1a0, 0x1a0, 0x1a0,
			0x1a0, 0x8e3, 0x8e3, 0x8e3, 0x8e3, 0x8e3, 0x8e3, 0x0e3, 0x0e3, 0x0e3, 0x0e3, 0x0e3, 0x0e3, 0x0e3, 0x0e3, 0x0e3,
			0x0e3, 0x0e3, 0x0e3, 0x0e3, 0x0e3, 0x0e3, 0x0e3, 0x0e3, 0x0e3, 0x0e3, 0x0e3, 0x1a0, 0x1a0, 0x1a0, 0x1a0, 0x008,
			0x008, 0x008, 0x008, 0x008, 0x008, 0x008, 0x008, 0x008, 0x008, 0x008, 0x008, 0x008, 0x008, 0x008, 0x008, 0x008,
			0x008, 0x008, 0x008, 0x008, 0x008, 0x008, 0x008, 0x008, 0x008, 0x008, 0x008, 0x008, 0x008, 0x008, 0x008, 0x008,
			0x1a0, 0x1a0, 0x1a0, 0x1a0, 0x1a0, 0x1a0, 0x1a0, 0x1a0, 0x1a0, 0x1a0, 0x0e3, 0x1a0, 0x1a0, 0x1a0, 0x1a0, 0x1a0,
			0x1a0, 0x1a0, 0x1a0, 0x1a0, 0x1a0, 0x0e3, 0x1a0, 0x1a0, 0x1a0, 0x1a0, 0x0e3, 0x1a0, 0x1a0, 0x1a0, 0x1a0, 0x1a0,
			0x4a3, 0x4a3, 0x4a3, 0x4a3, 0x4a3, 0x4a3, 0x4a3, 0x4a3, 0x4a3, 0x4a3, 0x4a3, 0x4a3, 0x4a3, 0x4a3, 0x4a3, 0x4a3,
			0x4a3, 0x4a3, 0x4a3, 0x4a3, 0x4a3, 0x4a3, 0x4a3, 0x1a0, 0x4a3, 0x4a3, 0x4a3, 0x4a3, 0x4a3, 0x4a3, 0x4a3, 0x0e3,
			0x0e3, 0x0e3, 0x0e3, 0x0e3, 0x0e3, 0x0e3, 0x0e3, 0x0e3, 0x0e3, 0x0e3, 0x0e3, 0x0e3, 0x0e3, 0x0e3, 0x0e3, 0x0e3,
			0x0e3, 0x0e3, 0x0e3, 0x0e3, 0x0e3, 0x0e3, 0x0e3, 0x1a0, 0x0e3, 0x0e3, 0x0e3, 0x0e3, 0x0e3, 0x0e3, 0x0e3, 0x0e3,
		},
		"tr_CY.utf8": {
			0x008, 0x008, 0x008, 0x008, 0x008, 0x008, 0x008, 0x008, 0x008, 0x20c, 0x208, 0x208, 0x208, 0x208, 0x008, 0x008,
			0x008, 0x008, 0x008, 0x008, 0x008, 0x008, 0x008, 0x008, 0x008, 0x008, 0x008, 0x008, 0x008, 0x008, 0x008, 0x008,
			0x284, 0x1a0, 0x1a0, 0x1a0, 0x1a0, 0x1a0, 0x1a0, 0x1a0, 0x1a0, 0x1a0, 0x1a0, 0x1a0, 0x1a0, 0x1a0, 0x1a0, 0x1a0,
			0x8b1, 0x8b1, 0x8b1, 0x8b1, 0x8b1, 0x8b1, 0x8b1, 0x8b1, 0x8b1, 0x8b1, 0x1a0, 0x1a0, 0x1a0, 0x1a0, 0x1a0, 0x1a0,
			0x1a0, 0xca3, 0xca3, 0xca3, 0xca3, 0xca3, 0xca3, 0x4a3, 0x4a3, 0x4a3, 0x4a3, 0x4a3, 0x4a3, 0x4a3, 0x4a3, 0x4a3,
			0x4a3, 0x4a3, 0x4a3, 0x4a3, 0x4a3, 0x4a3, 0x4a3, 0x4a3, 0x4a3, 0x4a3, 0x4a3, 0x1a0, 0x1a0, 0x1a0, 0x1a0, 0x1a0,
			0x1a0, 0x8e3, 0x8e3, 0x8e3, 0x8e3, 0x8e3, 0x8e3, 0x0e3, 0x0e3, 0x0e3, 0x0e3, 0x0e3, 0x0e3, 0x0e3, 0x0e3, 0x0e3,
			0x0e3, 0x0e3, 0x0e3, 0x0e3, 0x0e3, 0x0e3, 0x0e3, 0x0e3, 0x0e3, 0x0e3, 0x0e3, 0x1a0, 0x1a0, 0x1a0, 0x1a0, 0x008,
			0x000, 0x000, 0x000, 0x000, 0x000, 0x000, 0x000, 0x000, 0x000, 0x000, 0x000, 0x000, 0x000, 0x000, 0x000, 0x000,
			0x000, 0x000, 0x000, 0x000, 0x000, 0x000, 0x000, 0x000, 0x000, 0x000, 0x000, 0x000, 0x000, 0x000, 0x000, 0x000,
			0x000, 0x000, 0x000, 0x000, 0x000, 0x000, 0x000, 0x000, 0x000, 0x000, 0x000, 0x000, 0x000, 0x000, 0x000, 0x000,
			0x000, 0x000, 0x000, 0x000, 0x000, 0x000, 0x000, 0x000, 0x000, 0x000, 0x000, 0x000, 0x000, 0x000, 0x000, 0x000,
			0x000, 0x000, 0x000, 0x000, 0x000, 0x000, 0x000, 0x000, 0x000, 0x000, 0x000, 0x000, 0x000, 0x000, 0x000, 0x000,
			0x000, 0x000, 0x000, 0x000, 0x000, 0x000, 0x000, 0x000, 0x000, 0x000, 0x000, 0x000, 0x000, 0x000, 0x000, 0x000,
			0x000, 0x000, 0x000, 0x000, 0x000, 0x000, 0x000, 0x000, 0x000, 0x000, 0x000, 0x000, 0x000, 0x000, 0x000, 0x000,
			0x000, 0x000, 0x000, 0x000, 0x000, 0x000, 0x000, 0x000, 0x000, 0x000, 0x000, 0x000, 0x000, 0x000, 0x000, 0x000,
		},
		"tr_TR": {
			0x008, 0x008, 0x008, 0x008, 0x008, 0x008, 0x008, 0x008, 0x008, 0x20c, 0x208, 0x208, 0x208, 0x208, 0x008, 0x008,
			0x008, 0x008, 0x008, 0x008, 0x008, 0x008, 0x008, 0x008, 0x008, 0x008, 0x008, 0x008, 0x008, 0x008, 0x008, 0x008,
			0x284, 0x1a0, 0x1a0, 0x1a0, 0x1a0, 0x1a0, 0x1a0, 0x1a0, 0x1a0, 0x1a0, 0x1a0, 0x1a0, 0x1a0, 0x1a0, 0x1a0, 0x1a0,
			0x8b1, 0x8b1, 0x8b1, 0x8b1, 0x8b1, 0x8b1, 0x8b1, 0x8b1, 0x8b1, 0x8b1, 0x1a0, 0x1a0, 0x1a0, 0x1a0, 0x1a0, 0x1a0,
			0x1a0, 0xca3, 0xca3, 0xca3, 0xca3, 0xca3, 0xca3, 0x4a3, 0x4a3, 0x4a3, 0x4a3, 0x4a3, 0x4a3, 0x4a3, 0x4a3, 0x4a3,
			0x4a3, 0x4a3, 0x4a3, 0x4a3, 0x4a3, 0x4a3, 0x4a3, 0x4a3, 0x4a3, 0x4a3, 0x4a3, 0x1a0, 0x1a0, 0x1a0, 0x1a0, 0x1a0,
			0x1a0, 0x8e3, 0x8e3, 0x8e3, 0x8e3, 0x8e3, 0x8e3, 0x0e3, 0x0e3, 0x0e3, 0x0e3, 0x0e3, 0x0e3, 0x0e3, 0x0e3, 0x0e3,
			0x0e3, 0x0e3, 0x0e3, 0x0e3, 0x0e3, 0x0e3, 0x0e3, 0x0e3, 0x0e3, 0x0e3, 0x0e3, 0x1a0, 0x1a0, 0x1a0, 0x1a0, 0x008,
			0x008, 0x008, 0x008, 0x008, 0x008, 0x008, 0x008, 0x008, 0x008, 0x008, 0x008, 0x008, 0x008, 0x008, 0x008, 0x008,
			0x008, 0x008, 0x008, 0x008, 0x008, 0x008, 0x008, 0x008, 0x008, 0x008, 0x008, 0x008, 0x008, 0x008, 0x008, 0x008,
			0x1a0, 0x1a0, 0x1a0, 0x1a0, 0x1a0, 0x1a0, 0x1a0, 0x1a0, 0x1a0, 0x1a0, 0x0e3, 0x1a0, 0x1a0, 0x1a0, 0x1a0, 0x1a0,
			0x1a0, 0x1a0, 0x1a0, 0x1a0, 0x1a0, 0x0e3, 0x1a0, 0x1a0, 0x1a0, 0x1a0, 0x0e3, 0x1a0, 0x1a0, 0x1a0, 0x1a0, 0x1a0,
			0x4a3, 0x4a3, 0x4a3, 0x4a3, 0x4a3, 0x4a3, 0x4a3, 0x4a3, 0x4a3, 0x4a3, 0x4a3, 0x4a3, 0x4a3, 0x4a3, 0x4a3, 0x4a3,
			0x4a3, 0x4a3, 0x4a3, 0x4a3, 0x4a3, 0x4a3, 0x4a3, 0x1a0, 0x4a3, 0x4a3, 0x4a3, 0x4a3, 0x4a3, 0x4a3, 0x4a3, 0x0e3,
			0x0e3, 0x0e3, 0x0e3, 0x0e3, 0x0e3, 0x0e3, 0x0e3, 0x0e3, 0x0e3, 0x0e3, 0x0e3, 0x0e3, 0x0e3, 0x0e3, 0x0e3, 0x0e3,
			0x0e3, 0x0e3, 0x0e3, 0x0e3, 0x0e3, 0x0e3, 0x0e3, 0x1a0, 0x0e3, 0x0e3, 0x0e3, 0x0e3, 0x0e3, 0x0e3, 0x0e3, 0x0e3,
		},
		"tr_TR.utf8": {
			0x008, 0x008, 0x008, 0x008, 0x008, 0x008, 0x008, 0x008, 0x008, 0x20c, 0x208, 0x208, 0x208, 0x208, 0x008, 0x008,
			0x008, 0x008, 0x008, 0x008, 0x008, 0x008, 0x008, 0x008, 0x008, 0x008, 0x008, 0x008, 0x008, 0x008, 0x008, 0x008,
			0x284, 0x1a0, 0x1a0, 0x1a0, 0x1a0, 0x1a0, 0x1a0, 0x1a0, 0x1a0, 0x1a0, 0x1a0, 0x1a0, 0x1a0, 0x1a0, 0x1a0, 0x1a0,
			0x8b1, 0x8b1, 0x8b1, 0x8b1, 0x8b1, 0x8b1, 0x8b1, 0x8b1, 0x8b1, 0x8b1, 0x1a0, 0x1a0, 0x1a0, 0x1a0, 0x1a0, 0x1a0,
			0x1a0, 0xca3, 0xca3, 0xca3, 0xca3, 0xca3, 0xca3, 0x4a3, 0x4a3, 0x4a3, 0x4a3, 0x4a3, 0x4a3, 0x4a3, 0x4a3, 0x4a3,
			0x4a3, 0x4a3, 0x4a3, 0x4a3, 0x4a3, 0x4a3, 0x4a3, 0x4a3, 0x4a3, 0x4a3, 0x4a3, 0x1a0, 0x1a0, 0x1a0, 0x1a0, 0x1a0,
			0x1a0, 0x8e3, 0x8e3, 0x8e3, 0x8e3, 0x8e3, 0x8e3, 0x0e3, 0x0e3, 0x0e3, 0x0e3, 0x0e3, 0x0e3, 0x0e3, 0x0e3, 0x0e3,
			0x0e3, 0x0e3, 0x0e3, 0x0e3, 0x0e3, 0x0e3, 0x0e3, 0x0e3, 0x0e3, 0x0e3, 0x0e3, 0x1a0, 0x1a0, 0x1a0, 0x1a0, 0x008,
			0x000, 0x000, 0x000, 0x000, 0x000, 0x000, 0x000, 0x000, 0x000, 0x000, 0x000, 0x000, 0x000, 0x000, 0x000, 0x000,
			0x000, 0x000, 0x000, 0x000, 0x000, 0x000, 0x000, 0x000, 0x000, 0x000, 0x000, 0x000, 0x000, 0x000, 0x000, 0x000,
			0x000, 0x000, 0x000, 0x000, 0x000, 0x000, 0x000, 0x000, 0x000, 0x000, 0x000, 0x000, 0x000, 0x000, 0x000, 0x000,
			0x000, 0x000, 0x000, 0x000, 0x000, 0x000, 0x000, 0x000, 0x000, 0x000, 0x000, 0x000, 0x000, 0x000, 0x000, 0x000,
			0x000, 0x000, 0x000, 0x000, 0x000, 0x000, 0x000, 0x000, 0x000, 0x000, 0x000, 0x000, 0x000, 0x000, 0x000, 0x000,
			0x000, 0x000, 0x000, 0x000, 0x000, 0x000, 0x000, 0x000, 0x000, 0x000, 0x000, 0x000, 0x000, 0x000, 0x000, 0x000,
			0x000, 0x000, 0x000, 0x000, 0x000, 0x000, 0x000, 0x000, 0x000, 0x000, 0x000, 0x000, 0x000, 0x000, 0x000, 0x000,
			0x000, 0x000, 0x000, 0x000, 0x000, 0x000, 0x000, 0x000, 0x000, 0x000, 0x000, 0x000, 0x000, 0x000, 0x000, 0x000,
		},
		"ts_ZA": {
			0x008, 0x008, 0x008, 0x008, 0x008, 0x008, 0x008, 0x008, 0x008, 0x20c, 0x208, 0x208, 0x208, 0x208, 0x008, 0x008,
			0x008, 0x008, 0x008, 0x008, 0x008, 0x008, 0x008, 0x008, 0x008, 0x008, 0x008, 0x008, 0x008, 0x008, 0x008, 0x008,
			0x284, 0x1a0, 0x1a0, 0x1a0, 0x1a0, 0x1a0, 0x1a0, 0x1a0, 0x1a0, 0x1a0, 0x1a0, 0x1a0, 0x1a0, 0x1a0, 0x1a0, 0x1a0,
			0x8b1, 0x8b1, 0x8b1, 0x8b1, 0x8b1, 0x8b1, 0x8b1, 0x8b1, 0x8b1, 0x8b1, 0x1a0, 0x1a0, 0x1a0, 0x1a0, 0x1a0, 0x1a0,
			0x1a0, 0xca3, 0xca3, 0xca3, 0xca3, 0xca3, 0xca3, 0x4a3, 0x4a3, 0x4a3, 0x4a3, 0x4a3, 0x4a3, 0x4a3, 0x4a3, 0x4a3,
			0x4a3, 0x4a3, 0x4a3, 0x4a3, 0x4a3, 0x4a3, 0x4a3, 0x4a3, 0x4a3, 0x4a3, 0x4a3, 0x1a0, 0x1a0, 0x1a0, 0x1a0, 0x1a0,
			0x1a0, 0x8e3, 0x8e3, 0x8e3, 0x8e3, 0x8e3, 0x8e3, 0x0e3, 0x0e3, 0x0e3, 0x0e3, 0x0e3, 0x0e3, 0x0e3, 0x0e3, 0x0e3,
			0x0e3, 0x0e3, 0x0e3, 0x0e3, 0x0e3, 0x0e3, 0x0e3, 0x0e3, 0x0e3, 0x0e3, 0x0e3, 0x1a0, 0x1a0, 0x1a0, 0x1a0, 0x008,
			0x000, 0x000, 0x000, 0x000, 0x000, 0x000, 0x000, 0x000, 0x000, 0x000, 0x000, 0x000, 0x000, 0x000, 0x000, 0x000,
			0x000, 0x000, 0x000, 0x000, 0x000, 0x000, 0x000, 0x000, 0x000, 0x000, 0x000, 0x000, 0x000, 0x000, 0x000, 0x000,
			0x000, 0x000, 0x000, 0x000, 0x000, 0x000, 0x000, 0x000, 0x000, 0x000, 0x000, 0x000, 0x000, 0x000, 0x000, 0x000,
			0x000, 0x000, 0x000, 0x000, 0x000, 0x000, 0x000, 0x000, 0x000, 0x000, 0x000, 0x000, 0x000, 0x000, 0x000, 0x000,
			0x000, 0x000, 0x000, 0x000, 0x000, 0x000, 0x000, 0x000, 0x000, 0x000, 0x000, 0x000, 0x000, 0x000, 0x000, 0x000,
			0x000, 0x000, 0x000, 0x000, 0x000, 0x000, 0x000, 0x000, 0x000, 0x000, 0x000, 0x000, 0x000, 0x000, 0x000, 0x000,
			0x000, 0x000, 0x000, 0x000, 0x000, 0x000, 0x000, 0x000, 0x000, 0x000, 0x000, 0x000, 0x000, 0x000, 0x000, 0x000,
			0x000, 0x000, 0x000, 0x000, 0x000, 0x000, 0x000, 0x000, 0x000, 0x000, 0x000, 0x000, 0x000, 0x000, 0x000, 0x000,
		},
		"tt_RU": {
			0x008, 0x008, 0x008, 0x008, 0x008, 0x008, 0x008, 0x008, 0x008, 0x20c, 0x208, 0x208, 0x208, 0x208, 0x008, 0x008,
			0x008, 0x008, 0x008, 0x008, 0x008, 0x008, 0x008, 0x008, 0x008, 0x008, 0x008, 0x008, 0x008, 0x008, 0x008, 0x008,
			0x284, 0x1a0, 0x1a0, 0x1a0, 0x1a0, 0x1a0, 0x1a0, 0x1a0, 0x1a0, 0x1a0, 0x1a0, 0x1a0, 0x1a0, 0x1a0, 0x1a0, 0x1a0,
			0x8b1, 0x8b1, 0x8b1, 0x8b1, 0x8b1, 0x8b1, 0x8b1, 0x8b1, 0x8b1, 0x8b1, 0x1a0, 0x1a0, 0x1a0, 0x1a0, 0x1a0, 0x1a0,
			0x1a0, 0xca3, 0xca3, 0xca3, 0xca3, 0xca3, 0xca3, 0x4a3, 0x4a3, 0x4a3, 0x4a3, 0x4a3, 0x4a3, 0x4a3, 0x4a3, 0x4a3,
			0x4a3, 0x4a3, 0x4a3, 0x4a3, 0x4a3, 0x4a3, 0x4a3, 0x4a3, 0x4a3, 0x4a3, 0x4a3, 0x1a0, 0x1a0, 0x1a0, 0x1a0, 0x1a0,
			0x1a0, 0x8e3, 0x8e3, 0x8e3, 0x8e3, 0x8e3, 0x8e3, 0x0e3, 0x0e3, 0x0e3, 0x0e3, 0x0e3, 0x0e3, 0x0e3, 0x0e3, 0x0e3,
			0x0e3, 0x0e3, 0x0e3, 0x0e3, 0x0e3, 0x0e3, 0x0e3, 0x0e3, 0x0e3, 0x0e3, 0x0e3, 0x1a0, 0x1a0, 0x1a0, 0x1a0, 0x008,
			0x000, 0x000, 0x000, 0x000, 0x000, 0x000, 0x000, 0x000, 0x000, 0x000, 0x000, 0x000, 0x000, 0x000, 0x000, 0x000,
			0x000, 0x000, 0x000, 0x000, 0x000, 0x000, 0x000, 0x000, 0x000, 0x000, 0x000, 0x000, 0x000, 0x000, 0x000, 0x000,
			0x000, 0x000, 0x000, 0x000, 0x000, 0x000, 0x000, 0x000, 0x000, 0x000, 0x000, 0x000, 0x000, 0x000, 0x000, 0x000,
			0x000, 0x000, 0x000, 0x000, 0x000, 0x000, 0x000, 0x000, 0x000, 0x000, 0x000, 0x000, 0x000, 0x000, 0x000, 0x000,
			0x000, 0x000, 0x000, 0x000, 0x000, 0x000, 0x000, 0x000, 0x000, 0x000, 0x000, 0x000, 0x000, 0x000, 0x000, 0x000,
			0x000, 0x000, 0x000, 0x000, 0x000, 0x000, 0x000, 0x000, 0x000, 0x000, 0x000, 0x000, 0x000, 0x000, 0x000, 0x000,
			0x000, 0x000, 0x000, 0x000, 0x000, 0x000, 0x000, 0x000, 0x000, 0x000, 0x000, 0x000, 0x000, 0x000, 0x000, 0x000,
			0x000, 0x000, 0x000, 0x000, 0x000, 0x000, 0x000, 0x000, 0x000, 0x000, 0x000, 0x000, 0x000, 0x000, 0x000, 0x000,
		},
		"tt_RU@iqtelif": {
			0x008, 0x008, 0x008, 0x008, 0x008, 0x008, 0x008, 0x008, 0x008, 0x20c, 0x208, 0x208, 0x208, 0x208, 0x008, 0x008,
			0x008, 0x008, 0x008, 0x008, 0x008, 0x008, 0x008, 0x008, 0x008, 0x008, 0x008, 0x008, 0x008, 0x008, 0x008, 0x008,
			0x284, 0x1a0, 0x1a0, 0x1a0, 0x1a0, 0x1a0, 0x1a0, 0x1a0, 0x1a0, 0x1a0, 0x1a0, 0x1a0, 0x1a0, 0x1a0, 0x1a0, 0x1a0,
			0x8b1, 0x8b1, 0x8b1, 0x8b1, 0x8b1, 0x8b1, 0x8b1, 0x8b1, 0x8b1, 0x8b1, 0x1a0, 0x1a0, 0x1a0, 0x1a0, 0x1a0, 0x1a0,
			0x1a0, 0xca3, 0xca3, 0xca3, 0xca3, 0xca3, 0xca3, 0x4a3, 0x4a3, 0x4a3, 0x4a3, 0x4a3, 0x4a3, 0x4a3, 0x4a3, 0x4a3,
			0x4a3, 0x4a3, 0x4a3, 0x4a3, 0x4a3, 0x4a3, 0x4a3, 0x4a3, 0x4a3, 0x4a3, 0x4a3, 0x1a0, 0x1a0, 0x1a0, 0x1a0, 0x1a0,
			0x1a0, 0x8e3, 0x8e3, 0x8e3, 0x8e3, 0x8e3, 0x8e3, 0x0e3, 0x0e3, 0x0e3, 0x0e3, 0x0e3, 0x0e3, 0x0e3, 0x0e3, 0x0e3,
			0x0e3, 0x0e3, 0x0e3, 0x0e3, 0x0e3, 0x0e3, 0x0e3, 0x0e3, 0x0e3, 0x0e3, 0x0e3, 0x1a0, 0x1a0, 0x1a0, 0x1a0, 0x008,
			0x000, 0x000, 0x000, 0x000, 0x000, 0x000, 0x000, 0x000, 0x000, 0x000, 0x000, 0x000, 0x000, 0x000, 0x000, 0x000,
			0x000, 0x000, 0x000, 0x000, 0x000, 0x000, 0x000, 0x000, 0x000, 0x000, 0x000, 0x000, 0x000, 0x000, 0x000, 0x000,
			0x000, 0x000, 0x000, 0x000, 0x000, 0x000, 0x000, 0x000, 0x000, 0x000, 0x000, 0x000, 0x000, 0x000, 0x000, 0x000,
			0x000, 0x000, 0x000, 0x000, 0x000, 0x000, 0x000, 0x000, 0x000, 0x000, 0x000, 0x000, 0x000, 0x000, 0x000, 0x000,
			0x000, 0x000, 0x000, 0x000, 0x000, 0x000, 0x000, 0x000, 0x000, 0x000, 0x000, 0x000, 0x000, 0x000, 0x000, 0x000,
			0x000, 0x000, 0x000, 0x000, 0x000, 0x000, 0x000, 0x000, 0x000, 0x000, 0x000, 0x000, 0x000, 0x000, 0x000, 0x000,
			0x000, 0x000, 0x000, 0x000, 0x000, 0x000, 0x000, 0x000, 0x000, 0x000, 0x000, 0x000, 0x000, 0x000, 0x000, 0x000,
			0x000, 0x000, 0x000, 0x000, 0x000, 0x000, 0x000, 0x000, 0x000, 0x000, 0x000, 0x000, 0x000, 0x000, 0x000, 0x000,
		},
		"ug_CN": {
			0x008, 0x008, 0x008, 0x008, 0x008, 0x008, 0x008, 0x008, 0x008, 0x20c, 0x208, 0x208, 0x208, 0x208, 0x008, 0x008,
			0x008, 0x008, 0x008, 0x008, 0x008, 0x008, 0x008, 0x008, 0x008, 0x008, 0x008, 0x008, 0x008, 0x008, 0x008, 0x008,
			0x284, 0x1a0, 0x1a0, 0x1a0, 0x1a0, 0x1a0, 0x1a0, 0x1a0, 0x1a0, 0x1a0, 0x1a0, 0x1a0, 0x1a0, 0x1a0, 0x1a0, 0x1a0,
			0x8b1, 0x8b1, 0x8b1, 0x8b1, 0x8b1, 0x8b1, 0x8b1, 0x8b1, 0x8b1, 0x8b1, 0x1a0, 0x1a0, 0x1a0, 0x1a0, 0x1a0, 0x1a0,
			0x1a0, 0xca3, 0xca3, 0xca3, 0xca3, 0xca3, 0xca3, 0x4a3, 0x4a3, 0x4a3, 0x4a3, 0x4a3, 0x4a3, 0x4a3, 0x4a3, 0x4a3,
			0x4a3, 0x4a3, 0x4a3, 0x4a3, 0x4a3, 0x4a3, 0x4a3, 0x4a3, 0x4a3, 0x4a3, 0x4a3, 0x1a0, 0x1a0, 0x1a0, 0x1a0, 0x1a0,
			0x1a0, 0x8e3, 0x8e3, 0x8e3, 0x8e3, 0x8e3, 0x8e3, 0x0e3, 0x0e3, 0x0e3, 0x0e3, 0x0e3, 0x0e3, 0x0e3, 0x0e3, 0x0e3,
			0x0e3, 0x0e3, 0x0e3, 0x0e3, 0x0e3, 0x0e3, 0x0e3, 0x0e3, 0x0e3, 0x0e3, 0x0e3, 0x1a0, 0x1a0, 0x1a0, 0x1a0, 0x008,
			0x000, 0x000, 0x000, 0x000, 0x000, 0x000, 0x000, 0x000, 0x000, 0x000, 0x000, 0x000, 0x000, 0x000, 0x000, 0x000,
			0x000, 0x000, 0x000, 0x000, 0x000, 0x000, 0x000, 0x000, 0x000, 0x000, 0x000, 0x000, 0x000, 0x000, 0x000, 0x000,
			0x000, 0x000, 0x000, 0x000, 0x000, 0x000, 0x000, 0x000, 0x000, 0x000, 0x000, 0x000, 0x000, 0x000, 0x000, 0x000,
			0x000, 0x000, 0x000, 0x000, 0x000, 0x000, 0x000, 0x000, 0x000, 0x000, 0x000, 0x000, 0x000, 0x000, 0x000, 0x000,
			0x000, 0x000, 0x000, 0x000, 0x000, 0x000, 0x000, 0x000, 0x000, 0x000, 0x000, 0x000, 0x000, 0x000, 0x000, 0x000,
			0x000, 0x000, 0x000, 0x000, 0x000, 0x000, 0x000, 0x000, 0x000, 0x000, 0x000, 0x000, 0x000, 0x000, 0x000, 0x000,
			0x000, 0x000, 0x000, 0x000, 0x000, 0x000, 0x000, 0x000, 0x000, 0x000, 0x000, 0x000, 0x000, 0x000, 0x000, 0x000,
			0x000, 0x000, 0x000, 0x000, 0x000, 0x000, 0x000, 0x000, 0x000, 0x000, 0x000, 0x000, 0x000, 0x000, 0x000, 0x000,
		},
		"uk_UA": {
			0x008, 0x008, 0x008, 0x008, 0x008, 0x008, 0x008, 0x008, 0x008, 0x20c, 0x208, 0x208, 0x208, 0x208, 0x008, 0x008,
			0x008, 0x008, 0x008, 0x008, 0x008, 0x008, 0x008, 0x008, 0x008, 0x008, 0x008, 0x008, 0x008, 0x008, 0x008, 0x008,
			0x284, 0x1a0, 0x1a0, 0x1a0, 0x1a0, 0x1a0, 0x1a0, 0x1a0, 0x1a0, 0x1a0, 0x1a0, 0x1a0, 0x1a0, 0x1a0, 0x1a0, 0x1a0,
			0x8b1, 0x8b1, 0x8b1, 0x8b1, 0x8b1, 0x8b1, 0x8b1, 0x8b1, 0x8b1, 0x8b1, 0x1a0, 0x1a0, 0x1a0, 0x1a0, 0x1a0, 0x1a0,
			0x1a0, 0xca3, 0xca3, 0xca3, 0xca3, 0xca3, 0xca3, 0x4a3, 0x4a3, 0x4a3, 0x4a3, 0x4a3, 0x4a3, 0x4a3, 0x4a3, 0x4a3,
			0x4a3, 0x4a3, 0x4a3, 0x4a3, 0x4a3, 0x4a3, 0x4a3, 0x4a3, 0x4a3, 0x4a3, 0x4a3, 0x1a0, 0x1a0, 0x1a0, 0x1a0, 0x1a0,
			0x1a0, 0x8e3, 0x8e3, 0x8e3, 0x8e3, 0x8e3, 0x8e3, 0x0e3, 0x0e3, 0x0e3, 0x0e3, 0x0e3, 0x0e3, 0x0e3, 0x0e3, 0x0e3,
			0x0e3, 0x0e3, 0x0e3, 0x0e3, 0x0e3, 0x0e3, 0x0e3, 0x0e3, 0x0e3, 0x0e3, 0x0e3, 0x1a0, 0x1a0, 0x1a0, 0x1a0, 0x008,
			0x1a0, 0x1a0, 0x1a0, 0x1a0, 0x1a0, 0x1a0, 0x1a0, 0x1a0, 0x1a0, 0x1a0, 0x1a0, 0x1a0, 0x1a0, 0x1a0, 0x1a0, 0x1a0,
			0x1a0, 0x1a0, 0x1a0, 0x1a0, 0x1a0, 0x1a0, 0x1a0, 0x1a0, 0x1a0, 0x1a0, 0x1a0, 0x1a0, 0x1a0, 0x1a0, 0x1a0, 0x1a0,
			0x1a0, 0x1a0, 0x1a0, 0x0e3, 0x0e3, 0x1a0, 0x0e3, 0x0e3, 0x1a0, 0x1a0, 0x1a0, 0x1a0, 0x1a0, 0x0e3, 0x1a0, 0x1a0,
			0x1a0, 0x1a0, 0x1a0, 0x4a3, 0x4a3, 0x1a0, 0x4a3, 0x4a3, 0x1a0, 0x1a0, 0x1a0, 0x1a0, 0x1a0, 0x4a3, 0x1a0, 0x1a0,
			0x0e3, 0x0e3, 0x0e3, 0x0e3, 0x0e3, 0x0e3, 0x0e3, 0x0e3, 0x0e3, 0x0e3, 0x0e3, 0x0e3, 0x0e3, 0x0e3, 0x0e3, 0x0e3,
			0x0e3, 0x0e3, 0x0e3, 0x0e3, 0x0e3, 0x0e3, 0x0e3, 0x0e3, 0x0e3, 0x0e3, 0x0e3, 0x0e3, 0x0e3, 0x0e3, 0x0e3, 0x0e3,
			0x4a3, 0x4a3, 0x4a3, 0x4a3, 0x4a3, 0x4a3, 0x4a3, 0x4a3, 0x4a3, 0x4a3, 0x4a3, 0x4a3, 0x4a3, 0x4a3, 0x4a3, 0x4a3,
			0x4a3, 0x4a3, 0x4a3, 0x4a3, 0x4a3, 0x4a3, 0x4a3, 0x4a3, 0x4a3, 0x4a3, 0x4a3, 0x4a3, 0x4a3, 0x4a3, 0x4a3, 0x4a3,
		},
		"uk_UA.utf8": {
			0x008, 0x008, 0x008, 0x008, 0x008, 0x008, 0x008, 0x008, 0x008, 0x20c, 0x208, 0x208, 0x208, 0x208, 0x008, 0x008,
			0x008, 0x008, 0x008, 0x008, 0x008, 0x008, 0x008, 0x008, 0x008, 0x008, 0x008, 0x008, 0x008, 0x008, 0x008, 0x008,
			0x284, 0x1a0, 0x1a0, 0x1a0, 0x1a0, 0x1a0, 0x1a0, 0x1a0, 0x1a0, 0x1a0, 0x1a0, 0x1a0, 0x1a0, 0x1a0, 0x1a0, 0x1a0,
			0x8b1, 0x8b1, 0x8b1, 0x8b1, 0x8b1, 0x8b1, 0x8b1, 0x8b1, 0x8b1, 0x8b1, 0x1a0, 0x1a0, 0x1a0, 0x1a0, 0x1a0, 0x1a0,
			0x1a0, 0xca3, 0xca3, 0xca3, 0xca3, 0xca3, 0xca3, 0x4a3, 0x4a3, 0x4a3, 0x4a3, 0x4a3, 0x4a3, 0x4a3, 0x4a3, 0x4a3,
			0x4a3, 0x4a3, 0x4a3, 0x4a3, 0x4a3, 0x4a3, 0x4a3, 0x4a3, 0x4a3, 0x4a3, 0x4a3, 0x1a0, 0x1a0, 0x1a0, 0x1a0, 0x1a0,
			0x1a0, 0x8e3, 0x8e3, 0x8e3, 0x8e3, 0x8e3, 0x8e3, 0x0e3, 0x0e3, 0x0e3, 0x0e3, 0x0e3, 0x0e3, 0x0e3, 0x0e3, 0x0e3,
			0x0e3, 0x0e3, 0x0e3, 0x0e3, 0x0e3, 0x0e3, 0x0e3, 0x0e3, 0x0e3, 0x0e3, 0x0e3, 0x1a0, 0x1a0, 0x1a0, 0x1a0, 0x008,
			0x000, 0x000, 0x000, 0x000, 0x000, 0x000, 0x000, 0x000, 0x000, 0x000, 0x000, 0x000, 0x000, 0x000, 0x000, 0x000,
			0x000, 0x000, 0x000, 0x000, 0x000, 0x000, 0x000, 0x000, 0x000, 0x000, 0x000, 0x000, 0x000, 0x000, 0x000, 0x000,
			0x000, 0x000, 0x000, 0x000, 0x000, 0x000, 0x000, 0x000, 0x000, 0x000, 0x000, 0x000, 0x000, 0x000, 0x000, 0x000,
			0x000, 0x000, 0x000, 0x000, 0x000, 0x000, 0x000, 0x000, 0x000, 0x000, 0x000, 0x000, 0x000, 0x000, 0x000, 0x000,
			0x000, 0x000, 0x000, 0x000, 0x000, 0x000, 0x000, 0x000, 0x000, 0x000, 0x000, 0x000, 0x000, 0x000, 0x000, 0x000,
			0x000, 0x000, 0x000, 0x000, 0x000, 0x000, 0x000, 0x000, 0x000, 0x000, 0x000, 0x000, 0x000, 0x000, 0x000, 0x000,
			0x000, 0x000, 0x000, 0x000, 0x000, 0x000, 0x000, 0x000, 0x000, 0x000, 0x000, 0x000, 0x000, 0x000, 0x000, 0x000,
			0x000, 0x000, 0x000, 0x000, 0x000, 0x000, 0x000, 0x000, 0x000, 0x000, 0x000, 0x000, 0x000, 0x000, 0x000, 0x000,
		},
		"unm_US": {
			0x008, 0x008, 0x008, 0x008, 0x008, 0x008, 0x008, 0x008, 0x008, 0x20c, 0x208, 0x208, 0x208, 0x208, 0x008, 0x008,
			0x008, 0x008, 0x008, 0x008, 0x008, 0x008, 0x008, 0x008, 0x008, 0x008, 0x008, 0x008, 0x008, 0x008, 0x008, 0x008,
			0x284, 0x1a0, 0x1a0, 0x1a0, 0x1a0, 0x1a0, 0x1a0, 0x1a0, 0x1a0, 0x1a0, 0x1a0, 0x1a0, 0x1a0, 0x1a0, 0x1a0, 0x1a0,
			0x8b1, 0x8b1, 0x8b1, 0x8b1, 0x8b1, 0x8b1, 0x8b1, 0x8b1, 0x8b1, 0x8b1, 0x1a0, 0x1a0, 0x1a0, 0x1a0, 0x1a0, 0x1a0,
			0x1a0, 0xca3, 0xca3, 0xca3, 0xca3, 0xca3, 0xca3, 0x4a3, 0x4a3, 0x4a3, 0x4a3, 0x4a3, 0x4a3, 0x4a3, 0x4a3, 0x4a3,
			0x4a3, 0x4a3, 0x4a3, 0x4a3, 0x4a3, 0x4a3, 0x4a3, 0x4a3, 0x4a3, 0x4a3, 0x4a3, 0x1a0, 0x1a0, 0x1a0, 0x1a0, 0x1a0,
			0x1a0, 0x8e3, 0x8e3, 0x8e3, 0x8e3, 0x8e3, 0x8e3, 0x0e3, 0x0e3, 0x0e3, 0x0e3, 0x0e3, 0x0e3, 0x0e3, 0x0e3, 0x0e3,
			0x0e3, 0x0e3, 0x0e3, 0x0e3, 0x0e3, 0x0e3, 0x0e3, 0x0e3, 0x0e3, 0x0e3, 0x0e3, 0x1a0, 0x1a0, 0x1a0, 0x1a0, 0x008,
			0x000, 0x000, 0x000, 0x000, 0x000, 0x000, 0x000, 0x000, 0x000, 0x000, 0x000, 0x000, 0x000, 0x000, 0x000, 0x000,
			0x000, 0x000, 0x000, 0x000, 0x000, 0x000, 0x000, 0x000, 0x000, 0x000, 0x000, 0x000, 0x000, 0x000, 0x000, 0x000,
			0x000, 0x000, 0x000, 0x000, 0x000, 0x000, 0x000, 0x000, 0x000, 0x000, 0x000, 0x000, 0x000, 0x000, 0x000, 0x000,
			0x000, 0x000, 0x000, 0x000, 0x000, 0x000, 0x000, 0x000, 0x000, 0x000, 0x000, 0x000, 0x000, 0x000, 0x000, 0x000,
			0x000, 0x000, 0x000, 0x000, 0x000, 0x000, 0x000, 0x000, 0x000, 0x000, 0x000, 0x000, 0x000, 0x000, 0x000, 0x000,
			0x000, 0x000, 0x000, 0x000, 0x000, 0x000, 0x000, 0x000, 0x000, 0x000, 0x000, 0x000, 0x000, 0x000, 0x000, 0x000,
			0x000, 0x000, 0x000, 0x000, 0x000, 0x000, 0x000, 0x000, 0x000, 0x000, 0x000, 0x000, 0x000, 0x000, 0x000, 0x000,
			0x000, 0x000, 0x000, 0x000, 0x000, 0x000, 0x000, 0x000, 0x000, 0x000, 0x000, 0x000, 0x000, 0x000, 0x000, 0x000,
		},
		"ur_IN": {
			0x008, 0x008, 0x008, 0x008, 0x008, 0x008, 0x008, 0x008, 0x008, 0x20c, 0x208, 0x208, 0x208, 0x208, 0x008, 0x008,
			0x008, 0x008, 0x008, 0x008, 0x008, 0x008, 0x008, 0x008, 0x008, 0x008, 0x008, 0x008, 0x008, 0x008, 0x008, 0x008,
			0x284, 0x1a0, 0x1a0, 0x1a0, 0x1a0, 0x1a0, 0x1a0, 0x1a0, 0x1a0, 0x1a0, 0x1a0, 0x1a0, 0x1a0, 0x1a0, 0x1a0, 0x1a0,
			0x8b1, 0x8b1, 0x8b1, 0x8b1, 0x8b1, 0x8b1, 0x8b1, 0x8b1, 0x8b1, 0x8b1, 0x1a0, 0x1a0, 0x1a0, 0x1a0, 0x1a0, 0x1a0,
			0x1a0, 0xca3, 0xca3, 0xca3, 0xca3, 0xca3, 0xca3, 0x4a3, 0x4a3, 0x4a3, 0x4a3, 0x4a3, 0x4a3, 0x4a3, 0x4a3, 0x4a3,
			0x4a3, 0x4a3, 0x4a3, 0x4a3, 0x4a3, 0x4a3, 0x4a3, 0x4a3, 0x4a3, 0x4a3, 0x4a3, 0x1a0, 0x1a0, 0x1a0, 0x1a0, 0x1a0,
			0x1a0, 0x8e3, 0x8e3, 0x8e3, 0x8e3, 0x8e3, 0x8e3, 0x0e3, 0x0e3, 0x0e3, 0x0e3, 0x0e3, 0x0e3, 0x0e3, 0x0e3, 0x0e3,
			0x0e3, 0x0e3, 0x0e3, 0x0e3, 0x0e3, 0x0e3, 0x0e3, 0x0e3, 0x0e3, 0x0e3, 0x0e3, 0x1a0, 0x1a0, 0x1a0, 0x1a0, 0x008,
			0x000, 0x000, 0x000, 0x000, 0x000, 0x000, 0x000, 0x000, 0x000, 0x000, 0x000, 0x000, 0x000, 0x000, 0x000, 0x000,
			0x000, 0x000, 0x000, 0x000, 0x000, 0x000, 0x000, 0x000, 0x000, 0x000, 0x000, 0x000, 0x000, 0x000, 0x000, 0x000,
			0x000, 0x000, 0x000, 0x000, 0x000, 0x000, 0x000, 0x000, 0x000, 0x000, 0x000, 0x000, 0x000, 0x000, 0x000, 0x000,
			0x000, 0x000, 0x000, 0x000, 0x000, 0x000, 0x000, 0x000, 0x000, 0x000, 0x000, 0x000, 0x000, 0x000, 0x000, 0x000,
			0x000, 0x000, 0x000, 0x000, 0x000, 0x000, 0x000, 0x000, 0x000, 0x000, 0x000, 0x000, 0x000, 0x000, 0x000, 0x000,
			0x000, 0x000, 0x000, 0x000, 0x000, 0x000, 0x000, 0x000, 0x000, 0x000, 0x000, 0x000, 0x000, 0x000, 0x000, 0x000,
			0x000, 0x000, 0x000, 0x000, 0x000, 0x000, 0x000, 0x000, 0x000, 0x000, 0x000, 0x000, 0x000, 0x000, 0x000, 0x000,
			0x000, 0x000, 0x000, 0x000, 0x000, 0x000, 0x000, 0x000, 0x000, 0x000, 0x000, 0x000, 0x000, 0x000, 0x000, 0x000,
		},
		"ur_PK": {
			0x008, 0x008, 0x008, 0x008, 0x008, 0x008, 0x008, 0x008, 0x008, 0x20c, 0x208, 0x208, 0x208, 0x208, 0x008, 0x008,
			0x008, 0x008, 0x008, 0x008, 0x008, 0x008, 0x008, 0x008, 0x008, 0x008, 0x008, 0x008, 0x008, 0x008, 0x008, 0x008,
			0x284, 0x1a0, 0x1a0, 0x1a0, 0x1a0, 0x1a0, 0x1a0, 0x1a0, 0x1a0, 0x1a0, 0x1a0, 0x1a0, 0x1a0, 0x1a0, 0x1a0, 0x1a0,
			0x8b1, 0x8b1, 0x8b1, 0x8b1, 0x8b1, 0x8b1, 0x8b1, 0x8b1, 0x8b1, 0x8b1, 0x1a0, 0x1a0, 0x1a0, 0x1a0, 0x1a0, 0x1a0,
			0x1a0, 0xca3, 0xca3, 0xca3, 0xca3, 0xca3, 0xca3, 0x4a3, 0x4a3, 0x4a3, 0x4a3, 0x4a3, 0x4a3, 0x4a3, 0x4a3, 0x4a3,
			0x4a3, 0x4a3, 0x4a3, 0x4a3, 0x4a3, 0x4a3, 0x4a3, 0x4a3, 0x4a3, 0x4a3, 0x4a3, 0x1a0, 0x1a0, 0x1a0, 0x1a0, 0x1a0,
			0x1a0, 0x8e3, 0x8e3, 0x8e3, 0x8e3, 0x8e3, 0x8e3, 0x0e3, 0x0e3, 0x0e3, 0x0e3, 0x0e3, 0x0e3, 0x0e3, 0x0e3, 0x0e3,
			0x0e3, 0x0e3, 0x0e3, 0x0e3, 0x0e3, 0x0e3, 0x0e3, 0x0e3, 0x0e3, 0x0e3, 0x0e3, 0x1a0, 0x1a0, 0x1a0, 0x1a0, 0x008,
			0x000, 0x000, 0x000, 0x000, 0x000, 0x000, 0x000, 0x000, 0x000, 0x000, 0x000, 0x000, 0x000, 0x000, 0x000, 0x000,
			0x000, 0x000, 0x000, 0x000, 0x000, 0x000, 0x000, 0x000, 0x000, 0x000, 0x000, 0x000, 0x000, 0x000, 0x000, 0x000,
			0x000, 0x000, 0x000, 0x000, 0x000, 0x000, 0x000, 0x000, 0x000, 0x000, 0x000, 0x000, 0x000, 0x000, 0x000, 0x000,
			0x000, 0x000, 0x000, 0x000, 0x000, 0x000, 0x000, 0x000, 0x000, 0x000, 0x000, 0x000, 0x000, 0x000, 0x000, 0x000,
			0x000, 0x000, 0x000, 0x000, 0x000, 0x000, 0x000, 0x000, 0x000, 0x000, 0x000, 0x000, 0x000, 0x000, 0x000, 0x000,
			0x000, 0x000, 0x000, 0x000, 0x000, 0x000, 0x000, 0x000, 0x000, 0x000, 0x000, 0x000, 0x000, 0x000, 0x000, 0x000,
			0x000, 0x000, 0x000, 0x000, 0x000, 0x000, 0x000, 0x000, 0x000, 0x000, 0x000, 0x000, 0x000, 0x000, 0x000, 0x000,
			0x000, 0x000, 0x000, 0x000, 0x000, 0x000, 0x000, 0x000, 0x000, 0x000, 0x000, 0x000, 0x000, 0x000, 0x000, 0x000,
		},
		"uz_UZ": {
			0x008, 0x008, 0x008, 0x008, 0x008, 0x008, 0x008, 0x008, 0x008, 0x20c, 0x208, 0x208, 0x208, 0x208, 0x008, 0x008,
			0x008, 0x008, 0x008, 0x008, 0x008, 0x008, 0x008, 0x008, 0x008, 0x008, 0x008, 0x008, 0x008, 0x008, 0x008, 0x008,
			0x284, 0x1a0, 0x1a0, 0x1a0, 0x1a0, 0x1a0, 0x1a0, 0x1a0, 0x1a0, 0x1a0, 0x1a0, 0x1a0, 0x1a0, 0x1a0, 0x1a0, 0x1a0,
			0x8b1, 0x8b1, 0x8b1, 0x8b1, 0x8b1, 0x8b1, 0x8b1, 0x8b1, 0x8b1, 0x8b1, 0x1a0, 0x1a0, 0x1a0, 0x1a0, 0x1a0, 0x1a0,
			0x1a0, 0xca3, 0xca3, 0xca3, 0xca3, 0xca3, 0xca3, 0x4a3, 0x4a3, 0x4a3, 0x4a3, 0x4a3, 0x4a3, 0x4a3, 0x4a3, 0x4a3,
			0x4a3, 0x4a3, 0x4a3, 0x4a3, 0x4a3, 0x4a3, 0x4a3, 0x4a3, 0x4a3, 0x4a3, 0x4a3, 0x1a0, 0x1a0, 0x1a0, 0x1a0, 0x1a0,
			0x1a0, 0x8e3, 0x8e3, 0x8e3, 0x8e3, 0x8e3, 0x8e3, 0x0e3, 0x0e3, 0x0e3, 0x0e3, 0x0e3, 0x0e3, 0x0e3, 0x0e3, 0x0e3,
			0x0e3, 0x0e3, 0x0e3, 0x0e3, 0x0e3, 0x0e3, 0x0e3, 0x0e3, 0x0e3, 0x0e3, 0x0e3, 0x1a0, 0x1a0, 0x1a0, 0x1a0, 0x008,
			0x008, 0x008, 0x008, 0x008, 0x008, 0x008, 0x008, 0x008, 0x008, 0x008, 0x008, 0x008, 0x008, 0x008, 0x008, 0x008,
			0x008, 0x008, 0x008, 0x008, 0x008, 0x008, 0x008, 0x008, 0x008, 0x008, 0x008, 0x008, 0x008, 0x008, 0x008, 0x008,
			0x1a0, 0x1a0, 0x1a0, 0x1a0, 0x1a0, 0x1a0, 0x1a0, 0x1a0, 0x1a0, 0x1a0, 0x0e3, 0x1a0, 0x1a0, 0x1a0, 0x1a0, 0x1a0,
			0x1a0, 0x1a0, 0x1a0, 0x1a0, 0x1a0, 0x0e3, 0x1a0, 0x1a0, 0x1a0, 0x1a0, 0x0e3, 0x1a0, 0x1a0, 0x1a0, 0x1a0, 0x1a0,
			0x4a3, 0x4a3, 0x4a3, 0x4a3, 0x4a3, 0x4a3, 0x4a3, 0x4a3, 0x4a3, 0x4a3, 0x4a3, 0x4a3, 0x4a3, 0x4a3, 0x4a3, 0x4a3,
			0x4a3, 0x4a3, 0x4a3, 0x4a3, 0x4a3, 0x4a3, 0x4a3, 0x1a0, 0x4a3, 0x4a3, 0x4a3, 0x4a3, 0x4a3, 0x4a3, 0x4a3, 0x0e3,
			0x0e3, 0x0e3, 0x0e3, 0x0e3, 0x0e3, 0x0e3, 0x0e3, 0x0e3, 0x0e3, 0x0e3, 0x0e3, 0x0e3, 0x0e3, 0x0e3, 0x0e3, 0x0e3,
			0x0e3, 0x0e3, 0x0e3, 0x0e3, 0x0e3, 0x0e3, 0x0e3, 0x1a0, 0x0e3, 0x0e3, 0x0e3, 0x0e3, 0x0e3, 0x0e3, 0x0e3, 0x0e3,
		},
		"uz_UZ.utf8": {
			0x008, 0x008, 0x008, 0x008, 0x008, 0x008, 0x008, 0x008, 0x008, 0x20c, 0x208, 0x208, 0x208, 0x208, 0x008, 0x008,
			0x008, 0x008, 0x008, 0x008, 0x008, 0x008, 0x008, 0x008, 0x008, 0x008, 0x008, 0x008, 0x008, 0x008, 0x008, 0x008,
			0x284, 0x1a0, 0x1a0, 0x1a0, 0x1a0, 0x1a0, 0x1a0, 0x1a0, 0x1a0, 0x1a0, 0x1a0, 0x1a0, 0x1a0, 0x1a0, 0x1a0, 0x1a0,
			0x8b1, 0x8b1, 0x8b1, 0x8b1, 0x8b1, 0x8b1, 0x8b1, 0x8b1, 0x8b1, 0x8b1, 0x1a0, 0x1a0, 0x1a0, 0x1a0, 0x1a0, 0x1a0,
			0x1a0, 0xca3, 0xca3, 0xca3, 0xca3, 0xca3, 0xca3, 0x4a3, 0x4a3, 0x4a3, 0x4a3, 0x4a3, 0x4a3, 0x4a3, 0x4a3, 0x4a3,
			0x4a3, 0x4a3, 0x4a3, 0x4a3, 0x4a3, 0x4a3, 0x4a3, 0x4a3, 0x4a3, 0x4a3, 0x4a3, 0x1a0, 0x1a0, 0x1a0, 0x1a0, 0x1a0,
			0x1a0, 0x8e3, 0x8e3, 0x8e3, 0x8e3, 0x8e3, 0x8e3, 0x0e3, 0x0e3, 0x0e3, 0x0e3, 0x0e3, 0x0e3, 0x0e3, 0x0e3, 0x0e3,
			0x0e3, 0x0e3, 0x0e3, 0x0e3, 0x0e3, 0x0e3, 0x0e3, 0x0e3, 0x0e3, 0x0e3, 0x0e3, 0x1a0, 0x1a0, 0x1a0, 0x1a0, 0x008,
			0x000, 0x000, 0x000, 0x000, 0x000, 0x000, 0x000, 0x000, 0x000, 0x000, 0x000, 0x000, 0x000, 0x000, 0x000, 0x000,
			0x000, 0x000, 0x000, 0x000, 0x000, 0x000, 0x000, 0x000, 0x000, 0x000, 0x000, 0x000, 0x000, 0x000, 0x000, 0x000,
			0x000, 0x000, 0x000, 0x000, 0x000, 0x000, 0x000, 0x000, 0x000, 0x000, 0x000, 0x000, 0x000, 0x000, 0x000, 0x000,
			0x000, 0x000, 0x000, 0x000, 0x000, 0x000, 0x000, 0x000, 0x000, 0x000, 0x000, 0x000, 0x000, 0x000, 0x000, 0x000,
			0x000, 0x000, 0x000, 0x000, 0x000, 0x000, 0x000, 0x000, 0x000, 0x000, 0x000, 0x000, 0x000, 0x000, 0x000, 0x000,
			0x000, 0x000, 0x000, 0x000, 0x000, 0x000, 0x000, 0x000, 0x000, 0x000, 0x000, 0x000, 0x000, 0x000, 0x000, 0x000,
			0x000, 0x000, 0x000, 0x000, 0x000, 0x000, 0x000, 0x000, 0x000, 0x000, 0x000, 0x000, 0x000, 0x000, 0x000, 0x000,
			0x000, 0x000, 0x000, 0x000, 0x000, 0x000, 0x000, 0x000, 0x000, 0x000, 0x000, 0x000, 0x000, 0x000, 0x000, 0x000,
		},
		"uz_UZ@cyrillic": {
			0x008, 0x008, 0x008, 0x008, 0x008, 0x008, 0x008, 0x008, 0x008, 0x20c, 0x208, 0x208, 0x208, 0x208, 0x008, 0x008,
			0x008, 0x008, 0x008, 0x008, 0x008, 0x008, 0x008, 0x008, 0x008, 0x008, 0x008, 0x008, 0x008, 0x008, 0x008, 0x008,
			0x284, 0x1a0, 0x1a0, 0x1a0, 0x1a0, 0x1a0, 0x1a0, 0x1a0, 0x1a0, 0x1a0, 0x1a0, 0x1a0, 0x1a0, 0x1a0, 0x1a0, 0x1a0,
			0x8b1, 0x8b1, 0x8b1, 0x8b1, 0x8b1, 0x8b1, 0x8b1, 0x8b1, 0x8b1, 0x8b1, 0x1a0, 0x1a0, 0x1a0, 0x1a0, 0x1a0, 0x1a0,
			0x1a0, 0xca3, 0xca3, 0xca3, 0xca3, 0xca3, 0xca3, 0x4a3, 0x4a3, 0x4a3, 0x4a3, 0x4a3, 0x4a3, 0x4a3, 0x4a3, 0x4a3,
			0x4a3, 0x4a3, 0x4a3, 0x4a3, 0x4a3, 0x4a3, 0x4a3, 0x4a3, 0x4a3, 0x4a3, 0x4a3, 0x1a0, 0x1a0, 0x1a0, 0x1a0, 0x1a0,
			0x1a0, 0x8e3, 0x8e3, 0x8e3, 0x8e3, 0x8e3, 0x8e3, 0x0e3, 0x0e3, 0x0e3, 0x0e3, 0x0e3, 0x0e3, 0x0e3, 0x0e3, 0x0e3,
			0x0e3, 0x0e3, 0x0e3, 0x0e3, 0x0e3, 0x0e3, 0x0e3, 0x0e3, 0x0e3, 0x0e3, 0x0e3, 0x1a0, 0x1a0, 0x1a0, 0x1a0, 0x008,
			0x000, 0x000, 0x000, 0x000, 0x000, 0x000, 0x000, 0x000, 0x000, 0x000, 0x000, 0x000, 0x000, 0x000, 0x000, 0x000,
			0x000, 0x000, 0x000, 0x000, 0x000, 0x000, 0x000, 0x000, 0x000, 0x000, 0x000, 0x000, 0x000, 0x000, 0x000, 0x000,
			0x000, 0x000, 0x000, 0x000, 0x000, 0x000, 0x000, 0x000, 0x000, 0x000, 0x000, 0x000, 0x000, 0x000, 0x000, 0x000,
			0x000, 0x000, 0x000, 0x000, 0x000, 0x000, 0x000, 0x000, 0x000, 0x000, 0x000, 0x000, 0x000, 0x000, 0x000, 0x000,
			0x000, 0x000, 0x000, 0x000, 0x000, 0x000, 0x000, 0x000, 0x000, 0x000, 0x000, 0x000, 0x000, 0x000, 0x000, 0x000,
			0x000, 0x000, 0x000, 0x000, 0x000, 0x000, 0x000, 0x000, 0x000, 0x000, 0x000, 0x000, 0x000, 0x000, 0x000, 0x000,
			0x000, 0x000, 0x000, 0x000, 0x000, 0x000, 0x000, 0x000, 0x000, 0x000, 0x000, 0x000, 0x000, 0x000, 0x000, 0x000,
			0x000, 0x000, 0x000, 0x000, 0x000, 0x000, 0x000, 0x000, 0x000, 0x000, 0x000, 0x000, 0x000, 0x000, 0x000, 0x000,
		},
		"ve_ZA": {
			0x008, 0x008, 0x008, 0x008, 0x008, 0x008, 0x008, 0x008, 0x008, 0x20c, 0x208, 0x208, 0x208, 0x208, 0x008, 0x008,
			0x008, 0x008, 0x008, 0x008, 0x008, 0x008, 0x008, 0x008, 0x008, 0x008, 0x008, 0x008, 0x008, 0x008, 0x008, 0x008,
			0x284, 0x1a0, 0x1a0, 0x1a0, 0x1a0, 0x1a0, 0x1a0, 0x1a0, 0x1a0, 0x1a0, 0x1a0, 0x1a0, 0x1a0, 0x1a0, 0x1a0, 0x1a0,
			0x8b1, 0x8b1, 0x8b1, 0x8b1, 0x8b1, 0x8b1, 0x8b1, 0x8b1, 0x8b1, 0x8b1, 0x1a0, 0x1a0, 0x1a0, 0x1a0, 0x1a0, 0x1a0,
			0x1a0, 0xca3, 0xca3, 0xca3, 0xca3, 0xca3, 0xca3, 0x4a3, 0x4a3, 0x4a3, 0x4a3, 0x4a3, 0x4a3, 0x4a3, 0x4a3, 0x4a3,
			0x4a3, 0x4a3, 0x4a3, 0x4a3, 0x4a3, 0x4a3, 0x4a3, 0x4a3, 0x4a3, 0x4a3, 0x4a3, 0x1a0, 0x1a0, 0x1a0, 0x1a0, 0x1a0,
			0x1a0, 0x8e3, 0x8e3, 0x8e3, 0x8e3, 0x8e3, 0x8e3, 0x0e3, 0x0e3, 0x0e3, 0x0e3, 0x0e3, 0x0e3, 0x0e3, 0x0e3, 0x0e3,
			0x0e3, 0x0e3, 0x0e3, 0x0e3, 0x0e3, 0x0e3, 0x0e3, 0x0e3, 0x0e3, 0x0e3, 0x0e3, 0x1a0, 0x1a0, 0x1a0, 0x1a0, 0x008,
			0x000, 0x000, 0x000, 0x000, 0x000, 0x000, 0x000, 0x000, 0x000, 0x000, 0x000, 0x000, 0x000, 0x000, 0x000, 0x000,
			0x000, 0x000, 0x000, 0x000, 0x000, 0x000, 0x000, 0x000, 0x000, 0x000, 0x000, 0x000, 0x000, 0x000, 0x000, 0x000,
			0x000, 0x000, 0x000, 0x000, 0x000, 0x000, 0x000, 0x000, 0x000, 0x000, 0x000, 0x000, 0x000, 0x000, 0x000, 0x000,
			0x000, 0x000, 0x000, 0x000, 0x000, 0x000, 0x000, 0x000, 0x000, 0x000, 0x000, 0x000, 0x000, 0x000, 0x000, 0x000,
			0x000, 0x000, 0x000, 0x000, 0x000, 0x000, 0x000, 0x000, 0x000, 0x000, 0x000, 0x000, 0x000, 0x000, 0x000, 0x000,
			0x000, 0x000, 0x000, 0x000, 0x000, 0x000, 0x000, 0x000, 0x000, 0x000, 0x000, 0x000, 0x000, 0x000, 0x000, 0x000,
			0x000, 0x000, 0x000, 0x000, 0x000, 0x000, 0x000, 0x000, 0x000, 0x000, 0x000, 0x000, 0x000, 0x000, 0x000, 0x000,
			0x000, 0x000, 0x000, 0x000, 0x000, 0x000, 0x000, 0x000, 0x000, 0x000, 0x000, 0x000, 0x000, 0x000, 0x000, 0x000,
		},
		"vi_VN": {
			0x008, 0x008, 0x008, 0x008, 0x008, 0x008, 0x008, 0x008, 0x008, 0x20c, 0x208, 0x208, 0x208, 0x208, 0x008, 0x008,
			0x008, 0x008, 0x008, 0x008, 0x008, 0x008, 0x008, 0x008, 0x008, 0x008, 0x008, 0x008, 0x008, 0x008, 0x008, 0x008,
			0x284, 0x1a0, 0x1a0, 0x1a0, 0x1a0, 0x1a0, 0x1a0, 0x1a0, 0x1a0, 0x1a0, 0x1a0, 0x1a0, 0x1a0, 0x1a0, 0x1a0, 0x1a0,
			0x8b1, 0x8b1, 0x8b1, 0x8b1, 0x8b1, 0x8b1, 0x8b1, 0x8b1, 0x8b1, 0x8b1, 0x1a0, 0x1a0, 0x1a0, 0x1a0, 0x1a0, 0x1a0,
			0x1a0, 0xca3, 0xca3, 0xca3, 0xca3, 0xca3, 0xca3, 0x4a3, 0x4a3, 0x4a3, 0x4a3, 0x4a3, 0x4a3, 0x4a3, 0x4a3, 0x4a3,
			0x4a3, 0x4a3, 0x4a3, 0x4a3, 0x4a3, 0x4a3, 0x4a3, 0x4a3, 0x4a3, 0x4a3, 0x4a3, 0x1a0, 0x1a0, 0x1a0, 0x1a0, 0x1a0,
			0x1a0, 0x8e3, 0x8e3, 0x8e3, 0x8e3, 0x8e3, 0x8e3, 0x0e3, 0x0e3, 0x0e3, 0x0e3, 0x0e3, 0x0e3, 0x0e3, 0x0e3, 0x0e3,
			0x0e3, 0x0e3, 0x0e3, 0x0e3, 0x0e3, 0x0e3, 0x0e3, 0x0e3, 0x0e3, 0x0e3, 0x0e3, 0x1a0, 0x1a0, 0x1a0, 0x1a0, 0x008,
			0x000, 0x000, 0x000, 0x000, 0x000, 0x000, 0x000, 0x000, 0x000, 0x000, 0x000, 0x000, 0x000, 0x000, 0x000, 0x000,
			0x000, 0x000, 0x000, 0x000, 0x000, 0x000, 0x000, 0x000, 0x000, 0x000, 0x000, 0x000, 0x000, 0x000, 0x000, 0x000,
			0x000, 0x000, 0x000, 0x000, 0x000, 0x000, 0x000, 0x000, 0x000, 0x000, 0x000, 0x000, 0x000, 0x000, 0x000, 0x000,
			0x000, 0x000, 0x000, 0x000, 0x000, 0x000, 0x000, 0x000, 0x000, 0x000, 0x000, 0x000, 0x000, 0x000, 0x000, 0x000,
			0x000, 0x000, 0x000, 0x000, 0x000, 0x000, 0x000, 0x000, 0x000, 0x000, 0x000, 0x000, 0x000, 0x000, 0x000, 0x000,
			0x000, 0x000, 0x000, 0x000, 0x000, 0x000, 0x000, 0x000, 0x000, 0x000, 0x000, 0x000, 0x000, 0x000, 0x000, 0x000,
			0x000, 0x000, 0x000, 0x000, 0x000, 0x000, 0x000, 0x000, 0x000, 0x000, 0x000, 0x000, 0x000, 0x000, 0x000, 0x000,
			0x000, 0x000, 0x000, 0x000, 0x000, 0x000, 0x000, 0x000, 0x000, 0x000, 0x000, 0x000, 0x000, 0x000, 0x000, 0x000,
		},
		"wa_BE": {
			0x008, 0x008, 0x008, 0x008, 0x008, 0x008, 0x008, 0x008, 0x008, 0x20c, 0x208, 0x208, 0x208, 0x208, 0x008, 0x008,
			0x008, 0x008, 0x008, 0x008, 0x008, 0x008, 0x008, 0x008, 0x008, 0x008, 0x008, 0x008, 0x008, 0x008, 0x008, 0x008,
			0x284, 0x1a0, 0x1a0, 0x1a0, 0x1a0, 0x1a0, 0x1a0, 0x1a0, 0x1a0, 0x1a0, 0x1a0, 0x1a0, 0x1a0, 0x1a0, 0x1a0, 0x1a0,
			0x8b1, 0x8b1, 0x8b1, 0x8b1, 0x8b1, 0x8b1, 0x8b1, 0x8b1, 0x8b1, 0x8b1, 0x1a0, 0x1a0, 0x1a0, 0x1a0, 0x1a0, 0x1a0,
			0x1a0, 0xca3, 0xca3, 0xca3, 0xca3, 0xca3, 0xca3, 0x4a3, 0x4a3, 0x4a3, 0x4a3, 0x4a3, 0x4a3, 0x4a3, 0x4a3, 0x4a3,
			0x4a3, 0x4a3, 0x4a3, 0x4a3, 0x4a3, 0x4a3, 0x4a3, 0x4a3, 0x4a3, 0x4a3, 0x4a3, 0x1a0, 0x1a0, 0x1a0, 0x1a0, 0x1a0,
			0x1a0, 0x8e3, 0x8e3, 0x8e3, 0x8e3, 0x8e3, 0x8e3, 0x0e3, 0x0e3, 0x0e3, 0x0e3, 0x0e3, 0x0e3, 0x0e3, 0x0e3, 0x0e3,
			0x0e3, 0x0e3, 0x0e3, 0x0e3, 0x0e3, 0x0e3, 0x0e3, 0x0e3, 0x0e3, 0x0e3, 0x0e3, 0x1a0, 0x1a0, 0x1a0, 0x1a0, 0x008,
			0x008, 0x008, 0x008, 0x008, 0x008, 0x008, 0x008, 0x008, 0x008, 0x008, 0x008, 0x008, 0x008, 0x008, 0x008, 0x008,
			0x008, 0x008, 0x008, 0x008, 0x008, 0x008, 0x008, 0x008, 0x008, 0x008, 0x008, 0x008, 0x008, 0x008, 0x008, 0x008,
			0x1a0, 0x1a0, 0x1a0, 0x1a0, 0x1a0, 0x1a0, 0x1a0, 0x1a0, 0x1a0, 0x1a0, 0x0e3, 0x1a0, 0x1a0, 0x1a0, 0x1a0, 0x1a0,
			0x1a0, 0x1a0, 0x1a0, 0x1a0, 0x1a0, 0x0e3, 0x1a0, 0x1a0, 0x1a0, 0x1a0, 0x0e3, 0x1a0, 0x1a0, 0x1a0, 0x1a0, 0x1a0,
			0x4a3, 0x4a3, 0x4a3, 0x4a3, 0x4a3, 0x4a3, 0x4a3, 0x4a3, 0x4a3, 0x4a3, 0x4a3, 0x4a3, 0x4a3, 0x4a3, 0x4a3, 0x4a3,
			0x4a3, 0x4a3, 0x4a3, 0x4a3, 0x4a3, 0x4a3, 0x4a3, 0x1a0, 0x4a3, 0x4a3, 0x4a3, 0x4a3, 0x4a3, 0x4a3, 0x4a3, 0x0e3,
			0x0e3, 0x0e3, 0x0e3, 0x0e3, 0x0e3, 0x0e3, 0x0e3, 0x0e3, 0x0e3, 0x0e3, 0x0e3, 0x0e3, 0x0e3, 0x0e3, 0x0e3, 0x0e3,
			0x0e3, 0x0e3, 0x0e3, 0x0e3, 0x0e3, 0x0e3, 0x0e3, 0x1a0, 0x0e3, 0x0e3, 0x0e3, 0x0e3, 0x0e3, 0x0e3, 0x0e3, 0x0e3,
		},
		"wa_BE.utf8": {
			0x008, 0x008, 0x008, 0x008, 0x008, 0x008, 0x008, 0x008, 0x008, 0x20c, 0x208, 0x208, 0x208, 0x208, 0x008, 0x008,
			0x008, 0x008, 0x008, 0x008, 0x008, 0x008, 0x008, 0x008, 0x008, 0x008, 0x008, 0x008, 0x008, 0x008, 0x008, 0x008,
			0x284, 0x1a0, 0x1a0, 0x1a0, 0x1a0, 0x1a0, 0x1a0, 0x1a0, 0x1a0, 0x1a0, 0x1a0, 0x1a0, 0x1a0, 0x1a0, 0x1a0, 0x1a0,
			0x8b1, 0x8b1, 0x8b1, 0x8b1, 0x8b1, 0x8b1, 0x8b1, 0x8b1, 0x8b1, 0x8b1, 0x1a0, 0x1a0, 0x1a0, 0x1a0, 0x1a0, 0x1a0,
			0x1a0, 0xca3, 0xca3, 0xca3, 0xca3, 0xca3, 0xca3, 0x4a3, 0x4a3, 0x4a3, 0x4a3, 0x4a3, 0x4a3, 0x4a3, 0x4a3, 0x4a3,
			0x4a3, 0x4a3, 0x4a3, 0x4a3, 0x4a3, 0x4a3, 0x4a3, 0x4a3, 0x4a3, 0x4a3, 0x4a3, 0x1a0, 0x1a0, 0x1a0, 0x1a0, 0x1a0,
			0x1a0, 0x8e3, 0x8e3, 0x8e3, 0x8e3, 0x8e3, 0x8e3, 0x0e3, 0x0e3, 0x0e3, 0x0e3, 0x0e3, 0x0e3, 0x0e3, 0x0e3, 0x0e3,
			0x0e3, 0x0e3, 0x0e3, 0x0e3, 0x0e3, 0x0e3, 0x0e3, 0x0e3, 0x0e3, 0x0e3, 0x0e3, 0x1a0, 0x1a0, 0x1a0, 0x1a0, 0x008,
			0x000, 0x000, 0x000, 0x000, 0x000, 0x000, 0x000, 0x000, 0x000, 0x000, 0x000, 0x000, 0x000, 0x000, 0x000, 0x000,
			0x000, 0x000, 0x000, 0x000, 0x000, 0x000, 0x000, 0x000, 0x000, 0x000, 0x000, 0x000, 0x000, 0x000, 0x000, 0x000,
			0x000, 0x000, 0x000, 0x000, 0x000, 0x000, 0x000, 0x000, 0x000, 0x000, 0x000, 0x000, 0x000, 0x000, 0x000, 0x000,
			0x000, 0x000, 0x000, 0x000, 0x000, 0x000, 0x000, 0x000, 0x000, 0x000, 0x000, 0x000, 0x000, 0x000, 0x000, 0x000,
			0x000, 0x000, 0x000, 0x000, 0x000, 0x000, 0x000, 0x000, 0x000, 0x000, 0x000, 0x000, 0x000, 0x000, 0x000, 0x000,
			0x000, 0x000, 0x000, 0x000, 0x000, 0x000, 0x000, 0x000, 0x000, 0x000, 0x000, 0x000, 0x000, 0x000, 0x000, 0x000,
			0x000, 0x000, 0x000, 0x000, 0x000, 0x000, 0x000, 0x000, 0x000, 0x000, 0x000, 0x000, 0x000, 0x000, 0x000, 0x000,
			0x000, 0x000, 0x000, 0x000, 0x000, 0x000, 0x000, 0x000, 0x000, 0x000, 0x000, 0x000, 0x000, 0x000, 0x000, 0x000,
		},
		"wa_BE@euro": {
			0x008, 0x008, 0x008, 0x008, 0x008, 0x008, 0x008, 0x008, 0x008, 0x20c, 0x208, 0x208, 0x208, 0x208, 0x008, 0x008,
			0x008, 0x008, 0x008, 0x008, 0x008, 0x008, 0x008, 0x008, 0x008, 0x008, 0x008, 0x008, 0x008, 0x008, 0x008, 0x008,
			0x284, 0x1a0, 0x1a0, 0x1a0, 0x1a0, 0x1a0, 0x1a0, 0x1a0, 0x1a0, 0x1a0, 0x1a0, 0x1a0, 0x1a0, 0x1a0, 0x1a0, 0x1a0,
			0x8b1, 0x8b1, 0x8b1, 0x8b1, 0x8b1, 0x8b1, 0x8b1, 0x8b1, 0x8b1, 0x8b1, 0x1a0, 0x1a0, 0x1a0, 0x1a0, 0x1a0, 0x1a0,
			0x1a0, 0xca3, 0xca3, 0xca3, 0xca3, 0xca3, 0xca3, 0x4a3, 0x4a3, 0x4a3, 0x4a3, 0x4a3, 0x4a3, 0x4a3, 0x4a3, 0x4a3,
			0x4a3, 0x4a3, 0x4a3, 0x4a3, 0x4a3, 0x4a3, 0x4a3, 0x4a3, 0x4a3, 0x4a3, 0x4a3, 0x1a0, 0x1a0, 0x1a0, 0x1a0, 0x1a0,
			0x1a0, 0x8e3, 0x8e3, 0x8e3, 0x8e3, 0x8e3, 0x8e3, 0x0e3, 0x0e3, 0x0e3, 0x0e3, 0x0e3, 0x0e3, 0x0e3, 0x0e3, 0x0e3,
			0x0e3, 0x0e3, 0x0e3, 0x0e3, 0x0e3, 0x0e3, 0x0e3, 0x0e3, 0x0e3, 0x0e3, 0x0e3, 0x1a0, 0x1a0, 0x1a0, 0x1a0, 0x008,
			0x008, 0x008, 0x008, 0x008, 0x008, 0x008, 0x008, 0x008, 0x008, 0x008, 0x008, 0x008, 0x008, 0x008, 0x008, 0x008,
			0x008, 0x008, 0x008, 0x008, 0x008, 0x008, 0x008, 0x008, 0x008, 0x008, 0x008, 0x008, 0x008, 0x008, 0x008, 0x008,
			0x1a0, 0x1a0, 0x1a0, 0x1a0, 0x1a0, 0x1a0, 0x4a3, 0x1a0, 0x0e3, 0x1a0, 0x0e3, 0x1a0, 0x1a0, 0x1a0, 0x1a0, 0x1a0,
			0x1a0, 0x1a0, 0x1a0, 0x1a0, 0x4a3, 0x0e3, 0x1a0, 0x1a0, 0x0e3, 0x1a0, 0x0e3, 0x1a0, 0x4a3, 0x0e3, 0x4a3, 0x1a0,
			0x4a3, 0x4a3, 0x4a3, 0x4a3, 0x4a3, 0x4a3, 0x4a3, 0x4a3, 0x4a3, 0x4a3, 0x4a3, 0x4a3, 0x4a3, 0x4a3, 0x4a3, 0x4a3,
			0x4a3, 0x4a3, 0x4a3, 0x4a3, 0x4a3, 0x4a3, 0x4a3, 0x1a0, 0x4a3, 0x4a3, 0x4a3, 0x4a3, 0x4a3, 0x4a3, 0x4a3, 0x0e3,
			0x0e3, 0x0e3, 0x0e3, 0x0e3, 0x0e3, 0x0e3, 0x0e3, 0x0e3, 0x0e3, 0x0e3, 0x0e3, 0x0e3, 0x0e3, 0x0e3, 0x0e3, 0x0e3,
			0x0e3, 0x0e3, 0x0e3, 0x0e3, 0x0e3, 0x0e3, 0x0e3, 0x1a0, 0x0e3, 0x0e3, 0x0e3, 0x0e3, 0x0e3, 0x0e3, 0x0e3, 0x0e3,
		},
		"wae_CH": {
			0x008, 0x008, 0x008, 0x008, 0x008, 0x008, 0x008, 0x008, 0x008, 0x20c, 0x208, 0x208, 0x208, 0x208, 0x008, 0x008,
			0x008, 0x008, 0x008, 0x008, 0x008, 0x008, 0x008, 0x008, 0x008, 0x008, 0x008, 0x008, 0x008, 0x008, 0x008, 0x008,
			0x284, 0x1a0, 0x1a0, 0x1a0, 0x1a0, 0x1a0, 0x1a0, 0x1a0, 0x1a0, 0x1a0, 0x1a0, 0x1a0, 0x1a0, 0x1a0, 0x1a0, 0x1a0,
			0x8b1, 0x8b1, 0x8b1, 0x8b1, 0x8b1, 0x8b1, 0x8b1, 0x8b1, 0x8b1, 0x8b1, 0x1a0, 0x1a0, 0x1a0, 0x1a0, 0x1a0, 0x1a0,
			0x1a0, 0xca3, 0xca3, 0xca3, 0xca3, 0xca3, 0xca3, 0x4a3, 0x4a3, 0x4a3, 0x4a3, 0x4a3, 0x4a3, 0x4a3, 0x4a3, 0x4a3,
			0x4a3, 0x4a3, 0x4a3, 0x4a3, 0x4a3, 0x4a3, 0x4a3, 0x4a3, 0x4a3, 0x4a3, 0x4a3, 0x1a0, 0x1a0, 0x1a0, 0x1a0, 0x1a0,
			0x1a0, 0x8e3, 0x8e3, 0x8e3, 0x8e3, 0x8e3, 0x8e3, 0x0e3, 0x0e3, 0x0e3, 0x0e3, 0x0e3, 0x0e3, 0x0e3, 0x0e3, 0x0e3,
			0x0e3, 0x0e3, 0x0e3, 0x0e3, 0x0e3, 0x0e3, 0x0e3, 0x0e3, 0x0e3, 0x0e3, 0x0e3, 0x1a0, 0x1a0, 0x1a0, 0x1a0, 0x008,
			0x000, 0x000, 0x000, 0x000, 0x000, 0x000, 0x000, 0x000, 0x000, 0x000, 0x000, 0x000, 0x000, 0x000, 0x000, 0x000,
			0x000, 0x000, 0x000, 0x000, 0x000, 0x000, 0x000, 0x000, 0x000, 0x000, 0x000, 0x000, 0x000, 0x000, 0x000, 0x000,
			0x000, 0x000, 0x000, 0x000, 0x000, 0x000, 0x000, 0x000, 0x000, 0x000, 0x000, 0x000, 0x000, 0x000, 0x000, 0x000,
			0x000, 0x000, 0x000, 0x000, 0x000, 0x000, 0x000, 0x000, 0x000, 0x000, 0x000, 0x000, 0x000, 0x000, 0x000, 0x000,
			0x000, 0x000, 0x000, 0x000, 0x000, 0x000, 0x000, 0x000, 0x000, 0x000, 0x000, 0x000, 0x000, 0x000, 0x000, 0x000,
			0x000, 0x000, 0x000, 0x000, 0x000, 0x000, 0x000, 0x000, 0x000, 0x000, 0x000, 0x000, 0x000, 0x000, 0x000, 0x000,
			0x000, 0x000, 0x000, 0x000, 0x000, 0x000, 0x000, 0x000, 0x000, 0x000, 0x000, 0x000, 0x000, 0x000, 0x000, 0x000,
			0x000, 0x000, 0x000, 0x000, 0x000, 0x000, 0x000, 0x000, 0x000, 0x000, 0x000, 0x000, 0x000, 0x000, 0x000, 0x000,
		},
		"wal_ET": {
			0x008, 0x008, 0x008, 0x008, 0x008, 0x008, 0x008, 0x008, 0x008, 0x20c, 0x208, 0x208, 0x208, 0x208, 0x008, 0x008,
			0x008, 0x008, 0x008, 0x008, 0x008, 0x008, 0x008, 0x008, 0x008, 0x008, 0x008, 0x008, 0x008, 0x008, 0x008, 0x008,
			0x284, 0x1a0, 0x1a0, 0x1a0, 0x1a0, 0x1a0, 0x1a0, 0x1a0, 0x1a0, 0x1a0, 0x1a0, 0x1a0, 0x1a0, 0x1a0, 0x1a0, 0x1a0,
			0x8b1, 0x8b1, 0x8b1, 0x8b1, 0x8b1, 0x8b1, 0x8b1, 0x8b1, 0x8b1, 0x8b1, 0x1a0, 0x1a0, 0x1a0, 0x1a0, 0x1a0, 0x1a0,
			0x1a0, 0xca3, 0xca3, 0xca3, 0xca3, 0xca3, 0xca3, 0x4a3, 0x4a3, 0x4a3, 0x4a3, 0x4a3, 0x4a3, 0x4a3, 0x4a3, 0x4a3,
			0x4a3, 0x4a3, 0x4a3, 0x4a3, 0x4a3, 0x4a3, 0x4a3, 0x4a3, 0x4a3, 0x4a3, 0x4a3, 0x1a0, 0x1a0, 0x1a0, 0x1a0, 0x1a0,
			0x1a0, 0x8e3, 0x8e3, 0x8e3, 0x8e3, 0x8e3, 0x8e3, 0x0e3, 0x0e3, 0x0e3, 0x0e3, 0x0e3, 0x0e3, 0x0e3, 0x0e3, 0x0e3,
			0x0e3, 0x0e3, 0x0e3, 0x0e3, 0x0e3, 0x0e3, 0x0e3, 0x0e3, 0x0e3, 0x0e3, 0x0e3, 0x1a0, 0x1a0, 0x1a0, 0x1a0, 0x008,
			0x000, 0x000, 0x000, 0x000, 0x000, 0x000, 0x000, 0x000, 0x000, 0x000, 0x000, 0x000, 0x000, 0x000, 0x000, 0x000,
			0x000, 0x000, 0x000, 0x000, 0x000, 0x000, 0x000, 0x000, 0x000, 0x000, 0x000, 0x000, 0x000, 0x000, 0x000, 0x000,
			0x000, 0x000, 0x000, 0x000, 0x000, 0x000, 0x000, 0x000, 0x000, 0x000, 0x000, 0x000, 0x000, 0x000, 0x000, 0x000,
			0x000, 0x000, 0x000, 0x000, 0x000, 0x000, 0x000, 0x000, 0x000, 0x000, 0x000, 0x000, 0x000, 0x000, 0x000, 0x000,
			0x000, 0x000, 0x000, 0x000, 0x000, 0x000, 0x000, 0x000, 0x000, 0x000, 0x000, 0x000, 0x000, 0x000, 0x000, 0x000,
			0x000, 0x000, 0x000, 0x000, 0x000, 0x000, 0x000, 0x000, 0x000, 0x000, 0x000, 0x000, 0x000, 0x000, 0x000, 0x000,
			0x000, 0x000, 0x000, 0x000, 0x000, 0x000, 0x000, 0x000, 0x000, 0x000, 0x000, 0x000, 0x000, 0x000, 0x000, 0x000,
			0x000, 0x000, 0x000, 0x000, 0x000, 0x000, 0x000, 0x000, 0x000, 0x000, 0x000, 0x000, 0x000, 0x000, 0x000, 0x000,
		},
		"wo_SN": {
			0x008, 0x008, 0x008, 0x008, 0x008, 0x008, 0x008, 0x008, 0x008, 0x20c, 0x208, 0x208, 0x208, 0x208, 0x008, 0x008,
			0x008, 0x008, 0x008, 0x008, 0x008, 0x008, 0x008, 0x008, 0x008, 0x008, 0x008, 0x008, 0x008, 0x008, 0x008, 0x008,
			0x284, 0x1a0, 0x1a0, 0x1a0, 0x1a0, 0x1a0, 0x1a0, 0x1a0, 0x1a0, 0x1a0, 0x1a0, 0x1a0, 0x1a0, 0x1a0, 0x1a0, 0x1a0,
			0x8b1, 0x8b1, 0x8b1, 0x8b1, 0x8b1, 0x8b1, 0x8b1, 0x8b1, 0x8b1, 0x8b1, 0x1a0, 0x1a0, 0x1a0, 0x1a0, 0x1a0, 0x1a0,
			0x1a0, 0xca3, 0xca3, 0xca3, 0xca3, 0xca3, 0xca3, 0x4a3, 0x4a3, 0x4a3, 0x4a3, 0x4a3, 0x4a3, 0x4a3, 0x4a3, 0x4a3,
			0x4a3, 0x4a3, 0x4a3, 0x4a3, 0x4a3, 0x4a3, 0x4a3, 0x4a3, 0x4a3, 0x4a3, 0x4a3, 0x1a0, 0x1a0, 0x1a0, 0x1a0, 0x1a0,
			0x1a0, 0x8e3, 0x8e3, 0x8e3, 0x8e3, 0x8e3, 0x8e3, 0x0e3, 0x0e3, 0x0e3, 0x0e3, 0x0e3, 0x0e3, 0x0e3, 0x0e3, 0x0e3,
			0x0e3, 0x0e3, 0x0e3, 0x0e3, 0x0e3, 0x0e3, 0x0e3, 0x0e3, 0x0e3, 0x0e3, 0x0e3, 0x1a0, 0x1a0, 0x1a0, 0x1a0, 0x008,
			0x000, 0x000, 0x000, 0x000, 0x000, 0x000, 0x000, 0x000, 0x000, 0x000, 0x000, 0x000, 0x000, 0x000, 0x000, 0x000,
			0x000, 0x000, 0x000, 0x000, 0x000, 0x000, 0x000, 0x000, 0x000, 0x000, 0x000, 0x000, 0x000, 0x000, 0x000, 0x000,
			0x000, 0x000, 0x000, 0x000, 0x000, 0x000, 0x000, 0x000, 0x000, 0x000, 0x000, 0x000, 0x000, 0x000, 0x000, 0x000,
			0x000, 0x000, 0x000, 0x000, 0x000, 0x000, 0x000, 0x000, 0x000, 0x000, 0x000, 0x000, 0x000, 0x000, 0x000, 0x000,
			0x000, 0x000, 0x000, 0x000, 0x000, 0x000, 0x000, 0x000, 0x000, 0x000, 0x000, 0x000, 0x000, 0x000, 0x000, 0x000,
			0x000, 0x000, 0x000, 0x000, 0x000, 0x000, 0x000, 0x000, 0x000, 0x000, 0x000, 0x000, 0x000, 0x000, 0x000, 0x000,
			0x000, 0x000, 0x000, 0x000, 0x000, 0x000, 0x000, 0x000, 0x000, 0x000, 0x000, 0x000, 0x000, 0x000, 0x000, 0x000,
			0x000, 0x000, 0x000, 0x000, 0x000, 0x000, 0x000, 0x000, 0x000, 0x000, 0x000, 0x000, 0x000, 0x000, 0x000, 0x000,
		},
		"xh_ZA": {
			0x008, 0x008, 0x008, 0x008, 0x008, 0x008, 0x008, 0x008, 0x008, 0x20c, 0x208, 0x208, 0x208, 0x208, 0x008, 0x008,
			0x008, 0x008, 0x008, 0x008, 0x008, 0x008, 0x008, 0x008, 0x008, 0x008, 0x008, 0x008, 0x008, 0x008, 0x008, 0x008,
			0x284, 0x1a0, 0x1a0, 0x1a0, 0x1a0, 0x1a0, 0x1a0, 0x1a0, 0x1a0, 0x1a0, 0x1a0, 0x1a0, 0x1a0, 0x1a0, 0x1a0, 0x1a0,
			0x8b1, 0x8b1, 0x8b1, 0x8b1, 0x8b1, 0x8b1, 0x8b1, 0x8b1, 0x8b1, 0x8b1, 0x1a0, 0x1a0, 0x1a0, 0x1a0, 0x1a0, 0x1a0,
			0x1a0, 0xca3, 0xca3, 0xca3, 0xca3, 0xca3, 0xca3, 0x4a3, 0x4a3, 0x4a3, 0x4a3, 0x4a3, 0x4a3, 0x4a3, 0x4a3, 0x4a3,
			0x4a3, 0x4a3, 0x4a3, 0x4a3, 0x4a3, 0x4a3, 0x4a3, 0x4a3, 0x4a3, 0x4a3, 0x4a3, 0x1a0, 0x1a0, 0x1a0, 0x1a0, 0x1a0,
			0x1a0, 0x8e3, 0x8e3, 0x8e3, 0x8e3, 0x8e3, 0x8e3, 0x0e3, 0x0e3, 0x0e3, 0x0e3, 0x0e3, 0x0e3, 0x0e3, 0x0e3, 0x0e3,
			0x0e3, 0x0e3, 0x0e3, 0x0e3, 0x0e3, 0x0e3, 0x0e3, 0x0e3, 0x0e3, 0x0e3, 0x0e3, 0x1a0, 0x1a0, 0x1a0, 0x1a0, 0x008,
			0x008, 0x008, 0x008, 0x008, 0x008, 0x008, 0x008, 0x008, 0x008, 0x008, 0x008, 0x008, 0x008, 0x008, 0x008, 0x008,
			0x008, 0x008, 0x008, 0x008, 0x008, 0x008, 0x008, 0x008, 0x008, 0x008, 0x008, 0x008, 0x008, 0x008, 0x008, 0x008,
			0x1a0, 0x1a0, 0x1a0, 0x1a0, 0x1a0, 0x1a0, 0x1a0, 0x1a0, 0x1a0, 0x1a0, 0x0e3, 0x1a0, 0x1a0, 0x1a0, 0x1a0, 0x1a0,
			0x1a0, 0x1a0, 0x1a0, 0x1a0, 0x1a0, 0x0e3, 0x1a0, 0x1a0, 0x1a0, 0x1a0, 0x0e3, 0x1a0, 0x1a0, 0x1a0, 0x1a0, 0x1a0,
			0x4a3, 0x4a3, 0x4a3, 0x4a3, 0x4a3, 0x4a3, 0x4a3, 0x4a3, 0x4a3, 0x4a3, 0x4a3, 0x4a3, 0x4a3, 0x4a3, 0x4a3, 0x4a3,
			0x4a3, 0x4a3, 0x4a3, 0x4a3, 0x4a3, 0x4a3, 0x4a3, 0x1a0, 0x4a3, 0x4a3, 0x4a3, 0x4a3, 0x4a3, 0x4a3, 0x4a3, 0x0e3,
			0x0e3, 0x0e3, 0x0e3, 0x0e3, 0x0e3, 0x0e3, 0x0e3, 0x0e3, 0x0e3, 0x0e3, 0x0e3, 0x0e3, 0x0e3, 0x0e3, 0x0e3, 0x0e3,
			0x0e3, 0x0e3, 0x0e3, 0x0e3, 0x0e3, 0x0e3, 0x0e3, 0x1a0, 0x0e3, 0x0e3, 0x0e3, 0x0e3, 0x0e3, 0x0e3, 0x0e3, 0x0e3,
		},
		"xh_ZA.utf8": {
			0x008, 0x008, 0x008, 0x008, 0x008, 0x008, 0x008, 0x008, 0x008, 0x20c, 0x208, 0x208, 0x208, 0x208, 0x008, 0x008,
			0x008, 0x008, 0x008, 0x008, 0x008, 0x008, 0x008, 0x008, 0x008, 0x008, 0x008, 0x008, 0x008, 0x008, 0x008, 0x008,
			0x284, 0x1a0, 0x1a0, 0x1a0, 0x1a0, 0x1a0, 0x1a0, 0x1a0, 0x1a0, 0x1a0, 0x1a0, 0x1a0, 0x1a0, 0x1a0, 0x1a0, 0x1a0,
			0x8b1, 0x8b1, 0x8b1, 0x8b1, 0x8b1, 0x8b1, 0x8b1, 0x8b1, 0x8b1, 0x8b1, 0x1a0, 0x1a0, 0x1a0, 0x1a0, 0x1a0, 0x1a0,
			0x1a0, 0xca3, 0xca3, 0xca3, 0xca3, 0xca3, 0xca3, 0x4a3, 0x4a3, 0x4a3, 0x4a3, 0x4a3, 0x4a3, 0x4a3, 0x4a3, 0x4a3,
			0x4a3, 0x4a3, 0x4a3, 0x4a3, 0x4a3, 0x4a3, 0x4a3, 0x4a3, 0x4a3, 0x4a3, 0x4a3, 0x1a0, 0x1a0, 0x1a0, 0x1a0, 0x1a0,
			0x1a0, 0x8e3, 0x8e3, 0x8e3, 0x8e3, 0x8e3, 0x8e3, 0x0e3, 0x0e3, 0x0e3, 0x0e3, 0x0e3, 0x0e3, 0x0e3, 0x0e3, 0x0e3,
			0x0e3, 0x0e3, 0x0e3, 0x0e3, 0x0e3, 0x0e3, 0x0e3, 0x0e3, 0x0e3, 0x0e3, 0x0e3, 0x1a0, 0x1a0, 0x1a0, 0x1a0, 0x008,
			0x000, 0x000, 0x000, 0x000, 0x000, 0x000, 0x000, 0x000, 0x000, 0x000, 0x000, 0x000, 0x000, 0x000, 0x000, 0x000,
			0x000, 0x000, 0x000, 0x000, 0x000, 0x000, 0x000, 0x000, 0x000, 0x000, 0x000, 0x000, 0x000, 0x000, 0x000, 0x000,
			0x000, 0x000, 0x000, 0x000, 0x000, 0x000, 0x000, 0x000, 0x000, 0x000, 0x000, 0x000, 0x000, 0x000, 0x000, 0x000,
			0x000, 0x000, 0x000, 0x000, 0x000, 0x000, 0x000, 0x000, 0x000, 0x000, 0x000, 0x000, 0x000, 0x000, 0x000, 0x000,
			0x000, 0x000, 0x000, 0x000, 0x000, 0x000, 0x000, 0x000, 0x000, 0x000, 0x000, 0x000, 0x000, 0x000, 0x000, 0x000,
			0x000, 0x000, 0x000, 0x000, 0x000, 0x000, 0x000, 0x000, 0x000, 0x000, 0x000, 0x000, 0x000, 0x000, 0x000, 0x000,
			0x000, 0x000, 0x000, 0x000, 0x000, 0x000, 0x000, 0x000, 0x000, 0x000, 0x000, 0x000, 0x000, 0x000, 0x000, 0x000,
			0x000, 0x000, 0x000, 0x000, 0x000, 0x000, 0x000, 0x000, 0x000, 0x000, 0x000, 0x000, 0x000, 0x000, 0x000, 0x000,
		},
		"yi_US": {
			0x008, 0x008, 0x008, 0x008, 0x008, 0x008, 0x008, 0x008, 0x008, 0x20c, 0x208, 0x208, 0x208, 0x208, 0x008, 0x008,
			0x008, 0x008, 0x008, 0x008, 0x008, 0x008, 0x008, 0x008, 0x008, 0x008, 0x008, 0x008, 0x008, 0x008, 0x008, 0x008,
			0x284, 0x1a0, 0x1a0, 0x1a0, 0x1a0, 0x1a0, 0x1a0, 0x1a0, 0x1a0, 0x1a0, 0x1a0, 0x1a0, 0x1a0, 0x1a0, 0x1a0, 0x1a0,
			0x8b1, 0x8b1, 0x8b1, 0x8b1, 0x8b1, 0x8b1, 0x8b1, 0x8b1, 0x8b1, 0x8b1, 0x1a0, 0x1a0, 0x1a0, 0x1a0, 0x1a0, 0x1a0,
			0x1a0, 0xca3, 0xca3, 0xca3, 0xca3, 0xca3, 0xca3, 0x4a3, 0x4a3, 0x4a3, 0x4a3, 0x4a3, 0x4a3, 0x4a3, 0x4a3, 0x4a3,
			0x4a3, 0x4a3, 0x4a3, 0x4a3, 0x4a3, 0x4a3, 0x4a3, 0x4a3, 0x4a3, 0x4a3, 0x4a3, 0x1a0, 0x1a0, 0x1a0, 0x1a0, 0x1a0,
			0x1a0, 0x8e3, 0x8e3, 0x8e3, 0x8e3, 0x8e3, 0x8e3, 0x0e3, 0x0e3, 0x0e3, 0x0e3, 0x0e3, 0x0e3, 0x0e3, 0x0e3, 0x0e3,
			0x0e3, 0x0e3, 0x0e3, 0x0e3, 0x0e3, 0x0e3, 0x0e3, 0x0e3, 0x0e3, 0x0e3, 0x0e3, 0x1a0, 0x1a0, 0x1a0, 0x1a0, 0x008,
			0x1a0, 0x000, 0x1a0, 0x0e3, 0x1a0, 0x1a0, 0x1a0, 0x1a0, 0x0a3, 0x1a0, 0x000, 0x1a0, 0x000, 0x000, 0x000, 0x000,
			0x000, 0x1a0, 0x1a0, 0x1a0, 0x1a0, 0x1a0, 0x1a0, 0x1a0, 0x1a0, 0x1a0, 0x000, 0x1a0, 0x000, 0x000, 0x000, 0x000,
			0x1a0, 0x1a0, 0x1a0, 0x1a0, 0x1a0, 0x1a0, 0x1a0, 0x1a0, 0x1a0, 0x1a0, 0x1a0, 0x1a0, 0x1a0, 0x1a0, 0x1a0, 0x1a0,
			0x1a0, 0x1a0, 0x1a0, 0x1a0, 0x1a0, 0x0e3, 0x1a0, 0x1a0, 0x1a0, 0x1a0, 0x1a0, 0x1a0, 0x1a0, 0x1a0, 0x1a0, 0x1a0,
			0x0a3, 0x0a3, 0x0a3, 0x0a3, 0x0a3, 0x0a3, 0x0a3, 0x0a3, 0x0a3, 0x0a3, 0x000, 0x0a3, 0x0a3, 0x0a3, 0x1a0, 0x0a3,
			0x1a0, 0x0a3, 0x0a3, 0x1a0, 0x0a3, 0x0a3, 0x0a3, 0x1a0, 0x1a0, 0x000, 0x000, 0x000, 0x000, 0x000, 0x000, 0x000,
			0x0a3, 0x0a3, 0x0a3, 0x0a3, 0x0a3, 0x0a3, 0x0a3, 0x0a3, 0x0a3, 0x0a3, 0x0a3, 0x0a3, 0x0a3, 0x0a3, 0x0a3, 0x0a3,
			0x0a3, 0x0a3, 0x0a3, 0x0a3, 0x0a3, 0x0a3, 0x0a3, 0x0a3, 0x0a3, 0x0a3, 0x0a3, 0x000, 0x000, 0x1a0, 0x1a0, 0x000,
		},
		"yi_US.utf8": {
			0x008, 0x008, 0x008, 0x008, 0x008, 0x008, 0x008, 0x008, 0x008, 0x20c, 0x208, 0x208, 0x208, 0x208, 0x008, 0x008,
			0x008, 0x008, 0x008, 0x008, 0x008, 0x008, 0x008, 0x008, 0x008, 0x008, 0x008, 0x008, 0x008, 0x008, 0x008, 0x008,
			0x284, 0x1a0, 0x1a0, 0x1a0, 0x1a0, 0x1a0, 0x1a0, 0x1a0, 0x1a0, 0x1a0, 0x1a0, 0x1a0, 0x1a0, 0x1a0, 0x1a0, 0x1a0,
			0x8b1, 0x8b1, 0x8b1, 0x8b1, 0x8b1, 0x8b1, 0x8b1, 0x8b1, 0x8b1, 0x8b1, 0x1a0, 0x1a0, 0x1a0, 0x1a0, 0x1a0, 0x1a0,
			0x1a0, 0xca3, 0xca3, 0xca3, 0xca3, 0xca3, 0xca3, 0x4a3, 0x4a3, 0x4a3, 0x4a3, 0x4a3, 0x4a3, 0x4a3, 0x4a3, 0x4a3,
			0x4a3, 0x4a3, 0x4a3, 0x4a3, 0x4a3, 0x4a3, 0x4a3, 0x4a3, 0x4a3, 0x4a3, 0x4a3, 0x1a0, 0x1a0, 0x1a0, 0x1a0, 0x1a0,
			0x1a0, 0x8e3, 0x8e3, 0x8e3, 0x8e3, 0x8e3, 0x8e3, 0x0e3, 0x0e3, 0x0e3, 0x0e3, 0x0e3, 0x0e3, 0x0e3, 0x0e3, 0x0e3,
			0x0e3, 0x0e3, 0x0e3, 0x0e3, 0x0e3, 0x0e3, 0x0e3, 0x0e3, 0x0e3, 0x0e3, 0x0e3, 0x1a0, 0x1a0, 0x1a0, 0x1a0, 0x008,
			0x000, 0x000, 0x000, 0x000, 0x000, 0x000, 0x000, 0x000, 0x000, 0x000, 0x000, 0x000, 0x000, 0x000, 0x000, 0x000,
			0x000, 0x000, 0x000, 0x000, 0x000, 0x000, 0x000, 0x000, 0x000, 0x000, 0x000, 0x000, 0x000, 0x000, 0x000, 0x000,
			0x000, 0x000, 0x000, 0x000, 0x000, 0x000, 0x000, 0x000, 0x000, 0x000, 0x000, 0x000, 0x000, 0x000, 0x000, 0x000,
			0x000, 0x000, 0x000, 0x000, 0x000, 0x000, 0x000, 0x000, 0x000, 0x000, 0x000, 0x000, 0x000, 0x000, 0x000, 0x000,
			0x000, 0x000, 0x000, 0x000, 0x000, 0x000, 0x000, 0x000, 0x000, 0x000, 0x000, 0x000, 0x000, 0x000, 0x000, 0x000,
			0x000, 0x000, 0x000, 0x000, 0x000, 0x000, 0x000, 0x000, 0x000, 0x000, 0x000, 0x000, 0x000, 0x000, 0x000, 0x000,
			0x000, 0x000, 0x000, 0x000, 0x000, 0x000, 0x000, 0x000, 0x000, 0x000, 0x000, 0x000, 0x000, 0x000, 0x000, 0x000,
			0x000, 0x000, 0x000, 0x000, 0x000, 0x000, 0x000, 0x000, 0x000, 0x000, 0x000, 0x000, 0x000, 0x000, 0x000, 0x000,
		},
		"yo_NG": {
			0x008, 0x008, 0x008, 0x008, 0x008, 0x008, 0x008, 0x008, 0x008, 0x20c, 0x208, 0x208, 0x208, 0x208, 0x008, 0x008,
			0x008, 0x008, 0x008, 0x008, 0x008, 0x008, 0x008, 0x008, 0x008, 0x008, 0x008, 0x008, 0x008, 0x008, 0x008, 0x008,
			0x284, 0x1a0, 0x1a0, 0x1a0, 0x1a0, 0x1a0, 0x1a0, 0x1a0, 0x1a0, 0x1a0, 0x1a0, 0x1a0, 0x1a0, 0x1a0, 0x1a0, 0x1a0,
			0x8b1, 0x8b1, 0x8b1, 0x8b1, 0x8b1, 0x8b1, 0x8b1, 0x8b1, 0x8b1, 0x8b1, 0x1a0, 0x1a0, 0x1a0, 0x1a0, 0x1a0, 0x1a0,
			0x1a0, 0xca3, 0xca3, 0xca3, 0xca3, 0xca3, 0xca3, 0x4a3, 0x4a3, 0x4a3, 0x4a3, 0x4a3, 0x4a3, 0x4a3, 0x4a3, 0x4a3,
			0x4a3, 0x4a3, 0x4a3, 0x4a3, 0x4a3, 0x4a3, 0x4a3, 0x4a3, 0x4a3, 0x4a3, 0x4a3, 0x1a0, 0x1a0, 0x1a0, 0x1a0, 0x1a0,
			0x1a0, 0x8e3, 0x8e3, 0x8e3, 0x8e3, 0x8e3, 0x8e3, 0x0e3, 0x0e3, 0x0e3, 0x0e3, 0x0e3, 0x0e3, 0x0e3, 0x0e3, 0x0e3,
			0x0e3, 0x0e3, 0x0e3, 0x0e3, 0x0e3, 0x0e3, 0x0e3, 0x0e3, 0x0e3, 0x0e3, 0x0e3, 0x1a0, 0x1a0, 0x1a0, 0x1a0, 0x008,
			0x000, 0x000, 0x000, 0x000, 0x000, 0x000, 0x000, 0x000, 0x000, 0x000, 0x000, 0x000, 0x000, 0x000, 0x000, 0x000,
			0x000, 0x000, 0x000, 0x000, 0x000, 0x000, 0x000, 0x000, 0x000, 0x000, 0x000, 0x000, 0x000, 0x000, 0x000, 0x000,
			0x000, 0x000, 0x000, 0x000, 0x000, 0x000, 0x000, 0x000, 0x000, 0x000, 0x000, 0x000, 0x000, 0x000, 0x000, 0x000,
			0x000, 0x000, 0x000, 0x000, 0x000, 0x000, 0x000, 0x000, 0x000, 0x000, 0x000, 0x000, 0x000, 0x000, 0x000, 0x000,
			0x000, 0x000, 0x000, 0x000, 0x000, 0x000, 0x000, 0x000, 0x000, 0x000, 0x000, 0x000, 0x000, 0x000, 0x000, 0x000,
			0x000, 0x000, 0x000, 0x000, 0x000, 0x000, 0x000, 0x000, 0x000, 0x000, 0x000, 0x000, 0x000, 0x000, 0x000, 0x000,
			0x000, 0x000, 0x000, 0x000, 0x000, 0x000, 0x000, 0x000, 0x000, 0x000, 0x000, 0x000, 0x000, 0x000, 0x000, 0x000,
			0x000, 0x000, 0x000, 0x000, 0x000, 0x000, 0x000, 0x000, 0x000, 0x000, 0x000, 0x000, 0x000, 0x000, 0x000, 0x000,
		},
		"yue_HK": {
			0x008, 0x008, 0x008, 0x008, 0x008, 0x008, 0x008, 0x008, 0x008, 0x20c, 0x208, 0x208, 0x208, 0x208, 0x008, 0x008,
			0x008, 0x008, 0x008, 0x008, 0x008, 0x008, 0x008, 0x008, 0x008, 0x008, 0x008, 0x008, 0x008, 0x008, 0x008, 0x008,
			0x284, 0x1a0, 0x1a0, 0x1a0, 0x1a0, 0x1a0, 0x1a0, 0x1a0, 0x1a0, 0x1a0, 0x1a0, 0x1a0, 0x1a0, 0x1a0, 0x1a0, 0x1a0,
			0x8b1, 0x8b1, 0x8b1, 0x8b1, 0x8b1, 0x8b1, 0x8b1, 0x8b1, 0x8b1, 0x8b1, 0x1a0, 0x1a0, 0x1a0, 0x1a0, 0x1a0, 0x1a0,
			0x1a0, 0xca3, 0xca3, 0xca3, 0xca3, 0xca3, 0xca3, 0x4a3, 0x4a3, 0x4a3, 0x4a3, 0x4a3, 0x4a3, 0x4a3, 0x4a3, 0x4a3,
			0x4a3, 0x4a3, 0x4a3, 0x4a3, 0x4a3, 0x4a3, 0x4a3, 0x4a3, 0x4a3, 0x4a3, 0x4a3, 0x1a0, 0x1a0, 0x1a0, 0x1a0, 0x1a0,
			0x1a0, 0x8e3, 0x8e3, 0x8e3, 0x8e3, 0x8e3, 0x8e3, 0x0e3, 0x0e3, 0x0e3, 0x0e3, 0x0e3, 0x0e3, 0x0e3, 0x0e3, 0x0e3,
			0x0e3, 0x0e3, 0x0e3, 0x0e3, 0x0e3, 0x0e3, 0x0e3, 0x0e3, 0x0e3, 0x0e3, 0x0e3, 0x1a0, 0x1a0, 0x1a0, 0x1a0, 0x008,
			0x000, 0x000, 0x000, 0x000, 0x000, 0x000, 0x000, 0x000, 0x000, 0x000, 0x000, 0x000, 0x000, 0x000, 0x000, 0x000,
			0x000, 0x000, 0x000, 0x000, 0x000, 0x000, 0x000, 0x000, 0x000, 0x000, 0x000, 0x000, 0x000, 0x000, 0x000, 0x000,
			0x000, 0x000, 0x000, 0x000, 0x000, 0x000, 0x000, 0x000, 0x000, 0x000, 0x000, 0x000, 0x000, 0x000, 0x000, 0x000,
			0x000, 0x000, 0x000, 0x000, 0x000, 0x000, 0x000, 0x000, 0x000, 0x000, 0x000, 0x000, 0x000, 0x000, 0x000, 0x000,
			0x000, 0x000, 0x000, 0x000, 0x000, 0x000, 0x000, 0x000, 0x000, 0x000, 0x000, 0x000, 0x000, 0x000, 0x000, 0x000,
			0x000, 0x000, 0x000, 0x000, 0x000, 0x000, 0x000, 0x000, 0x000, 0x000, 0x000, 0x000, 0x000, 0x000, 0x000, 0x000,
			0x000, 0x000, 0x000, 0x000, 0x000, 0x000, 0x000, 0x000, 0x000, 0x000, 0x000, 0x000, 0x000, 0x000, 0x000, 0x000,
			0x000, 0x000, 0x000, 0x000, 0x000, 0x000, 0x000, 0x000, 0x000, 0x000, 0x000, 0x000, 0x000, 0x000, 0x000, 0x000,
		},
		"zh_CN": {
			0x008, 0x008, 0x008, 0x008, 0x008, 0x008, 0x008, 0x008, 0x008, 0x20c, 0x208, 0x208, 0x208, 0x208, 0x008, 0x008,
			0x008, 0x008, 0x008, 0x008, 0x008, 0x008, 0x008, 0x008, 0x008, 0x008, 0x008, 0x008, 0x008, 0x008, 0x008, 0x008,
			0x284, 0x1a0, 0x1a0, 0x1a0, 0x1a0, 0x1a0, 0x1a0, 0x1a0, 0x1a0, 0x1a0, 0x1a0, 0x1a0, 0x1a0, 0x1a0, 0x1a0, 0x1a0,
			0x8b1, 0x8b1, 0x8b1, 0x8b1, 0x8b1, 0x8b1, 0x8b1, 0x8b1, 0x8b1, 0x8b1, 0x1a0, 0x1a0, 0x1a0, 0x1a0, 0x1a0, 0x1a0,
			0x1a0, 0xca3, 0xca3, 0xca3, 0xca3, 0xca3, 0xca3, 0x4a3, 0x4a3, 0x4a3, 0x4a3, 0x4a3, 0x4a3, 0x4a3, 0x4a3, 0x4a3,
			0x4a3, 0x4a3, 0x4a3, 0x4a3, 0x4a3, 0x4a3, 0x4a3, 0x4a3, 0x4a3, 0x4a3, 0x4a3, 0x1a0, 0x1a0, 0x1a0, 0x1a0, 0x1a0,
			0x1a0, 0x8e3, 0x8e3, 0x8e3, 0x8e3, 0x8e3, 0x8e3, 0x0e3, 0x0e3, 0x0e3, 0x0e3, 0x0e3, 0x0e3, 0x0e3, 0x0e3, 0x0e3,
			0x0e3, 0x0e3, 0x0e3, 0x0e3, 0x0e3, 0x0e3, 0x0e3, 0x0e3, 0x0e3, 0x0e3, 0x0e3, 0x1a0, 0x1a0, 0x1a0, 0x1a0, 0x008,
			0x000, 0x000, 0x000, 0x000, 0x000, 0x000, 0x000, 0x000, 0x000, 0x000, 0x000, 0x000, 0x000, 0x000, 0x000, 0x000,
			0x000, 0x000, 0x000, 0x000, 0x000, 0x000, 0x000, 0x000, 0x000, 0x000, 0x000, 0x000, 0x000, 0x000, 0x000, 0x000,
			0x000, 0x000, 0x000, 0x000, 0x000, 0x000, 0x000, 0x000, 0x000, 0x000, 0x000, 0x000, 0x000, 0x000, 0x000, 0x000,
			0x000, 0x000, 0x000, 0x000, 0x000, 0x000, 0x000, 0x000, 0x000, 0x000, 0x000, 0x000, 0x000, 0x000, 0x000, 0x000,
			0x000, 0x000, 0x000, 0x000, 0x000, 0x000, 0x000, 0x000, 0x000, 0x000, 0x000, 0x000, 0x000, 0x000, 0x000, 0x000,
			0x000, 0x000, 0x000, 0x000, 0x000, 0x000, 0x000, 0x000, 0x000, 0x000, 0x000, 0x000, 0x000, 0x000, 0x000, 0x000,
			0x000, 0x000, 0x000, 0x000, 0x000, 0x000, 0x000, 0x000, 0x000, 0x000, 0x000, 0x000, 0x000, 0x000, 0x000, 0x000,
			0x000, 0x000, 0x000, 0x000, 0x000, 0x000, 0x000, 0x000, 0x000, 0x000, 0x000, 0x000, 0x000, 0x000, 0x000, 0x000,
		},
		"zh_CN.gb18030": {
			0x008, 0x008, 0x008, 0x008, 0x008, 0x008, 0x008, 0x008, 0x008, 0x20c, 0x208, 0x208, 0x208, 0x208, 0x008, 0x008,
			0x008, 0x008, 0x008, 0x008, 0x008, 0x008, 0x008, 0x008, 0x008, 0x008, 0x008, 0x008, 0x008, 0x008, 0x008, 0x008,
			0x284, 0x1a0, 0x1a0, 0x1a0, 0x1a0, 0x1a0, 0x1a0, 0x1a0, 0x1a0, 0x1a0, 0x1a0, 0x1a0, 0x1a0, 0x1a0, 0x1a0, 0x1a0,
			0x8b1, 0x8b1, 0x8b1, 0x8b1, 0x8b1, 0x8b1, 0x8b1, 0x8b1, 0x8b1, 0x8b1, 0x1a0, 0x1a0, 0x1a0, 0x1a0, 0x1a0, 0x1a0,
			0x1a0, 0xca3, 0xca3, 0xca3, 0xca3, 0xca3, 0xca3, 0x4a3, 0x4a3, 0x4a3, 0x4a3, 0x4a3, 0x4a3, 0x4a3, 0x4a3, 0x4a3,
			0x4a3, 0x4a3, 0x4a3, 0x4a3, 0x4a3, 0x4a3, 0x4a3, 0x4a3, 0x4a3, 0x4a3, 0x4a3, 0x1a0, 0x1a0, 0x1a0, 0x1a0, 0x1a0,
			0x1a0, 0x8e3, 0x8e3, 0x8e3, 0x8e3, 0x8e3, 0x8e3, 0x0e3, 0x0e3, 0x0e3, 0x0e3, 0x0e3, 0x0e3, 0x0e3, 0x0e3, 0x0e3,
			0x0e3, 0x0e3, 0x0e3, 0x0e3, 0x0e3, 0x0e3, 0x0e3, 0x0e3, 0x0e3, 0x0e3, 0x0e3, 0x1a0, 0x1a0, 0x1a0, 0x1a0, 0x008,
			0x000, 0x000, 0x000, 0x000, 0x000, 0x000, 0x000, 0x000, 0x000, 0x000, 0x000, 0x000, 0x000, 0x000, 0x000, 0x000,
			0x000, 0x000, 0x000, 0x000, 0x000, 0x000, 0x000, 0x000, 0x000, 0x000, 0x000, 0x000, 0x000, 0x000, 0x000, 0x000,
			0x000, 0x000, 0x000, 0x000, 0x000, 0x000, 0x000, 0x000, 0x000, 0x000, 0x000, 0x000, 0x000, 0x000, 0x000, 0x000,
			0x000, 0x000, 0x000, 0x000, 0x000, 0x000, 0x000, 0x000, 0x000, 0x000, 0x000, 0x000, 0x000, 0x000, 0x000, 0x000,
			0x000, 0x000, 0x000, 0x000, 0x000, 0x000, 0x000, 0x000, 0x000, 0x000, 0x000, 0x000, 0x000, 0x000, 0x000, 0x000,
			0x000, 0x000, 0x000, 0x000, 0x000, 0x000, 0x000, 0x000, 0x000, 0x000, 0x000, 0x000, 0x000, 0x000, 0x000, 0x000,
			0x000, 0x000, 0x000, 0x000, 0x000, 0x000, 0x000, 0x000, 0x000, 0x000, 0x000, 0x000, 0x000, 0x000, 0x000, 0x000,
			0x000, 0x000, 0x000, 0x000, 0x000, 0x000, 0x000, 0x000, 0x000, 0x000, 0x000, 0x000, 0x000, 0x000, 0x000, 0x000,
		},
		"zh_CN.gbk": {
			0x008, 0x008, 0x008, 0x008, 0x008, 0x008, 0x008, 0x008, 0x008, 0x20c, 0x208, 0x208, 0x208, 0x208, 0x008, 0x008,
			0x008, 0x008, 0x008, 0x008, 0x008, 0x008, 0x008, 0x008, 0x008, 0x008, 0x008, 0x008, 0x008, 0x008, 0x008, 0x008,
			0x284, 0x1a0, 0x1a0, 0x1a0, 0x1a0, 0x1a0, 0x1a0, 0x1a0, 0x1a0, 0x1a0, 0x1a0, 0x1a0, 0x1a0, 0x1a0, 0x1a0, 0x1a0,
			0x8b1, 0x8b1, 0x8b1, 0x8b1, 0x8b1, 0x8b1, 0x8b1, 0x8b1, 0x8b1, 0x8b1, 0x1a0, 0x1a0, 0x1a0, 0x1a0, 0x1a0, 0x1a0,
			0x1a0, 0xca3, 0xca3, 0xca3, 0xca3, 0xca3, 0xca3, 0x4a3, 0x4a3, 0x4a3, 0x4a3, 0x4a3, 0x4a3, 0x4a3, 0x4a3, 0x4a3,
			0x4a3, 0x4a3, 0x4a3, 0x4a3, 0x4a3, 0x4a3, 0x4a3, 0x4a3, 0x4a3, 0x4a3, 0x4a3, 0x1a0, 0x1a0, 0x1a0, 0x1a0, 0x1a0,
			0x1a0, 0x8e3, 0x8e3, 0x8e3, 0x8e3, 0x8e3, 0x8e3, 0x0e3, 0x0e3, 0x0e3, 0x0e3, 0x0e3, 0x0e3, 0x0e3, 0x0e3, 0x0e3,
			0x0e3, 0x0e3, 0x0e3, 0x0e3, 0x0e3, 0x0e3, 0x0e3, 0x0e3, 0x0e3, 0x0e3, 0x0e3, 0x1a0, 0x1a0, 0x1a0, 0x1a0, 0x008,
			0x1a0, 0x000, 0x000, 0x000, 0x000, 0x000, 0x000, 0x000, 0x000, 0x000, 0x000, 0x000, 0x000, 0x000, 0x000, 0x000,
			0x000, 0x000, 0x000, 0x000, 0x000, 0x000, 0x000, 0x000, 0x000, 0x000, 0x000, 0x000, 0x000, 0x000, 0x000, 0x000,
			0x000, 0x000, 0x000, 0x000, 0x000, 0x000, 0x000, 0x000, 0x000, 0x000, 0x000, 0x000, 0x000, 0x000, 0x000, 0x000,
			0x000, 0x000, 0x000, 0x000, 0x000, 0x000, 0x000, 0x000, 0x000, 0x000, 0x000, 0x000, 0x000, 0x000, 0x000, 0x000,
			0x000, 0x000, 0x000, 0x000, 0x000, 0x000, 0x000, 0x000, 0x000, 0x000, 0x000, 0x000, 0x000, 0x000, 0x000, 0x000,
			0x000, 0x000, 0x000, 0x000, 0x000, 0x000, 0x000, 0x000, 0x000, 0x000, 0x000, 0x000, 0x000, 0x000, 0x000, 0x000,
			0x000, 0x000, 0x000, 0x000, 0x000, 0x000, 0x000, 0x000, 0x000, 0x000, 0x000, 0x000, 0x000, 0x000, 0x000, 0x000,
			0x000, 0x000, 0x000, 0x000, 0x000, 0x000, 0x000, 0x000, 0x000, 0x000, 0x000, 0x000, 0x000, 0x000, 0x000, 0x000,
		},
		"zh_CN.utf8": {
			0x008, 0x008, 0x008, 0x008, 0x008, 0x008, 0x008, 0x008, 0x008, 0x20c, 0x208, 0x208, 0x208, 0x208, 0x008, 0x008,
			0x008, 0x008, 0x008, 0x008, 0x008, 0x008, 0x008, 0x008, 0x008, 0x008, 0x008, 0x008, 0x008, 0x008, 0x008, 0x008,
			0x284, 0x1a0, 0x1a0, 0x1a0, 0x1a0, 0x1a0, 0x1a0, 0x1a0, 0x1a0, 0x1a0, 0x1a0, 0x1a0, 0x1a0, 0x1a0, 0x1a0, 0x1a0,
			0x8b1, 0x8b1, 0x8b1, 0x8b1, 0x8b1, 0x8b1, 0x8b1, 0x8b1, 0x8b1, 0x8b1, 0x1a0, 0x1a0, 0x1a0, 0x1a0, 0x1a0, 0x1a0,
			0x1a0, 0xca3, 0xca3, 0xca3, 0xca3, 0xca3, 0xca3, 0x4a3, 0x4a3, 0x4a3, 0x4a3, 0x4a3, 0x4a3, 0x4a3, 0x4a3, 0x4a3,
			0x4a3, 0x4a3, 0x4a3, 0x4a3, 0x4a3, 0x4a3, 0x4a3, 0x4a3, 0x4a3, 0x4a3, 0x4a3, 0x1a0, 0x1a0, 0x1a0, 0x1a0, 0x1a0,
			0x1a0, 0x8e3, 0x8e3, 0x8e3, 0x8e3, 0x8e3, 0x8e3, 0x0e3, 0x0e3, 0x0e3, 0x0e3, 0x0e3, 0x0e3, 0x0e3, 0x0e3, 0x0e3,
			0x0e3, 0x0e3, 0x0e3, 0x0e3, 0x0e3, 0x0e3, 0x0e3, 0x0e3, 0x0e3, 0x0e3, 0x0e3, 0x1a0, 0x1a0, 0x1a0, 0x1a0, 0x008,
			0x000, 0x000, 0x000, 0x000, 0x000, 0x000, 0x000, 0x000, 0x000, 0x000, 0x000, 0x000, 0x000, 0x000, 0x000, 0x000,
			0x000, 0x000, 0x000, 0x000, 0x000, 0x000, 0x000, 0x000, 0x000, 0x000, 0x000, 0x000, 0x000, 0x000, 0x000, 0x000,
			0x000, 0x000, 0x000, 0x000, 0x000, 0x000, 0x000, 0x000, 0x000, 0x000, 0x000, 0x000, 0x000, 0x000, 0x000, 0x000,
			0x000, 0x000, 0x000, 0x000, 0x000, 0x000, 0x000, 0x000, 0x000, 0x000, 0x000, 0x000, 0x000, 0x000, 0x000, 0x000,
			0x000, 0x000, 0x000, 0x000, 0x000, 0x000, 0x000, 0x000, 0x000, 0x000, 0x000, 0x000, 0x000, 0x000, 0x000, 0x000,
			0x000, 0x000, 0x000, 0x000, 0x000, 0x000, 0x000, 0x000, 0x000, 0x000, 0x000, 0x000, 0x000, 0x000, 0x000, 0x000,
			0x000, 0x000, 0x000, 0x000, 0x000, 0x000, 0x000, 0x000, 0x000, 0x000, 0x000, 0x000, 0x000, 0x000, 0x000, 0x000,
			0x000, 0x000, 0x000, 0x000, 0x000, 0x000, 0x000, 0x000, 0x000, 0x000, 0x000, 0x000, 0x000, 0x000, 0x000, 0x000,
		},
		"zh_HK": {
			0x008, 0x008, 0x008, 0x008, 0x008, 0x008, 0x008, 0x008, 0x008, 0x20c, 0x208, 0x208, 0x208, 0x208, 0x008, 0x008,
			0x008, 0x008, 0x008, 0x008, 0x008, 0x008, 0x008, 0x008, 0x008, 0x008, 0x008, 0x008, 0x008, 0x008, 0x008, 0x008,
			0x284, 0x1a0, 0x1a0, 0x1a0, 0x1a0, 0x1a0, 0x1a0, 0x1a0, 0x1a0, 0x1a0, 0x1a0, 0x1a0, 0x1a0, 0x1a0, 0x1a0, 0x1a0,
			0x8b1, 0x8b1, 0x8b1, 0x8b1, 0x8b1, 0x8b1, 0x8b1, 0x8b1, 0x8b1, 0x8b1, 0x1a0, 0x1a0, 0x1a0, 0x1a0, 0x1a0, 0x1a0,
			0x1a0, 0xca3, 0xca3, 0xca3, 0xca3, 0xca3, 0xca3, 0x4a3, 0x4a3, 0x4a3, 0x4a3, 0x4a3, 0x4a3, 0x4a3, 0x4a3, 0x4a3,
			0x4a3, 0x4a3, 0x4a3, 0x4a3, 0x4a3, 0x4a3, 0x4a3, 0x4a3, 0x4a3, 0x4a3, 0x4a3, 0x1a0, 0x1a0, 0x1a0, 0x1a0, 0x1a0,
			0x1a0, 0x8e3, 0x8e3, 0x8e3, 0x8e3, 0x8e3, 0x8e3, 0x0e3, 0x0e3, 0x0e3, 0x0e3, 0x0e3, 0x0e3, 0x0e3, 0x0e3, 0x0e3,
			0x0e3, 0x0e3, 0x0e3, 0x0e3, 0x0e3, 0x0e3, 0x0e3, 0x0e3, 0x0e3, 0x0e3, 0x0e3, 0x1a0, 0x1a0, 0x1a0, 0x1a0, 0x008,
			0x008, 0x000, 0x000, 0x000, 0x000, 0x000, 0x000, 0x000, 0x000, 0x000, 0x000, 0x000, 0x000, 0x000, 0x000, 0x000,
			0x000, 0x000, 0x000, 0x000, 0x000, 0x000, 0x000, 0x000, 0x000, 0x000, 0x000, 0x000, 0x000, 0x000, 0x000, 0x000,
			0x000, 0x000, 0x000, 0x000, 0x000, 0x000, 0x000, 0x000, 0x000, 0x000, 0x000, 0x000, 0x000, 0x000, 0x000, 0x000,
			0x000, 0x000, 0x000, 0x000, 0x000, 0x000, 0x000, 0x000, 0x000, 0x000, 0x000, 0x000, 0x000, 0x000, 0x000, 0x000,
			0x000, 0x000, 0x000, 0x000, 0x000, 0x000, 0x000, 0x000, 0x000, 0x000, 0x000, 0x000, 0x000, 0x000, 0x000, 0x000,
			0x000, 0x000, 0x000, 0x000, 0x000, 0x000, 0x000, 0x000, 0x000, 0x000, 0x000, 0x000, 0x000, 0x000, 0x000, 0x000,
			0x000, 0x000, 0x000, 0x000, 0x000, 0x000, 0x000, 0x000, 0x000, 0x000, 0x000, 0x000, 0x000, 0x000, 0x000, 0x000,
			0x000, 0x000, 0x000, 0x000, 0x000, 0x000, 0x000, 0x000, 0x000, 0x000, 0x000, 0x000, 0x000, 0x000, 0x000, 0x000,
		},
		"zh_HK.utf8": {
			0x008, 0x008, 0x008, 0x008, 0x008, 0x008, 0x008, 0x008, 0x008, 0x20c, 0x208, 0x208, 0x208, 0x208, 0x008, 0x008,
			0x008, 0x008, 0x008, 0x008, 0x008, 0x008, 0x008, 0x008, 0x008, 0x008, 0x008, 0x008, 0x008, 0x008, 0x008, 0x008,
			0x284, 0x1a0, 0x1a0, 0x1a0, 0x1a0, 0x1a0, 0x1a0, 0x1a0, 0x1a0, 0x1a0, 0x1a0, 0x1a0, 0x1a0, 0x1a0, 0x1a0, 0x1a0,
			0x8b1, 0x8b1, 0x8b1, 0x8b1, 0x8b1, 0x8b1, 0x8b1, 0x8b1, 0x8b1, 0x8b1, 0x1a0, 0x1a0, 0x1a0, 0x1a0, 0x1a0, 0x1a0,
			0x1a0, 0xca3, 0xca3, 0xca3, 0xca3, 0xca3, 0xca3, 0x4a3, 0x4a3, 0x4a3, 0x4a3, 0x4a3, 0x4a3, 0x4a3, 0x4a3, 0x4a3,
			0x4a3, 0x4a3, 0x4a3, 0x4a3, 0x4a3, 0x4a3, 0x4a3, 0x4a3, 0x4a3, 0x4a3, 0x4a3, 0x1a0, 0x1a0, 0x1a0, 0x1a0, 0x1a0,
			0x1a0, 0x8e3, 0x8e3, 0x8e3, 0x8e3, 0x8e3, 0x8e3, 0x0e3, 0x0e3, 0x0e3, 0x0e3, 0x0e3, 0x0e3, 0x0e3, 0x0e3, 0x0e3,
			0x0e3, 0x0e3, 0x0e3, 0x0e3, 0x0e3, 0x0e3, 0x0e3, 0x0e3, 0x0e3, 0x0e3, 0x0e3, 0x1a0, 0x1a0, 0x1a0, 0x1a0, 0x008,
			0x000, 0x000, 0x000, 0x000, 0x000, 0x000, 0x000, 0x000, 0x000, 0x000, 0x000, 0x000, 0x000, 0x000, 0x000, 0x000,
			0x000, 0x000, 0x000, 0x000, 0x000, 0x000, 0x000, 0x000, 0x000, 0x000, 0x000, 0x000, 0x000, 0x000, 0x000, 0x000,
			0x000, 0x000, 0x000, 0x000, 0x000, 0x000, 0x000, 0x000, 0x000, 0x000, 0x000, 0x000, 0x000, 0x000, 0x000, 0x000,
			0x000, 0x000, 0x000, 0x000, 0x000, 0x000, 0x000, 0x000, 0x000, 0x000, 0x000, 0x000, 0x000, 0x000, 0x000, 0x000,
			0x000, 0x000, 0x000, 0x000, 0x000, 0x000, 0x000, 0x000, 0x000, 0x000, 0x000, 0x000, 0x000, 0x000, 0x000, 0x000,
			0x000, 0x000, 0x000, 0x000, 0x000, 0x000, 0x000, 0x000, 0x000, 0x000, 0x000, 0x000, 0x000, 0x000, 0x000, 0x000,
			0x000, 0x000, 0x000, 0x000, 0x000, 0x000, 0x000, 0x000, 0x000, 0x000, 0x000, 0x000, 0x000, 0x000, 0x000, 0x000,
			0x000, 0x000, 0x000, 0x000, 0x000, 0x000, 0x000, 0x000, 0x000, 0x000, 0x000, 0x000, 0x000, 0x000, 0x000, 0x000,
		},
		"zh_SG": {
			0x008, 0x008, 0x008, 0x008, 0x008, 0x008, 0x008, 0x008, 0x008, 0x20c, 0x208, 0x208, 0x208, 0x208, 0x008, 0x008,
			0x008, 0x008, 0x008, 0x008, 0x008, 0x008, 0x008, 0x008, 0x008, 0x008, 0x008, 0x008, 0x008, 0x008, 0x008, 0x008,
			0x284, 0x1a0, 0x1a0, 0x1a0, 0x1a0, 0x1a0, 0x1a0, 0x1a0, 0x1a0, 0x1a0, 0x1a0, 0x1a0, 0x1a0, 0x1a0, 0x1a0, 0x1a0,
			0x8b1, 0x8b1, 0x8b1, 0x8b1, 0x8b1, 0x8b1, 0x8b1, 0x8b1, 0x8b1, 0x8b1, 0x1a0, 0x1a0, 0x1a0, 0x1a0, 0x1a0, 0x1a0,
			0x1a0, 0xca3, 0xca3, 0xca3, 0xca3, 0xca3, 0xca3, 0x4a3, 0x4a3, 0x4a3, 0x4a3, 0x4a3, 0x4a3, 0x4a3, 0x4a3, 0x4a3,
			0x4a3, 0x4a3, 0x4a3, 0x4a3, 0x4a3, 0x4a3, 0x4a3, 0x4a3, 0x4a3, 0x4a3, 0x4a3, 0x1a0, 0x1a0, 0x1a0, 0x1a0, 0x1a0,
			0x1a0, 0x8e3, 0x8e3, 0x8e3, 0x8e3, 0x8e3, 0x8e3, 0x0e3, 0x0e3, 0x0e3, 0x0e3, 0x0e3, 0x0e3, 0x0e3, 0x0e3, 0x0e3,
			0x0e3, 0x0e3, 0x0e3, 0x0e3, 0x0e3, 0x0e3, 0x0e3, 0x0e3, 0x0e3, 0x0e3, 0x0e3, 0x1a0, 0x1a0, 0x1a0, 0x1a0, 0x008,
			0x000, 0x000, 0x000, 0x000, 0x000, 0x000, 0x000, 0x000, 0x000, 0x000, 0x000, 0x000, 0x000, 0x000, 0x000, 0x000,
			0x000, 0x000, 0x000, 0x000, 0x000, 0x000, 0x000, 0x000, 0x000, 0x000, 0x000, 0x000, 0x000, 0x000, 0x000, 0x000,
			0x000, 0x000, 0x000, 0x000, 0x000, 0x000, 0x000, 0x000, 0x000, 0x000, 0x000, 0x000, 0x000, 0x000, 0x000, 0x000,
			0x000, 0x000, 0x000, 0x000, 0x000, 0x000, 0x000, 0x000, 0x000, 0x000, 0x000, 0x000, 0x000, 0x000, 0x000, 0x000,
			0x000, 0x000, 0x000, 0x000, 0x000, 0x000, 0x000, 0x000, 0x000, 0x000, 0x000, 0x000, 0x000, 0x000, 0x000, 0x000,
			0x000, 0x000, 0x000, 0x000, 0x000, 0x000, 0x000, 0x000, 0x000, 0x000, 0x000, 0x000, 0x000, 0x000, 0x000, 0x000,
			0x000, 0x000, 0x000, 0x000, 0x000, 0x000, 0x000, 0x000, 0x000, 0x000, 0x000, 0x000, 0x000, 0x000, 0x000, 0x000,
			0x000, 0x000, 0x000, 0x000, 0x000, 0x000, 0x000, 0x000, 0x000, 0x000, 0x000, 0x000, 0x000, 0x000, 0x000, 0x000,
		},
		"zh_SG.gbk": {
			0x008, 0x008, 0x008, 0x008, 0x008, 0x008, 0x008, 0x008, 0x008, 0x20c, 0x208, 0x208, 0x208, 0x208, 0x008, 0x008,
			0x008, 0x008, 0x008, 0x008, 0x008, 0x008, 0x008, 0x008, 0x008, 0x008, 0x008, 0x008, 0x008, 0x008, 0x008, 0x008,
			0x284, 0x1a0, 0x1a0, 0x1a0, 0x1a0, 0x1a0, 0x1a0, 0x1a0, 0x1a0, 0x1a0, 0x1a0, 0x1a0, 0x1a0, 0x1a0, 0x1a0, 0x1a0,
			0x8b1, 0x8b1, 0x8b1, 0x8b1, 0x8b1, 0x8b1, 0x8b1, 0x8b1, 0x8b1, 0x8b1, 0x1a0, 0x1a0, 0x1a0, 0x1a0, 0x1a0, 0x1a0,
			0x1a0, 0xca3, 0xca3, 0xca3, 0xca3, 0xca3, 0xca3, 0x4a3, 0x4a3, 0x4a3, 0x4a3, 0x4a3, 0x4a3, 0x4a3, 0x4a3, 0x4a3,
			0x4a3, 0x4a3, 0x4a3, 0x4a3, 0x4a3, 0x4a3, 0x4a3, 0x4a3, 0x4a3, 0x4a3, 0x4a3, 0x1a0, 0x1a0, 0x1a0, 0x1a0, 0x1a0,
			0x1a0, 0x8e3, 0x8e3, 0x8e3, 0x8e3, 0x8e3, 0x8e3, 0x0e3, 0x0e3, 0x0e3, 0x0e3, 0x0e3, 0x0e3, 0x0e3, 0x0e3, 0x0e3,
			0x0e3, 0x0e3, 0x0e3, 0x0e3, 0x0e3, 0x0e3, 0x0e3, 0x0e3, 0x0e3, 0x0e3, 0x0e3, 0x1a0, 0x1a0, 0x1a0, 0x1a0, 0x008,
			0x1a0, 0x000, 0x000, 0x000, 0x000, 0x000, 0x000, 0x000, 0x000, 0x000, 0x000, 0x000, 0x000, 0x000, 0x000, 0x000,
			0x000, 0x000, 0x000, 0x000, 0x000, 0x000, 0x000, 0x000, 0x000, 0x000, 0x000, 0x000, 0x000, 0x000, 0x000, 0x000,
			0x000, 0x000, 0x000, 0x000, 0x000, 0x000, 0x000, 0x000, 0x000, 0x000, 0x000, 0x000, 0x000, 0x000, 0x000, 0x000,
			0x000, 0x000, 0x000, 0x000, 0x000, 0x000, 0x000, 0x000, 0x000, 0x000, 0x000, 0x000, 0x000, 0x000, 0x000, 0x000,
			0x000, 0x000, 0x000, 0x000, 0x000, 0x000, 0x000, 0x000, 0x000, 0x000, 0x000, 0x000, 0x000, 0x000, 0x000, 0x000,
			0x000, 0x000, 0x000, 0x000, 0x000, 0x000, 0x000, 0x000, 0x000, 0x000, 0x000, 0x000, 0x000, 0x000, 0x000, 0x000,
			0x000, 0x000, 0x000, 0x000, 0x000, 0x000, 0x000, 0x000, 0x000, 0x000, 0x000, 0x000, 0x000, 0x000, 0x000, 0x000,
			0x000, 0x000, 0x000, 0x000, 0x000, 0x000, 0x000, 0x000, 0x000, 0x000, 0x000, 0x000, 0x000, 0x000, 0x000, 0x000,
		},
		"zh_SG.utf8": {
			0x008, 0x008, 0x008, 0x008, 0x008, 0x008, 0x008, 0x008, 0x008, 0x20c, 0x208, 0x208, 0x208, 0x208, 0x008, 0x008,
			0x008, 0x008, 0x008, 0x008, 0x008, 0x008, 0x008, 0x008, 0x008, 0x008, 0x008, 0x008, 0x008, 0x008, 0x008, 0x008,
			0x284, 0x1a0, 0x1a0, 0x1a0, 0x1a0, 0x1a0, 0x1a0, 0x1a0, 0x1a0, 0x1a0, 0x1a0, 0x1a0, 0x1a0, 0x1a0, 0x1a0, 0x1a0,
			0x8b1, 0x8b1, 0x8b1, 0x8b1, 0x8b1, 0x8b1, 0x8b1, 0x8b1, 0x8b1, 0x8b1, 0x1a0, 0x1a0, 0x1a0, 0x1a0, 0x1a0, 0x1a0,
			0x1a0, 0xca3, 0xca3, 0xca3, 0xca3, 0xca3, 0xca3, 0x4a3, 0x4a3, 0x4a3, 0x4a3, 0x4a3, 0x4a3, 0x4a3, 0x4a3, 0x4a3,
			0x4a3, 0x4a3, 0x4a3, 0x4a3, 0x4a3, 0x4a3, 0x4a3, 0x4a3, 0x4a3, 0x4a3, 0x4a3, 0x1a0, 0x1a0, 0x1a0, 0x1a0, 0x1a0,
			0x1a0, 0x8e3, 0x8e3, 0x8e3, 0x8e3, 0x8e3, 0x8e3, 0x0e3, 0x0e3, 0x0e3, 0x0e3, 0x0e3, 0x0e3, 0x0e3, 0x0e3, 0x0e3,
			0x0e3, 0x0e3, 0x0e3, 0x0e3, 0x0e3, 0x0e3, 0x0e3, 0x0e3, 0x0e3, 0x0e3, 0x0e3, 0x1a0, 0x1a0, 0x1a0, 0x1a0, 0x008,
			0x000, 0x000, 0x000, 0x000, 0x000, 0x000, 0x000, 0x000, 0x000, 0x000, 0x000, 0x000, 0x000, 0x000, 0x000, 0x000,
			0x000, 0x000, 0x000, 0x000, 0x000, 0x000, 0x000, 0x000, 0x000, 0x000, 0x000, 0x000, 0x000, 0x000, 0x000, 0x000,
			0x000, 0x000, 0x000, 0x000, 0x000, 0x000, 0x000, 0x000, 0x000, 0x000, 0x000, 0x000, 0x000, 0x000, 0x000, 0x000,
			0x000, 0x000, 0x000, 0x000, 0x000, 0x000, 0x000, 0x000, 0x000, 0x000, 0x000, 0x000, 0x000, 0x000, 0x000, 0x000,
			0x000, 0x000, 0x000, 0x000, 0x000, 0x000, 0x000, 0x000, 0x000, 0x000, 0x000, 0x000, 0x000, 0x000, 0x000, 0x000,
			0x000, 0x000, 0x000, 0x000, 0x000, 0x000, 0x000, 0x000, 0x000, 0x000, 0x000, 0x000, 0x000, 0x000, 0x000, 0x000,
			0x000, 0x000, 0x000, 0x000, 0x000, 0x000, 0x000, 0x000, 0x000, 0x000, 0x000, 0x000, 0x000, 0x000, 0x000, 0x000,
			0x000, 0x000, 0x000, 0x000, 0x000, 0x000, 0x000, 0x000, 0x000, 0x000, 0x000, 0x000, 0x000, 0x000, 0x000, 0x000,
		},
		"zh_TW": {
			0x008, 0x008, 0x008, 0x008, 0x008, 0x008, 0x008, 0x008, 0x008, 0x20c, 0x208, 0x208, 0x208, 0x208, 0x008, 0x008,
			0x008, 0x008, 0x008, 0x008, 0x008, 0x008, 0x008, 0x008, 0x008, 0x008, 0x008, 0x008, 0x008, 0x008, 0x008, 0x008,
			0x284, 0x1a0, 0x1a0, 0x1a0, 0x1a0, 0x1a0, 0x1a0, 0x1a0, 0x1a0, 0x1a0, 0x1a0, 0x1a0, 0x1a0, 0x1a0, 0x1a0, 0x1a0,
			0x8b1, 0x8b1, 0x8b1, 0x8b1, 0x8b1, 0x8b1, 0x8b1, 0x8b1, 0x8b1, 0x8b1, 0x1a0, 0x1a0, 0x1a0, 0x1a0, 0x1a0, 0x1a0,
			0x1a0, 0xca3, 0xca3, 0xca3, 0xca3, 0xca3, 0xca3, 0x4a3, 0x4a3, 0x4a3, 0x4a3, 0x4a3, 0x4a3, 0x4a3, 0x4a3, 0x4a3,
			0x4a3, 0x4a3, 0x4a3, 0x4a3, 0x4a3, 0x4a3, 0x4a3, 0x4a3, 0x4a3, 0x4a3, 0x4a3, 0x1a0, 0x1a0, 0x1a0, 0x1a0, 0x1a0,
			0x1a0, 0x8e3, 0x8e3, 0x8e3, 0x8e3, 0x8e3, 0x8e3, 0x0e3, 0x0e3, 0x0e3, 0x0e3, 0x0e3, 0x0e3, 0x0e3, 0x0e3, 0x0e3,
			0x0e3, 0x0e3, 0x0e3, 0x0e3, 0x0e3, 0x0e3, 0x0e3, 0x0e3, 0x0e3, 0x0e3, 0x0e3, 0x1a0, 0x1a0, 0x1a0, 0x1a0, 0x008,
			0x008, 0x000, 0x000, 0x000, 0x000, 0x000, 0x000, 0x000, 0x000, 0x000, 0x000, 0x000, 0x000, 0x000, 0x000, 0x000,
			0x000, 0x000, 0x000, 0x000, 0x000, 0x000, 0x000, 0x000, 0x000, 0x000, 0x000, 0x000, 0x000, 0x000, 0x000, 0x000,
			0x000, 0x000, 0x000, 0x000, 0x000, 0x000, 0x000, 0x000, 0x000, 0x000, 0x000, 0x000, 0x000, 0x000, 0x000, 0x000,
			0x000, 0x000, 0x000, 0x000, 0x000, 0x000, 0x000, 0x000, 0x000, 0x000, 0x000, 0x000, 0x000, 0x000, 0x000, 0x000,
			0x000, 0x000, 0x000, 0x000, 0x000, 0x000, 0x000, 0x000, 0x000, 0x000, 0x000, 0x000, 0x000, 0x000, 0x000, 0x000,
			0x000, 0x000, 0x000, 0x000, 0x000, 0x000, 0x000, 0x000, 0x000, 0x000, 0x000, 0x000, 0x000, 0x000, 0x000, 0x000,
			0x000, 0x000, 0x000, 0x000, 0x000, 0x000, 0x000, 0x000, 0x000, 0x000, 0x000, 0x000, 0x000, 0x000, 0x000, 0x000,
			0x000, 0x000, 0x000, 0x000, 0x000, 0x000, 0x000, 0x000, 0x000, 0x000, 0x000, 0x000, 0x000, 0x000, 0x000, 0x000,
		},
		"zh_TW.euctw": {
			0x008, 0x008, 0x008, 0x008, 0x008, 0x008, 0x008, 0x008, 0x008, 0x20c, 0x208, 0x208, 0x208, 0x208, 0x008, 0x008,
			0x008, 0x008, 0x008, 0x008, 0x008, 0x008, 0x008, 0x008, 0x008, 0x008, 0x008, 0x008, 0x008, 0x008, 0x008, 0x008,
			0x284, 0x1a0, 0x1a0, 0x1a0, 0x1a0, 0x1a0, 0x1a0, 0x1a0, 0x1a0, 0x1a0, 0x1a0, 0x1a0, 0x1a0, 0x1a0, 0x1a0, 0x1a0,
			0x8b1, 0x8b1, 0x8b1, 0x8b1, 0x8b1, 0x8b1, 0x8b1, 0x8b1, 0x8b1, 0x8b1, 0x1a0, 0x1a0, 0x1a0, 0x1a0, 0x1a0, 0x1a0,
			0x1a0, 0xca3, 0xca3, 0xca3, 0xca3, 0xca3, 0xca3, 0x4a3, 0x4a3, 0x4a3, 0x4a3, 0x4a3, 0x4a3, 0x4a3, 0x4a3, 0x4a3,
			0x4a3, 0x4a3, 0x4a3, 0x4a3, 0x4a3, 0x4a3, 0x4a3, 0x4a3, 0x4a3, 0x4a3, 0x4a3, 0x1a0, 0x1a0, 0x1a0, 0x1a0, 0x1a0,
			0x1a0, 0x8e3, 0x8e3, 0x8e3, 0x8e3, 0x8e3, 0x8e3, 0x0e3, 0x0e3, 0x0e3, 0x0e3, 0x0e3, 0x0e3, 0x0e3, 0x0e3, 0x0e3,
			0x0e3, 0x0e3, 0x0e3, 0x0e3, 0x0e3, 0x0e3, 0x0e3, 0x0e3, 0x0e3, 0x0e3, 0x0e3, 0x1a0, 0x1a0, 0x1a0, 0x1a0, 0x008,
			0x000, 0x000, 0x000, 0x000, 0x000, 0x000, 0x000, 0x000, 0x000, 0x000, 0x000, 0x000, 0x000, 0x000, 0x000, 0x000,
			0x000, 0x000, 0x000, 0x000, 0x000, 0x000, 0x000, 0x000, 0x000, 0x000, 0x000, 0x000, 0x000, 0x000, 0x000, 0x000,
			0x000, 0x000, 0x000, 0x000, 0x000, 0x000, 0x000, 0x000, 0x000, 0x000, 0x000, 0x000, 0x000, 0x000, 0x000, 0x000,
			0x000, 0x000, 0x000, 0x000, 0x000, 0x000, 0x000, 0x000, 0x000, 0x000, 0x000, 0x000, 0x000, 0x000, 0x000, 0x000,
			0x000, 0x000, 0x000, 0x000, 0x000, 0x000, 0x000, 0x000, 0x000, 0x000, 0x000, 0x000, 0x000, 0x000, 0x000, 0x000,
			0x000, 0x000, 0x000, 0x000, 0x000, 0x000, 0x000, 0x000, 0x000, 0x000, 0x000, 0x000, 0x000, 0x000, 0x000, 0x000,
			0x000, 0x000, 0x000, 0x000, 0x000, 0x000, 0x000, 0x000, 0x000, 0x000, 0x000, 0x000, 0x000, 0x000, 0x000, 0x000,
			0x000, 0x000, 0x000, 0x000, 0x000, 0x000, 0x000, 0x000, 0x000, 0x000, 0x000, 0x000, 0x000, 0x000, 0x000, 0x000,
		},
		"zh_TW.utf8": {
			0x008, 0x008, 0x008, 0x008, 0x008, 0x008, 0x008, 0x008, 0x008, 0x20c, 0x208, 0x208, 0x208, 0x208, 0x008, 0x008,
			0x008, 0x008, 0x008, 0x008, 0x008, 0x008, 0x008, 0x008, 0x008, 0x008, 0x008, 0x008, 0x008, 0x008, 0x008, 0x008,
			0x284, 0x1a0, 0x1a0, 0x1a0, 0x1a0, 0x1a0, 0x1a0, 0x1a0, 0x1a0, 0x1a0, 0x1a0, 0x1a0, 0x1a0, 0x1a0, 0x1a0, 0x1a0,
			0x8b1, 0x8b1, 0x8b1, 0x8b1, 0x8b1, 0x8b1, 0x8b1, 0x8b1, 0x8b1, 0x8b1, 0x1a0, 0x1a0, 0x1a0, 0x1a0, 0x1a0, 0x1a0,
			0x1a0, 0xca3, 0xca3, 0xca3, 0xca3, 0xca3, 0xca3, 0x4a3, 0x4a3, 0x4a3, 0x4a3, 0x4a3, 0x4a3, 0x4a3, 0x4a3, 0x4a3,
			0x4a3, 0x4a3, 0x4a3, 0x4a3, 0x4a3, 0x4a3, 0x4a3, 0x4a3, 0x4a3, 0x4a3, 0x4a3, 0x1a0, 0x1a0, 0x1a0, 0x1a0, 0x1a0,
			0x1a0, 0x8e3, 0x8e3, 0x8e3, 0x8e3, 0x8e3, 0x8e3, 0x0e3, 0x0e3, 0x0e3, 0x0e3, 0x0e3, 0x0e3, 0x0e3, 0x0e3, 0x0e3,
			0x0e3, 0x0e3, 0x0e3, 0x0e3, 0x0e3, 0x0e3, 0x0e3, 0x0e3, 0x0e3, 0x0e3, 0x0e3, 0x1a0, 0x1a0, 0x1a0, 0x1a0, 0x008,
			0x000, 0x000, 0x000, 0x000, 0x000, 0x000, 0x000, 0x000, 0x000, 0x000, 0x000, 0x000, 0x000, 0x000, 0x000, 0x000,
			0x000, 0x000, 0x000, 0x000, 0x000, 0x000, 0x000, 0x000, 0x000, 0x000, 0x000, 0x000, 0x000, 0x000, 0x000, 0x000,
			0x000, 0x000, 0x000, 0x000, 0x000, 0x000, 0x000, 0x000, 0x000, 0x000, 0x000, 0x000, 0x000, 0x000, 0x000, 0x000,
			0x000, 0x000, 0x000, 0x000, 0x000, 0x000, 0x000, 0x000, 0x000, 0x000, 0x000, 0x000, 0x000, 0x000, 0x000, 0x000,
			0x000, 0x000, 0x000, 0x000, 0x000, 0x000, 0x000, 0x000, 0x000, 0x000, 0x000, 0x000, 0x000, 0x000, 0x000, 0x000,
			0x000, 0x000, 0x000, 0x000, 0x000, 0x000, 0x000, 0x000, 0x000, 0x000, 0x000, 0x000, 0x000, 0x000, 0x000, 0x000,
			0x000, 0x000, 0x000, 0x000, 0x000, 0x000, 0x000, 0x000, 0x000, 0x000, 0x000, 0x000, 0x000, 0x000, 0x000, 0x000,
			0x000, 0x000, 0x000, 0x000, 0x000, 0x000, 0x000, 0x000, 0x000, 0x000, 0x000, 0x000, 0x000, 0x000, 0x000, 0x000,
		},
		"zu_ZA": {
			0x008, 0x008, 0x008, 0x008, 0x008, 0x008, 0x008, 0x008, 0x008, 0x20c, 0x208, 0x208, 0x208, 0x208, 0x008, 0x008,
			0x008, 0x008, 0x008, 0x008, 0x008, 0x008, 0x008, 0x008, 0x008, 0x008, 0x008, 0x008, 0x008, 0x008, 0x008, 0x008,
			0x284, 0x1a0, 0x1a0, 0x1a0, 0x1a0, 0x1a0, 0x1a0, 0x1a0, 0x1a0, 0x1a0, 0x1a0, 0x1a0, 0x1a0, 0x1a0, 0x1a0, 0x1a0,
			0x8b1, 0x8b1, 0x8b1, 0x8b1, 0x8b1, 0x8b1, 0x8b1, 0x8b1, 0x8b1, 0x8b1, 0x1a0, 0x1a0, 0x1a0, 0x1a0, 0x1a0, 0x1a0,
			0x1a0, 0xca3, 0xca3, 0xca3, 0xca3, 0xca3, 0xca3, 0x4a3, 0x4a3, 0x4a3, 0x4a3, 0x4a3, 0x4a3, 0x4a3, 0x4a3, 0x4a3,
			0x4a3, 0x4a3, 0x4a3, 0x4a3, 0x4a3, 0x4a3, 0x4a3, 0x4a3, 0x4a3, 0x4a3, 0x4a3, 0x1a0, 0x1a0, 0x1a0, 0x1a0, 0x1a0,
			0x1a0, 0x8e3, 0x8e3, 0x8e3, 0x8e3, 0x8e3, 0x8e3, 0x0e3, 0x0e3, 0x0e3, 0x0e3, 0x0e3, 0x0e3, 0x0e3, 0x0e3, 0x0e3,
			0x0e3, 0x0e3, 0x0e3, 0x0e3, 0x0e3, 0x0e3, 0x0e3, 0x0e3, 0x0e3, 0x0e3, 0x0e3, 0x1a0, 0x1a0, 0x1a0, 0x1a0, 0x008,
			0x008, 0x008, 0x008, 0x008, 0x008, 0x008, 0x008, 0x008, 0x008, 0x008, 0x008, 0x008, 0x008, 0x008, 0x008, 0x008,
			0x008, 0x008, 0x008, 0x008, 0x008, 0x008, 0x008, 0x008, 0x008, 0x008, 0x008, 0x008, 0x008, 0x008, 0x008, 0x008,
			0x1a0, 0x1a0, 0x1a0, 0x1a0, 0x1a0, 0x1a0, 0x1a0, 0x1a0, 0x1a0, 0x1a0, 0x0e3, 0x1a0, 0x1a0, 0x1a0, 0x1a0, 0x1a0,
			0x1a0, 0x1a0, 0x1a0, 0x1a0, 0x1a0, 0x0e3, 0x1a0, 0x1a0, 0x1a0, 0x1a0, 0x0e3, 0x1a0, 0x1a0, 0x1a0, 0x1a0, 0x1a0,
			0x4a3, 0x4a3, 0x4a3, 0x4a3, 0x4a3, 0x4a3, 0x4a3, 0x4a3, 0x4a3, 0x4a3, 0x4a3, 0x4a3, 0x4a3, 0x4a3, 0x4a3, 0x4a3,
			0x4a3, 0x4a3, 0x4a3, 0x4a3, 0x4a3, 0x4a3, 0x4a3, 0x1a0, 0x4a3, 0x4a3, 0x4a3, 0x4a3, 0x4a3, 0x4a3, 0x4a3, 0x0e3,
			0x0e3, 0x0e3, 0x0e3, 0x0e3, 0x0e3, 0x0e3, 0x0e3, 0x0e3, 0x0e3, 0x0e3, 0x0e3, 0x0e3, 0x0e3, 0x0e3, 0x0e3, 0x0e3,
			0x0e3, 0x0e3, 0x0e3, 0x0e3, 0x0e3, 0x0e3, 0x0e3, 0x1a0, 0x0e3, 0x0e3, 0x0e3, 0x0e3, 0x0e3, 0x0e3, 0x0e3, 0x0e3,
		},
		"zu_ZA.utf8": {
			0x008, 0x008, 0x008, 0x008, 0x008, 0x008, 0x008, 0x008, 0x008, 0x20c, 0x208, 0x208, 0x208, 0x208, 0x008, 0x008,
			0x008, 0x008, 0x008, 0x008, 0x008, 0x008, 0x008, 0x008, 0x008, 0x008, 0x008, 0x008, 0x008, 0x008, 0x008, 0x008,
			0x284, 0x1a0, 0x1a0, 0x1a0, 0x1a0, 0x1a0, 0x1a0, 0x1a0, 0x1a0, 0x1a0, 0x1a0, 0x1a0, 0x1a0, 0x1a0, 0x1a0, 0x1a0,
			0x8b1, 0x8b1, 0x8b1, 0x8b1, 0x8b1, 0x8b1, 0x8b1, 0x8b1, 0x8b1, 0x8b1, 0x1a0, 0x1a0, 0x1a0, 0x1a0, 0x1a0, 0x1a0,
			0x1a0, 0xca3, 0xca3, 0xca3, 0xca3, 0xca3, 0xca3, 0x4a3, 0x4a3, 0x4a3, 0x4a3, 0x4a3, 0x4a3, 0x4a3, 0x4a3, 0x4a3,
			0x4a3, 0x4a3, 0x4a3, 0x4a3, 0x4a3, 0x4a3, 0x4a3, 0x4a3, 0x4a3, 0x4a3, 0x4a3, 0x1a0, 0x1a0, 0x1a0, 0x1a0, 0x1a0,
			0x1a0, 0x8e3, 0x8e3, 0x8e3, 0x8e3, 0x8e3, 0x8e3, 0x0e3, 0x0e3, 0x0e3, 0x0e3, 0x0e3, 0x0e3, 0x0e3, 0x0e3, 0x0e3,
			0x0e3, 0x0e3, 0x0e3, 0x0e3, 0x0e3, 0x0e3, 0x0e3, 0x0e3, 0x0e3, 0x0e3, 0x0e3, 0x1a0, 0x1a0, 0x1a0, 0x1a0, 0x008,
			0x000, 0x000, 0x000, 0x000, 0x000, 0x000, 0x000, 0x000, 0x000, 0x000, 0x000, 0x000, 0x000, 0x000, 0x000, 0x000,
			0x000, 0x000, 0x000, 0x000, 0x000, 0x000, 0x000, 0x000, 0x000, 0x000, 0x000, 0x000, 0x000, 0x000, 0x000, 0x000,
			0x000, 0x000, 0x000, 0x000, 0x000, 0x000, 0x000, 0x000, 0x000, 0x000, 0x000, 0x000, 0x000, 0x000, 0x000, 0x000,
			0x000, 0x000, 0x000, 0x000, 0x000, 0x000, 0x000, 0x000, 0x000, 0x000, 0x000, 0x000, 0x000, 0x000, 0x000, 0x000,
			0x000, 0x000, 0x000, 0x000, 0x000, 0x000, 0x000, 0x000, 0x000, 0x000, 0x000, 0x000, 0x000, 0x000, 0x000, 0x000,
			0x000, 0x000, 0x000, 0x000, 0x000, 0x000, 0x000, 0x000, 0x000, 0x000, 0x000, 0x000, 0x000, 0x000, 0x000, 0x000,
			0x000, 0x000, 0x000, 0x000, 0x000, 0x000, 0x000, 0x000, 0x000, 0x000, 0x000, 0x000, 0x000, 0x000, 0x000, 0x000,
			0x000, 0x000, 0x000, 0x000, 0x000, 0x000, 0x000, 0x000, 0x000, 0x000, 0x000, 0x000, 0x000, 0x000, 0x000, 0x000,
		},
	}
)
